siren_cat_me3_FH_train_qwen2.5:14b - 2025-02-15 18:39:52, 0:0:00:00.000026 - ----------------------------------------------------------------------------------------------------
siren_cat_me3_FH_train_qwen2.5:14b - 2025-02-15 18:39:52, 0:0:00:00.001452 - ## Round 1
siren_cat_me3_FH_train_qwen2.5:14b - 2025-02-15 18:39:52, 0:0:00:09.332811 - ### Analysis of Current Trials

1. **Summarize Performance Metrics**
   - The current trials have reported PSNR values ranging from 1.4 to 15.59, indicating significant variability in performance based on the chosen hyper-parameters.
   
2. **Evaluate Performance Trends for Hyper-Parameters**
   - Trial 3 has shown a notably high PSNR of 15.59 with `k2: 0.1` and `lr: 0.0001`, suggesting that lower learning rates may correlate with better performance, although this needs to be validated further.
   - However, Trial 2 also shows decent performance (`PSNR = 3.75`) with a higher learning rate (`lr: 0.1`), indicating the complexity of finding optimal hyper-parameter settings.

3. **Highlight Promising Hyper-Parameter Combinations**
   - The combination `k2: 0.1, lr: 0.0001` seems promising based on current results (Trial 3). Further exploration around this area might yield better insights.
   - Trial 1 (`k2: 0.001, lr: 0.01`) shows lower performance, indicating that these settings may not be optimal.

### Optimization Recommendation

Based on the analysis above:
- The next trials should aim to explore hyper-parameter combinations near promising regions while avoiding previously tested settings.
  
**Suggested Hyper-Parameter Settings for Next 3 Trials**
1. `k2: 0.01`, `lr: 0.01` - This combination is in a similar range as the best-performing trial (Trial 3) but with a different learning rate to validate the effect of varying learning rates while keeping `k2` relatively high.
2. `k2: 0.0005`, `lr: 0.01` - Testing this combination aims to see if lower `k2` values can still perform well at moderate and low learning rates, expanding on Trial 3's success but changing `k2`.
3. `k2: 0.1`, `lr: 0.01` - This setting mixes the high `k2` value from Trial 3 with a lower learning rate to see if there are benefits in using this combination over others.

### Experiment Planning

```yaml
trials:
- k2: 0.01
  lr: 0.01
- k2: 0.0005
  lr: 0.01
- k2: 0.1
  lr: 0.01
```

### Stop Optimization

Answer: No with confidence score: 60%

Given the variability in PSNR scores and the range of hyper-parameter combinations yet to be explored, it seems premature to stop optimization without further exploration.


siren_cat_me3_FH_train_qwen2.5:14b - 2025-02-15 18:39:52, 0:0:00:09.341580 - ## Round 2
siren_cat_me3_FH_train_qwen2.5:14b - 2025-02-15 18:39:52, 0:0:00:16.882429 - ### Analysis of Current Trials

- **Performance Metrics Summary**: The PSNR values range from 1.4 to 15.59, indicating significant variation in performance across different hyper-parameter combinations.
- **Trends Evaluation**:
  - For `lr` (learning rate), the highest PSNR is achieved at the lowest tested value of 0.0001 (`PSNR = 15.59`).
  - For `k2`, higher values like 0.1 can yield high performance in some cases, such as when paired with a learning rate of 0.1.
- **Promising Combinations**:
  - The combination of `lr=0.0001` and any value for `k2` looks promising based on the current highest PSNR.

### Optimization Recommendation
For the next trials, it is advisable to explore configurations that balance between high learning rates and medium values of `k2`, given the insights from the analysis:

- **Trial 7**: Suggest exploring a moderate learning rate of `lr=0.01` paired with a lower value of `k2 = 0.0005`. This combination is not covered in the completed trials.
- **Trial 8**: Another option could be setting `lr=0.001` and increasing `k2` to `0.01`, which hasn't been tested yet.
- **Trial 9**: Lastly, consider a higher learning rate of `lr=0.1` with an intermediate value for `k2 = 0.001`.

These suggestions aim to cover unexplored areas in the search space while maintaining diversity.

### Experiment Planning
```yaml
trials:
- k2: 0.0005
  lr: 0.01
  PSNR: null
- k2: 0.01
  lr: 0.001
  PSNR: null
- k2: 0.001
  lr: 0.1
  PSNR: null
```

### Stop Optimization
Answer: No with confidence score: 30

The current best performance is not sufficiently high, and the search space has unexplored regions that could potentially yield better results.


siren_cat_me3_FH_train_qwen2.5:14b - 2025-02-15 18:39:52, 0:0:00:16.890810 - ## Round 3
siren_cat_me3_FH_train_qwen2.5:14b - 2025-02-15 18:39:52, 0:0:00:26.500209 - ### Analysis of Current Trials

- **Performance Metrics Summary**: The PSNR values range from 1.37 to 15.59, indicating significant variation in performance across different hyperparameter combinations.
- **Trend Evaluation**:
    - For `lr`, higher learning rates do not necessarily yield better PSNR scores. A notable example is the combination of `k2=0.1` and `lr=0.1` which has a higher PSNR (4.03) than `k2=0.1` with `lr=0.0001` (PSNR: 3.75), but the best performance is achieved with `lr=0.0001` and `k2=0.01`, showing a PSNR of 15.59.
    - For `k2`, there isn't a clear trend as it performs differently depending on the value of `lr`. The highest PSNR (15.59) is observed with `lr=0.0001` and `k2=0.01`.
- **Promising Combinations**:
    - `(lr: 0.0001, k2: 0.01)` stands out as it provides the highest PSNR score of 15.59.
    - Another combination worth noting is `(lr: 0.01, k2: 0.1)`, with a decent PSNR of 3.75.

### Optimization Recommendation

Based on the analysis above and considering the constraints:

- **Trial 1**: Use `k2=0.0005` and `lr=0.001`. The rationale is to explore combinations that haven't been tested yet while being close to promising parameters.
- **Trial 2**: Use `k2=0.01` and `lr=0.0001`. This aims at further validating the high-performance region identified earlier without repeating previous trials.
- **Trial 3**: Use `k2=0.1` and `lr=0.001`. This trial is aimed to test a different learning rate within a range that hasn't been thoroughly explored.

### Experiment Planning

```yaml
trials:
- k2: 0.0005
  lr: 0.001
- k2: 0.01
  lr: 0.0001
- k2: 0.1
  lr: 0.001
```

### Stop Optimization

Answer: No with confidence score: 75

Given the variability in PSNR scores and the exploration space still being largely untested, it would be premature to conclude that we have reached optimal hyperparameters. Further trials are recommended for more comprehensive analysis.


siren_cat_me3_FH_train_qwen2.5:14b - 2025-02-15 18:39:52, 0:0:00:26.509365 - ## Round 4
siren_cat_me3_FH_train_qwen2.5:14b - 2025-02-15 18:39:52, 0:0:00:34.641130 - ### Analysis of Current Trials

1. **Performance Metrics Summary**:
   - The highest PSNR achieved so far is 15.59, which occurred at `k2 = 0.1` and `lr = 0.0001`.
   - Most trials have PSNR values below 4.
   
2. **Trends in Hyper-parameters**:
   - For `k2`, higher values seem to perform better than lower ones, with a peak around `k2 = 0.1` at `lr = 0.0001`.
   - The performance of `lr` varies more; generally, `lr = 0.0001` performs well but other settings need further exploration.
   
3. **Promising Combinations**:
   - Trials with higher PSNR are often achieved when `k2` is set to larger values and `lr` is set to smaller ones.

### Optimization Recommendation
Based on the analysis, here are recommendations for three more trials:

1. Trial 1: `k2 = 0.0005`, `lr = 0.1`
   - This combination allows us to explore how a lower `k2` value affects performance when paired with a higher learning rate.
   
2. Trial 2: `k2 = 0.01`, `lr = 0.001`
   - An intermediate setting for both hyperparameters, aiming for balanced exploration between the high and low ends of each parameter range.

3. Trial 3: `k2 = 0.1`, `lr = 0.01`
   - This combination has been tried with a different PSNR value before but not in conjunction with this specific learning rate that could potentially yield better results.

### Experiment Planning
```yaml
trials:
- k2: 0.0005
  lr: 0.1
- k2: 0.01
  lr: 0.001
- k2: 0.1
  lr: 0.01
```

### Stop Optimization
Answer: No with confidence score: 60

There is still room for exploration within the search space to potentially achieve higher PSNR values, especially considering that some promising hyper-parameter combinations have not been fully explored yet.


siren_cat_me3_FH_train_qwen2.5:14b - 2025-02-15 18:39:52, 0:0:00:34.649148 - ## Round 5
siren_cat_me3_FH_train_qwen2.5:14b - 2025-02-15 18:39:52, 0:0:00:43.074463 - ### Analysis of Current Trials

#### 1. Summarize performance metrics
The PSNR values from the completed trials range from a minimum of 1.37 to a maximum of 15.59, indicating a wide variability in performance depending on hyperparameter settings.

#### 2. Evaluate performance trends for hyper-parameters
From the data:
- **Learning Rate (lr):** Higher lr generally seems to yield better PSNR values within certain ranges but can vary significantly based on the corresponding k2 value.
- **k2:** The effect of k2 is not straightforward; higher or lower values do not strictly correlate with a better PSNR performance. There appears to be an interplay between lr and k2 where some combinations perform exceptionally well, such as (lr: 0.0001, k2: 0.1) which has a high PSNR value.

#### 3. Highlight promising hyper-parameter combinations
- **(k2=0.1, lr=0.0001):** This combination yielded the highest PSNR of 15.59.
- **(k2=0.0005, lr=0.001):** Although not as high, this pair still showed a relatively good performance with a PSNR value of 7.33.

### Optimization Recommendation
For further optimization, I would recommend focusing on:
- Trial 1: k2 = 0.0001 and lr = 0.1, given the absence of combinations where both these parameters are used.
- Trial 2: k2 = 0.01 and lr = 0.1, to explore higher learning rates with a medium value of k2 that hasn't been thoroughly tested yet.
- Trial 3: k2 = 0.001 and lr = 0.001, aiming for a balanced approach where both parameters are set at low but different levels compared to previous attempts.

### Experiment Planning
```yaml
trials:
- k2: 0.0001
  lr: 0.1
- k2: 0.01
  lr: 0.1
- k2: 0.001
  lr: 0.001
```

### Stop Optimization
Answer: No with confidence score: 75

The current PSNR values show significant variability, and there are still unexplored regions within the search space that could potentially yield higher performance metrics.


siren_cat_me3_FH_train_qwen2.5:14b - 2025-02-15 18:39:52, 0:0:00:43.083427 - ## Round 6
siren_cat_me3_FH_train_qwen2.5:14b - 2025-02-15 18:39:52, 0:0:00:53.620352 - ### Analysis of Current Trials

1. **Performance Metrics Summary**:
   - The highest PSNR value observed is 15.59 for the combination of `k2 = 0.1` and `lr = 0.0001`.
   - The lowest PSNR value observed is 1.37, which occurs with several combinations including `(k2 = 0.1, lr = 0.001)`, `(k2 = 0.01, lr = 0.0001)`, and `(k2 = 0.1, lr = 0.001)`.

2. **Performance Trends**:
   - `lr` has a significant impact on PSNR values: higher learning rates generally yield better results up to an optimal point after which diminishing returns are observed.
   - For `k2`, the highest value of `0.1` appears to provide the best results until a very low `lr`. Smaller values for `k2` result in significantly lower PSNR scores.

3. **Promising Hyper-parameter Combinations**:
   - `(k2 = 0.1, lr = 0.0001)` has shown high performance with a PSNR of 15.59.
   - Other promising combinations include `(k2 = 0.0005, lr = 0.001)` and `(k2 = 0.001, lr = 0.01)`, but their PSNR values are lower compared to the best observed.

### Optimization Recommendation

Based on the analysis:

- **Trial 1**: `k2: 0.0005`, `lr: 0.1`
   - Reasoning: This combination hasn't been tested yet and has a middle ground between high learning rates which yield good results and low values of `k2` that perform poorly.
   
- **Trial 2**: `k2: 0.01`, `lr: 0.01`
   - Reasoning: A moderate value for both parameters, with lower learning rate than those yielding the highest scores but above the lowest effective range observed.

- **Trial 3**: `k2: 0.1`, `lr: 0.001`
   - Reasoning: This explores a high value of `k2` combined with a medium-low learning rate, aiming to test if there's potential in this parameter combination that hasn't been maximized yet.

### Experiment Planning

```yaml
trials:
- k2: 0.0005
  lr: 0.1
- k2: 0.01
  lr: 0.01
- k2: 0.1
  lr: 0.001
```

### Stop Optimization

Answer: No with confidence score: 30%

The current results indicate that there is still potential to discover better hyper-parameter combinations within the given search space, particularly around moderate and high values of `k2` combined with an optimal learning rate which has not been fully explored yet.


siren_cat_me3_FH_train_qwen2.5:14b - 2025-02-15 18:39:52, 0:0:00:53.629106 - ## Round 7
siren_cat_me3_FH_train_qwen2.5:14b - 2025-02-15 18:39:52, 0:0:01:03.023342 - ### Analysis of Current Trials

1. **Performance Metrics Summary**: The performance metric used here is PSNR, which ranges from 1.37 to 15.59 across the trials. A higher value of PSNR indicates better performance.

2. **Performance Trends for Hyper-parameters**:
   - **lr (Learning Rate)**: Higher learning rates generally lead to lower PSNR values initially, but there are some exceptions where moderate and low learning rates perform better.
   - **k2**: This parameter's effect on PSNR is less clear-cut. Some high k2 values provide higher PSNR scores (e.g., 0.1 with lr=0.1 or lr=0.0001), but lower PSNR scores are also observed for the same k2 value when paired with other learning rates.

3. **Promising Hyper-parameter Combinations**:
   - The combination of `lr: 0.0001` and `k2: 0.1` yields a very high PSNR score (15.59).
   - Another noteworthy trial is the pair of `lr: 0.1` with `k2: 0.0005`, which also has a relatively good PSNR (3.97).

### Optimization Recommendation

Based on the analysis, here are recommendations for the next three trials:

- Trial 1: `k2: 0.0001` and `lr: 0.001`
  - **Reason**: This pair has not been tested yet and falls within the search space. Given that k2=0.0001 with lr=0.1 gives a good PSNR, testing a lower learning rate might yield better results.
- Trial 2: `k2: 0.01` and `lr: 0.1`
  - **Reason**: This combination has not been tested yet, and since higher learning rates can lead to interesting results (3.82 PSNR with lr=0.1 and k2=0.01), testing this specific pair could be insightful.
- Trial 3: `k2: 0.0005` and `lr: 0.01`
  - **Reason**: This has not been tested yet, and considering the PSNR of 7.33 with k2=0.0005 and lr=0.001, increasing the learning rate could potentially improve performance.

### Experiment Planning

```yaml
trials:
- k2: 0.0001
  lr: 0.001
- k2: 0.01
  lr: 0.1
- k2: 0.0005
  lr: 0.01
```

### Stop Optimization

Answer: No with confidence score: 30%


siren_cat_me3_FH_train_qwen2.5:14b - 2025-02-15 18:39:52, 0:0:01:03.032403 - ## Round 8
siren_cat_me3_FH_train_qwen2.5:14b - 2025-02-15 18:39:52, 0:0:01:12.384781 - ### Analysis of Current Trials

1. **Performance Metrics Summary**:
   - The highest PSNR value achieved so far is 15.59.
   - Generally, the performance varies significantly depending on the combination of `k2` and `lr`.

2. **Evaluation of Performance Trends for Hyper-parameters**:
   - For different values of `lr`, higher `lr` tends to give better PSNR when paired with certain `k2` values (e.g., `lr=0.1` gives a relatively high PSNR when `k2=0.0005` or `k2=0.1`). However, lower `lr` sometimes produces much higher PSNR (e.g., `lr=0.0001` with `k2=0.1`).
   - For different values of `k2`, the relationship with `PSNR` is less clear-cut but appears to be dependent on the value of `lr`.

3. **Promising Hyper-parameter Combinations**:
   - The combination `(k2=0.1, lr=0.0001)` yields a PSNR of 15.59.
   - Another promising combination is `(k2=0.0001, lr=0.001)` with PSNR of 15.36.

### Optimization Recommendation

Based on the current trends and highest performing combinations:

- **Trial 17**: `k2: 0.0001`, `lr: 0.1`
  - Reasoning: While `(k2=0.0001, lr=0.001)` showed a high PSNR, trying higher learning rates with the same small k2 might yield interesting results.
  
- **Trial 18**: `k2: 0.001`, `lr: 0.0001`
  - Reasoning: Smaller learning rate combined with mid-sized `k2` values have shown promising PSNRs, and this combination has not yet been tested.

- **Trial 19**: `k2: 0.01`, `lr: 0.1`
  - Reasoning: A higher `lr` paired with a medium `k2` value might provide an additional performance boost or reveal new trends in the data.

### Experiment Planning

```yaml
trials:
- k2: 0.0001
  lr: 0.1
- k2: 0.001
  lr: 0.0001
- k2: 0.01
  lr: 0.1
```

### Stop Optimization

Answer: No with confidence score: 70%


siren_cat_me3_FH_train_qwen2.5:14b - 2025-02-15 18:39:52, 0:0:01:12.394681 - ## Round 9
siren_cat_me3_FH_train_qwen2.5:14b - 2025-02-15 18:39:52, 0:0:01:21.881371 - ### Analysis of Current Trials

1. **Performance Metrics Summary**: The PSNR values range from 1.37 to 15.59, indicating a wide variation in model performance based on the hyperparameter combinations tested.

2. **Trends**:
   - **Learning Rate (lr)**: Higher learning rates generally lead to higher PSNR scores, except for some outliers.
     - `lr=0.001` shows varied results but can be promising with specific k2 values.
     - `lr=0.1` consistently performs better than lower lr settings like 0.01 or 0.0001.

   - **k2**: The effect of different k2 values is less straightforward and depends heavily on the lr setting.
     - For lr = 0.1, PSNR reaches high values for k2 = 0.0005 and 0.0001 (3.97 to 3.98), suggesting these might be optimal within their ranges.
   
   - **Combined Effect**: The best results have been seen when lr is set higher than 0.01, especially for k2 values around 0.0005 and 0.0001.

3. **Promising Hyperparameter Combinations**:
   - `lr=0.1` with `k2=0.0005`
   - `lr=0.1` with `k2=0.0001`

### Optimization Recommendation

Based on the analysis, I recommend focusing on higher learning rates and specific k2 values that have shown promise without redundancy:

- Trial 18: `k2=0.01`, `lr=0.0001`
- Trial 19: `k2=0.0005`, `lr=0.001`
- Trial 20: `k2=0.001`, `lr=0.1`

**Reasons**:
- Avoid repeating combinations already tested.
- Focus on ranges with potential for further optimization (e.g., k2 near the boundaries, lr in a range that has shown variability and improvement).
  
### Experiment Planning

```yaml
trials:
- k2: 0.01
  lr: 0.0001
  PSNR: null
- k2: 0.0005
  lr: 0.001
  PSNR: null
- k2: 0.001
  lr: 0.1
  PSNR: null
```

### Stop Optimization

Answer: No with confidence score: 70

The current results show a wide variation in performance, suggesting there is still potential for optimization within the search space.


siren_cat_me3_FH_train_qwen2.5:14b - 2025-02-15 18:39:52, 0:0:01:21.891627 - ## Round 10
siren_cat_me3_FH_train_qwen2.5:14b - 2025-02-15 18:39:52, 0:0:01:29.818405 - ### Analysis of Current Trials

**1. Summarize Performance Metrics**
The PSNR values range from 1.37 to 15.59, indicating a significant variation in performance based on the hyper-parameter settings.

**2. Evaluate Performance Trends for Hyper-parameters**
- **Learning Rate (lr):** The highest PSNR values are associated with smaller lr values, especially around `0.0001` and `0.001`. There is no clear trend indicating a specific best value but the performance drops sharply when lr is increased.
  
- **k2:** Higher k2 values tend to yield higher PSNRs, except for very high or low settings where performance decreases drastically.

**3. Highlight Promising Hyper-parameter Combinations**
Promising combinations based on current data include:
- `lr: 0.001` and `k2: [0.0005, 0.0001]`
- `lr: 0.0001` with any of the k2 values since it achieves high PSNR scores.

### Optimization Recommendation

Based on performance trends:

1. **Trial 1:** 
   - **k2:** 0.0001
   - **lr:** 0.001
   - Reason: This combination has not been tested and lies in a promising region where high PSNR values have been observed.

2. **Trial 2:** 
   - **k2:** 0.0005
   - **lr:** 0.0001
   - Reason: The hyper-parameter space around these settings has shown significant performance improvements and needs further exploration to ensure optimization.

3. **Trial 3:** 
   - **k2:** 0.001
   - **lr:** 0.0001
   - Reason: To test the impact of a higher k2 setting on an already high-performing lr value without repeating any previous configurations.

### Experiment Planning

```yaml
trials:
- k2: 0.0001
  lr: 0.001
- k2: 0.0005
  lr: 0.0001
- k2: 0.001
  lr: 0.0001
```

### Stop Optimization

Answer: No with confidence score: 30%


siren_cat_me3_FH_train_qwen2.5:14b - 2025-02-15 18:39:52, 0:0:01:29.827180 - ## Round 11
siren_cat_me3_FH_train_qwen2.5:14b - 2025-02-15 18:39:52, 0:0:01:38.487520 - ### Analysis of Current Trials

1. **Summary of Performance Metrics**:
   - The PSNR values range from 1.37 to 15.59, indicating a wide variation in performance.
   - Higher PSNR values suggest better image quality or signal-to-noise ratio improvement.

2. **Evaluation of Performance Trends for Hyper-parameters**:
   - For `k2` and `lr`, there are some notable trends:
     - `k2 = 0.1` generally shows a higher PSNR, especially when paired with `lr = 0.0001`.
     - `lr = 0.01` seems to perform well across different values of `k2`, but not as high as the combination with `k2 = 0.1` and `lr = 0.0001`.

3. **Promising Hyper-parameter Combinations**:
   - The highest PSNR value (15.59) was achieved with `k2 = 0.1` and `lr = 0.0001`.
   - Another strong combination is `k2 = 0.0005`, `lr = 0.0001` with a PSNR of 8.11.

### Optimization Recommendation

Based on the current results, here are recommended hyper-parameters for next 3 trials:

1. **Trial**: `k2: 0.0001`, `lr: 0.1`
   - Reasoning: This combination has not been tested yet and is within the search space.

2. **Trial**: `k2: 0.001`, `lr: 0.0001`
   - Reasoning: Although this combination is close to an already tested one, it still represents a unique scenario in terms of learning rate, which could provide interesting insights.

3. **Trial**: `k2: 0.01`, `lr: 0.001`
   - Reasoning: This pair has not been explored and lies within the search space, offering potential for higher PSNR given recent trends.

### Experiment Planning

```yaml
trials:
- k2: 0.0001
  lr: 0.1
- k2: 0.001
  lr: 0.0001
- k2: 0.01
  lr: 0.001
```

### Stop Optimization

Answer: No with confidence score: 65


siren_cat_me3_FH_train_qwen2.5:14b - 2025-02-15 18:39:52, 0:0:01:38.495853 - ## Round 12
siren_cat_me3_FH_train_qwen2.5:14b - 2025-02-15 18:39:52, 0:0:01:46.630304 - ### Analysis of Current Trials

**Performance Metrics Summary:**
- The PSNR values range from 1.37 to 15.59.
- Best performing trial: `k2=0.0001, lr=0.001` with a PSNR of 15.36.

**Trends Evaluation for Hyperparameters:**
- **Learning Rate (lr):** Higher values of `lr` generally yield higher PSNR, but not consistently.
- **k2:** The impact of different `k2` values is less clear cut; there are high and low performing instances across the board.
- Combination of lr=0.001 with k2=0.0001 appears to perform exceptionally well.

**Promising Hyperparameter Combinations:**
- lr=0.001, k2=0.0001
- lr=0.1, k2=0.0005

---

### Optimization Recommendation

Based on the analysis:
1. The best performing combination so far is `lr=0.001` and `k2=0.0001`. Since it has already been tested extensively, we should explore its neighborhood for potential improvements.
2. Trials with low PSNR should be avoided to save computational resources.

Recommended hyper-parameters for the next 3 trials:

1. **Trial:** lr = 0.01, k2 = 0.0005
   - Reason: This combination has not been tested and lies in a promising region near high-performing configurations.
   
2. **Trial:** lr = 0.0001, k2 = 0.01
   - Reason: While these values have yielded lower PSNR previously, it is worth testing them again since they are at the edges of the search space and could potentially be overlooked.

3. **Trial:** lr = 0.01, k2 = 0.01
   - Reason: A balanced approach to explore moderate settings that haven't been exhaustively tested yet.

---

### Experiment Planning

```yaml
trials:
- k2: 0.0005
  lr: 0.01
- k2: 0.01
  lr: 0.0001
- k2: 0.01
  lr: 0.01
```

---

### Stop Optimization

Answer: No with confidence score: 30


siren_cat_me3_FH_train_qwen2.5:14b - 2025-02-15 18:39:52, 0:0:01:46.639543 - ## Round 13
siren_cat_me3_FH_train_qwen2.5:14b - 2025-02-15 18:39:52, 0:0:01:54.779799 - ### Analysis of Current Trials

1. **Performance Metrics Summary**:
   - The PSNR values range from 1.37 to 15.59, showing significant variation across different hyper-parameter combinations.
   - Highest PSNR value so far is 15.59 achieved with `k2 = 0.1` and `lr = 0.0001`.

2. **Performance Trends**:
   - Higher values of `k2` (e.g., 0.1) generally yield better PSNR scores than lower values.
   - Lower learning rates (`lr`) often correlate with higher PSNR, especially for smaller `k2` values.

3. **Promising Hyper-parameter Combinations**:
   - `k2 = 0.0005`, `lr = 0.1`: This combination shows a good performance score of 3.97.
   - `k2 = 0.0001`, `lr = 0.1`: Also performs well with PSNR of 3.98.

### Optimization Recommendation

Based on the current trends, here are three promising hyper-parameter combinations for the next trials:

- Trial 1: `k2 = 0.0005` and `lr = 0.001`
  - Reason: This combination has not been tested yet but could provide a higher PSNR based on previous results of similar values.
  
- Trial 2: `k2 = 0.01`, `lr = 0.001`
  - Reason: Testing a lower `k2` with an intermediate learning rate (`lr`) might yield interesting results, especially if the trend continues to favor smaller `lr`.
  
- Trial 3: `k2 = 0.1`, `lr = 0.0001`
  - Reason: High values of both hyperparameters have shown good performance so far, and this combination has not been tested yet.

### Experiment Planning

```yaml
trials:
- k2: 0.0005
  lr: 0.001
- k2: 0.01
  lr: 0.001
- k2: 0.1
  lr: 0.0001
```

### Stop Optimization

Answer: No with confidence score: 75

The current PSNR values indicate there is room for improvement and exploring new combinations of hyperparameters can still yield better results.


siren_cat_me3_FH_train_qwen2.5:14b - 2025-02-15 18:39:52, 0:0:01:54.788353 - ## Round 14
siren_cat_me3_FH_train_qwen2.5:14b - 2025-02-15 18:39:52, 0:0:02:02.894878 - ### Analysis of Current Trials

1. **Summarize Performance Metrics**: The PSNR values range from 1.37 to 15.59, indicating that there is a significant variation in performance across different hyper-parameter combinations.

2. **Evaluate Performance Trends for Hyper-parameters**:
   - **Learning Rate (lr)**: Higher learning rates generally lead to higher PSNR values but not consistently so. For instance, lr = 0.1 gives high PSNR when k2 = 0.001 and lower PSNR when k2 is higher.
   - **k2**: The performance varies more with the value of k2 than lr in general. High PSNR values are observed for low lr (e.g., lr=0.0001) combined with medium to small k2 (0.0005 or 0.0001).

3. **Highlight Promising Hyper-parameter Combinations**:
   - (lr: 0.0001, k2: 0.0001): PSNR = 6.6
   - (lr: 0.001, k2: 0.0005): PSNR = 7.33
   - (lr: 0.1, k2: 0.0001): PSNR = 3.98

### Optimization Recommendation

Based on the above analysis and to explore new areas in the hyper-parameter space:

- **Trial 1**: lr = 0.01, k2 = 0.0005 (Just above a promising combination but untested)
- **Trial 2**: lr = 0.0001, k2 = 0.01 (A medium value for k2 with low learning rate to balance performance)
- **Trial 3**: lr = 0.01, k2 = 0.001 (Similar to some high-performing combinations but different enough to test)

### Experiment Planning

trials:
- k2: 0.0005
  lr: 0.01
  PSNR: null
- k2: 0.01
  lr: 0.0001
  PSNR: null
- k2: 0.001
  lr: 0.01
  PSNR: null

### Stop Optimization

Answer: No with confidence score: 65


siren_cat_me3_FH_train_qwen2.5:14b - 2025-02-15 18:39:52, 0:0:02:02.904399 - ## Round 15
siren_cat_me3_FH_train_qwen2.5:14b - 2025-02-15 18:39:52, 0:0:02:13.651377 - ### Analysis of Current Trials

**Performance Metrics Summary:**
- The highest PSNR value observed so far is 15.59.
- Some trials have lower PSNR values, such as 1.4 and 3.82.

**Trends for Hyperparameters:**

- **lr (Learning Rate):** 
  - Higher learning rates tend to result in higher PSNR scores, e.g., lr=0.1 has PSNR = 3.97, 3.98, and 4.03.
  - Lower learning rates generally lead to lower PSNR, except for one instance where lr=0.0001 achieved a high score of 15.59.

- **k2:**
  - Different k2 values show varied performance depending on the value of lr. For example, at lr=0.0001, increasing k2 from 0.0005 to 0.1 does not improve PSNR significantly (from 8.11 to 6.6).
  - The best results are seen around lr = 0.0001 and k2 = 0.0005 or lower.

**Promising Hyperparameter Combinations:**
- lr=0.0001 and k2=0.0005 yielded a PSNR of 8.11.
- lr=0.0001 and k2=0.1 achieved a higher score of 6.6, suggesting that this combination might still be worth exploring with more granular steps or slightly adjusted values.

### Optimization Recommendation

Based on the analysis:
- Trial 1: Suggest trying lr = 0.001 and k2 = 0.0001 for a closer look at lower learning rates.
- Reason: The combination of lr=0.0001 with k2=0.0005 gave a promising result, but to explore the effect of slightly higher learning rate in conjunction with this low k2 value could provide insights.

- Trial 2: Try lr = 0.01 and k2 = 0.0005.
- Reason: At lr=0.01, PSNR values are lower (around 1.4), but exploring with a different k2 value can help understand if there's an optimal combination for this learning rate.

- Trial 3: Suggest trying lr = 0.1 and k2 = 0.001.
- Reason: Although higher lr generally performs well, testing at the edge of the current range (lr=0.1) with a slightly different k2 value might yield new insights or improvements.

### Experiment Planning

```yaml
trials:
- k2: 0.0001
  lr: 0.001
- k2: 0.0005
  lr: 0.01
- k2: 0.001
  lr: 0.1
```

### Stop Optimization

Answer: No with confidence score: 60%

Explanation: Although some high PSNR values have been achieved, the optimization space is still not fully explored and there are potential combinations that could be further investigated to achieve better results or confirm current findings.


siren_cat_me3_FH_train_qwen2.5:14b - 2025-02-15 18:39:52, 0:0:02:13.661487 - ## Round 16
siren_cat_me3_FH_train_qwen2.5:14b - 2025-02-15 18:39:52, 0:0:02:23.078567 - ### Analysis of Current Trials

1. **Performance Metrics Summary**:
   - The highest PSNR value observed is 15.59, achieved at the hyper-parameter combination (k2=0.1, lr=0.0001).
   - The lowest PSNR value observed is 1.37, which was recorded multiple times with different combinations.

2. **Performance Trends for Hyper-Parameters**:
   - Increasing `lr` generally seems to increase the PSNR until a certain point; beyond that, it may not have further benefits or even decrease if other factors (like k2) are less optimal.
   - The value of `k2` shows mixed effects depending on its interaction with `lr`. Generally, smaller values of `k2` tend to produce better results when paired with appropriate learning rates.

3. **Promising Hyper-Parameter Combinations**:
   - (k2=0.1, lr=0.0001) yields a PSNR of 15.59.
   - Other promising combinations include (k2=0.0005, lr=0.0001), which achieves 8.11 PSNR and (k2=0.001, lr=0.0001) with 6.6 PSNR.

### Optimization Recommendation

Based on the analysis:
- Avoid testing combinations already tried.
- Explore untested promising regions of the search space to see if even better results are achievable or stable patterns can be identified for optimization.

Recommendation for next 3 trials:
1. Trial: `k2=0.0005`, `lr=0.01`
   - Reason: This combination has not been tested and lies within an area that showed moderate success with slight variations in k2 or lr values.
   
2. Trial: `k2=0.01`, `lr=0.0001`
   - Reason: It is a logical step after the high PSNR achieved with (k2=0.1, lr=0.0001), trying to see if further reduction in k2 and slight decrease in learning rate yields improvements or stabilizes results.

3. Trial: `k2=0.001`, `lr=0.001`
   - Reason: This is another unexplored combination which might yield interesting results given the high PSNRs observed near these values for other hyper-parameter pairs.

### Experiment Planning

```yaml
trials:
- k2: 0.0005
  lr: 0.01
- k2: 0.01
  lr: 0.0001
- k2: 0.001
  lr: 0.001
```

### Stop Optimization

Answer: No with confidence score: 65%


siren_cat_me3_FH_train_qwen2.5:14b - 2025-02-15 18:39:52, 0:0:02:23.088727 - ## Round 17
siren_cat_me3_FH_train_qwen2.5:14b - 2025-02-15 18:39:52, 0:0:02:30.735201 - ### Analysis of Current Trials

1. **Performance Metrics Summary**:
   - The highest PSNR value observed so far is 15.59, achieved with `lr = 0.0001` and `k2 = 0.1`.
   - The lowest PSNR value was 1.37, which occurred multiple times for different combinations of hyperparameters.

2. **Performance Trends**:
   - For a fixed learning rate (`lr`), the parameter `k2` has little to no impact on PSNR when `lr = 0.01` or `0.001`.
   - There seems to be an optimal range for both parameters, with very high PSNR values observed around `lr = 0.0001`.

3. **Promising Hyper-Parameter Combinations**:
   - The combination of `lr = 0.0001` and `k2 = 0.1` showed significant performance improvement.
   - Interestingly, combinations with high learning rates like `lr = 0.1` also provided decent PSNR values when paired with lower `k2`.

### Optimization Recommendation

Based on the analysis:
- For the next trial, I recommend trying a combination of `lr = 0.01` and `k2 = 0.0005`, as it lies in an unexplored area near high-performing configurations.
- The second recommendation would be to test with `lr = 0.01` and `k2 = 0.0001`. This aims at further exploring the effect of smaller values for k2 while keeping a relatively higher learning rate which has shown good performance previously.
- Lastly, another promising area might involve setting `lr = 0.001` with `k2 = 0.01`, as it is in an intermediate position between already explored configurations and could provide insights on how these parameters interact.

### Experiment Planning

```yaml
trials:
- k2: 0.0005
  lr: 0.01
- k2: 0.0001
  lr: 0.01
- k2: 0.01
  lr: 0.001
```

### Stop Optimization

Answer: No with confidence score: 75


siren_cat_me3_FH_train_qwen2.5:14b - 2025-02-15 18:39:52, 0:0:02:30.744068 - ## Round 18
siren_cat_me3_FH_train_qwen2.5:14b - 2025-02-15 18:39:52, 0:0:02:40.159656 - ### Analysis of Current Trials

1. **Performance Metrics Summary**:
   - The highest PSNR value achieved so far is 15.59.
   - Most trials have lower PSNR values, indicating there might be room for improvement in the hyper-parameter space.

2. **Trends in Performance**:
   - `lr` of 0.0001 seems to perform well with a high PSNR (e.g., trial with lr=0.0001 and k2=0.1 has PSNR = 15.36).
   - `k2` values ranging from 0.0001 to 0.001 tend to yield higher PSNRs than the larger values.
   - Combining lower lr with moderate k2 (like 0.0005) also results in relatively high PSNR scores.

3. **Promising Hyper-Parameter Combinations**:
   - `lr = 0.0001` and any value of `k2` except 0.1 seems to yield better performance.
   - Moderate values of `k2` (0.0005, 0.0001) in combination with lower learning rates produce high PSNR.

### Optimization Recommendation

Based on the analysis, here are three recommended trials:
- Trial 1: `lr = 0.001`, `k2 = 0.0001` - This combination was not tested and falls within a range where moderate k2 values performed well with lower learning rates.
- Trial 2: `lr = 0.0001`, `k2 = 0.005` - Testing this moderate value of k2 could potentially yield higher PSNR since it aligns with previous trends.
- Trial 3: `lr = 0.01`, `k2 = 0.0005` - This trial is also promising as it did not occur before and the combination of lr=0.01 with k2 values around 0.0001 performed reasonably well.

### Experiment Planning

```yaml
trials:
- k2: 0.0001
  lr: 0.001
  PSNR: null # To be determined
- k2: 0.005
  lr: 0.0001
  PSNR: null # To be determined
- k2: 0.0005
  lr: 0.01
  PSNR: null # To be determined
```

### Stop Optimization

Answer: No with confidence score: 30%

There is still potential to explore different combinations of hyperparameters and improve performance based on the current analysis.


siren_cat_me3_FH_train_qwen2.5:14b - 2025-02-15 18:39:52, 0:0:02:40.168797 - ## Round 19
siren_cat_me3_FH_train_qwen2.5:14b - 2025-02-15 18:39:52, 0:0:02:48.378942 - ### Analysis of Current Trials

**Performance Metrics Summary:**
- The highest PSNR value observed is 15.59, achieved at `k2=0.1` and `lr=0.0001`.
- The lowest PSNR values tend to occur around the range of 1.37 to 1.48.

**Performance Trends for Hyperparameters:**
- **Learning Rate (lr):** A lower learning rate seems to yield better performance, especially when paired with `k2=0.1` and `0.0005`.
- **k2:** The value of `k2=0.0001` appears to perform well at all tested learning rates.
- **Interaction Effects:** There is a slight increase in PSNR when moving from `lr=0.1` to `lr=0.001`, especially with lower k2 values.

**Promising Hyperparameter Combinations:**
- (`k2=0.1, lr=0.0001`) and (`k2=0.0001, lr=0.001`) stand out as promising combinations due to their high PSNR scores.


### Optimization Recommendation

Based on the analysis of the current trials:

1. **Suggested Trial 1:** `k2: 0.0005`, `lr: 0.0001`
   - Reasoning: This combination has not been tested and falls within a range where PSNR values are high.
   
2. **Suggested Trial 2:** `k2: 0.001`, `lr: 0.1`
   - Reasoning: A middle-ground between the highest and lowest learning rates, with an intermediate k2 value to explore additional performance gains.

3. **Suggested Trial 3:** `k2: 0.1`, `lr: 0.01`
   - Reasoning: This combination has not been tested yet, and it offers a balance between the extremes of both hyperparameters.


### Experiment Planning

```yaml
trials:
- k2: 0.0005
  lr: 0.0001
- k2: 0.001
  lr: 0.1
- k2: 0.1
  lr: 0.01
```


### Stop Optimization

Answer: No with confidence score: 75%


siren_cat_me3_FH_train_qwen2.5:14b - 2025-02-15 18:39:52, 0:0:02:48.388366 - ## Round 20
siren_cat_me3_FH_train_qwen2.5:14b - 2025-02-15 18:39:52, 0:0:02:58.318639 - ### Analysis of Current Trials

1. **Performance Metrics Summary**:
   - The PSNR values range from 1.37 to 15.59 across the completed trials.
   - Most of the lower PSNR values are around 1-2, while there's a significant improvement observed with some combinations reaching up to over 15.

2. **Performance Trends for Hyperparameters**:
   - For `lr`: Higher learning rates (0.1) generally give better initial performance compared to smaller ones like 0.0001 or lower.
   - For `k2`: There isn't a clear trend as high and low values have provided both poor and good results.

3. **Promising Hyper-parameter Combinations**:
   - The combination of `lr = 0.0001` with `k2 = 0.0005` shows one of the best PSNR scores (7.33).
   - Another promising pair is `lr = 0.001` and `k2 = 0.0001`, giving a very high PSNR value of 15.36.
   - The highest score observed so far has been achieved with `lr = 0.0001` and `k2 = 0.0001`.

### Optimization Recommendation

Based on the analysis, here are three recommendations for new trials that haven't been completed yet:

1. **Trial 1**: 
   - k2: 0.0005
   - lr: 0.001
   - Reason: This combination hasn't been tested before and lies in the promising range of parameters as suggested by PSNR scores.

2. **Trial 2**:
   - k2: 0.001
   - lr: 0.0001
   - Reason: Another novel parameter set which seems to have potential based on preliminary results showing high performance for similar combinations.

3. **Trial 3**: 
   - k2: 0.0005
   - lr: 0.01
   - Reason: This trial will explore the effect of a medium learning rate with an intermediate `k2` value, expanding our exploration without redundancy.

### Experiment Planning

```yaml
trials:
- k2: 0.0005
  lr: 0.001
  PSNR: null # To be filled after execution
- k2: 0.001
  lr: 0.0001
  PSNR: null # To be filled after execution
- k2: 0.0005
  lr: 0.01
  PSNR: null # To be filled after execution
```

### Stop Optimization

Answer: No with confidence score: 60

The current results show promising potential but still have room for further exploration to confirm the best configurations and eliminate any chance of missing out on better hyper-parameter combinations within the given search space.


siren_cat_me3_FH_train_qwen2.5:14b - 2025-02-15 18:39:52, 0:0:02:58.328658 - ## Round 21
siren_cat_me3_FH_train_qwen2.5:14b - 2025-02-15 18:39:52, 0:0:03:07.565917 - ### Analysis of Current Trials

1. **Performance Metrics Summary**:
   - The PSNR values range from 1.37 to 15.59.
   - There is a significant variation in performance across different combinations of hyperparameters.

2. **Evaluation of Performance Trends for Hyper-Parameters**:
   - Higher `k2` (0.1) and lower `lr` (0.0001) tend to yield higher PSNR values, such as 15.59.
   - Lower `k2` (0.0001) combined with medium `lr` (0.1) also shows a high PSNR value of around 3.98-4.03.

3. **Highlighting Promising Hyper-Parameter Combinations**:
   - The combination of `k2=0.0005`, `lr=0.0001` with PSNR = 8.11 is promising.
   - Additionally, the combination of `k2=0.0001` and `lr=0.001` has a PSNR value of 15.36.

### Optimization Recommendation

Based on the analysis:

1. **Suggested Trial 1**:
   - `k2: 0.001`
   - `lr: 0.0001`
   - Reason: This combination hasn't been tested yet, and given that similar combinations like k2=0.0001 with lr=0.001 yielded a high PSNR value (15.36), testing this might yield interesting results.

2. **Suggested Trial 2**:
   - `k2: 0.0005`
   - `lr: 0.01`
   - Reason: This combination has not been tested yet and could potentially perform well given the high PSNR values observed for similar low k2-high lr combinations.

3. **Suggested Trial 3**:
   - `k2: 0.1`
   - `lr: 0.0001`
   - Reason: This combination hasn't been tested yet, and considering that a very high PSNR value (15.59) was observed for k2=0.1 with lr=0.0001, testing this again might provide insights into stability or further optimization.

### Experiment Planning

```yaml
trials:
- k2: 0.001
  lr: 0.0001
- k2: 0.0005
  lr: 0.01
- k2: 0.1
  lr: 0.0001
```

### Stop Optimization

Answer: No with confidence score: 70%


siren_cat_me3_FH_train_qwen2.5:14b - 2025-02-15 18:39:52, 0:0:03:07.574689 - ## Round 22
siren_cat_me3_FH_train_qwen2.5:14b - 2025-02-15 18:39:52, 0:0:03:16.054498 - ### Analysis of Current Trials

1. **Performance Metrics Summary**:
   - The highest PSNR value observed is 15.59, achieved at `k2=0.1` and `lr=0.0001`.
   - Lower values of `PSNR` such as 1.37 can be seen for combinations like `(k2=0.1, lr=0.001)`.

2. **Performance Trends**:
   - Generally higher PSNR is observed with smaller learning rates and moderate to small `k2`.
   - The combination of larger `lr` with medium `k2` values shows better performance compared to very small `k2`.

3. **Promising Hyper-Parameter Combinations**:
   - `(0.1, 0.0001)` for both `k2` and `lr`, PSNR: 15.59
   - `(0.0005, 0.0001)`, PSNR: 8.11
   - `(0.0001, 0.001)`, PSNR: 15.36

### Optimization Recommendation

Based on the analysis, I recommend the following hyper-parameters for the next three trials:

1. `k2 = 0.01` and `lr = 0.0001`
   - Reasoning: This combination has not been tested and could potentially improve PSNR given that smaller learning rates have shown high performance.

2. `k2 = 0.1` and `lr = 0.01`
   - Reasoning: While this combination was tried with a lower PSNR, testing a higher value of `k2` might still yield better results in conjunction with `lr=0.01`.

3. `k2 = 0.0005` and `lr = 0.1`
   - Reasoning: This is an untested combination that leverages the moderate performance seen with both larger `k2` and `lr` values.

### Experiment Planning

```yaml
trials:
- k2: 0.01
  lr: 0.0001
- k2: 0.1
  lr: 0.01
- k2: 0.0005
  lr: 0.1
```

### Stop Optimization

Answer: No with confidence score: 45%

Given the variability and potential for further optimization observed in the current trials, it would be premature to halt optimization at this stage.


siren_cat_me3_FH_train_qwen2.5:14b - 2025-02-15 18:39:52, 0:0:03:16.063508 - ## Round 23
siren_cat_me3_FH_train_qwen2.5:14b - 2025-02-15 18:39:52, 0:0:03:24.154350 - ### Analysis of Current Trials

1. **Performance Metrics Summary**:
   - The highest PSNR achieved so far is 15.59, which corresponds to the hyper-parameter combination `k2=0.1` and `lr=0.0001`.
   - The lowest PSNR recorded in these trials is 1.37, observed for multiple combinations including `(k2=0.1, lr=0.001)` and `(k2=0.01, lr=0.0001)`.
   
2. **Performance Trends**:
   - `lr` seems to have a significant impact on performance with higher PSNR values generally associated with lower learning rates.
   - `k2` also shows variability but does not show as clear of a trend as `lr`. The best and worst performances are found within various levels of `k2`.

3. **Promising Hyper-Parameter Combinations**:
   - `(k2=0.1, lr=0.0001)` with PSNR 15.59.
   - `(k2=0.0001, lr=0.001)` with PSNR 15.36.

### Optimization Recommendation

- **Trial 1**: `k2: 0.0005`, `lr: 0.0001`
  - This trial aims to further explore the combination around the highest achieved performance, particularly lowering both parameters slightly from known top performers.
  
- **Trial 2**: `k2: 0.001`, `lr: 0.1`
  - An attempt to balance between high and low learning rates while testing a less explored value of `k2` which has not yet been fully tested.

- **Trial 3**: `k2: 0.01`, `lr: 0.0001`
  - This trial focuses on the combination with a higher value of `k2` but still maintaining a low learning rate that previously performed well.

### Experiment Planning

```yaml
trials:
- k2: 0.0005
  lr: 0.0001
- k2: 0.001
  lr: 0.1
- k2: 0.01
  lr: 0.0001
```

### Stop Optimization

Answer: No with confidence score: 75%


siren_cat_me3_FH_train_qwen2.5:14b - 2025-02-15 18:39:52, 0:0:03:24.163121 - ## Round 24
siren_cat_me3_FH_train_qwen2.5:14b - 2025-02-15 18:39:52, 0:0:03:34.470569 - ### Analysis of Current Trials

1. **Performance Metrics Summary**:
   - The PSNR values range from 1.37 to 15.59.
   - Higher PSNR values indicate better performance, as it is a measure of signal-to-noise ratio in reconstructed images or signals.

2. **Trends Evaluation for Hyper-parameters**:
   - `lr` (learning rate) seems to have a significant impact on PSNR, with higher learning rates generally resulting in higher PSNR scores, but not consistently.
     - Lower values like 0.01 and 0.001 seem less effective than moderate values such as 0.1.
   - `k2` (a hyperparameter related to regularization or model complexity) also plays a role:
     - Values of k2 around 0.0005 and 0.0001 show promising results with PSNR scores over 7, especially when paired with lr=0.1.
   - The combination of `lr: 0.001` and `k2: 0.0001` achieves a high PSNR score of 15.36.

3. **Promising Hyper-parameter Combinations**:
   - `lr = 0.1, k2 = 0.0001`: This combination yields the highest PSNR value recorded so far (PSNR: 15.36).
   - `lr = 0.001, k2 = 0.0005` and `lr = 0.1, k2 = 0.0005`: Both achieve PSNR scores around 7-8.
   
### Optimization Recommendation
Based on the current trends and highest performing combinations:

1. **Trial 20**:
   - `k2: 0.0001`
   - `lr: 0.1`
   - This trial tests a lower value of k2 with the high-performing learning rate (lr = 0.1). Given the previous success, this combination could further optimize PSNR.
   
2. **Trial 21**:
   - `k2: 0.0005`
   - `lr: 0.001`
   - This trial explores a lower learning rate with an intermediate value of k2 that previously showed good results (PSNR = 7.33).
   
3. **Trial 22**:
   - `k2: 0.0001`
   - `lr: 0.0001`
   - This trial aims to explore the extreme lower end of both parameters to see if further improvements are possible or if diminishing returns start appearing.

### Experiment Planning
```yaml
trials:
- k2: 0.0001
  lr: 0.1
- k2: 0.0005
  lr: 0.001
- k2: 0.0001
  lr: 0.0001
```

### Stop Optimization

Answer: No with confidence score: 75%


siren_cat_me3_FH_train_qwen2.5:14b - 2025-02-15 18:39:52, 0:0:03:34.480296 - ## Round 25
siren_cat_me3_FH_train_qwen2.5:14b - 2025-02-15 18:39:52, 0:0:03:44.208889 - ### Analysis of Current Trials

#### 1. Summarize Performance Metrics:
The PSNR values range from 1.37 to 15.59 across different combinations of `k2` and `lr`. The highest PSNR value is achieved at `(k2=0.0001, lr=0.0001)` with a value of 15.59.

#### 2. Evaluate Performance Trends for Hyper-parameters:
From the trials conducted so far:
- Lower learning rates generally result in higher PSNR values compared to their counterparts.
- The `k2` parameter has shown significant variation in performance across different settings, but there seems to be a trend indicating that lower values of `k2`, such as 0.0005 and 0.0001, tend to perform better for specific learning rates.

#### 3. Highlight Promising Hyper-parameter Combinations:
- `(k2=0.0001, lr=0.0001)` with a PSNR of 15.59.
- `(k2=0.0001, lr=0.001)` with a PSNR of 8.11.
- `(k2=0.0005, lr=0.001)` with a PSNR of 7.33.

### Optimization Recommendation
Based on the analysis above and avoiding re-testing already completed combinations:
1. **Trial 1:** `k2: 0.1`, `lr: 0.0001`
   - Reason: Exploring if higher values of `k2` can still achieve good PSNR when combined with a very low learning rate, which hasn't been tested yet.
   
2. **Trial 2:** `k2: 0.01`, `lr: 0.0001`
   - Reason: Investigating the impact of medium `k2` value on performance for the same low learning rate that showed promising results earlier.

3. **Trial 3:** `k2: 0.001`, `lr: 0.0001`
   - Reason: Testing another intermediate `k2` value in conjunction with a very small learning rate, as it hasn't been covered and could potentially yield high PSNR values.

### Experiment Planning
```yaml
trials:
- k2: 0.1
  lr: 0.0001
- k2: 0.01
  lr: 0.0001
- k2: 0.001
  lr: 0.0001
```

### Stop Optimization
Answer: No with confidence score: 35%

The current PSNR values indicate potential for further improvements and exploring different hyper-parameter combinations could lead to better results.


siren_cat_me3_FH_train_qwen2.5:14b - 2025-02-15 18:39:52, 0:0:03:44.217997 - ## Round 26
siren_cat_me3_FH_train_qwen2.5:14b - 2025-02-15 18:39:52, 0:0:03:52.542953 - ### Analysis of Current Trials

1. **Performance Metrics Summary**: The PSNR values range from 1.37 to 15.59, indicating that there is a significant variability in performance across different hyper-parameter settings.

2. **Trends Evaluation**:
   - For the learning rate (`lr`), higher values (like 0.1) generally result in moderate PSNR scores around 4 when paired with specific `k2` values (e.g., 0.001 and 0.0005). Lower `lr` values tend to produce lower or inconsistent results.
   - For the parameter `k2`, smaller values like 0.0001 and 0.0005 show promising PSNR scores when combined with certain learning rates (like 0.0001 and 0.001). However, some larger values of `k2` also yield high PSNR scores if paired correctly with other parameters.

3. **Promising Combinations**:
   - The combination of lr = 0.0001 and k2 = 0.0005 achieved a PSNR value of 7.33.
   - A particularly notable result is when lr = 0.0001 paired with k2 = 0.0001, achieving a PSNR score of 15.59.

### Optimization Recommendation

Based on the analysis:
- Trial 1: `k2=0.0001`, `lr=0.1`
- Trial 2: `k2=0.01`, `lr=0.001`
- Trial 3: `k2=0.0005`, `lr=0.01`

These recommendations are selected for their distinctiveness from previous trials, exploration of the search space where promising results were observed (but not fully explored), and avoidance of combinations that have already yielded subpar PSNR values.

### Experiment Planning

```yaml
trials:
- k2: 0.0001
  lr: 0.1
- k2: 0.01
  lr: 0.001
- k2: 0.0005
  lr: 0.01
```

### Stop Optimization

Answer: No with confidence score: 70

The current results show variability in performance, and there is potential to explore further combinations within the search space that might yield even better results or confirm the efficacy of already promising configurations.


siren_cat_me3_FH_train_qwen2.5:14b - 2025-02-15 18:39:52, 0:0:03:52.551913 - ## Round 27
siren_cat_me3_FH_train_qwen2.5:14b - 2025-02-15 18:39:52, 0:0:04:01.014916 - ### Analysis of Current Trials

1. **Summarize Performance Metrics**
   - The PSNR values range from 1.37 to 15.59.
   - Higher PSNR indicates better performance.

2. **Evaluate Performance Trends for Hyper-parameters**
   - `lr`: Lower learning rates generally show better results, with the best performing trials using lr = 0.0001.
   - `k2`: Values around k2 = 0.0005 and k2 = 0.0001 seem to perform well.

3. **Highlight Promising Hyper-parameter Combinations**
   - The highest PSNR value of 15.59 was achieved with lr = 0.0001 and k2 = 0.0001.
   - Other promising combinations include (lr=0.0001, k2=0.001) with PSNR: 6.6 and (lr=0.001, k2=0.0005) with PSNR: 7.33.

### Optimization Recommendation

Based on the analysis:
- Avoid re-testing previously tried combinations.
- Exploit promising regions of the search space not yet explored fully.

Recommendations for next trials:

1. `k2 = 0.0001`, `lr = 0.001`
   - Reason: Nearby configurations show good performance, but this exact combination hasn't been tested.

2. `k2 = 0.0005`, `lr = 0.01`
   - Reason: This hyper-parameter combination could balance between the high PSNR obtained with k2=0.0005 and lr=0.001 and configurations closer to lr=0.01.

3. `k2 = 0.1`, `lr = 0.0001`
   - Reason: Testing a wider range of learning rates could reveal further improvements, especially with k2 at a high value that showed good results previously.

### Experiment Planning

```yaml
trials:
- k2: 0.0001
  lr: 0.001
- k2: 0.0005
  lr: 0.01
- k2: 0.1
  lr: 0.0001
```

### Stop Optimization

Answer: No with confidence score: 60%

The current highest PSNR is promising but further exploration in the search space can potentially yield better results.


siren_cat_me3_FH_train_qwen2.5:14b - 2025-02-15 18:39:52, 0:0:04:01.024163 - ## Round 28
siren_cat_me3_FH_train_qwen2.5:14b - 2025-02-15 18:39:52, 0:0:04:10.323719 - ### Analysis of Current Trials

**Performance Metrics Summary:**
- The PSNR values range from 1.37 to 15.59 across different combinations of hyperparameters.
- The highest PSNR value is 15.59, achieved by two combinations: (k2=0.0001, lr=0.0001) and (k2=0.0005, lr=0.0001).

**Performance Trends for Hyper-Parameters:**
- For k2:
  - Higher values of k2 do not necessarily correlate with higher PSNR values.
  - Values such as 0.0001 and 0.0005 have shown promising results compared to others in the search space.

- For lr:
  - Similar trends are observed; lower learning rates often yield better PSNR but there is no clear monotonic relationship.
  - The best results (PSNR > 15) were achieved at very low values of learning rate (0.0001).

**Promising Hyper-Parameter Combinations:**
- k2=0.0001 and lr=0.0001
- k2=0.0005 and lr=0.0001

### Optimization Recommendation
Based on the analysis, there is significant potential in exploring slightly modified hyperparameter combinations that have not been tested yet but are adjacent to highly performing ones:

1. **Trial 21:**
   - `k2`: 0.001 (a moderate step down from 0.0005)
   - `lr`: 0.001
   - *Reason*: This combination is close to high-performance configurations but has not been tested yet.

2. **Trial 22:**
   - `k2`: 0.0001 (adjacent and successful)
   - `lr`: 0.001
   - *Reason*: A step-up from the highest PSNR configuration to see if higher learning rate could still yield good results.

3. **Trial 23:**
   - `k2`: 0.0005 (highly successful)
   - `lr`: 0.01
   - *Reason*: Testing an intermediate learning rate to assess its performance relative to the highest PSNR setting while maintaining a highly effective k2 value.

### Experiment Planning

```yaml
trials:
- k2: 0.001
  lr: 0.001
- k2: 0.0001
  lr: 0.001
- k2: 0.0005
  lr: 0.01
```

### Stop Optimization

Answer: No
confidence score: 70


siren_cat_me3_FH_train_qwen2.5:14b - 2025-02-15 18:39:52, 0:0:04:10.332537 - ## Round 29
siren_cat_me3_FH_train_qwen2.5:14b - 2025-02-15 18:39:52, 0:0:04:18.208861 - ### Analysis of Current Trials

1. **Performance Metrics Summary**
   - The PSNR values range from 1.37 to 15.59 across different combinations of `k2` and `lr`.
   - Higher PSNR indicates better performance.
   
2. **Trends Evaluation for Hyper-Parameters**
   - For `lr = 0.0001`, the highest PSNR is achieved, with values ranging from 6.6 to 15.59 depending on `k2`.
   - When `k2` decreases, there are a few instances where PSNR increases significantly but also some cases of no significant change or even decrease.
   
3. **Promising Hyper-Parameter Combinations**
   - The most promising combinations include `(lr = 0.0001, k2 = 0.0005)` with a PSNR value of 8.11 and `(lr = 0.0001, k2 = 0.0001)` with the highest PSNR of 15.59.

### Optimization Recommendation

Based on the analysis:

- Trial 1: `k2` = 0.0005, `lr` = 0.1 (Reason: While `(k2=0.0005, lr=0.0001)` performed well with a PSNR of 8.11, trying a larger learning rate might yield higher or better stability PSNR.)
- Trial 2: `k2` = 0.001, `lr` = 0.01 (Reason: This combination was tested but at lower PSNRs; testing with different combinations could reveal if there's potential for improvement.)
- Trial 3: `k2` = 0.0005, `lr` = 0.01 (Reason: Testing a learning rate closer to the optimal one but with another promising `k2` value.)

### Experiment Planning

```yaml
trials:
- k2: 0.0005
  lr: 0.1
- k2: 0.001
  lr: 0.01
- k2: 0.0005
  lr: 0.01
```

### Stop Optimization

Answer: No with confidence score: 75%


siren_cat_me3_FH_train_qwen2.5:14b - 2025-02-15 18:39:52, 0:0:04:18.217529 - ## Round 30
siren_cat_me3_FH_train_qwen2.5:14b - 2025-02-15 18:39:52, 0:0:04:27.972302 - ### Analysis of Current Trials

**1. Summarize performance metrics**

The current trials show a variety of PSNR (Peak Signal-to-Noise Ratio) values ranging from 1.37 to 15.59, indicating significant variability in model performance depending on the chosen hyperparameters.

**2. Evaluate performance trends for hyper-parameters**

- **Learning Rate (lr)**: Higher learning rates generally lead to higher PSNR when paired with a lower value of k2, but not consistently across all cases.
  - lr = 0.1 shows good results like PSNR: 3.98 and 4.03 for certain values of k2.
- **k2**: Lower values of k2 (like 0.0005) seem to enhance model performance in conjunction with specific learning rates, especially when lr = 0.1 or lr = 0.0001.

**3. Highlight promising hyper-parameter combinations**
- The highest PSNR value is achieved by the combination of k2: 0.0001 and lr: 0.0001 (PSNR: 15.59).
- Another significant combination showing a high PSNR of 15.36 is k2: 0.0001 with lr: 0.001.

### Optimization Recommendation

Based on the analysis, I recommend exploring hyper-parameter combinations that extend beyond those already tested to potentially improve performance further:

**Trial 1**: 
- **k2:** 0.01
- **lr:** 0.001
Justification: This combination hasn't been tried yet and might yield higher PSNR given the observed trend where lower k2 values paired with moderate lr values have shown good results.

**Trial 2**:
- **k2:** 0.0005 
- **lr:** 0.01
Justification: This pairing has not been tested but is within the promising range of k2 and lr that we've seen produce higher PSNR scores.

**Trial 3**:  
- **k2:** 0.1
- **lr:** 0.0001
Justification: The combination of a high k2 value with very low learning rate might explore an uncharted area of the hyperparameter space, potentially leading to improvements or new insights into performance boundaries.

### Experiment Planning

```yaml
trials:
- k2: 0.01
  lr: 0.001
- k2: 0.0005
  lr: 0.01
- k2: 0.1
  lr: 0.0001
```

### Stop Optimization

Answer: No with confidence score: 60%

The current best PSNR of 15.59 is high, but exploring the untested space could yield further improvements or insights into optimal parameter settings. Thus, continuing optimization appears warranted to ensure no better combinations are overlooked.


siren_cat_me3_FH_train_qwen2.5:14b - 2025-02-15 18:39:52, 0:0:04:27.981763 - ## Round 31
siren_cat_me3_FH_train_qwen2.5:14b - 2025-02-15 18:39:52, 0:0:04:37.326814 - ### Analysis of Current Trials

**1. Summarize Performance Metrics**

- **PSNR Range**: The PSNR values range from 1.37 to 15.59, indicating significant variation in performance.
- **Highest PSNR Achieved**: The highest PSNR value is 15.59 achieved at two combinations: (lr=0.0001, k2=0.0001) and (lr=0.0001, k2=0.1).
- **Lowest PSNR Achieved**: The lowest PSNR values are around 1.37 to 1.47.

**2. Evaluate Performance Trends for Hyper-Parameters**

- **Learning Rate (lr)**: Higher learning rates generally do not lead to better performance, except when combined with certain k2 values. For example, lr=0.1 and k2=0.0005 yields a PSNR of 3.97.
- **k2**: The impact of k2 is also context-dependent. Lower k2 values like 0.0001 or 0.0005 seem to yield better performance in conjunction with certain learning rates, especially when lr=0.0001.

**3. Highlight Promising Hyper-Parameter Combinations**

The best performing combinations are:
- (lr=0.0001, k2=0.0001)
- (lr=0.0001, k2=0.1)

### Optimization Recommendation

Based on the trends observed:

**Trial 1**: 
- **k2: 0.005**
- **lr: 0.0001**
- Reason: To explore the edge of the search space for k2 that hasn't been tested extensively.

**Trial 2**: 
- **k2: 0.0005**
- **lr: 0.1**
- Reason: A different combination near the best-performing lr but with a k2 value not previously explored together.

**Trial 3**: 
- **k2: 0.001**
- **lr: 0.001**
- Reason: To verify if lowering lr closer to its optimal range (already observed at 0.0001) but with another k2 value in a similar performance range.

### Experiment Planning

```yaml
trials:
- k2: 0.005
  lr: 0.0001
  PSNR: null
- k2: 0.0005
  lr: 0.1
  PSNR: null
- k2: 0.001
  lr: 0.001
  PSNR: null
```

### Stop Optimization

Answer: No with confidence score: 70%


siren_cat_me3_FH_train_qwen2.5:14b - 2025-02-15 18:39:52, 0:0:04:37.335889 - ## Round 32
siren_cat_me3_FH_train_qwen2.5:14b - 2025-02-15 18:39:52, 0:0:04:47.150447 - ### Analysis of Current Trials

**Performance Metrics Summary:**

- The highest PSNR value observed so far is 15.59.
- Most trials have yielded relatively low PSNR values, indicating that there are likely better combinations to explore within the given search space.

**Evaluation of Performance Trends for Hyperparameters:**

- **Learning Rate (lr):**
  - lr = 0.0001 seems promising based on several high PSNR outcomes.
  - lr = 0.001 and lr = 0.01 generally provide lower PSNR values, although there are exceptions like k2=0.0005, lr=0.001 yielding a decent PSNR of 7.33.

- **K2:**
  - K2 values such as 0.0005 and 0.0001 have resulted in relatively high PSNR values.
  - Lower values like k2 = 0.001 and higher values like k2 = 0.01 generally result in lower PSNR scores.

**Promising Hyperparameter Combinations:**

- lr=0.0001 paired with any of the K2 values, especially 0.0005 or 0.0001.
- Some intermediate combinations like k2 = 0.0005 and lr = 0.001 also show promise.

### Optimization Recommendation

Based on the analysis above:
- Suggested trial: {k2: 0.1, lr: 0.0001}
- Reasoning: This combination leverages the promising learning rate of 0.0001 with a higher value of K2 that has not been extensively tested and could yield interesting results.

- Suggested trial: {k2: 0.0005, lr: 0.1}
- Reasoning: A middle ground between the highest PSNR scoring learning rate (0.1) and a lower yet promising value of K2 that has shown potential in past trials.

- Suggested trial: {k2: 0.001, lr: 0.001}
- Reasoning: While this combination has been seen before with moderate success, it can be further evaluated for consistency or improvement by introducing slight variations in the learning rate (here at a tested but not maximized value of 0.001).

### Experiment Planning

```yaml
trials:
- k2: 0.1
  lr: 0.0001
- k2: 0.0005
  lr: 0.1
- k2: 0.001
  lr: 0.001
```

### Stop Optimization

Answer: No with confidence score: 30%
Reasoning: Although there are some promising trials, the current highest PSNR value (15.59) might still be below an unknown optimal threshold and further exploration could uncover better combinations within the given search space.


siren_cat_me3_FH_train_qwen2.5:14b - 2025-02-15 18:39:52, 0:0:04:47.160125 - ## Round 33
siren_cat_me3_FH_train_qwen2.5:14b - 2025-02-15 18:39:52, 0:0:04:55.692428 - ### Analysis of Current Trials

1. **Performance Metrics Summary**:
   - The PSNR values range from 1.37 to 15.59.
   - The highest PSNR value is 15.59, which occurs twice: once with the combination (k2 = 0.0001, lr = 0.0001) and another with (k2 = 0.0001, lr = 0.001).

2. **Trends for Hyper-Parameters**:
   - The PSNR values tend to be higher when the learning rate (`lr`) is set to lower values such as `0.0001` or `0.001`.
   - Lower values of `k2` appear to correlate with better performance, particularly combinations involving `k2 = 0.0001`.

3. **Promising Hyper-Parameter Combinations**:
   - The highest PSNR value is achieved when both `lr` and `k2` are set at the lowest levels in their respective ranges (i.e., `lr = 0.0001`, `k2 = 0.0001`).

### Optimization Recommendation

Based on the performance trends observed:

- **Trial 1**: `k2 = 0.0005`, `lr = 0.1`
   - Reason: The combination of a slightly higher value for `k2` (to explore other parts of the search space) and a relatively high learning rate (`lr`) to assess its performance in comparison with lower values.

- **Trial 2**: `k2 = 0.01`, `lr = 0.0001`
   - Reason: Testing an intermediate value for `k2` while keeping the learning rate at one of the lowest values observed to be highly effective, potentially improving performance if combined well.

- **Trial 3**: `k2 = 0.0005`, `lr = 0.01`
   - Reason: Another exploration in between previously tested ranges for both hyperparameters, aiming to find a balance that might yield high PSNR scores.

### Experiment Planning

```yaml
trials:
- k2: 0.0005
  lr: 0.1
- k2: 0.01
  lr: 0.0001
- k2: 0.0005
  lr: 0.01
```

### Stop Optimization

Answer: No with confidence score: 60%


siren_cat_me3_FH_train_qwen2.5:14b - 2025-02-15 18:39:52, 0:0:04:55.700957 - ## Round 34
siren_cat_me3_FH_train_qwen2.5:14b - 2025-02-15 18:39:52, 0:0:05:05.927970 - ### Analysis of Current Trials

**Performance Metrics Summary**
- The highest PSNR value observed is 15.59.
- Many trials have resulted in lower PSNR values, indicating room for improvement.

**Trends and Evaluations**
- **lr**: A trend suggests that higher learning rates like `0.1` initially seem promising but can lead to unstable performance with low PSNR when combined with certain k2 values (e.g., `k2: 0.0005, lr: 0.1`). Lower learning rates such as `0.01` and `0.001` have produced more consistent results.
- **k2**: Values like `0.0005`, `0.0001` seem to perform well across various learning rate values, with PSNR values around 7+.

**Promising Hyper-parameter Combinations**
- Trials with `lr: 0.001` and `k2: [0.0005, 0.0001]` showed better results.
- Trial with `k2: 0.0005`, `lr: 0.001` provided a PSNR value of 7.33.

### Optimization Recommendation

Based on the analysis:
1. **Trial 1**: Suggest using `k2: 0.001` and `lr: 0.0001`. Although these values are near the optimal combinations tested, this combination hasn't been explored yet. It's a reasonable guess given that similar learning rates with other k2 values performed well.
   - Reason: To see if reducing lr further to 0.0001 combined with slightly higher k2 could yield better PSNR.

2. **Trial 2**: Recommend `k2: 0.01` and `lr: 0.0001`. This combination hasn't been tested and the learning rate of 0.0001 appears to have a strong positive effect in some cases.
   - Reason: To test if reducing lr with slightly higher k2 could balance performance.

3. **Trial 3**: Suggest `k2: 0.0005` and `lr: 0.01`. This combination hasn't been explored, yet similar learning rates have shown potential.
   - Reason: Testing this can provide insights into how a medium-range learning rate paired with a very low k2 performs.

### Experiment Planning

```yaml
trials:
- k2: 0.001
  lr: 0.0001
  PSNR: null
- k2: 0.01
  lr: 0.0001
  PSNR: null
- k2: 0.0005
  lr: 0.01
  PSNR: null
```

### Stop Optimization

Answer: No with confidence score: 30%

The current PSNR values are not consistently high enough to justify stopping the optimization process early. There is still potential for better configurations within the provided search space.


siren_cat_me3_FH_train_qwen2.5:14b - 2025-02-15 18:39:52, 0:0:05:05.937393 - ## Round 35
siren_cat_me3_FH_train_qwen2.5:14b - 2025-02-15 18:39:52, 0:0:05:16.296084 - ### Analysis of Current Trials

1. **Summarize Performance Metrics**
   - The highest PSNR value obtained from the trials is 15.59, which occurs twice for different hyperparameter combinations:
     - `k2 = 0.0001` and `lr = 0.0001`
     - `k2 = 0.0001` and `lr = 0.1`

   - The lowest PSNR value is 1.37, occurring for multiple combinations:
     - `k2 = 0.01`, `lr = 0.001`
     - `k2 = 0.1`, `lr = 0.001`
   
2. **Evaluate Performance Trends for Hyper-parameters**
   - For `k2`: The PSNR increases as `k2` decreases from 0.1 to 0.0001, with noticeable improvements in PSNR values.
   - For `lr`: Similar trends are observed when `lr` is reduced from 0.1 to smaller values like 0.0001.

3. **Highlight Promising Hyper-parameter Combinations**
   - The best performance was obtained for `k2 = 0.0001`, `lr = 0.0001` and `k2 = 0.0001`, `lr = 0.1`.
   - These combinations show significant PSNR improvements over others within the same search space.

### Optimization Recommendation
Based on the analysis:
- Next trials should aim to explore further reductions in `k2` and `lr` or test intermediate values that have not been tested yet.
  
Suggested hyperparameters for next 3 trials:
1. **k2: 0.0005, lr: 0.001**
   - Reason: This combination is close to the best performing ones but not already tested. It lies in a promising intermediate range.

2. **k2: 0.0001, lr: 0.01** 
   - Reason: This explores the high PSNR values obtained with `k2 = 0.0001` while testing an untested learning rate value that can potentially enhance performance further.
   
3. **k2: 0.0005, lr: 0.0001**
   - Reason: A combination of a previously high PSNR producing `lr = 0.0001` and a slightly less tested but promising `k2`.

### Experiment Planning
```yaml
trials:
- k2: 0.0005
  lr: 0.001
- k2: 0.0001
  lr: 0.01
- k2: 0.0005
  lr: 0.0001
```

### Stop Optimization
Answer: No with confidence score: 65%

Given that there are still promising hyperparameter combinations to explore and the best PSNR values have not been consistently reproduced, it's advisable to continue optimization trials.


siren_cat_me3_FH_train_qwen2.5:14b - 2025-02-15 18:39:52, 0:0:05:16.305000 - ## Round 36
siren_cat_me3_FH_train_qwen2.5:14b - 2025-02-15 18:39:52, 0:0:05:25.400987 - ### Analysis of Current Trials

1. **Summarize Performance Metrics**: The PSNR values range from 1.37 to 15.59, indicating a significant variability in performance across different combinations of hyper-parameters 'lr' and 'k2'.
   
2. **Evaluate Performance Trends**:
   - For `lr`: Higher learning rates like 0.1 seem to perform better than lower ones such as 0.01 or 0.001, with PSNR values around 3.75-4.03.
   - For `k2`: Lower values of k2 (e.g., 0.0001) have shown higher PSNR scores compared to the middle range (0.01 and 0.1), indicating better performance with smaller regularization strength.

3. **Highlight Promising Hyper-parameter Combinations**:
   - `lr = 0.0001` combined with `k2 = 0.0005` or `k2 = 0.1` shows particularly strong PSNR scores, especially when `k2` is at its smallest value.

### Optimization Recommendation

Based on the analysis:

- Trial 1: `lr = 0.001`, `k2 = 0.0005`
  - Reasoning: Combining a mid-range learning rate with a small regularization strength might balance between stability and performance, given that lower values of k2 have shown strong results.
  
- Trial 2: `lr = 0.1`, `k2 = 0.0001` 
  - Reasoning: This combination has not been tested yet but is promising based on the best known PSNR score so far (15.59) and suggests a possible peak in performance.

- Trial 3: `lr = 0.01`, `k2 = 0.001`
  - Reasoning: This combination aims at exploring the boundary conditions of learning rate impact with moderate regularization, providing a balanced approach between previously seen high-performing configurations and untested combinations.

### Experiment Planning

trials:
- k2: 0.0005
  lr: 0.001
  PSNR: 
- k2: 0.0001
  lr: 0.1
  PSNR: 
- k2: 0.001
  lr: 0.01
  PSNR: 

### Stop Optimization

Answer: No with confidence score: 65%

Explanation: Although there are high-performing combinations, the space of possible hyper-parameter configurations has not been fully explored, and it is advisable to continue optimization for potentially better results or understanding of the model's behavior under different conditions.


siren_cat_me3_FH_train_qwen2.5:14b - 2025-02-15 18:39:52, 0:0:05:25.409918 - ## Round 37
siren_cat_me3_FH_train_qwen2.5:14b - 2025-02-15 18:39:52, 0:0:05:34.561354 - ### Analysis of Current Trials

#### 1. Performance Metrics Summary:
The PSNR values range from 1.37 to 15.59, indicating significant variation in model performance based on the hyper-parameter settings.

#### 2. Trends Evaluation:
- **lr** (learning rate): Higher learning rates like `0.1` tend to perform better than lower rates such as `0.0001`. For instance, `lr: 0.1` yields PSNR values between 3.75 and 3.98.
- **k2**: The effect of k2 is less pronounced compared to lr. However, there seems to be a trend where lower values (such as `0.0001`) are associated with better performance in conjunction with certain learning rates.

#### 3. Promising Combinations:
- Combining `lr: 0.0001` and `k2: 0.0001`, the PSNR value is 15.59, which is significantly higher than most other combinations.
- Another promising combination is `lr: 0.1` with `k2: 0.0005` yielding a PSNR of 3.97.

### Optimization Recommendation

Given the current trends:

1. **First Trial**:
   - **k2**: 0.0001
   - **lr**: 0.001
   - Reason: As `lr: 0.001` has shown relatively good performance with some k2 values, and since `k2: 0.0001` is promising in combination with other learning rates.

2. **Second Trial**:
   - **k2**: 0.0005
   - **lr**: 0.01
   - Reason: This combination has not been tested yet but could potentially offer a high PSNR based on existing data, especially since `lr: 0.01` performs well with some k2 values.

3. **Third Trial**:
   - **k2**: 0.01
   - **lr**: 0.1
   - Reason: As this combination has not been tested and based on previous results, a higher learning rate might provide better performance metrics for PSNR.

### Experiment Planning

```yaml
trials:
- k2: 0.0001
  lr: 0.001
  PSNR: null
- k2: 0.0005
  lr: 0.01
  PSNR: null
- k2: 0.01
  lr: 0.1
  PSNR: null
```

### Stop Optimization

Answer: No with confidence score: 60%


siren_cat_me3_FH_train_qwen2.5:14b - 2025-02-15 18:39:52, 0:0:05:34.570884 - ## Round 38
siren_cat_me3_FH_train_qwen2.5:14b - 2025-02-15 18:39:52, 0:0:05:43.488586 - ### Analysis of Current Trials

1. **Summarize Performance Metrics**
   - The PSNR values range from 1.37 to 15.59.
   - Higher PSNR indicates better performance in the given context.

2. **Evaluate Performance Trends for Hyper-parameters**
   - **Learning Rate (lr):** A higher learning rate initially leads to higher PSNR, but not consistently across all values.
     - lr=0.1: 4.03 and 3.98 with k2 = 0.001 and 0.0005 respectively.
     - lr=0.01: Mixed results ranging from 1.37 to 6.6.
   - **k2:** Lower values of k2 generally yield higher PSNR across different learning rates, especially for lower lr values.
     - k2 = 0.0001 and lr = 0.0001: PSNR = 15.59 (highest observed).

3. **Highlight Promising Hyper-parameter Combinations**
   - The combination of k2 = 0.0001 and lr = 0.0001 is promising, achieving the highest recorded PSNR.
   - Further exploration around similar lower ranges for both hyperparameters could yield improvements.

### Optimization Recommendation

Based on the analysis:
- **Trial 1:** Suggest exploring `k2: 0.0005` and `lr: 0.0005`. Since this combination hasn't been tested yet, it can provide insights similar to the best-performing combinations.
- **Trial 2:** Considering a slightly higher learning rate combined with a promising k2 value, suggest testing `k2: 0.0001` and `lr: 0.01`. This explores the upper boundary of lr while keeping k2 low for better performance as observed previously.
- **Trial 3:** To further test the high-performance region, consider `k2: 0.0005` and `lr: 0.001`, which is an intermediate combination between two successful trials.

### Experiment Planning

```yaml
trials:
- k2: 0.0005
  lr: 0.0005
- k2: 0.0001
  lr: 0.01
- k2: 0.0005
  lr: 0.001
```

### Stop Optimization

Answer: No with confidence score: 85%

While the highest PSNR value obtained so far is quite high, there's potential for further optimization by exploring the parameter space more comprehensively within the given constraints.


siren_cat_me3_FH_train_qwen2.5:14b - 2025-02-15 18:39:52, 0:0:05:43.497396 - ## Round 39
siren_cat_me3_FH_train_qwen2.5:14b - 2025-02-15 18:39:52, 0:0:05:52.731948 - ### Analysis of Current Trials

1. **Performance Metrics Summary**:
   - The PSNR values range from 1.37 to 15.59.
   - Higher PSNR values indicate better performance.

2. **Trends for Hyper-parameters**:
   - For `k2 = 0.0001` and `lr = 0.0001`, the PSNR is significantly high (15.59).
   - For a fixed value of `k2 = 0.0001`, increasing `lr` from 0.0001 to 0.1 results in consistent PSNR values around 4.
   - Increasing `lr` for `k2 = 0.001` shows an increase in PSNR (e.g., lr=0.001, PSNR=4.34 vs lr=0.01, PSNR=4.03).

3. **Promising Hyper-parameter Combinations**:
   - `k2 = 0.0001` and `lr = 0.0001` with a high PSNR value of 15.59.
   - `k2 = 0.0005` with varying learning rates also shows potential (PSNR values around 7-8).

### Optimization Recommendation

Based on the analysis, here are recommended hyper-parameter settings for the next three trials:

1. **Trial**: k2: 0.0005, lr: 0.01
   - Reason: To explore the impact of a higher learning rate (lr=0.01) with k2 at its moderate value of 0.0005.
   
2. **Trial**: k2: 0.01, lr: 0.0001
   - Reason: This combination has not been tested yet and could provide insights into how a lower learning rate affects performance for a larger k2.

3. **Trial**: k2: 0.1, lr: 0.0005
   - Reason: Testing this configuration can help understand the interaction between the highest value of k2 (0.1) and an intermediate learning rate (lr=0.0005).

### Experiment Planning

```yaml
trials:
- k2: 0.0005
  lr: 0.01
- k2: 0.01
  lr: 0.0001
- k2: 0.1
  lr: 0.0005
```

### Stop Optimization

Answer: No with confidence score: 75%


siren_cat_me3_FH_train_qwen2.5:14b - 2025-02-15 18:39:52, 0:0:05:52.740652 - ## Round 40
siren_cat_me3_FH_train_qwen2.5:14b - 2025-02-15 18:39:52, 0:0:06:02.351446 - ### Analysis of Current Trials

**Performance Metrics Summary:**
- The PSNR values range from 1.37 to 15.59.
- Higher PSNR values indicate better performance in the context of image restoration or enhancement.

**Performance Trends for Hyperparameters:**
- **lr (Learning Rate):** High PSNR is observed with lr = 0.0001, especially when paired with k2 = 0.0001 and k2 = 0.0005.
- **k2:** The value of k2 seems to have a minor impact compared to the learning rate. However, certain combinations like (lr=0.0001, k2=0.0001) result in high PSNR values.

**Promising Hyperparameter Combinations:**
- lr = 0.0001 and k2 = 0.0005
- lr = 0.0001 and k2 = 0.0001

### Optimization Recommendation

Based on the analysis, I recommend exploring hyperparameters that have not been tested yet but lie within the search space. The goal is to find new promising combinations:

1. **Trial #1:** `lr: 0.01` and `k2: 0.0005`
   - Reasoning: This combination has not been explored yet, and since lr = 0.0001 in conjunction with k2 = 0.0005 yielded a high PSNR value (7.82), trying this higher learning rate could offer insights into its performance.

2. **Trial #2:** `lr: 0.001` and `k2: 0.0001`
   - Reasoning: This is another combination that has not been tested yet, considering the previous high PSNR results obtained with lr = 0.0001 (in conjunction with k2=0.0001). Testing a slightly higher learning rate could reveal interesting performance dynamics.

3. **Trial #3:** `lr: 0.1` and `k2: 0.0005`
   - Reasoning: This combination hasn't been tested yet, offering an opportunity to understand how the highest learning rate (lr = 0.1) performs with a moderate k2 value that has shown promise in previous trials.

### Experiment Planning
```yaml
trials:
- k2: 0.0005
  lr: 0.01
- k2: 0.0001
  lr: 0.001
- k2: 0.0005
  lr: 0.1
```

### Stop Optimization

Answer: No with confidence score: 80%


siren_cat_me3_FH_train_qwen2.5:14b - 2025-02-15 18:39:52, 0:0:06:02.360365 - ## Round 41
siren_cat_me3_FH_train_qwen2.5:14b - 2025-02-15 18:39:52, 0:0:06:10.712267 - ### Analysis of Current Trials

1. **Performance Metrics Summary**: The PSNR values range from 1.37 to 15.59, indicating a wide variability in performance depending on the combination of `k2` and `learning rate (lr)`.

2. **Trends Evaluation**:
   - **lr = 0.0001**: Generally shows higher PSNR values compared to other learning rates.
   - **k2 = 0.0005**: Shows a mixed performance, with some high PSNR values but also some lower ones.
   - **lr = 0.1 and k2 = 0.1**: High PSNR value of 3.75 seen for lr = 0.1.
   - **k2 = 0.0001**: Consistently shows high PSNR values, particularly when `lr` is set to lower values.

3. **Promising Combinations**:
   - `lr: 0.0001`, `k2: 0.0005`: Achieves a PSNR of 8.11.
   - `lr: 0.0001`, `k2: 0.0001`: Achieves the highest PSNR of 15.59.

### Optimization Recommendation

- **Trial 1**: Suggest `lr: 0.001` and `k2: 0.0005`. This combination aims to explore a higher learning rate setting with an intermediate k value, which hasn't been fully explored yet.
- **Trial 2**: Suggest `lr: 0.01`, `k2: 0.001`. This looks at a moderate learning rate combined with a lower k value that has not been tested extensively before and might yield interesting results given the trend observed for lr = 0.01.
- **Trial 3**: Suggest `lr: 0.1`, `k2: 0.005`. This aims to explore an even higher learning rate with a different k value, providing more coverage of the search space.

### Experiment Planning

```yaml
trials:
- k2: 0.0005
  lr: 0.001
- k2: 0.001
  lr: 0.01
- k2: 0.005
  lr: 0.1
```

### Stop Optimization

Answer: No with confidence score: 30


siren_cat_me3_FH_train_qwen2.5:14b - 2025-02-15 18:39:52, 0:0:06:10.720765 - ## Round 42
siren_cat_me3_FH_train_qwen2.5:14b - 2025-02-15 18:39:52, 0:0:06:20.230633 - ### Analysis of Current Trials

1. **Performance Metrics Summary**:
   - The highest PSNR value observed so far is 15.59, achieved by two different hyper-parameter combinations: `k2 = 0.0001` and `lr = 0.0001`, as well as `k2 = 0.0005` and `lr = 0.0001`.
   - The lowest PSNR value observed is 1.37, achieved by several combinations like `(k2: 0.1, lr: 0.001)`, `(k2: 0.01, lr: 0.001)`, and others.
   
2. **Performance Trends for Hyper-Parameters**:
   - For `lr = 0.0001` across all `k2` values tested so far (except one), the PSNR results are generally higher than other learning rates, with notable exceptions where specific `k2` configurations yield high PSNR.
   - `k2` seems to have a significant impact when paired with lower `lr`, especially at 0.0001.

3. **Promising Hyper-Parameter Combinations**:
   - The combination of `k2 = 0.0001` and `lr = 0.0001` stands out as the most promising so far, achieving a PSNR of 15.59.
   - Another notable configuration is `k2 = 0.0005`, `lr = 0.0001` yielding 8.11 PSNR.

### Optimization Recommendation

Based on observed trends and the need to explore further:
- **Trial 1**: Suggest trying `k2: 0.0005, lr: 0.001`. This is different from any previous trials and falls within our search space.
- **Trial 2**: Consider exploring `k2: 0.001, lr: 0.0005`, as it hasn't been tested yet and could provide insights similar to the high PSNR configurations observed with smaller `lr`.
- **Trial 3**: Lastly, testing `k2: 0.0001, lr: 0.01` might offer more data points for evaluating the impact of a higher learning rate when paired with a small `k2`.

### Experiment Planning

trials:
- k2: 0.0005
  lr: 0.001
  PSNR: null
- k2: 0.001
  lr: 0.0005
  PSNR: null
- k2: 0.0001
  lr: 0.01
  PSNR: null

### Stop Optimization

Answer: No with confidence score: 60


siren_cat_me3_FH_train_qwen2.5:14b - 2025-02-15 18:39:52, 0:0:06:20.238879 - ## Round 43
siren_cat_me3_FH_train_qwen2.5:14b - 2025-02-15 18:39:52, 0:0:06:29.363450 - ### Analysis of Current Trials

1. **Summarize Performance Metrics**: The current trials have a PSNR range from 1.37 to 15.59, indicating significant variation in performance across different hyper-parameter combinations.

2. **Evaluate Performance Trends for Hyper-parameters**:
   - **lr (Learning Rate)**: Lower learning rates generally result in higher PSNR values compared to higher learning rates.
     - lr = 0.0001 and 0.001 show better performance than lr = 0.01 and 0.1.
   - **k2**: A lower k2 value (e.g., 0.0005, 0.0001) tends to perform better compared to higher values such as 0.01 or 0.1.

3. **Highlight Promising Hyper-parameter Combinations**:
   - lr = 0.0001 and k2 = 0.0001 results in a PSNR of 15.59.
   - Another strong combination is lr = 0.0001 with k2 = 0.0005 yielding a PSNR of 8.11.

### Optimization Recommendation

Given the analysis above, here are my recommendations for the next three trials:

- **Trial 4**: `k2: 0.0005`, `lr: 0.001`
  - Reasoning: This combination tests an intermediate value of k2 (0.0005) with a lower lr (0.001), which could further explore the performance boundary near successful combinations already tested.
  
- **Trial 5**: `k2: 0.001`, `lr: 0.0001`
  - Reasoning: This trial aims to understand if increasing k2 slightly while maintaining a low lr (0.0001) could potentially enhance PSNR further.
  
- **Trial 6**: `k2: 0.0005`, `lr: 0.0001`
  - Reasoning: This trial explores the intersection of both k2 and lr at their lowest tested values, ensuring thorough exploration in promising regions.

### Experiment Planning

```yaml
trials:
- k2: 0.0005
  lr: 0.001
- k2: 0.001
  lr: 0.0001
- k2: 0.0005
  lr: 0.0001
```

### Stop Optimization

Answer: No with confidence score: 60

Given the current performance trends and potential for further optimization, it's advisable to continue exploring the search space for optimal hyper-parameter configurations.


siren_cat_me3_FH_train_qwen2.5:14b - 2025-02-15 18:39:52, 0:0:06:29.372941 - ## Round 44
siren_cat_me3_FH_train_qwen2.5:14b - 2025-02-15 18:39:52, 0:0:06:37.751213 - ### Analysis of Current Trials

#### Performance Metrics Summary:
- The highest PSNR value observed in the completed trials is 15.59.
- There are multiple combinations that yield a PSNR less than 2, suggesting there may be room for improvement.

#### Performance Trends for Hyperparameters:

- **Learning Rate (lr):**
  - A trend indicates higher lr values tend to produce better results, with exceptions when the k2 value is low.
  - Values of lr = 0.1 and lr = 0.0001 seem particularly promising based on PSNR performance.

- **k2:**
  - Lower values of k2 generally correlate with higher PSNR scores, except in cases where learning rate (lr) is also very high or low.
  - There are specific combinations like (k2=0.0005, lr=0.001), and (k2=0.0001, lr=0.0001) that perform exceptionally well.

#### Promising Hyperparameter Combinations:
- (lr = 0.0001, k2 = 0.0005)
- (lr = 0.0001, k2 = 0.0001)
- These combinations yield PSNR values of 15.59 and above.

### Optimization Recommendation

For the next three trials:
1. **Trial**: lr: 0.1, k2: 0.0001
   - Reasoning: This trial aims to test a high learning rate combined with an extremely low k2 value that hasn't been tested before.
   
2. **Trial**: lr: 0.0005, k2: 0.01
   - Reasoning: A middle-ground approach using a lower learning rate and moderate k2 could potentially reveal new insights or improvements in PSNR.
   
3. **Trial**: lr: 0.01, k2: 0.0005
   - Reasoning: This trial explores a combination that straddles between promising low-k2 high-lr and the successful lower-lr scenarios seen previously.

### Experiment Planning

```yaml
trials:
- k2: 0.0001
  lr: 0.1
- k2: 0.01
  lr: 0.0005
- k2: 0.0005
  lr: 0.01
```

### Stop Optimization

Answer: No
confidence score: 75


siren_cat_me3_FH_train_qwen2.5:14b - 2025-02-15 18:39:52, 0:0:06:37.760501 - ## Round 45
siren_cat_me3_FH_train_qwen2.5:14b - 2025-02-15 18:39:52, 0:0:06:47.492437 - ### Analysis of Current Trials

1. **Summarize Performance Metrics**
   - The highest PSNR value observed is 15.59.
   - Values range from 1.37 to 15.59 across the trials.

2. **Evaluate Performance Trends for Hyper-parameters**
   - For `lr`: Higher values of `lr` (e.g., 0.1) seem to perform better in some cases, but there are also instances where lower values (e.g., 0.0001) achieve high PSNR.
   - For `k2`: The performance seems relatively stable across different values of `k2`. Values such as 0.0001 and 0.0005 have shown potential, but there's a clear peak at 0.0001 with `lr` set to 0.0001.

3. **Highlight Promising Hyper-parameter Combinations**
   - The combination of `k2 = 0.0001` and `lr = 0.0001` achieved the highest PSNR value of 15.59.
   - A promising area might be around smaller values for both hyper-parameters, as these seem to produce better results.

### Optimization Recommendation
Based on the analysis:

- **Trial 24:** `k2: 0.00005`, `lr: 0.01`
  - Reason: Introducing a value smaller than those currently tried for `k2` and keeping `lr` at an intermediate level to test if further reductions in `k2` can improve performance.
- **Trial 25:** `k2: 0.01`, `lr: 0.00001`
  - Reason: Testing a higher value for `k2` compared to the best-performing ones and an extremely low learning rate to see if there is additional room for performance improvement in this direction.
- **Trial 26:** `k2: 0.0005`, `lr: 0.1`
  - Reason: This combination hasn't been tested yet but could provide insights into the interaction between a mid-range value of `k2` and a high learning rate.

### Experiment Planning

```yaml
trials:
- k2: 0.00005
  lr: 0.01
- k2: 0.01
  lr: 0.00001
- k2: 0.0005
  lr: 0.1
```

### Stop Optimization

Answer: No with confidence score: 35%
- The current highest PSNR is not significantly high to justify stopping optimization prematurely. Further trials can explore the parameter space more thoroughly and potentially achieve higher performance metrics.


siren_cat_me3_FH_train_qwen2.5:14b - 2025-02-15 18:39:52, 0:0:06:47.500951 - ## Round 46
siren_cat_me3_FH_train_qwen2.5:14b - 2025-02-15 18:39:52, 0:0:06:55.571085 - ### Analysis of Current Trials

1. **Performance Metrics Summary**:
   - The best PSNR value observed so far is 15.59, achieved twice under different hyper-parameter combinations.
   - Lower PSNR values range from approximately 1.37 to 4.03.

2. **Trends for Hyper-Parameters**:
   - **lr (Learning Rate)**: A higher learning rate tends to provide better performance initially but doesn't always ensure the best results, as seen with lr=0.1 producing PSNR values of around 3.97 to 4.03.
   - **k2**: Lower k2 values generally yield better results, especially when paired with lower learning rates.

3. **Promising Hyper-Parameter Combinations**:
   - The combination of lr = 0.001 and k2 = 0.0005 yields a PSNR value of 7.82.
   - Lower values for both hyperparameters often result in higher PSNR, but there are exceptions where slightly higher values (e.g., lr=0.1) can still produce reasonable results when paired with lower k2.

### Optimization Recommendation

Based on the analysis:
- Suggested trial 1: `k2 = 0.005`, `lr = 0.0001`. This is an intermediate value for k2 and a very low learning rate, which hasn't been fully explored in the current trials.
- Suggested trial 2: `k2 = 0.01`, `lr = 0.01`. This combination aims to test whether moderate values of both parameters can yield competitive results without extreme optimization.
- Suggested trial 3: `k2 = 0.0005`, `lr = 0.0005`. Testing if a very low value for k2 paired with the same level learning rate will improve performance further.

### Experiment Planning

```yaml
trials:
- k2: 0.005
  lr: 0.0001
- k2: 0.01
  lr: 0.01
- k2: 0.0005
  lr: 0.0005
```

### Stop Optimization

Answer: No with confidence score: 60

The current PSNR values, while high in some cases, still show room for improvement based on the untested parameter combinations and potential trends observed.


siren_cat_me3_FH_train_qwen2.5:14b - 2025-02-15 18:39:52, 0:0:06:55.579654 - ## Round 47
siren_cat_me3_FH_train_qwen2.5:14b - 2025-02-15 18:39:52, 0:0:07:03.669710 - ### Analysis of Current Trials

**Performance Metrics Summary:**  
The PSNR values range from 1.37 to 15.59, indicating a wide variation in performance across different hyper-parameter settings.

**Performance Trends for Hyper-Parameters:**
- **Learning Rate (lr):** The highest PSNR value is observed at lr = 0.0001 and k2 = 0.0001 with a PSNR of 15.59, suggesting that lower learning rates generally perform better in this context.
- **k2:** Similar to lr, the highest PSNR values are associated with smaller values for k2 (e.g., 0.0001 or 0.0005). There's no clear pattern indicating a strong relationship between larger k2 and high PSNR.

**Promising Hyper-parameter Combinations:**
- The best results so far are achieved at lr = 0.0001 and k2 = 0.0001, and another set with similar scores includes lr = 0.0001 and k2 = 0.0005.

### Optimization Recommendation

**Trial 1:**  
- **k2: 0.01**
- **lr: 0.001**
- **Reason:** Testing the edge of the parameter space with a medium value for k2 (to explore its influence) and a lower but not optimal learning rate.

**Trial 2:**  
- **k2: 0.0005**
- **lr: 0.1**
- **Reason:** Exploring how an increase in lr from the optimal range affects performance when combined with a mid-range k2 value, which could provide insights into parameter interactions not yet tested.

**Trial 3:**  
- **k2: 0.1**
- **lr: 0.0005**
- **Reason:** Investigating if an increase in k2 from the best-performing range can be balanced with a sub-optimal learning rate, potentially uncovering new areas of performance optimization.

### Experiment Planning

```yaml
trials:
- k2: 0.01
  lr: 0.001
- k2: 0.0005
  lr: 0.1
- k2: 0.1
  lr: 0.0005
```

### Stop Optimization

Answer: No with confidence score: 75


siren_cat_me3_FH_train_qwen2.5:14b - 2025-02-15 18:39:52, 0:0:07:03.678291 - ## Round 48
siren_cat_me3_FH_train_qwen2.5:14b - 2025-02-15 18:39:52, 0:0:07:12.205351 - ### Analysis of Current Trials

1. **Summary of Performance Metrics**:
   - The highest PSNR value observed so far is 15.59, achieved multiple times.
   - The lowest PSNR value observed so far is 1.37.

2. **Performance Trends for Hyper-Parameters**:
   - For `lr`, values of 0.0001 and 0.001 seem to yield higher PSNRs compared to larger learning rates like 0.01 or 0.1.
   - For `k2`, the value of 0.0005 shows a high PSNR in some cases, but also includes lower values, indicating variability.

3. **Promising Hyper-Parameter Combinations**:
   - The combination `(lr=0.0001, k2=0.1)` and `(lr=0.0001, k2=0.0005)` yield high PSNR scores.
   - Also promising is the combination `(lr=0.0001, k2=0.0001)`, achieving a PSNR of 15.59.

### Optimization Recommendation

Based on the analysis:
- The current highest PSNR score is close to optimal and there are no clear improvements within the given hyper-parameter space.
- Suggesting new combinations that haven't been tested yet but are likely to yield similar results or slight improvements, avoiding redundant trials:

1. **Trial 24**:
   - `k2: 0.0005`
   - `lr: 0.001`
   - Reason: This combination is not previously tested and lies in the promising range of `k2=0.0005` which has shown high PSNR values.

2. **Trial 25**:
   - `k2: 0.01`
   - `lr: 0.0001`
   - Reason: This combination avoids redundancy with already tested parameters and explores a different region of the hyper-parameter space that hasn't been fully explored yet, particularly focusing on higher `k2` values.

### Experiment Planning

```yaml
trials:
- k2: 0.0005
  lr: 0.001
- k2: 0.01
  lr: 0.0001
```

### Stop Optimization

Answer: No with confidence score: 70%

Explanation: Despite achieving high PSNR scores, there is potential to explore more combinations within the provided space for further improvements or validation of current best settings.


siren_cat_me3_FH_train_qwen2.5:14b - 2025-02-15 18:39:52, 0:0:07:12.218696 - ## Round 49
siren_cat_me3_FH_train_qwen2.5:14b - 2025-02-15 18:39:52, 0:0:07:22.481687 - ### Analysis of Current Trials

1. **Summarize Performance Metrics**
   - The highest PSNR value achieved in the trials is 15.59, which occurred twice:
     - Trial with `k2` = 0.0001 and `lr` = 0.0001
     - Trial with `k2` = 0.0001 and `lr` = 0.0001 (though it seems to be a duplicate, as both values are identical)

   - The lowest PSNR value is 1.37, which occurred multiple times for different combinations of `k2` and `lr`.

2. **Evaluate Performance Trends for Hyper-parameters**
   - A higher learning rate (`lr`) generally leads to better performance, especially when `k2` is low (e.g., `0.0001`).
   - Lower values of `k2` tend to yield higher PSNR values compared to higher values.
   - Certain combinations perform very poorly regardless of the value of `lr`, such as high values for `k2`.

3. **Highlight Promising Hyper-parameter Combinations**
   - The best combination is `k2 = 0.0001` and `lr = 0.0001`.
   - Other promising combinations include:
     - `k2 = 0.0005`, `lr = 0.0001`
     - `k2 = 0.0005`, `lr = 0.001`

### Optimization Recommendation
Given the current trends, I recommend the following hyper-parameters for the next three trials:

1. **Trial 24**: `k2` = 0.0005 and `lr` = 0.1 (This combination hasn't been tested yet and is expected to yield a higher PSNR value based on previous trends where lower `k2` with moderate or high learning rate shows good performance).
   
2. **Trial 25**: `k2` = 0.0001 and `lr` = 0.01 (This combination has shown promise in the past, but only at a very low learning rate; testing it here might improve understanding of its full potential).

3. **Trial 26** (to be used if needed): `k2` = 0.001 and `lr` = 0.01 (This combination has been tested with lower PSNR but hasn't been explored at this specific learning rate yet, which might provide new insights or higher performance).

### Experiment Planning
```yaml
trials:
- k2: 0.0005
  lr: 0.1
  PSNR: null
- k2: 0.0001
  lr: 0.01
  PSNR: null
```

### Stop Optimization
Answer: No with confidence score: 70

Explanation: The current highest PSNR values are relatively high, but there is still potential to explore combinations not yet tested that could yield even better results based on performance trends observed so far.


siren_cat_me3_FH_train_qwen2.5:14b - 2025-02-15 18:39:52, 0:0:07:22.491438 - ## Round 50
siren_cat_me3_FH_train_qwen2.5:14b - 2025-02-15 18:39:52, 0:0:07:31.462662 - ### Analysis of Current Trials

1. **Summarize Performance Metrics**:
   - The PSNR values range from 1.37 to 15.59.
   - The highest PSNR value observed so far is 15.59.

2. **Evaluate Performance Trends for Hyper-parameters**:
   - For `lr` (learning rate): Higher learning rates tend to give lower PSNR values, while lower learning rates yield higher PSNR values, with the exception of very high learning rates like 0.1 which gives a moderate PSNR value.
   - For `k2`: Lower values of k2 generally result in better performance as measured by PSNR.

3. **Highlight Promising Hyper-parameter Combinations**:
   - The best performing combination so far is (lr: 0.0001, k2: 0.0001) with a PSNR value of 15.59.
   - Another strong performer is the combination (lr: 0.0001, k2: 0.0005) with a PSNR value of 8.11.

### Optimization Recommendation
Based on the analysis:

- Trial 1: Suggest to try `k2 = 0.001` and `lr = 0.0005`. This combination avoids retesting previously tried values while leveraging insights from successful trials with similar parameters (e.g., lr=0.0005, k2=0.0005). The goal is to explore the boundary conditions around these values.
- Trial 2: Suggest `k2 = 0.0005` and `lr = 0.01`. This is aimed at exploring intermediate values for learning rate that have not been tried with k2=0.0005, which could offer an improvement in PSNR based on the trend observed.
- Trial 3: Suggest `k2 = 0.01` and `lr = 0.001`. This trial aims to explore a medium learning rate combined with a slightly higher k2 value than those tested previously but still lower than some of the poor performers.

### Experiment Planning
```yaml
trials:
- k2: 0.001
  lr: 0.0005
- k2: 0.0005
  lr: 0.01
- k2: 0.01
  lr: 0.001
```

### Stop Optimization
Answer: No with confidence score: 70

The current PSNR values suggest there is room for improvement, especially by exploring more combinations around the best-performing hyperparameters identified so far.


