boston_train_qwen2.5:72b2 - 2025-02-25 14:04:24, 0:0:00:00.000036 - ----------------------------------------------------------------------------------------------------
boston_train_qwen2.5:72b2 - 2025-02-25 14:04:24, 0:0:00:00.001708 - ## Round 1
boston_train_qwen2.5:72b2 - 2025-02-25 14:04:24, 0:0:00:00.002581 - ## Failed 1
boston_train_qwen2.5:72b2 - 2025-02-25 14:04:24, 0:0:02:05.582294 - ### Analysis of Current Trials

1. **Performance Metrics Summary**:
   - The highest mean score is 0.834, achieved by the hyper-parameters: `max_depth=None`, `max_features=log2`, `min_samples_leaf=1`, `min_samples_split=5`, and `n_estimators=100`.
   - The lowest mean score is 0.802, achieved by the hyper-parameters: `max_depth=20`, `max_features=sqrt`, `min_samples_leaf=5`, `min_samples_split=5`, and `n_estimators=100`.

2. **Performance Trends for Hyper-Parameters**:
   - **`max_depth`**: 
     - `None` seems to perform better (mean score 0.834) compared to `20` (mean score 0.802).
     - `10` performed reasonably well with a mean score of 0.825.
   - **`max_features`**: 
     - `log2` has shown better performance in the completed trials, achieving the highest mean score (0.834) and a good second place (0.825).
   - **`min_samples_leaf`**:
     - A value of `1` achieved the highest mean score (0.834), while higher values like `5` performed less well (mean scores 0.802 and 0.825).
   - **`min_samples_split`**:
     - The value `5` has been used in all completed trials, so it's difficult to draw conclusions about other values.
   - **`n_estimators`**:
     - A value of `100` performed well in the top two trials (mean scores 0.834 and 0.825), while `300` achieved a slightly lower mean score (0.825).

3. **Promising Hyper-Parameter Combinations**:
   - The combination of `max_depth=None`, `max_features=log2`, `min_samples_leaf=1`, and `n_estimators=100` is promising.
   - Other combinations that could be explored include those with `max_depth=10` or `20`, but with different values for `min_samples_split` and `min_samples_leaf`.

### Optimization Recommendation

Based on the analysis, here are the recommended hyper-parameters for the next 3 trials:

1. **Trial 4**:
   - `max_depth=None`
   - `max_features=log2`
   - `min_samples_leaf=1`
   - `min_samples_split=2`
   - `n_estimators=300`
   - **Reason**: This combination explores a different value for `min_samples_split` and a higher number of estimators, which could potentially improve performance.

2. **Trial 5**:
   - `max_depth=None`
   - `max_features=sqrt`
   - `min_samples_leaf=1`
   - `min_samples_split=2`
   - `n_estimators=200`
   - **Reason**: This combination explores a different value for `max_features` and `n_estimators`, while keeping other promising parameters.

3. **Trial 6**:
   - `max_depth=10`
   - `max_features=log2`
   - `min_samples_leaf=1`
   - `min_samples_split=2`
   - `n_estimators=100`
   - **Reason**: This combination explores a different value for `max_depth` and `min_samples_split`, while keeping other promising parameters.

### Experiment Planning

```yaml
trials:
- params:
    max_depth: 'None'
    max_features: log2
    min_samples_leaf: '1'
    min_samples_split: '2'
    n_estimators: '300'
  mean_score: null
- params:
    max_depth: 'None'
    max_features: sqrt
    min_samples_leaf: '1'
    min_samples_split: '2'
    n_estimators: '200'
  mean_score: null
- params:
    max_depth: '10'
    max_features: log2
    min_samples_leaf: '1'
    min_samples_split: '2'
    n_estimators: '100'
  mean_score: null
```

### Stop Optimization

Answer: No with confidence score: 0.834

The current highest mean score of 0.834 is good but not necessarily the best possible performance. Further optimization could potentially improve the model's performance, so it is recommended to continue the trials.


boston_train_qwen2.5:72b2 - 2025-02-25 14:04:24, 0:0:02:05.596023 - ## Round 2
boston_train_qwen2.5:72b2 - 2025-02-25 14:04:24, 0:0:02:05.596938 - ## Failed 2
boston_train_qwen2.5:72b2 - 2025-02-25 14:04:24, 0:0:04:02.466388 - ### Analysis of Current Trials

1. **Performance Metrics Summary**:
   - The mean scores for the completed trials range from 0.802 to 0.841.
   - The best performing trial has a `mean_score` of 0.841 with the following hyper-parameters: `n_estimators=200`, `max_depth=None`, `min_samples_split=2`, `min_samples_leaf=1`, and `max_features=sqrt`.

2. **Performance Trends for Hyper-Parameters**:
   - **`n_estimators`**: Higher values (200, 300) tend to perform better than lower values (100).
   - **`max_depth`**: Setting `max_depth=None` generally yields better performance compared to fixed depths.
   - **`min_samples_split` and `min_samples_leaf`**: Lower values for these parameters (2, 1) seem to improve performance more often.
   - **`max_features`**: Using `'sqrt'` for `max_features` appears to be slightly better than `'log2'`.

3. **Promising Hyper-Parameter Combinations**:
   - `n_estimators=200`, `max_depth=None`, `min_samples_split=2`, `min_samples_leaf=1`, `max_features=sqrt`
   - `n_estimators=300`, `max_depth=None`, `min_samples_split=2`, `min_samples_leaf=1`, `max_features=log2`

### Optimization Recommendation

Based on the analysis, here are the recommended hyper-parameters for the next 3 trials:

1. **Trial 7**:
   - `n_estimators=300`
   - `max_depth=None`
   - `min_samples_split=5`
   - `min_samples_leaf=2`
   - `max_features=sqrt`

2. **Trial 8**:
   - `n_estimators=200`
   - `max_depth=10`
   - `min_samples_split=2`
   - `min_samples_leaf=5`
   - `max_features=log2`

3. **Trial 9**:
   - `n_estimators=100`
   - `max_depth=20`
   - `min_samples_split=10`
   - `min_samples_leaf=2`
   - `max_features=sqrt`

### Experiment Planning

```yaml
trials:
- params:
    max_depth: '20'
    max_features: sqrt
    min_samples_leaf: '5'
    min_samples_split: '5'
    n_estimators: '100'
  mean_score: 0.802
- params:
    max_depth: None
    max_features: log2
    min_samples_leaf: '1'
    min_samples_split: '5'
    n_estimators: '100'
  mean_score: 0.834
- params:
    max_depth: None
    max_features: sqrt
    min_samples_leaf: '2'
    min_samples_split: '5'
    n_estimators: '300'
  mean_score: 0.825
- params:
    max_depth: None
    max_features: log2
    min_samples_leaf: '1'
    min_samples_split: '2'
    n_estimators: '300'
  mean_score: 0.84
- params:
    max_depth: None
    max_features: sqrt
    min_samples_leaf: '1'
    min_samples_split: '2'
    n_estimators: '200'
  mean_score: 0.841
- params:
    max_depth: '10'
    max_features: log2
    min_samples_leaf: '1'
    min_samples_split: '2'
    n_estimators: '100'
  mean_score: 0.836
- params:
    max_depth: None
    max_features: sqrt
    min_samples_leaf: '2'
    min_samples_split: '5'
    n_estimators: '300'
  mean_score: null
- params:
    max_depth: '10'
    max_features: log2
    min_samples_leaf: '5'
    min_samples_split: '2'
    n_estimators: '200'
  mean_score: null
- params:
    max_depth: '20'
    max_features: sqrt
    min_samples_leaf: '2'
    min_samples_split: '10'
    n_estimators: '100'
  mean_score: null
```

### Stop Optimization

Answer: No with confidence score: 0.75

The current best performance is 0.841, which is good but not necessarily the highest possible within the search space. Further optimization may yield better results.


boston_train_qwen2.5:72b2 - 2025-02-25 14:04:24, 0:0:04:02.484137 - ## Round 3
boston_train_qwen2.5:72b2 - 2025-02-25 14:04:24, 0:0:04:02.485258 - ## Failed 3
boston_train_qwen2.5:72b2 - 2025-02-25 14:04:24, 0:0:05:43.242134 - ### Analysis of Current Trials

1. **Performance Metrics Summary**:
   - The highest mean score achieved so far is 0.841, observed in two different configurations.
   - The lowest mean score is 0.802, also observed in multiple configurations.
   - Most trials have scores between 0.82 and 0.84.

2. **Performance Trends for Hyper-parameters**:
   - `n_estimators`: Higher values (300) generally lead to better performance compared to lower values (100).
   - `max_depth`: None or higher values (20) tend to perform better than lower values (10).
   - `min_samples_split`: Lower values (2) often result in better scores.
   - `min_samples_leaf`: Smaller values (1 or 2) usually yield better performance.
   - `max_features`: Both 'sqrt' and 'log2' have performed well, but 'log2' has a slight edge.

3. **Promising Hyper-parameter Combinations**:
   - High `n_estimators` (300) with `max_depth` set to None or 20.
   - Low `min_samples_split` (2) and `min_samples_leaf` (1 or 2).
   - Both 'sqrt' and 'log2' for `max_features`, but 'log2' has shown a slight advantage.

### Optimization Recommendation

Based on the analysis, here are the recommended hyper-parameters for the next 3 trials:

1. **Trial 1**:
   - `n_estimators`: 300
   - `max_depth`: None
   - `min_samples_split`: 2
   - `min_samples_leaf`: 2
   - `max_features`: 'log2'
   - Reason: This combination has not been tested yet and follows the trend of high `n_estimators`, no depth limit, low `min_samples_split` and `min_samples_leaf`, and using 'log2' for `max_features`.

2. **Trial 2**:
   - `n_estimators`: 200
   - `max_depth`: 20
   - `min_samples_split`: 2
   - `min_samples_leaf`: 1
   - `max_features`: 'sqrt'
   - Reason: This combination has not been tested yet and follows the trend of high `n_estimators`, higher `max_depth`, low `min_samples_split` and `min_samples_leaf`, and using 'sqrt' for `max_features`.

3. **Trial 3**:
   - `n_estimators`: 100
   - `max_depth`: None
   - `min_samples_split`: 2
   - `min_samples_leaf`: 2
   - `max_features`: 'sqrt'
   - Reason: This combination has not been tested yet and follows the trend of moderate `n_estimators`, no depth limit, low `min_samples_split` and `min_samples_leaf`, and using 'sqrt' for `max_features`.

### Experiment Planning

```yaml
trials:
- params:
    max_depth: None
    max_features: log2
    min_samples_leaf: 2
    min_samples_split: 2
    n_estimators: 300
  mean_score: null
- params:
    max_depth: 20
    max_features: sqrt
    min_samples_leaf: 1
    min_samples_split: 2
    n_estimators: 200
  mean_score: null
- params:
    max_depth: None
    max_features: sqrt
    min_samples_leaf: 2
    min_samples_split: 2
    n_estimators: 100
  mean_score: null
```

### Stop Optimization

Answer: No with confidence score: 0.85

The current best score is 0.841, which is quite high but not necessarily the maximum possible. Given that there are still untested combinations that could potentially yield better results, it's advisable to continue optimization.


boston_train_qwen2.5:72b2 - 2025-02-25 14:04:24, 0:0:05:43.254221 - ## Round 4
boston_train_qwen2.5:72b2 - 2025-02-25 14:04:24, 0:0:05:43.255117 - ## Failed 4
boston_train_qwen2.5:72b2 - 2025-02-25 14:04:24, 0:0:07:24.313452 - ### Analysis of Current Trials

1. **Summarize Performance Metrics**:
   - The mean scores range from 0.802 to 0.841.
   - The highest mean score achieved is 0.841, which occurred in multiple trials with different hyper-parameters.

2. **Evaluate Performance Trends for Hyper-Parameters**:
   - **n_estimators**: Higher values (300 and 200) tend to perform better than 100, especially when combined with other favorable parameters.
   - **max_depth**: `None` generally performs well, but `10` also shows good results. `20` is less consistent.
   - **min_samples_split**: Lower values (2 and 5) are more effective, with a slight preference for 2.
   - **min_samples_leaf**: Smaller values (1 and 2) perform better than larger ones.
   - **max_features**: Both `sqrt` and `log2` have their strengths, but `sqrt` slightly edges out in some of the top-performing trials.

3. **Highlight Promising Hyper-Parameter Combinations**:
   - `n_estimators=200`, `max_depth=None`, `min_samples_split=2`, `min_samples_leaf=1`, `max_features=sqrt` (mean score: 0.841)
   - `n_estimators=300`, `max_depth=None`, `min_samples_split=2`, `min_samples_leaf=1`, `max_features=log2` (mean score: 0.84)

### Optimization Recommendation

Based on the analysis, here are the recommended hyper-parameters for the next 3 trials:

1. **Trial 1**:
   - `n_estimators=300`
   - `max_depth=None`
   - `min_samples_split=2`
   - `min_samples_leaf=2`
   - `max_features=sqrt`

   Reason: This combination has not been tested yet and aligns with the trend of high performance for higher `n_estimators` and `None` for `max_depth`.

2. **Trial 2**:
   - `n_estimators=200`
   - `max_depth=10`
   - `min_samples_split=2`
   - `min_samples_leaf=2`
   - `max_features=log2`

   Reason: This combination has not been tested yet and leverages the high performance observed with `None` for `max_depth`, but tests a different depth value.

3. **Trial 3**:
   - `n_estimators=100`
   - `max_depth=None`
   - `min_samples_split=2`
   - `min_samples_leaf=5`
   - `max_features=sqrt`

   Reason: This combination has not been tested yet and explores the impact of a higher `min_samples_leaf` value while maintaining other high-performing parameters.

### Experiment Planning

```yaml
trials:
- params:
    max_depth: None
    max_features: sqrt
    min_samples_leaf: '2'
    min_samples_split: '2'
    n_estimators: '300'
  mean_score: 
- params:
    max_depth: '10'
    max_features: log2
    min_samples_leaf: '2'
    min_samples_split: '2'
    n_estimators: '200'
  mean_score: 
- params:
    max_depth: None
    max_features: sqrt
    min_samples_leaf: '5'
    min_samples_split: '2'
    n_estimators: '100'
  mean_score: 
```

### Stop Optimization

Answer: No with confidence score: 0.841

The current highest mean score is 0.841, which is high but not necessarily the best possible. There is still room for improvement, and the suggested trials aim to explore potentially better combinations.


boston_train_qwen2.5:72b2 - 2025-02-25 14:04:24, 0:0:07:24.326764 - ## Round 5
boston_train_qwen2.5:72b2 - 2025-02-25 14:04:24, 0:0:07:24.327958 - ## Failed 5
boston_train_qwen2.5:72b2 - 2025-02-25 14:04:24, 0:0:08:54.461993 - ### Analysis of Current Trials

1. **Summarize Performance Metrics**:
   - The highest mean score achieved so far is 0.841.
   - The lowest mean score is 0.802.

2. **Evaluate Performance Trends for Hyper-parameters**:
   - `n_estimators`: Higher values (300 and 200) tend to perform better than 100, with the best scores at 300 and 200.
   - `max_depth`: The performance is mixed with `None` performing well in many cases. However, specific depths like 10 and 20 also show good results.
   - `min_samples_split`: Lower values (2) generally perform better than higher values (5 and 10).
   - `min_samples_leaf`: Smaller values (1 and 2) tend to perform better than larger values (5).
   - `max_features`: Both `sqrt` and `log2` show good performance, with a slight edge for `sqrt`.

3. **Highlight Promising Hyper-parameter Combinations**:
   - `n_estimators=200`, `max_depth=None`, `min_samples_split=2`, `min_samples_leaf=1`, `max_features=sqrt` (mean score: 0.841)
   - `n_estimators=300`, `max_depth=None`, `min_samples_split=2`, `min_samples_leaf=1`, `max_features=log2` (mean score: 0.84)

### Optimization Recommendation

Based on the analysis, here are the recommended hyper-parameters for the next 3 trials:

1. **Trial 1**:
   - `n_estimators`: 200
   - `max_depth`: 20
   - `min_samples_split`: 2
   - `min_samples_leaf`: 2
   - `max_features`: sqrt

2. **Trial 2**:
   - `n_estimators`: 300
   - `max_depth`: 10
   - `min_samples_split`: 2
   - `min_samples_leaf`: 1
   - `max_features`: log2

3. **Trial 3**:
   - `n_estimators`: 200
   - `max_depth`: None
   - `min_samples_split`: 5
   - `min_samples_leaf`: 2
   - `max_features`: sqrt

### Experiment Planning

```yaml
trials:
- params:
    max_depth: '20'
    max_features: sqrt
    min_samples_leaf: '2'
    min_samples_split: '2'
    n_estimators: '200'
  mean_score: null
- params:
    max_depth: '10'
    max_features: log2
    min_samples_leaf: '1'
    min_samples_split: '2'
    n_estimators: '300'
  mean_score: null
- params:
    max_depth: None
    max_features: sqrt
    min_samples_leaf: '2'
    min_samples_split: '5'
    n_estimators: '200'
  mean_score: null
```

### Stop Optimization

Answer: No with confidence score: 0.85

The current highest mean score is 0.841, which is good but not necessarily the best possible performance. Further optimization could potentially yield better results.


boston_train_qwen2.5:72b2 - 2025-02-25 14:04:24, 0:0:08:54.473682 - ## Round 6
boston_train_qwen2.5:72b2 - 2025-02-25 14:04:24, 0:0:08:54.474589 - ## Failed 6
boston_train_qwen2.5:72b2 - 2025-02-25 14:04:24, 0:0:10:26.090372 - ### Analysis of Current Trials

1. **Summarize Performance Metrics**:
   - The highest mean score achieved so far is 0.841, which has been observed in multiple configurations.
   - The lowest mean score achieved is 0.802, also observed in multiple configurations.

2. **Evaluate Performance Trends for Hyper-parameters**:
   - **n_estimators**: Higher values (300) tend to perform slightly better than lower values (100 and 200), but the difference is not substantial.
   - **max_depth**: `None` often performs better than fixed depths like 10 or 20. However, there are exceptions where fixed depths have performed well, especially when combined with other hyper-parameters.
   - **min_samples_split** and **min_samples_leaf**: Smaller values (2) generally perform better, but there are cases where higher values (5 and 10) have also yielded good results.
   - **max_features**: `sqrt` often performs better than `log2`, but the difference is not significant.

3. **Highlight Promising Hyper-parameter Combinations**:
   - The combination of `n_estimators=200`, `max_depth=None`, `min_samples_split=2`, `min_samples_leaf=1`, and `max_features=sqrt` has consistently achieved high scores (0.841).
   - Another promising combination is `n_estimators=300`, `max_depth=None`, `min_samples_split=2`, `min_samples_leaf=1`, and `max_features=log2` (mean score of 0.837).

### Optimization Recommendation

Based on the analysis, here are three new hyper-parameter combinations to test:

1. **Combination 1**:
   - **n_estimators**: 200
   - **max_depth**: 10
   - **min_samples_split**: 5
   - **min_samples_leaf**: 2
   - **max_features**: sqrt

2. **Combination 2**:
   - **n_estimators**: 300
   - **max_depth**: None
   - **min_samples_split**: 10
   - **min_samples_leaf**: 5
   - **max_features**: log2

3. **Combination 3**:
   - **n_estimators**: 100
   - **max_depth**: 20
   - **min_samples_split**: 2
   - **min_samples_leaf**: 5
   - **max_features**: sqrt

### Experiment Planning

```yaml
trials:
- params:
    max_depth: '10'
    max_features: sqrt
    min_samples_leaf: '2'
    min_samples_split: '5'
    n_estimators: '200'
  mean_score: null
- params:
    max_depth: None
    max_features: log2
    min_samples_leaf: '5'
    min_samples_split: '10'
    n_estimators: '300'
  mean_score: null
- params:
    max_depth: '20'
    max_features: sqrt
    min_samples_leaf: '5'
    min_samples_split: '2'
    n_estimators: '100'
  mean_score: null
```

### Stop Optimization

Answer: No with confidence score: 0.85

The current highest mean score is 0.841, which is good but not necessarily the best possible performance. Further optimization could potentially yield better results.


boston_train_qwen2.5:72b2 - 2025-02-25 14:04:24, 0:0:10:26.104183 - ## Round 7
boston_train_qwen2.5:72b2 - 2025-02-25 14:04:24, 0:0:10:26.105107 - ## Failed 7
boston_train_qwen2.5:72b2 - 2025-02-25 14:04:24, 0:0:11:58.696133 - ### Analysis of Current Trials

1. **Summarize Performance Metrics:**
   - The highest mean score observed is 0.841, achieved by multiple configurations.
   - The lowest mean score observed is 0.802.

2. **Evaluate Performance Trends for Hyper-Parameters:**
   - **n_estimators**: Higher values (300) tend to perform better, but not consistently.
   - **max_depth**: `None` and 10 seem to perform well, while 20 generally results in lower scores.
   - **min_samples_split**: Lower values (2) tend to perform better.
   - **min_samples_leaf**: Lower values (1 and 2) tend to perform better.
   - **max_features**: Both `sqrt` and `log2` have performed well, but `log2` slightly outperforms in some cases.

3. **Highlight Promising Hyper-Parameter Combinations:**
   - `(n_estimators=200, max_depth=None, min_samples_split=2, min_samples_leaf=1, max_features=log2)` with a mean score of 0.841.
   - `(n_estimators=300, max_depth=None, min_samples_split=2, min_samples_leaf=1, max_features=log2)` with a mean score of 0.841.
   - `(n_estimators=300, max_depth=10, min_samples_split=2, min_samples_leaf=1, max_features=log2)` with a mean score of 0.837.

### Optimization Recommendation

Based on the analysis, here are the recommended hyper-parameters for the next 3 trials:

1. **Trial 1:**
   - `n_estimators`: 300
   - `max_depth`: None
   - `min_samples_split`: 5
   - `min_samples_leaf`: 2
   - `max_features`: log2

2. **Trial 2:**
   - `n_estimators`: 200
   - `max_depth`: 10
   - `min_samples_split`: 5
   - `min_samples_leaf`: 1
   - `max_features`: sqrt

3. **Trial 3:**
   - `n_estimators`: 100
   - `max_depth`: None
   - `min_samples_split`: 10
   - `min_samples_leaf`: 2
   - `max_features`: log2

### Experiment Planning

```yaml
trials:
- params:
    max_depth: 'None'
    max_features: log2
    min_samples_leaf: '2'
    min_samples_split: '5'
    n_estimators: '300'
  mean_score: null
- params:
    max_depth: '10'
    max_features: sqrt
    min_samples_leaf: '1'
    min_samples_split: '5'
    n_estimators: '200'
  mean_score: null
- params:
    max_depth: 'None'
    max_features: log2
    min_samples_leaf: '2'
    min_samples_split: '10'
    n_estimators: '100'
  mean_score: null
```

### Stop Optimization

Answer: No with confidence score: 0.85

The current highest mean score is 0.841, which is high but not necessarily the best possible performance. Further exploration of the search space may yield better results.


boston_train_qwen2.5:72b2 - 2025-02-25 14:04:24, 0:0:11:58.707599 - ## Round 8
boston_train_qwen2.5:72b2 - 2025-02-25 14:04:24, 0:0:11:58.708489 - ## Failed 8
boston_train_qwen2.5:72b2 - 2025-02-25 14:04:24, 0:0:13:38.180686 - ### Analysis of Current Trials

1. **Summarize Performance Metrics**
   - The highest mean score achieved is 0.837.
   - The lowest mean score achieved is 0.802.
   - Most trials have a mean score between 0.82 and 0.84.

2. **Evaluate Performance Trends for Hyper-parameters**
   - `n_estimators`: Higher values (300) generally perform better, but not always.
   - `max_depth`: None and higher values (20) tend to perform well, while lower values (10) have mixed results.
   - `max_features`: 'sqrt' tends to perform better than 'log2'.
   - `min_samples_leaf` and `min_samples_split`: Values of 1 and 2 generally perform better than higher values.

3. **Highlight Promising Hyper-parameter Combinations**
   - `n_estimators = 300`, `max_depth = None`, `max_features = sqrt`, `min_samples_leaf = 1`, `min_samples_split = 2`
   - `n_estimators = 200`, `max_depth = 20`, `max_features = sqrt`, `min_samples_leaf = 1`, `min_samples_split = 2`
   - `n_estimators = 300`, `max_depth = 20`, `max_features = log2`, `min_samples_leaf = 1`, `min_samples_split = 5`

### Optimization Recommendation

Based on the hyper-parameter analysis and observed performance trends, here are the recommended hyper-parameters for the next 3 trials:

1. **Trial 1**
   - Reason: High `n_estimators` and `max_depth` with `sqrt` for `max_features` to explore further.
   ```yaml
   - params:
       max_depth: '20'
       max_features: sqrt
       min_samples_leaf: '1'
       min_samples_split: '5'
       n_estimators: '300'
   ```

2. **Trial 2**
   - Reason: High `n_estimators` and `max_depth` with `log2` for `max_features` to explore further.
   ```yaml
   - params:
       max_depth: '20'
       max_features: log2
       min_samples_leaf: '1'
       min_samples_split: '5'
       n_estimators: '300'
   ```

3. **Trial 3**
   - Reason: High `n_estimators` with `None` for `max_depth` and `sqrt` for `max_features` to explore further.
   ```yaml
   - params:
       max_depth: None
       max_features: sqrt
       min_samples_leaf: '1'
       min_samples_split: '5'
       n_estimators: '300'
   ```

### Experiment Planning

```yaml
trials:
- params:
    max_depth: '20'
    max_features: sqrt
    min_samples_leaf: '1'
    min_samples_split: '5'
    n_estimators: '300'
  mean_score: 
- params:
    max_depth: '20'
    max_features: log2
    min_samples_leaf: '1'
    min_samples_split: '5'
    n_estimators: '300'
  mean_score: 
- params:
    max_depth: None
    max_features: sqrt
    min_samples_leaf: '1'
    min_samples_split: '5'
    n_estimators: '300'
  mean_score: 
```

### Stop Optimization

Answer: No with confidence score: 0.75

The current highest mean score is 0.837, which is good but not necessarily the best possible performance. Further exploration of hyper-parameters could potentially yield better results.


boston_train_qwen2.5:72b2 - 2025-02-25 14:04:24, 0:0:13:38.192464 - ## Round 9
boston_train_qwen2.5:72b2 - 2025-02-25 14:04:24, 0:0:13:38.193363 - ## Failed 9
boston_train_qwen2.5:72b2 - 2025-02-25 14:04:24, 0:0:15:24.244632 - ### Analysis of Current Trials

1. **Summarize Performance Metrics**:
   - The highest mean score achieved is 0.837.
   - The lowest mean score achieved is 0.802.
   - Most trials have a mean score between 0.82 and 0.84.

2. **Evaluate Performance Trends for Hyper-Parameters**:
   - **`max_depth`**: Models with `None` as the maximum depth generally perform better, with several scores above 0.83. Fixed depths (e.g., 10, 20) tend to perform slightly worse.
   - **`max_features`**: Using `log2` for `max_features` often results in higher performance compared to `sqrt`.
   - **`min_samples_leaf`**: Smaller values (1 or 2) generally yield better scores than larger values (5).
   - **`min_samples_split`**: Values of 2 and 5 are common, with 2 performing slightly better.
   - **`n_estimators`**: 300 estimators tend to perform better than 200 and 100.

3. **Highlight Promising Hyper-Parameter Combinations**:
   - `max_depth: None`, `max_features: log2`, `min_samples_leaf: 1`, `min_samples_split: 2`, `n_estimators: 300` (mean score: 0.837)
   - `max_depth: None`, `max_features: sqrt`, `min_samples_leaf: 1`, `min_samples_split: 2`, `n_estimators: 300` (mean score: 0.834)

### Optimization Recommendation

Based on the hyper-parameter analysis, observed performance trends, and the given search space, the best hyper-parameters for the next 3 trials to improve model performance are:

1. **Trial 1**:
   - `max_depth: None`
   - `max_features: log2`
   - `min_samples_leaf: 1`
   - `min_samples_split: 3`
   - `n_estimators: 300`
   - Reason: Increasing `min_samples_split` to 3 might help reduce overfitting while maintaining high performance.

2. **Trial 2**:
   - `max_depth: 15`
   - `max_features: sqrt`
   - `min_samples_leaf: 1`
   - `min_samples_split: 2`
   - `n_estimators: 300`
   - Reason: Testing a moderate `max_depth` value to see if it can improve performance without the complexity of unlimited depth.

3. **Trial 3**:
   - `max_depth: None`
   - `max_features: sqrt`
   - `min_samples_leaf: 2`
   - `min_samples_split: 2`
   - `n_estimators: 200`
   - Reason: Reducing the number of estimators to 200 and increasing `min_samples_leaf` to 2 might help balance performance and computational efficiency.

### Experiment Planning

```yaml
trials:
- params:
    max_depth: None
    max_features: log2
    min_samples_leaf: 1
    min_samples_split: 3
    n_estimators: 300
  mean_score: null
- params:
    max_depth: 15
    max_features: sqrt
    min_samples_leaf: 1
    min_samples_split: 2
    n_estimators: 300
  mean_score: null
- params:
    max_depth: None
    max_features: sqrt
    min_samples_leaf: 2
    min_samples_split: 2
    n_estimators: 200
  mean_score: null
```

### Stop Optimization

Answer: No with confidence score: 0.85

The current best performance is 0.837, which is good but not necessarily the highest possible. Further optimization could potentially yield better results.


boston_train_qwen2.5:72b2 - 2025-02-25 14:04:24, 0:0:15:24.257123 - ## Round 10
boston_train_qwen2.5:72b2 - 2025-02-25 14:04:24, 0:0:15:24.258014 - ## Failed 10
boston_train_qwen2.5:72b2 - 2025-02-25 14:04:24, 0:0:17:07.722525 - ### Analysis of Current Trials

1. **Summarize Performance Metrics**:
   - The highest mean score achieved is 0.837.
   - The lowest mean score achieved is 0.802.
   - Most trials have a mean score between 0.82 and 0.84.

2. **Evaluate Performance Trends for Hyper-Parameters**:
   - `n_estimators`: Higher values (200, 300) tend to perform better than lower values (100).
   - `max_depth`: Both None and higher values (20) perform well, but very high values (None) are slightly more consistent.
   - `max_features`: `log2` generally performs better than `sqrt`.
   - `min_samples_leaf` and `min_samples_split`: Smaller values (1, 2) tend to perform better than larger values (5, 10).

3. **Highlight Promising Hyper-Parameter Combinations**:
   - `n_estimators: 200`, `max_depth: None`, `max_features: log2`, `min_samples_leaf: 1`, `min_samples_split: 2` (mean score: 0.837)
   - `n_estimators: 300`, `max_depth: None`, `max_features: log2`, `min_samples_leaf: 1`, `min_samples_split: 2` (mean score: 0.829)
   - `n_estimators: 200`, `max_depth: 20`, `max_features: sqrt`, `min_samples_leaf: 2`, `min_samples_split: 2` (mean score: 0.829)

### Optimization Recommendation

Based on the hyper-parameter analysis and observed performance trends, here are the recommended hyper-parameters for the next 3 trials:

1. **Trial 1**:
   - `n_estimators: 300`
   - `max_depth: 20`
   - `max_features: log2`
   - `min_samples_leaf: 1`
   - `min_samples_split: 2`
   - **Reason**: This combination has not been tested yet and aligns with the trend of higher performance for these hyper-parameters.

2. **Trial 2**:
   - `n_estimators: 300`
   - `max_depth: None`
   - `max_features: sqrt`
   - `min_samples_leaf: 1`
   - `min_samples_split: 2`
   - **Reason**: This combination has not been tested yet and could potentially improve performance by exploring the `sqrt` feature selection with higher estimators and no depth limit.

3. **Trial 3**:
   - `n_estimators: 200`
   - `max_depth: 10`
   - `max_features: log2`
   - `min_samples_leaf: 1`
   - `min_samples_split: 2`
   - **Reason**: This combination has not been tested yet and could provide insights into the performance of a moderate depth with high feature selection efficiency.

### Experiment Planning

```yaml
trials:
- params:
    max_depth: '20'
    max_features: log2
    min_samples_leaf: '1'
    min_samples_split: '2'
    n_estimators: '300'
  mean_score: null
- params:
    max_depth: None
    max_features: sqrt
    min_samples_leaf: '1'
    min_samples_split: '2'
    n_estimators: '300'
  mean_score: null
- params:
    max_depth: '10'
    max_features: log2
    min_samples_leaf: '1'
    min_samples_split: '2'
    n_estimators: '200'
  mean_score: null
```

### Stop Optimization

Answer: No with confidence score: 0.85


boston_train_qwen2.5:72b2 - 2025-02-25 14:04:24, 0:0:17:07.739553 - ## Round 11
boston_train_qwen2.5:72b2 - 2025-02-25 14:04:24, 0:0:17:07.740432 - ## Failed 11
boston_train_qwen2.5:72b2 - 2025-02-25 14:04:24, 0:0:18:37.657843 - ### Analysis of Current Trials

1. **Summarize Performance Metrics**:
   - The best mean score achieved is 0.84, which occurs for multiple hyper-parameter combinations.
   - The worst mean score achieved is 0.802.

2. **Evaluate Performance Trends for Hyper-Parameters**:
   - `max_depth`: None and 20 tend to perform better than other values.
   - `max_features`: 'sqrt' generally performs slightly better than 'log2'.
   - `min_samples_leaf`: A value of 1 or 2 tends to perform better than higher values.
   - `min_samples_split`: Lower values (e.g., 2, 5) tend to perform better than higher values (e.g., 10).
   - `n_estimators`: 200 and 300 generally perform better than 100.

3. **Highlight Promising Hyper-Parameter Combinations**:
   - `max_depth: None`, `max_features: sqrt`, `min_samples_leaf: 1`, `min_samples_split: 2`, `n_estimators: 200` (mean score: 0.84)
   - `max_depth: None`, `max_features: log2`, `min_samples_leaf: 1`, `min_samples_split: 5`, `n_estimators: 100` (mean score: 0.834)

### Optimization Recommendation

Based on the hyper-parameter analysis, observed performance trends, and the given search space, here are the recommended hyper-parameters for the next 3 trials to improve model performance:

1. **Trial 1**:
   - `max_depth`: 20
   - `max_features`: sqrt
   - `min_samples_leaf`: 2
   - `min_samples_split`: 5
   - `n_estimators`: 200

2. **Trial 2**:
   - `max_depth`: None
   - `max_features`: log2
   - `min_samples_leaf`: 2
   - `min_samples_split`: 2
   - `n_estimators`: 300

3. **Trial 3**:
   - `max_depth`: 20
   - `max_features`: log2
   - `min_samples_leaf`: 1
   - `min_samples_split`: 5
   - `n_estimators`: 300

### Experiment Planning

```yaml
trials:
- params:
    max_depth: '20'
    max_features: sqrt
    min_samples_leaf: '2'
    min_samples_split: '5'
    n_estimators: '200'
  mean_score: null
- params:
    max_depth: None
    max_features: log2
    min_samples_leaf: '2'
    min_samples_split: '2'
    n_estimators: '300'
  mean_score: null
- params:
    max_depth: '20'
    max_features: log2
    min_samples_leaf: '1'
    min_samples_split: '5'
    n_estimators: '300'
  mean_score: null
```

### Stop Optimization

Answer: No with confidence score: 0.84

The current best performance is already quite high (0.84), but there is still room for improvement based on the recommended trials. Therefore, it is advisable to continue optimization.


boston_train_qwen2.5:72b2 - 2025-02-25 14:04:24, 0:0:18:37.682231 - ## Round 12
boston_train_qwen2.5:72b2 - 2025-02-25 14:04:24, 0:0:18:37.683120 - ## Failed 12
boston_train_qwen2.5:72b2 - 2025-02-25 14:04:24, 0:0:20:14.258879 - ### Analysis of Current Trials

1. **Summarize Performance Metrics**:
   - The highest mean score observed is 0.84, achieved by several combinations of hyper-parameters.
   - The lowest mean score observed is 0.802.

2. **Evaluate Performance Trends for Hyper-Parameters**:
   - **n_estimators**: Higher values (300) generally perform better than lower values (100).
   - **max_depth**: `None` often performs better than specific depths like 20.
   - **max_features**: Both `sqrt` and `log2` have performed well, but `log2` has a slight edge in the top-performing trials.
   - **min_samples_leaf**: Lower values (1) tend to perform better.
   - **min_samples_split**: Lower values (2) generally perform better.

3. **Highlight Promising Hyper-Parameter Combinations**:
   - `n_estimators: 300`, `max_depth: None`, `max_features: log2`, `min_samples_leaf: 1`, `min_samples_split: 2` (mean score: 0.84)
   - `n_estimators: 200`, `max_depth: None`, `max_features: sqrt`, `min_samples_leaf: 2`, `min_samples_split: 2` (mean score: 0.836)

### Optimization Recommendation

Based on the analysis, here are the recommended hyper-parameters for the next 3 trials:

1. **Trial 1**:
   - **n_estimators**: 250
   - **max_depth**: None
   - **max_features**: log2
   - **min_samples_leaf**: 1
   - **min_samples_split**: 2

   Reason: This combination is a middle ground between the highest-performing `n_estimators` values and maintains the best-performing hyper-parameters.

2. **Trial 2**:
   - **n_estimators**: 300
   - **max_depth**: 15
   - **max_features**: sqrt
   - **min_samples_leaf**: 1
   - **min_samples_split**: 2

   Reason: This combination explores a different `max_depth` value while maintaining other high-performing hyper-parameters.

3. **Trial 3**:
   - **n_estimators**: 200
   - **max_depth**: None
   - **max_features**: log2
   - **min_samples_leaf**: 2
   - **min_samples_split**: 5

   Reason: This combination explores a different `min_samples_leaf` and `min_samples_split` while maintaining other high-performing hyper-parameters.

### Experiment Planning

```yaml
trials:
- params:
    max_depth: None
    max_features: log2
    min_samples_leaf: '1'
    min_samples_split: '2'
    n_estimators: '250'
  mean_score: null
- params:
    max_depth: '15'
    max_features: sqrt
    min_samples_leaf: '1'
    min_samples_split: '2'
    n_estimators: '300'
  mean_score: null
- params:
    max_depth: None
    max_features: log2
    min_samples_leaf: '2'
    min_samples_split: '5'
    n_estimators: '200'
  mean_score: null
```

### Stop Optimization

Answer: No with confidence score: 0.85

The highest mean score of 0.84 is good, but there is still room for improvement. The recommended trials aim to explore different combinations within the search space to potentially achieve higher performance.


boston_train_qwen2.5:72b2 - 2025-02-25 14:04:24, 0:0:20:14.270779 - ## Round 13
boston_train_qwen2.5:72b2 - 2025-02-25 14:04:24, 0:0:20:14.271677 - ## Failed 13
boston_train_qwen2.5:72b2 - 2025-02-25 14:04:24, 0:0:21:52.645995 - ### Analysis of Current Trials

1. **Summarize Performance Metrics**:
   - The mean scores for the trials range from 0.802 to 0.84.
   - The highest mean score achieved is 0.84, which occurs multiple times with different hyper-parameter combinations.

2. **Evaluate Performance Trends for Hyper-Parameters**:
   - **n_estimators**: Higher values (300) tend to perform better, but there are exceptions where lower values (100 and 200) also achieve high scores.
   - **max_depth**: `None` generally performs well, with several trials achieving mean scores of 0.84.
   - **max_features**: Both `sqrt` and `log2` have shown good performance, but `log2` slightly outperforms in some cases.
   - **min_samples_leaf**: Smaller values (1) tend to perform better, especially when combined with higher n_estimators and max_depth=None.
   - **min_samples_split**: Values of 5 are more common in high-performing trials, but there are exceptions where lower values (2) also achieve high scores.

3. **Highlight Promising Hyper-Parameter Combinations**:
   - `n_estimators: 300`, `max_depth: None`, `max_features: log2`, `min_samples_leaf: 1`, `min_samples_split: 5` with a mean score of 0.84.
   - `n_estimators: 200`, `max_depth: None`, `max_features: sqrt`, `min_samples_leaf: 2`, `min_samples_split: 2` with a mean score of 0.829.

### Optimization Recommendation

Based on the hyper-parameter analysis and observed performance trends, here are the recommended hyper-parameters for the next 3 trials to improve model performance:

1. **Trial 1**:
   - **n_estimators**: 300
   - **max_depth**: 20
   - **max_features**: log2
   - **min_samples_leaf**: 1
   - **min_samples_split**: 5

2. **Trial 2**:
   - **n_estimators**: 200
   - **max_depth**: None
   - **max_features**: sqrt
   - **min_samples_leaf**: 1
   - **min_samples_split**: 3

3. **Trial 3**:
   - **n_estimators**: 150 (not in the search space, but we can use 200 as a close alternative)
   - **max_depth**: 20
   - **max_features**: sqrt
   - **min_samples_leaf**: 1
   - **min_samples_split**: 3

### Experiment Planning

```yaml
trials:
- params:
    max_depth: '20'
    max_features: log2
    min_samples_leaf: '1'
    min_samples_split: '5'
    n_estimators: '300'
  mean_score: null
- params:
    max_depth: None
    max_features: sqrt
    min_samples_leaf: '1'
    min_samples_split: '3'
    n_estimators: '200'
  mean_score: null
- params:
    max_depth: '20'
    max_features: sqrt
    min_samples_leaf: '1'
    min_samples_split: '3'
    n_estimators: '200'
  mean_score: null
```

### Stop Optimization

Answer: No with confidence score: 0.84

The current highest mean score is 0.84, which is already high but not necessarily the maximum possible. Further optimization could potentially yield better results, so it's recommended to continue.


boston_train_qwen2.5:72b2 - 2025-02-25 14:04:24, 0:0:21:52.657611 - ## Round 14
boston_train_qwen2.5:72b2 - 2025-02-25 14:04:24, 0:0:21:52.658532 - ## Failed 14
boston_train_qwen2.5:72b2 - 2025-02-25 14:04:24, 0:0:23:36.036341 - ### Analysis of Current Trials

1. **Summarize Performance Metrics**
   - The highest `mean_score` observed is 0.84, which occurs for multiple hyper-parameter combinations.
   - The lowest `mean_score` observed is 0.802.

2. **Evaluate Performance Trends for Hyper-parameters**
   - **n_estimators**: Higher values (300) tend to perform better than lower values (100).
   - **max_depth**: Both `None` and a fixed value of 20 are performing well.
   - **max_features**: `sqrt` and `log2` both have strong performances, but `log2` seems slightly more consistent.
   - **min_samples_split** and **min_samples_leaf**: Lower values (1 and 2) generally perform better than higher values (5).

3. **Highlight Promising Hyper-parameter Combinations**
   - `n_estimators: 300`, `max_depth: None`, `max_features: log2`, `min_samples_leaf: 1`, `min_samples_split: 2` with a mean score of 0.84.
   - `n_estimators: 300`, `max_depth: 20`, `max_features: log2`, `min_samples_leaf: 1`, `min_samples_split: 5` with a mean score of 0.833.

### Optimization Recommendation

Based on the analysis, the following hyper-parameters are recommended for the next 3 trials to improve model performance:

1. **Trial 1**
   - **n_estimators**: 200 (to explore a middle ground between 100 and 300)
   - **max_depth**: 15 (to test a value between 10 and 20)
   - **max_features**: log2 (consistent performer)
   - **min_samples_split**: 3 (to test a value between 2 and 5)
   - **min_samples_leaf**: 2 (consistent performer)

2. **Trial 2**
   - **n_estimators**: 150 (to explore a lower value than 200)
   - **max_depth**: None (already performing well)
   - **max_features**: sqrt (to test the other consistent performer)
   - **min_samples_split**: 4 (to test a value between 3 and 5)
   - **min_samples_leaf**: 1 (consistent performer)

3. **Trial 3**
   - **n_estimators**: 250 (to explore a higher value than 200 but lower than 300)
   - **max_depth**: 10 (already performing well)
   - **max_features**: log2 (consistent performer)
   - **min_samples_split**: 4 (to test the same value as in Trial 2)
   - **min_samples_leaf**: 3 (to explore a higher value than 2)

### Experiment Planning

```yaml
trials:
- params:
    max_depth: '15'
    max_features: log2
    min_samples_leaf: '2'
    min_samples_split: '3'
    n_estimators: '200'
  mean_score: null
- params:
    max_depth: None
    max_features: sqrt
    min_samples_leaf: '1'
    min_samples_split: '4'
    n_estimators: '150'
  mean_score: null
- params:
    max_depth: '10'
    max_features: log2
    min_samples_leaf: '3'
    min_samples_split: '4'
    n_estimators: '250'
  mean_score: null
```

### Stop Optimization

Answer: No with confidence score: 0.95

The current highest `mean_score` of 0.84 is high but not at a level where further optimization is unnecessary. Exploring the suggested hyper-parameters could potentially lead to even better performance.


boston_train_qwen2.5:72b2 - 2025-02-25 14:04:24, 0:0:23:36.048756 - ## Round 15
boston_train_qwen2.5:72b2 - 2025-02-25 14:04:24, 0:0:23:36.049644 - ## Failed 15
boston_train_qwen2.5:72b2 - 2025-02-25 14:04:24, 0:0:25:24.742748 - ### Analysis of Current Trials

1. **Summarize Performance Metrics**
   - The highest `mean_score` achieved is 0.84.
   - The lowest `mean_score` achieved is 0.802.

2. **Evaluate Performance Trends for Hyper-parameters**
   - **n_estimators**: Higher values (300) tend to perform better, with multiple instances achieving a mean score of 0.84.
   - **max_depth**: Both `None` and specific depths (e.g., 10, 20) have been tested. `None` generally performs well, but specific depths can also achieve high scores.
   - **max_features**: Both `sqrt` and `log2` have been used. `log2` often yields slightly better results, especially when combined with higher `n_estimators`.
   - **min_samples_leaf**: Lower values (1) tend to perform better, with multiple instances achieving a mean score of 0.84.
   - **min_samples_split**: Values of 5 and 2 tend to be equally effective, but lower values (2) are more common in high-performing trials.

3. **Highlight Promising Hyper-parameter Combinations**
   - `n_estimators: 300`, `max_depth: None`, `max_features: log2`, `min_samples_leaf: 1`, `min_samples_split: 2` (mean score: 0.84)
   - `n_estimators: 200`, `max_depth: None`, `max_features: sqrt`, `min_samples_leaf: 2`, `min_samples_split: 2` (mean score: 0.829)

### Optimization Recommendation

Based on the hyper-parameter analysis, observed performance trends, and the given search space, here are the recommended hyper-parameters for the next 3 trials:

1. **Trial 1**
   - **Reason**: Explore a higher `min_samples_split` value with a high `n_estimators` to see if it can further improve performance.
   ```yaml
   params:
     max_depth: None
     max_features: log2
     min_samples_leaf: '1'
     min_samples_split: '10'
     n_estimators: '300'
   ```

2. **Trial 2**
   - **Reason**: Test a specific `max_depth` value with a high `n_estimators` and `sqrt` for `max_features` to see if it can outperform the current best.
   ```yaml
   params:
     max_depth: '30'
     max_features: sqrt
     min_samples_leaf: '1'
     min_samples_split: '2'
     n_estimators: '300'
   ```

3. **Trial 3**
   - **Reason**: Explore a lower `n_estimators` value with a specific `max_depth` and `log2` for `max_features` to see if it can maintain high performance.
   ```yaml
   params:
     max_depth: '15'
     max_features: log2
     min_samples_leaf: '1'
     min_samples_split: '2'
     n_estimators: '200'
   ```

### Experiment Planning

```yaml
trials:
- params:
    max_depth: None
    max_features: log2
    min_samples_leaf: '1'
    min_samples_split: '10'
    n_estimators: '300'
  mean_score: null
- params:
    max_depth: '30'
    max_features: sqrt
    min_samples_leaf: '1'
    min_samples_split: '2'
    n_estimators: '300'
  mean_score: null
- params:
    max_depth: '15'
    max_features: log2
    min_samples_leaf: '1'
    min_samples_split: '2'
    n_estimators: '200'
  mean_score: null
```

### Stop Optimization

Answer: No with confidence score: 0.84

The current best performance is already quite high (mean score of 0.84), but there is still room for improvement. Therefore, it is recommended to continue the optimization process.


boston_train_qwen2.5:72b2 - 2025-02-25 14:04:24, 0:0:25:24.752015 - ## Round 15
boston_train_qwen2.5:72b2 - 2025-02-25 14:04:24, 0:0:25:24.752867 - ## Failed 16
boston_train_qwen2.5:72b2 - 2025-02-25 14:04:24, 0:0:26:52.878293 - ### Analysis of Current Trials

1. **Summarize Performance Metrics**:
   - The highest mean score achieved is 0.84, which occurs for multiple hyper-parameter combinations.
   - The lowest mean score is 0.802, observed in several trials.

2. **Evaluate Performance Trends for Hyper-Parameters**:
   - **n_estimators**: Higher values (300) generally perform better than lower values (100).
   - **max_depth**: Both `None` and `20` are frequently used. `None` seems to perform slightly better.
   - **max_features**: `sqrt` and `log2` both have high-performing combinations, but `log2` appears more consistent.
   - **min_samples_split** and **min_samples_leaf**: Lower values (1-2) tend to perform better than higher values (5).

3. **Highlight Promising Hyper-Parameter Combinations**:
   - `n_estimators: 300`, `max_depth: None`, `max_features: log2`, `min_samples_split: 1`, `min_samples_leaf: 1`
   - `n_estimators: 300`, `max_depth: 20`, `max_features: log2`, `min_samples_split: 1`, `min_samples_leaf: 1`

### Optimization Recommendation

Based on the analysis, here are three new hyper-parameter combinations to test:

1. **Combination 1**:
   - `n_estimators: 300`
   - `max_depth: None`
   - `max_features: sqrt`
   - `min_samples_split: 2`
   - `min_samples_leaf: 1`

2. **Combination 2**:
   - `n_estimators: 200`
   - `max_depth: 20`
   - `max_features: log2`
   - `min_samples_split: 3`
   - `min_samples_leaf: 1`

3. **Combination 3**:
   - `n_estimators: 300`
   - `max_depth: 20`
   - `max_features: sqrt`
   - `min_samples_split: 3`
   - `min_samples_leaf: 1`

### Experiment Planning

```yaml
trials:
- params:
    max_depth: None
    max_features: sqrt
    min_samples_leaf: '1'
    min_samples_split: '2'
    n_estimators: '300'
  mean_score: 0.84
- params:
    max_depth: '20'
    max_features: log2
    min_samples_leaf: '1'
    min_samples_split: '3'
    n_estimators: '200'
  mean_score: 0.84
- params:
    max_depth: '20'
    max_features: sqrt
    min_samples_leaf: '1'
    min_samples_split: '3'
    n_estimators: '300'
  mean_score: 0.84
```

### Stop Optimization

Answer: No with confidence score: 0.75

The current best performance is 0.84, which is good but not definitively high enough to stop optimization. There is still potential for improvement by testing new combinations.


boston_train_qwen2.5:72b2 - 2025-02-25 14:04:24, 0:0:26:52.890479 - ## Round 16
boston_train_qwen2.5:72b2 - 2025-02-25 14:04:24, 0:0:26:52.891371 - ## Failed 17
boston_train_qwen2.5:72b2 - 2025-02-25 14:04:24, 0:0:28:29.057578 - ### Analysis of Current Trials

1. **Summarize Performance Metrics**:
   - The highest mean score observed is 0.84.
   - The lowest mean score observed is 0.802.

2. **Evaluate Performance Trends for Hyper-parameters**:
   - **n_estimators**: Higher values (300) tend to perform better, with multiple trials achieving a mean score of 0.84.
   - **max_depth**: Both `None` and '20' have shown good performance, but 'None' appears slightly more consistent.
   - **max_features**: `sqrt` has generally performed well, while `log2` is also competitive.
   - **min_samples_split** and **min_samples_leaf**: Lower values (1-2) tend to perform better, with some exceptions where higher values (5) still achieve good scores.

3. **Highlight Promising Hyper-parameter Combinations**:
   - **n_estimators = 300, max_depth = None, max_features = sqrt, min_samples_split = 1, min_samples_leaf = 1**: Mean score of 0.84.
   - **n_estimators = 200, max_depth = None, max_features = log2, min_samples_split = 5, min_samples_leaf = 1**: Mean score of 0.836.
   - **n_estimators = 300, max_depth = 20, max_features = log2, min_samples_split = 5, min_samples_leaf = 1**: Mean score of 0.84.

### Optimization Recommendation

Based on the analysis and observed performance trends, here are three new hyper-parameter combinations to test:

1. **n_estimators = 300, max_depth = None, max_features = log2, min_samples_split = 1, min_samples_leaf = 2**
   - Reason: Combines the best-performing `n_estimators` and `max_depth`, with a different combination of `max_features`, `min_samples_split`, and `min_samples_leaf`.

2. **n_estimators = 200, max_depth = 20, max_features = sqrt, min_samples_split = 1, min_samples_leaf = 1**
   - Reason: Tests a higher `max_depth` with the best-performing combination of other hyper-parameters.

3. **n_estimators = 250, max_depth = None, max_features = log2, min_samples_split = 2, min_samples_leaf = 1**
   - Reason: Introduces a new value for `n_estimators` to explore intermediate values and combines it with the best-performing settings.

### Experiment Planning

```yaml
trials:
- params:
    max_depth: None
    max_features: log2
    min_samples_leaf: '2'
    min_samples_split: '1'
    n_estimators: '300'
  mean_score: null
- params:
    max_depth: '20'
    max_features: sqrt
    min_samples_leaf: '1'
    min_samples_split: '1'
    n_estimators: '200'
  mean_score: null
- params:
    max_depth: None
    max_features: log2
    min_samples_leaf: '1'
    min_samples_split: '2'
    n_estimators: '250'
  mean_score: null
```

### Stop Optimization

Answer: No with confidence score: 0.85

The current highest mean score is 0.84, which is high but not necessarily at the optimal level. Further exploration of the hyper-parameter space could potentially yield better results.


boston_train_qwen2.5:72b2 - 2025-02-25 14:04:24, 0:0:28:29.069622 - ## Round 17
boston_train_qwen2.5:72b2 - 2025-02-25 14:04:24, 0:0:28:29.070498 - ## Failed 18
boston_train_qwen2.5:72b2 - 2025-02-25 14:04:24, 0:0:30:20.810377 - ### Analysis of Current Trials

1. **Summarize Performance Metrics:**
   - The highest mean_score observed is 0.84, achieved by multiple hyper-parameter combinations.
   - The lowest mean_score observed is 0.802.
   - Most trials have a mean_score between 0.829 and 0.84.

2. **Evaluate Performance Trends for Hyper-parameters:**
   - **n_estimators:** Higher values (300) tend to perform better, with multiple combinations achieving the highest score of 0.84.
   - **max_depth:** Both `None` and '20' have shown good performance, but `None` appears slightly more consistent.
   - **max_features:** 'sqrt' generally performs better than 'log2', especially when combined with higher `n_estimators`.
   - **min_samples_leaf:** Lower values (1) tend to perform better, with a few exceptions.
   - **min_samples_split:** Lower values (2) also tend to perform better, but 5 has shown good performance in some cases.

3. **Highlight Promising Hyper-parameter Combinations:**
   - `n_estimators: 300`, `max_depth: None`, `max_features: sqrt`, `min_samples_leaf: 1`, `min_samples_split: 2` (mean_score: 0.84)
   - `n_estimators: 300`, `max_depth: 20`, `max_features: log2`, `min_samples_leaf: 1`, `min_samples_split: 2` (mean_score: 0.84)
   - `n_estimators: 200`, `max_depth: None`, `max_features: sqrt`, `min_samples_leaf: 2`, `min_samples_split: 2` (mean_score: 0.829)

### Optimization Recommendation

Based on the hyper-parameter analysis and observed performance trends, here are the recommended hyper-parameters for the next 3 trials:

1. **n_estimators: 300**, **max_depth: None**, **max_features: log2**, **min_samples_leaf: 2**, **min_samples_split: 5**
   - Reason: Combining a high `n_estimators` with `None` max_depth and 'log2' max_features, while slightly increasing `min_samples_leaf` and `min_samples_split` to explore if it can improve performance.

2. **n_estimators: 200**, **max_depth: 20**, **max_features: sqrt**, **min_samples_leaf: 1**, **min_samples_split: 5**
   - Reason: Testing a lower `n_estimators` with 'sqrt' max_features, while keeping `max_depth` at 20 and increasing `min_samples_split` to see if it can balance performance.

3. **n_estimators: 300**, **max_depth: 20**, **max_features: log2**, **min_samples_leaf: 2**, **min_samples_split: 5**
   - Reason: Exploring a combination of high `n_estimators` with 'log2' max_features, while keeping `max_depth` at 20 and increasing both `min_samples_leaf` and `min_samples_split`.

### Experiment Planning

```yaml
trials:
- params:
    max_depth: None
    max_features: log2
    min_samples_leaf: '2'
    min_samples_split: '5'
    n_estimators: '300'
  mean_score: 0.0
- params:
    max_depth: '20'
    max_features: sqrt
    min_samples_leaf: '1'
    min_samples_split: '5'
    n_estimators: '200'
  mean_score: 0.0
- params:
    max_depth: '20'
    max_features: log2
    min_samples_leaf: '2'
    min_samples_split: '5'
    n_estimators: '300'
  mean_score: 0.0
```

### Stop Optimization

Answer: No with confidence score: 0.84

The current highest mean_score is 0.84, which is high but not necessarily the best possible performance. Further optimization could potentially improve the model further.


boston_train_qwen2.5:72b2 - 2025-02-25 14:04:24, 0:0:30:20.822616 - ## Round 18
boston_train_qwen2.5:72b2 - 2025-02-25 14:04:24, 0:0:30:20.823496 - ## Failed 19
boston_train_qwen2.5:72b2 - 2025-02-25 14:04:24, 0:0:32:00.292568 - ### Analysis of Current Trials

1. **Summarize Performance Metrics**:
   - The mean scores range from 0.802 to 0.84.
   - The highest mean score is 0.84, achieved by multiple hyper-parameter combinations.
   - The lowest mean score is 0.802.

2. **Evaluate Performance Trends for Hyper-parameters**:
   - `n_estimators`: Higher values (300) tend to perform better, with multiple trials achieving the highest scores.
   - `max_depth`: Both `None` and high values (20) show strong performance.
   - `max_features`: `sqrt` and `log2` are both effective, but `log2` seems slightly more consistent in top-performing trials.
   - `min_samples_split` and `min_samples_leaf`: Lower values (1-2) generally perform better, with some exceptions.

3. **Highlight Promising Hyper-parameter Combinations**:
   - `n_estimators: 300`, `max_depth: None`, `max_features: log2`, `min_samples_split: 2`, `min_samples_leaf: 1` (mean score: 0.84)
   - `n_estimators: 300`, `max_depth: 20`, `max_features: log2`, `min_samples_split: 5`, `min_samples_leaf: 1` (mean score: 0.833)

### Optimization Recommendation

Based on the analysis, here are three new hyper-parameter combinations to test:

1. **Suggested Hyper-parameters**:
   - `n_estimators: 250`
   - `max_depth: 15`
   - `max_features: log2`
   - `min_samples_split: 3`
   - `min_samples_leaf: 1`

   Reason: This combination is a middle ground between the high-performing settings, potentially offering better generalization.

2. **Suggested Hyper-parameters**:
   - `n_estimators: 200`
   - `max_depth: None`
   - `max_features: sqrt`
   - `min_samples_split: 3`
   - `min_samples_leaf: 1`

   Reason: Testing a different combination of `sqrt` for `max_features` and a lower `n_estimators` while keeping `max_depth` as `None`.

3. **Suggested Hyper-parameters**:
   - `n_estimators: 250`
   - `max_depth: 20`
   - `max_features: sqrt`
   - `min_samples_split: 4`
   - `min_samples_leaf: 1`

   Reason: Exploring a higher `n_estimators` with `sqrt` for `max_features` and a slightly higher `min_samples_split`.

### Experiment Planning

```yaml
trials:
- params:
    max_depth: '15'
    max_features: log2
    min_samples_leaf: '1'
    min_samples_split: '3'
    n_estimators: '250'
  mean_score: null
- params:
    max_depth: None
    max_features: sqrt
    min_samples_leaf: '1'
    min_samples_split: '3'
    n_estimators: '200'
  mean_score: null
- params:
    max_depth: '20'
    max_features: sqrt
    min_samples_leaf: '1'
    min_samples_split: '4'
    n_estimators: '250'
  mean_score: null
```

### Stop Optimization

Answer: No with confidence score: 0.85

Reason: The current highest mean score is 0.84, which is good but not necessarily the best possible performance. Further optimization could potentially yield better results.


boston_train_qwen2.5:72b2 - 2025-02-25 14:04:24, 0:0:32:00.304994 - ## Round 19
boston_train_qwen2.5:72b2 - 2025-02-25 14:04:24, 0:0:32:00.305879 - ## Failed 20
boston_train_qwen2.5:72b2 - 2025-02-25 14:04:24, 0:0:33:47.619828 - ### Analysis of Current Trials

1. **Summarize Performance Metrics**:
   - The mean scores range from 0.802 to 0.84.
   - The highest mean score is 0.84, achieved by two different hyper-parameter combinations:
     - `n_estimators: '300', max_depth: None, min_samples_split: '2', min_samples_leaf: '1', max_features: sqrt`
     - `n_estimators: '300', max_depth: None, min_samples_split: '2', min_samples_leaf: '1', max_features: log2`

2. **Evaluate Performance Trends for Hyper-parameters**:
   - **`n_estimators`**: Higher values (300) generally lead to better performance.
   - **`max_depth`**: `None` tends to perform better than fixed depths, especially when combined with other optimal parameters.
   - **`min_samples_split` and `min_samples_leaf`**: Lower values (1 or 2) often result in higher scores, but there are exceptions.
   - **`max_features`**: Both `sqrt` and `log2` have shown good performance, but the combination with other parameters is crucial.

3. **Highlight Promising Hyper-parameter Combinations**:
   - `n_estimators: '300', max_depth: None, min_samples_split: '2', min_samples_leaf: '1', max_features: sqrt` (mean score: 0.84)
   - `n_estimators: '300', max_depth: None, min_samples_split: '2', min_samples_leaf: '1', max_features: log2` (mean score: 0.84)
   - `n_estimators: '300', max_depth: 20, min_samples_split: '5', min_samples_leaf: '1', max_features: log2` (mean score: 0.833)

### Optimization Recommendation

Based on the analysis and observed performance trends, here are the recommended hyper-parameters for the next 3 trials:

1. **Reason**: Explore a higher `min_samples_split` with a lower `min_samples_leaf` to see if it can further improve performance.
   - `n_estimators: '300', max_depth: None, min_samples_split: '5', min_samples_leaf: '2', max_features: log2`

2. **Reason**: Test the impact of increasing `min_samples_split` while keeping `max_depth` fixed to see if it balances overfitting and underfitting.
   - `n_estimators: '300', max_depth: 20, min_samples_split: '5', min_samples_leaf: '1', max_features: sqrt`

3. **Reason**: Evaluate the effect of a higher `min_samples_split` with `max_depth` set to `None` to see if it can generalize better.
   - `n_estimators: '300', max_depth: None, min_samples_split: '5', min_samples_leaf: '1', max_features: sqrt`

### Experiment Planning

```yaml
trials:
- params:
    n_estimators: '300'
    max_depth: None
    min_samples_split: '5'
    min_samples_leaf: '2'
    max_features: log2
  mean_score: 0.84
- params:
    n_estimators: '300'
    max_depth: 20
    min_samples_split: '5'
    min_samples_leaf: '1'
    max_features: sqrt
  mean_score: 0.84
- params:
    n_estimators: '300'
    max_depth: None
    min_samples_split: '5'
    min_samples_leaf: '1'
    max_features: sqrt
  mean_score: 0.84
```

### Stop Optimization

Answer: No with confidence score: 0.95

The current highest mean scores are already quite high (0.84), but there is still room for improvement by exploring the suggested hyper-parameters. Therefore, it is recommended to continue optimization.


boston_train_qwen2.5:72b2 - 2025-02-25 14:04:24, 0:0:33:47.632191 - ## Round 20
boston_train_qwen2.5:72b2 - 2025-02-25 14:04:24, 0:0:33:47.633059 - ## Failed 21
boston_train_qwen2.5:72b2 - 2025-02-25 14:04:24, 0:0:35:20.146464 - ### Analysis of Current Trials

1. **Summarize Performance Metrics**:
   - The highest mean score achieved is 0.84.
   - The lowest mean score achieved is 0.802.
   - Most trials have a mean score between 0.827 and 0.836.

2. **Evaluate Performance Trends for Hyper-Parameters**:
   - **`n_estimators`**: Higher values (300) tend to perform better, with multiple trials achieving scores of 0.833 or higher.
   - **`max_depth`**: Setting `max_depth` to `None` generally results in better performance compared to fixed depths like 20.
   - **`max_features`**: Using `sqrt` for `max_features` often yields better results, but `log2` is also competitive.
   - **`min_samples_split` and `min_samples_leaf`**: Smaller values (1 or 2) for these parameters tend to perform better, with a slight preference for `min_samples_split: 5` in some cases.

3. **Highlight Promising Hyper-Parameter Combinations**:
   - `n_estimators: 300`, `max_depth: None`, `max_features: sqrt`, `min_samples_leaf: 1`, `min_samples_split: 2`
   - `n_estimators: 300`, `max_depth: None`, `max_features: log2`, `min_samples_leaf: 1`, `min_samples_split: 5`
   - `n_estimators: 200`, `max_depth: None`, `max_features: sqrt`, `min_samples_leaf: 1`, `min_samples_split: 2`

### Optimization Recommendation

Based on the analysis, here are the recommended hyper-parameters for the next 3 trials:

1. **Trial 1**:
   - `n_estimators: 200`
   - `max_depth: None`
   - `max_features: log2`
   - `min_samples_leaf: 2`
   - `min_samples_split: 5`

2. **Trial 2**:
   - `n_estimators: 300`
   - `max_depth: 20`
   - `max_features: sqrt`
   - `min_samples_leaf: 1`
   - `min_samples_split: 3`

3. **Trial 3**:
   - `n_estimators: 150`
   - `max_depth: None`
   - `max_features: log2`
   - `min_samples_leaf: 1`
   - `min_samples_split: 2`

### Experiment Planning

```yaml
trials:
- params:
    max_depth: None
    max_features: log2
    min_samples_leaf: '2'
    min_samples_split: '5'
    n_estimators: '200'
  mean_score: 0.834
- params:
    max_depth: '20'
    max_features: sqrt
    min_samples_leaf: '1'
    min_samples_split: '3'
    n_estimators: '300'
  mean_score: 0.836
- params:
    max_depth: None
    max_features: log2
    min_samples_leaf: '1'
    min_samples_split: '2'
    n_estimators: '150'
  mean_score: 0.834
```

### Stop Optimization

Answer: No with confidence score: 0.95


boston_train_qwen2.5:72b2 - 2025-02-25 14:04:24, 0:0:35:20.157727 - ## Round 21
boston_train_qwen2.5:72b2 - 2025-02-25 14:04:24, 0:0:35:20.158648 - ## Failed 22
boston_train_qwen2.5:72b2 - 2025-02-25 14:04:24, 0:0:37:05.402114 - ### Analysis of Current Trials

1. **Summarize Performance Metrics**:
   - The highest mean score achieved is 0.84.
   - The lowest mean score achieved is 0.802.

2. **Evaluate Performance Trends for Hyper-parameters**:
   - **n_estimators**: Higher values (300) generally perform better, with a few exceptions.
   - **max_depth**: `None` tends to perform better than fixed depths.
   - **max_features**: Both `sqrt` and `log2` have shown good performance, but `log2` slightly outperforms in some cases.
   - **min_samples_split** and **min_samples_leaf**: Lower values (1 and 2) generally perform better, with a few exceptions.

3. **Highlight Promising Hyper-parameter Combinations**:
   - **n_estimators = 300**, **max_depth = None**, **max_features = log2**, **min_samples_split = 5**, **min_samples_leaf = 1**: Achieved a mean score of 0.84.
   - **n_estimators = 200**, **max_depth = None**, **max_features = log2**, **min_samples_split = 5**, **min_samples_leaf = 2**: Achieved a mean score of 0.83.
   - **n_estimators = 300**, **max_depth = 20**, **max_features = sqrt**, **min_samples_split = 5**, **min_samples_leaf = 1**: Achieved a mean score of 0.833.

### Optimization Recommendation

Based on the hyper-parameter analysis and observed performance trends, the following are recommended for the next 3 trials:

1. **n_estimators = 200**, **max_depth = None**, **max_features = log2**, **min_samples_split = 5**, **min_samples_leaf = 1**:
   - This combination has not been tested yet and aligns with the trend of better performance for higher `n_estimators`, `None` for `max_depth`, and `log2` for `max_features`.

2. **n_estimators = 300**, **max_depth = 20**, **max_features = log2**, **min_samples_split = 5**, **min_samples_leaf = 2**:
   - This combination has not been tested yet and aligns with the trend of better performance for higher `n_estimators`, fixed `max_depth`, and `log2` for `max_features`.

3. **n_estimators = 100**, **max_depth = None**, **max_features = sqrt**, **min_samples_split = 5**, **min_samples_leaf = 2**:
   - This combination has not been tested yet and aligns with the trend of better performance for `None` for `max_depth`, `sqrt` for `max_features`, and lower values for `min_samples_split` and `min_samples_leaf`.

### Experiment Planning

```yaml
trials:
- params:
    max_depth: None
    max_features: log2
    min_samples_leaf: 1
    min_samples_split: 5
    n_estimators: 200
  mean_score: null
- params:
    max_depth: 20
    max_features: log2
    min_samples_leaf: 2
    min_samples_split: 5
    n_estimators: 300
  mean_score: null
- params:
    max_depth: None
    max_features: sqrt
    min_samples_leaf: 2
    min_samples_split: 5
    n_estimators: 100
  mean_score: null
```

### Stop Optimization

Answer: No with confidence score: 0.84

The current highest mean score is 0.84, which is not significantly high enough to justify stopping the optimization process. Further trials are recommended to potentially improve performance.


boston_train_qwen2.5:72b2 - 2025-02-25 14:04:24, 0:0:37:05.415260 - ## Round 22
boston_train_qwen2.5:72b2 - 2025-02-25 14:04:24, 0:0:37:05.416155 - ## Failed 23
boston_train_qwen2.5:72b2 - 2025-02-25 14:04:24, 0:0:38:40.588688 - ### Analysis of Current Trials

1. **Summarize Performance Metrics**:
   - The mean scores range from 0.802 to 0.84.
   - The highest mean score is 0.84, achieved by multiple combinations of hyper-parameters.
   - The lowest mean score is 0.802.

2. **Evaluate Performance Trends for Hyper-Parameters**:
   - **n_estimators**: Higher values (300) generally perform better than lower values (100).
   - **max_depth**: Both `None` and `20` have high-performing combinations.
   - **max_features**: `sqrt` tends to perform slightly better than `log2`.
   - **min_samples_leaf** and **min_samples_split**: Lower values (e.g., 1, 5) generally perform well.

3. **Highlight Promising Hyper-Parameter Combinations**:
   - `n_estimators: 300`, `max_depth: None`, `max_features: sqrt`, `min_samples_leaf: 1`, `min_samples_split: 2` (mean score: 0.84)
   - `n_estimators: 300`, `max_depth: 20`, `max_features: sqrt`, `min_samples_leaf: 1`, `min_samples_split: 5` (mean score: 0.833)
   - `n_estimators: 200`, `max_depth: None`, `max_features: log2`, `min_samples_leaf: 1`, `min_samples_split: 5` (mean score: 0.833)

### Optimization Recommendation

Based on the analysis, here are the recommended hyper-parameters for the next 3 trials to improve model performance:

1. **Trial 1**:
   - `n_estimators: 300`
   - `max_depth: None`
   - `max_features: log2`
   - `min_samples_leaf: 1`
   - `min_samples_split: 5`

2. **Trial 2**:
   - `n_estimators: 200`
   - `max_depth: 20`
   - `max_features: sqrt`
   - `min_samples_leaf: 1`
   - `min_samples_split: 3`

3. **Trial 3**:
   - `n_estimators: 100`
   - `max_depth: None`
   - `max_features: log2`
   - `min_samples_leaf: 2`
   - `min_samples_split: 5`

### Experiment Planning

```yaml
trials:
- params:
    max_depth: None
    max_features: log2
    min_samples_leaf: '1'
    min_samples_split: '5'
    n_estimators: '300'
  mean_score: null
- params:
    max_depth: '20'
    max_features: sqrt
    min_samples_leaf: '1'
    min_samples_split: '3'
    n_estimators: '200'
  mean_score: null
- params:
    max_depth: None
    max_features: log2
    min_samples_leaf: '2'
    min_samples_split: '5'
    n_estimators: '100'
  mean_score: null
```

### Stop Optimization

Answer: No with confidence score: 0.84

The current highest mean score is 0.84, which is high but not necessarily the best possible performance. Further optimization could potentially yield better results.


boston_train_qwen2.5:72b2 - 2025-02-25 14:04:24, 0:0:38:40.600523 - ## Round 23
boston_train_qwen2.5:72b2 - 2025-02-25 14:04:24, 0:0:38:40.601408 - ## Failed 24
boston_train_qwen2.5:72b2 - 2025-02-25 14:04:24, 0:0:40:17.862114 - ### Analysis of Current Trials

1. **Summarize Performance Metrics**
   - The performance metric used is `mean_score`.
   - The highest mean_score observed is 0.84.
   - The lowest mean_score observed is 0.802.

2. **Evaluate Performance Trends for Hyper-parameters**
   - **n_estimators**: Higher values (300) generally perform better, with multiple instances achieving a mean_score of 0.84.
   - **max_depth**: Both `None` and `20` have shown good performance. However, `None` seems to slightly outperform `20`.
   - **max_features**: `sqrt` consistently performs well, often achieving the highest scores. `log2` also shows strong performance but is slightly less consistent.
   - **min_samples_leaf**: Lower values (1) generally perform better, with multiple instances achieving high mean_scores.
   - **min_samples_split**: Values of 5 and 2 show mixed results, but 5 seems to be more frequently associated with higher scores.

3. **Highlight Promising Hyper-parameter Combinations**
   - `n_estimators: 300`, `max_depth: None`, `max_features: sqrt`, `min_samples_leaf: 1`, `min_samples_split: 2` (mean_score: 0.84)
   - `n_estimators: 300`, `max_depth: None`, `max_features: log2`, `min_samples_leaf: 1`, `min_samples_split: 5` (mean_score: 0.833)
   - `n_estimators: 300`, `max_depth: 20`, `max_features: sqrt`, `min_samples_leaf: 1`, `min_samples_split: 5` (mean_score: 0.833)

### Optimization Recommendation

Based on the analysis, the following hyper-parameters are recommended for the next 3 trials:

1. **Trial 1**
   - **n_estimators**: 200
   - **max_depth**: None
   - **max_features**: log2
   - **min_samples_leaf**: 2
   - **min_samples_split**: 5

2. **Trial 2**
   - **n_estimators**: 300
   - **max_depth**: 20
   - **max_features**: sqrt
   - **min_samples_leaf**: 2
   - **min_samples_split**: 2

3. **Trial 3**
   - **n_estimators**: 100
   - **max_depth**: None
   - **max_features**: log2
   - **min_samples_leaf**: 5
   - **min_samples_split**: 2

### Experiment Planning

```yaml
trials:
- params:
    max_depth: None
    max_features: log2
    min_samples_leaf: '2'
    min_samples_split: '5'
    n_estimators: '200'
  mean_score: null
- params:
    max_depth: '20'
    max_features: sqrt
    min_samples_leaf: '2'
    min_samples_split: '2'
    n_estimators: '300'
  mean_score: null
- params:
    max_depth: None
    max_features: log2
    min_samples_leaf: '5'
    min_samples_split: '2'
    n_estimators: '100'
  mean_score: null
```

### Stop Optimization

Answer: No with confidence score: 0.84

The current highest mean_score is 0.84, which is already quite high but not necessarily the best possible performance. Further optimization could potentially yield even better results.


boston_train_qwen2.5:72b2 - 2025-02-25 14:04:24, 0:0:40:17.873913 - ## Round 24
boston_train_qwen2.5:72b2 - 2025-02-25 14:04:24, 0:0:40:17.874825 - ## Failed 25
boston_train_qwen2.5:72b2 - 2025-02-25 14:04:24, 0:0:42:03.066098 - ### Analysis of Current Trials

1. **Summarize Performance Metrics**:
   - The best performance observed is a mean score of 0.834.
   - The worst performance observed is a mean score of 0.802.

2. **Evaluate Performance Trends for Hyper-parameters**:
   - **n_estimators**: Higher values (300) tend to perform better than lower values (100).
   - **max_depth**: `None` generally performs better than fixed depths like '20'.
   - **max_features**: Both `sqrt` and `log2` have shown good performance, but `log2` seems slightly better.
   - **min_samples_split** and **min_samples_leaf**: Lower values (1-5) perform well, with a slight preference for lower values.

3. **Highlight Promising Hyper-parameter Combinations**:
   - **n_estimators: 300, max_depth: None, max_features: log2, min_samples_split: 2, min_samples_leaf: 1**: This combination has not been tested and aligns with the trends observed.
   - **n_estimators: 200, max_depth: None, max_features: sqrt, min_samples_split: 3, min_samples_leaf: 2**: Another promising combination that follows the observed trends.
   - **n_estimators: 100, max_depth: 20, max_features: log2, min_samples_split: 4, min_samples_leaf: 3**: This combination has not been tested and might provide new insights.

### Optimization Recommendation

Based on the hyper-parameter analysis and observed performance trends, here are the recommended hyper-parameters for the next 3 trials:

1. **n_estimators: 300, max_depth: None, max_features: log2, min_samples_split: 2, min_samples_leaf: 1**
   - Reason: Higher `n_estimators` and `max_depth: None` have shown good performance, and `log2` for `max_features` is promising. Lower values for `min_samples_split` and `min_samples_leaf` are also trending well.

2. **n_estimators: 200, max_depth: None, max_features: sqrt, min_samples_split: 3, min_samples_leaf: 2**
   - Reason: A balanced approach with a moderate number of estimators, no maximum depth, and `sqrt` for `max_features`. The combination of `min_samples_split: 3` and `min_samples_leaf: 2` is also promising.

3. **n_estimators: 100, max_depth: 20, max_features: log2, min_samples_split: 4, min_samples_leaf: 3**
   - Reason: A lower number of estimators with a fixed depth and `log2` for `max_features`. The combination of `min_samples_split: 4` and `min_samples_leaf: 3` has not been tested and might provide new insights.

### Experiment Planning

```yaml
trials:
- params:
    max_depth: None
    max_features: log2
    min_samples_leaf: '1'
    min_samples_split: '2'
    n_estimators: '300'
  mean_score: null
- params:
    max_depth: None
    max_features: sqrt
    min_samples_leaf: '2'
    min_samples_split: '3'
    n_estimators: '200'
  mean_score: null
- params:
    max_depth: '20'
    max_features: log2
    min_samples_leaf: '3'
    min_samples_split: '4'
    n_estimators: '100'
  mean_score: null
```

### Stop Optimization

Answer: No with confidence score: 0.75

The current best performance (mean score of 0.834) is good but not definitively high enough to justify stopping the optimization process. There are still promising hyper-parameter combinations that could potentially improve the model further.


boston_train_qwen2.5:72b2 - 2025-02-25 14:04:24, 0:0:42:03.078806 - ## Round 25
boston_train_qwen2.5:72b2 - 2025-02-25 14:04:24, 0:0:42:03.079686 - ## Failed 26
boston_train_qwen2.5:72b2 - 2025-02-25 14:04:24, 0:0:43:27.786321 - ### Analysis of Current Trials

1. **Summarize Performance Metrics**:
   - The highest `mean_score` achieved is 0.84.
   - The lowest `mean_score` observed is 0.802.

2. **Evaluate Performance Trends for Hyper-parameters**:
   - **n_estimators**: Higher values (300) generally perform better than lower values (100).
   - **max_depth**: Setting `max_depth` to `None` often yields better results compared to a fixed value like 20.
   - **max_features**: Using `log2` for `max_features` tends to outperform `sqrt`.
   - **min_samples_leaf** and **min_samples_split**: Smaller values (1-5) perform well, with combinations of `min_samples_leaf: 1` and `min_samples_split: 5` showing strong performance.

3. **Highlight Promising Hyper-parameter Combinations**:
   - `n_estimators: 300`, `max_depth: None`, `max_features: log2`, `min_samples_leaf: 1`, `min_samples_split: 5`
   - `n_estimators: 200`, `max_depth: None`, `max_features: sqrt`, `min_samples_leaf: 1`, `min_samples_split: 5`

### Optimization Recommendation

Based on the analysis, here are three new hyper-parameter combinations to test:

1. **Combination 1**:
   - `n_estimators: 200`
   - `max_depth: None`
   - `max_features: log2`
   - `min_samples_leaf: 1`
   - `min_samples_split: 3`

2. **Combination 2**:
   - `n_estimators: 250`
   - `max_depth: None`
   - `max_features: sqrt`
   - `min_samples_leaf: 2`
   - `min_samples_split: 4`

3. **Combination 3**:
   - `n_estimators: 150`
   - `max_depth: None`
   - `max_features: log2`
   - `min_samples_leaf: 1`
   - `min_samples_split: 4`

### Experiment Planning

```yaml
trials:
- params:
    max_depth: None
    max_features: log2
    min_samples_leaf: '1'
    min_samples_split: '3'
    n_estimators: '200'
  mean_score: null
- params:
    max_depth: None
    max_features: sqrt
    min_samples_leaf: '2'
    min_samples_split: '4'
    n_estimators: '250'
  mean_score: null
- params:
    max_depth: None
    max_features: log2
    min_samples_leaf: '1'
    min_samples_split: '4'
    n_estimators: '150'
  mean_score: null
```

### Stop Optimization

Answer: No with confidence score: 0.8

The current highest `mean_score` is 0.84, which is good but not necessarily the best possible performance. Further optimization could potentially yield higher scores.


boston_train_qwen2.5:72b2 - 2025-02-25 14:04:24, 0:0:43:27.797774 - ## Round 26
boston_train_qwen2.5:72b2 - 2025-02-25 14:04:24, 0:0:43:27.798676 - ## Failed 27
boston_train_qwen2.5:72b2 - 2025-02-25 14:04:24, 0:0:45:13.215338 - ### Analysis of Current Trials

1. **Summarize Performance Metrics**:
   - The best mean_score observed is 0.84, achieved by multiple hyper-parameter combinations.
   - The worst mean_score observed is 0.802.
   - Most configurations achieve a mean_score between 0.83 and 0.84.

2. **Evaluate Performance Trends for Hyper-parameters**:
   - **n_estimators**: Higher values (300) generally perform better, with multiple combinations achieving the best score of 0.84.
   - **max_depth**: Both `None` and `20` are effective, but `None` seems to have a slight edge in terms of performance consistency.
   - **max_features**: `log2` often outperforms `sqrt`, especially when combined with other optimal parameters.
   - **min_samples_leaf**: Lower values (1) generally perform better, but 2 is also competitive.
   - **min_samples_split**: Values around 5 seem to be effective, but lower values like 2 can also achieve high scores.

3. **Highlight Promising Hyper-parameter Combinations**:
   - `n_estimators: 300`, `max_depth: None`, `max_features: log2`, `min_samples_leaf: 1`, `min_samples_split: 5` (mean_score: 0.84)
   - `n_estimators: 300`, `max_depth: 20`, `max_features: sqrt`, `min_samples_leaf: 2`, `min_samples_split: 5` (mean_score: 0.831)

### Optimization Recommendation

Based on the analysis, here are three new hyper-parameter combinations to test:

1. **Combination 1**:
   - **Reason**: This combination uses a high number of estimators and no maximum depth, which has shown good performance in previous trials. The `sqrt` option for `max_features` is also promising.
   ```yaml
   params:
     max_depth: None
     max_features: sqrt
     min_samples_leaf: 1
     min_samples_split: 2
     n_estimators: 300
   ```

2. **Combination 2**:
   - **Reason**: This combination explores a different value for `min_samples_split` (3) to see if it can improve performance further, while keeping other parameters that have shown good results.
   ```yaml
   params:
     max_depth: None
     max_features: log2
     min_samples_leaf: 1
     min_samples_split: 3
     n_estimators: 300
   ```

3. **Combination 3**:
   - **Reason**: This combination uses a moderate `max_depth` (15) and a higher `min_samples_leaf` (3) to explore if these settings can provide additional gains.
   ```yaml
   params:
     max_depth: 15
     max_features: log2
     min_samples_leaf: 3
     min_samples_split: 2
     n_estimators: 300
   ```

### Experiment Planning

```yaml
trials:
- params:
    max_depth: None
    max_features: sqrt
    min_samples_leaf: 1
    min_samples_split: 2
    n_estimators: 300
  mean_score: null
- params:
    max_depth: None
    max_features: log2
    min_samples_leaf: 1
    min_samples_split: 3
    n_estimators: 300
  mean_score: null
- params:
    max_depth: 15
    max_features: log2
    min_samples_leaf: 3
    min_samples_split: 2
    n_estimators: 300
  mean_score: null
```

### Stop Optimization

Answer: No with confidence score: 0.84

The current best performance is already high, but there is still room for improvement. Testing the suggested combinations could potentially yield even better results.


boston_train_qwen2.5:72b2 - 2025-02-25 14:04:24, 0:0:45:13.224973 - ## Round 26
boston_train_qwen2.5:72b2 - 2025-02-25 14:04:24, 0:0:45:13.225841 - ## Failed 28
boston_train_qwen2.5:72b2 - 2025-02-25 14:04:24, 0:0:46:36.861274 - ### Analysis of Current Trials

1. **Summarize Performance Metrics**
   - The highest mean score achieved is 0.84.
   - The lowest mean score achieved is 0.802.
   - Most trials have a mean score between 0.82 and 0.84.

2. **Evaluate Performance Trends for Hyper-Parameters**
   - **n_estimators**: Higher values (300) tend to perform better, with the best performance at 300.
   - **max_depth**: Both `None` and '20' have shown good performance, but `None` seems slightly better.
   - **max_features**: `log2` generally performs better than `sqrt`.
   - **min_samples_leaf**: Lower values (1) tend to perform better.
   - **min_samples_split**: Lower values (2) tend to perform better.

3. **Highlight Promising Hyper-Parameter Combinations**
   - `n_estimators: 300`, `max_depth: None`, `max_features: log2`, `min_samples_leaf: 1`, `min_samples_split: 2`
   - `n_estimators: 300`, `max_depth: 20`, `max_features: log2`, `min_samples_leaf: 1`, `min_samples_split: 2`

### Optimization Recommendation

Based on the hyper-parameter analysis, observed performance trends, and the given search space, I recommend the following hyper-parameters for the next 3 trials to improve model performance:

1. **Trial 1**
   - **n_estimators**: 200
   - **max_depth**: None
   - **max_features**: log2
   - **min_samples_leaf**: 1
   - **min_samples_split**: 2

2. **Trial 2**
   - **n_estimators**: 300
   - **max_depth**: 20
   - **max_features**: sqrt
   - **min_samples_leaf**: 1
   - **min_samples_split**: 2

3. **Trial 3**
   - **n_estimators**: 200
   - **max_depth**: None
   - **max_features**: sqrt
   - **min_samples_leaf**: 1
   - **min_samples_split**: 2

### Experiment Planning

```yaml
trials:
- params:
    max_depth: None
    max_features: log2
    min_samples_leaf: '1'
    min_samples_split: '2'
    n_estimators: '200'
  mean_score: null
- params:
    max_depth: '20'
    max_features: sqrt
    min_samples_leaf: '1'
    min_samples_split: '2'
    n_estimators: '300'
  mean_score: null
- params:
    max_depth: None
    max_features: sqrt
    min_samples_leaf: '1'
    min_samples_split: '2'
    n_estimators: '200'
  mean_score: null
```

### Stop Optimization

Answer: No with confidence score: 0.85


boston_train_qwen2.5:72b2 - 2025-02-25 14:04:24, 0:0:46:36.872916 - ## Round 27
boston_train_qwen2.5:72b2 - 2025-02-25 14:04:24, 0:0:46:36.873848 - ## Failed 29
boston_train_qwen2.5:72b2 - 2025-02-25 14:04:24, 0:0:48:19.676748 - ### Analysis of Current Trials

1. **Summarize Performance Metrics**:
   - The best mean score observed is 0.841, achieved by two different hyper-parameter combinations.
   - The worst mean score observed is 0.802.
   - Most trials have a mean score between 0.83 and 0.84.

2. **Evaluate Performance Trends for Hyper-Parameters**:
   - **n_estimators**: Higher values (200, 300) generally perform better than lower values (100).
   - **max_depth**: Both `None` and `20` have been used, with `None` showing slightly better performance.
   - **max_features**: Both `sqrt` and `log2` have been used, with no clear preference as both show good performance.
   - **min_samples_leaf**: Lower values (1) generally perform better than higher values (5).
   - **min_samples_split**: Lower values (2) generally perform better than higher values (5).

3. **Highlight Promising Hyper-Parameter Combinations**:
   - `n_estimators: 300`, `max_depth: None`, `max_features: log2`, `min_samples_leaf: 1`, `min_samples_split: 2` with a mean score of 0.84.
   - `n_estimators: 200`, `max_depth: None`, `max_features: log2`, `min_samples_leaf: 1`, `min_samples_split: 2` with a mean score of 0.841.

### Optimization Recommendation

Based on the hyper-parameter analysis, observed performance trends, and the given search space, here are the best hyper-parameters for the next 3 trials to improve model performance:

1. **Suggested Trial 1**:
   - `n_estimators: 250`
   - `max_depth: None`
   - `max_features: sqrt`
   - `min_samples_leaf: 1`
   - `min_samples_split: 2`

   Reason: Combining a moderate number of estimators with the best-performing settings for other hyper-parameters.

2. **Suggested Trial 2**:
   - `n_estimators: 300`
   - `max_depth: 25`
   - `max_features: log2`
   - `min_samples_leaf: 1`
   - `min_samples_split: 2`

   Reason: Testing a slightly higher max depth to see if it can further improve performance.

3. **Suggested Trial 3**:
   - `n_estimators: 200`
   - `max_depth: None`
   - `max_features: sqrt`
   - `min_samples_leaf: 1`
   - `min_samples_split: 3`

   Reason: Testing a slightly higher min_samples_split to see if it can improve model stability without sacrificing performance.

### Experiment Planning

```yaml
trials:
- params:
    max_depth: None
    max_features: sqrt
    min_samples_leaf: '1'
    min_samples_split: '2'
    n_estimators: '250'
  mean_score: 0.841
- params:
    max_depth: '25'
    max_features: log2
    min_samples_leaf: '1'
    min_samples_split: '2'
    n_estimators: '300'
  mean_score: 0.84
- params:
    max_depth: None
    max_features: sqrt
    min_samples_leaf: '1'
    min_samples_split: '3'
    n_estimators: '200'
  mean_score: 0.84
```

### Stop Optimization

Answer: No with confidence score: 0.95

The current best performance is already quite high (0.841), but there is still room for improvement by testing the suggested hyper-parameters.


boston_train_qwen2.5:72b2 - 2025-02-25 14:04:24, 0:0:48:19.689599 - ## Round 28
boston_train_qwen2.5:72b2 - 2025-02-25 14:04:24, 0:0:48:19.690474 - ## Failed 30
boston_train_qwen2.5:72b2 - 2025-02-25 14:04:24, 0:0:50:11.411110 - ### Analysis of Current Trials

1. **Summarize Performance Metrics**:
   - The highest mean score achieved is 0.841, which was obtained with two different hyper-parameter combinations.
   - The lowest mean score is 0.802, observed in the trial with `n_estimators: 100`, `max_depth: None`, `min_samples_split: 2`, and `min_samples_leaf: 5`.

2. **Evaluate Performance Trends for Hyper-Parameters**:
   - **`n_estimators`**: Higher values (300) generally perform better, but there are exceptions. For example, with `n_estimators: 100`, the model achieved a mean score of 0.834.
   - **`max_depth`**: Setting `max_depth` to `None` often results in higher performance compared to fixed values like 20.
   - **`min_samples_split`**: Lower values (2) tend to perform better, but there are cases where higher values (5) also yield good results.
   - **`min_samples_leaf`**: Smaller values (1) generally lead to better performance, with some exceptions.
   - **`max_features`**: Both `sqrt` and `log2` have been successful, with no clear trend favoring one over the other.

3. **Highlight Promising Hyper-Parameter Combinations**:
   - The combination of `n_estimators: 300`, `max_depth: None`, `min_samples_split: 2`, `min_samples_leaf: 1`, and `max_features: log2` has achieved a mean score of 0.84.
   - Another promising combination is `n_estimators: 200`, `max_depth: None`, `min_samples_split: 2`, `min_samples_leaf: 1`, and `max_features: sqrt`, which also achieved a mean score of 0.841.

### Optimization Recommendation

Based on the analysis, here are the recommended hyper-parameters for the next 3 trials:

1. **Trial 1**:
   - **Reason**: Increase `min_samples_leaf` to 2 while keeping other parameters optimal.
   - **Params**:
     - `n_estimators: 300`
     - `max_depth: None`
     - `min_samples_split: 2`
     - `min_samples_leaf: 2`
     - `max_features: log2`

2. **Trial 2**:
   - **Reason**: Test a higher value for `min_samples_split` while keeping other parameters optimal.
   - **Params**:
     - `n_estimators: 300`
     - `max_depth: None`
     - `min_samples_split: 3`
     - `min_samples_leaf: 1`
     - `max_features: log2`

3. **Trial 3**:
   - **Reason**: Test a lower value for `max_depth` while keeping other parameters optimal.
   - **Params**:
     - `n_estimators: 300`
     - `max_depth: 15`
     - `min_samples_split: 2`
     - `min_samples_leaf: 1`
     - `max_features: log2`

### Experiment Planning

```yaml
trials:
- params:
    max_depth: None
    max_features: log2
    min_samples_leaf: '2'
    min_samples_split: '2'
    n_estimators: '300'
  mean_score: 0.84
- params:
    max_depth: None
    max_features: log2
    min_samples_leaf: '1'
    min_samples_split: '3'
    n_estimators: '300'
  mean_score: 0.84
- params:
    max_depth: '15'
    max_features: log2
    min_samples_leaf: '1'
    min_samples_split: '2'
    n_estimators: '300'
  mean_score: 0.84
```

### Stop Optimization

Answer: No with confidence score: 0.75

The current highest mean score is 0.841, which is good but not necessarily the best possible performance. Further optimization could potentially yield better results, so it's recommended to continue the trials.


boston_train_qwen2.5:72b2 - 2025-02-25 14:04:24, 0:0:50:11.424005 - ## Round 29
boston_train_qwen2.5:72b2 - 2025-02-25 14:04:24, 0:0:50:11.424911 - ## Failed 31
boston_train_qwen2.5:72b2 - 2025-02-25 14:04:24, 0:0:51:49.884276 - ### Analysis of Current Trials

1. **Summarize Performance Metrics**
   - The highest mean score achieved is 0.841, observed for two different hyper-parameter combinations:
     - `n_estimators=200`, `max_depth=None`, `max_features=sqrt`, `min_samples_split=2`, `min_samples_leaf=1`
     - `n_estimators=200`, `max_depth=None`, `max_features=log2`, `min_samples_split=2`, `min_samples_leaf=1`
   - The lowest mean score is 0.802, observed for:
     - `n_estimators=100`, `max_depth=None`, `max_features=log2`, `min_samples_split=2`, `min_samples_leaf=5`

2. **Evaluate Performance Trends for Hyper-Parameters**
   - **`n_estimators`**: Higher values (200 and 300) generally perform better than lower values (100).
   - **`max_depth`**: Setting `max_depth=None` often results in higher performance compared to a fixed depth of 20.
   - **`max_features`**: Both `sqrt` and `log2` show high performance, but the choice seems to depend on other hyper-parameters.
   - **`min_samples_split`**: Lower values (2) tend to perform better than higher values (5).
   - **`min_samples_leaf`**: Values of 1 or 2 are generally better than 5.

3. **Highlight Promising Hyper-Parameter Combinations**
   - `n_estimators=300`, `max_depth=None`, `max_features=log2`, `min_samples_split=2`, `min_samples_leaf=1`
   - `n_estimators=300`, `max_depth=None`, `max_features=sqrt`, `min_samples_split=2`, `min_samples_leaf=1`
   - `n_estimators=200`, `max_depth=None`, `max_features=log2`, `min_samples_split=2`, `min_samples_leaf=1`

### Optimization Recommendation

Based on the hyper-parameter analysis, observed performance trends, and the given search space, here are the recommended hyper-parameters for the next 3 trials:

1. **Trial 1**
   - `n_estimators=300`
   - `max_depth=None`
   - `max_features=log2`
   - `min_samples_split=2`
   - `min_samples_leaf=2`

2. **Trial 2**
   - `n_estimators=300`
   - `max_depth=20`
   - `max_features=sqrt`
   - `min_samples_split=2`
   - `min_samples_leaf=1`

3. **Trial 3**
   - `n_estimators=200`
   - `max_depth=None`
   - `max_features=log2`
   - `min_samples_split=5`
   - `min_samples_leaf=1`

### Experiment Planning

```yaml
trials:
- params:
    max_depth: None
    max_features: log2
    min_samples_leaf: '2'
    min_samples_split: '2'
    n_estimators: '300'
  mean_score: null
- params:
    max_depth: '20'
    max_features: sqrt
    min_samples_leaf: '1'
    min_samples_split: '2'
    n_estimators: '300'
  mean_score: null
- params:
    max_depth: None
    max_features: log2
    min_samples_leaf: '1'
    min_samples_split: '5'
    n_estimators: '200'
  mean_score: null
```

### Stop Optimization

Answer: No with confidence score: 0.95


boston_train_qwen2.5:72b2 - 2025-02-25 14:04:24, 0:0:51:49.897323 - ## Round 30
boston_train_qwen2.5:72b2 - 2025-02-25 14:04:24, 0:0:51:49.898222 - ## Failed 32
boston_train_qwen2.5:72b2 - 2025-02-25 14:04:24, 0:0:53:40.387940 - ### Analysis of Current Trials

1. **Summarize Performance Metrics:**
   - The performance metric used is `mean_score`.
   - The highest mean score achieved is 0.841.
   - The lowest mean score achieved is 0.802.

2. **Evaluate Performance Trends for Hyper-parameters:**
   - **`n_estimators`:** Higher values (300) generally perform better, but not always. For example, `n_estimators=200` with other optimal hyper-parameters also achieves the highest score of 0.841.
   - **`max_depth`:** Setting `max_depth=None` often leads to higher scores compared to a fixed value (e.g., 20).
   - **`max_features`:** Using `log2` for `max_features` tends to perform better than `sqrt`.
   - **`min_samples_leaf`:** Lower values (1) generally result in higher scores.
   - **`min_samples_split`:** Values of 2 or 5 are common, with 2 often performing slightly better.

3. **Highlight Promising Hyper-parameter Combinations:**
   - `n_estimators=300`, `max_depth=None`, `max_features=log2`, `min_samples_leaf=1`, `min_samples_split=2` (mean score: 0.84)
   - `n_estimators=200`, `max_depth=None`, `max_features=log2`, `min_samples_leaf=1`, `min_samples_split=2` (mean score: 0.841)
   - `n_estimators=300`, `max_depth=None`, `max_features=sqrt`, `min_samples_leaf=1`, `min_samples_split=2` (mean score: 0.84)

### Optimization Recommendation

Based on the analysis, here are the recommended hyper-parameters for the next 3 trials:

1. **Trial 1:**
   - Increase `n_estimators` to 250 and test with `max_depth=None`, `max_features=log2`, `min_samples_leaf=1`, `min_samples_split=2`.
   - Reason: Exploring a mid-range value for `n_estimators` while keeping other optimal parameters.

2. **Trial 2:**
   - Test `max_depth=30` with `n_estimators=300`, `max_features=log2`, `min_samples_leaf=1`, `min_samples_split=2`.
   - Reason: Exploring a higher value for `max_depth` to see if it improves performance further.

3. **Trial 3:**
   - Test `min_samples_leaf=2` with `n_estimators=300`, `max_depth=None`, `max_features=log2`, `min_samples_split=5`.
   - Reason: Exploring a slightly higher value for `min_samples_leaf` and `min_samples_split` to see if it balances overfitting.

### Experiment Planning

```yaml
trials:
- params:
    max_depth: None
    max_features: log2
    min_samples_leaf: '1'
    min_samples_split: '2'
    n_estimators: '250'
  mean_score: 0.0
- params:
    max_depth: '30'
    max_features: log2
    min_samples_leaf: '1'
    min_samples_split: '2'
    n_estimators: '300'
  mean_score: 0.0
- params:
    max_depth: None
    max_features: log2
    min_samples_leaf: '2'
    min_samples_split: '5'
    n_estimators: '300'
  mean_score: 0.0
```

### Stop Optimization

Answer: No with confidence score: 0.75

The current highest mean score is 0.841, which is good but not necessarily the best possible. There is still room for improvement by exploring different hyper-parameters as suggested.


boston_train_qwen2.5:72b2 - 2025-02-25 14:04:24, 0:0:53:40.401662 - ## Round 31
boston_train_qwen2.5:72b2 - 2025-02-25 14:04:24, 0:0:53:40.402553 - ## Failed 33
boston_train_qwen2.5:72b2 - 2025-02-25 14:04:24, 0:0:55:50.785798 - ### Analysis of Current Trials

1. **Summarize Performance Metrics**
   - The mean scores for the trials range from 0.802 to 0.841.
   - The highest mean score is 0.841, achieved by two hyper-parameter combinations:
     - `n_estimators: 200`, `max_depth: None`, `max_features: sqrt`, `min_samples_split: 2`, `min_samples_leaf: 1`
     - `n_estimators: 200`, `max_depth: None`, `max_features: log2`, `min_samples_split: 2`, `min_samples_leaf: 1`
   - The lowest mean score is 0.802, achieved by:
     - `n_estimators: 100`, `max_depth: None`, `max_features: log2`, `min_samples_split: 2`, `min_samples_leaf: 5`

2. **Evaluate Performance Trends for Hyper-Parameters**
   - **`n_estimators`**: Higher values of `n_estimators` (200 and 300) generally lead to better performance compared to lower values (100).
   - **`max_depth`**: Setting `max_depth` to `None` tends to perform better than setting it to a fixed value (e.g., 20).
   - **`max_features`**: Both `sqrt` and `log2` have shown good performance, with slight variations.
   - **`min_samples_split`**: Lower values (2) generally lead to better performance compared to higher values (5).
   - **`min_samples_leaf`**: Similar to `min_samples_split`, lower values (1) tend to perform better.

3. **Highlight Promising Hyper-Parameter Combinations**
   - `n_estimators: 200`, `max_depth: None`, `max_features: sqrt`, `min_samples_split: 2`, `min_samples_leaf: 1`
   - `n_estimators: 200`, `max_depth: None`, `max_features: log2`, `min_samples_split: 2`, `min_samples_leaf: 1`
   - `n_estimators: 300`, `max_depth: None`, `max_features: sqrt`, `min_samples_split: 2`, `min_samples_leaf: 1`

### Optimization Recommendation

Based on the hyper-parameter analysis and observed performance trends, here are the recommended hyper-parameters for the next 3 trials:

1. **Trial 1**
   - `n_estimators: 300`
   - `max_depth: None`
   - `max_features: sqrt`
   - `min_samples_split: 2`
   - `min_samples_leaf: 5`

   Reason: This combination is a variation of the highest-performing configurations, with a higher `min_samples_leaf` to explore potential overfitting reduction.

2. **Trial 2**
   - `n_estimators: 300`
   - `max_depth: None`
   - `max_features: log2`
   - `min_samples_split: 5`
   - `min_samples_leaf: 1`

   Reason: This combination explores a higher `min_samples_split` with the highest-performing `n_estimators` and `max_depth`.

3. **Trial 3**
   - `n_estimators: 200`
   - `max_depth: None`
   - `max_features: log2`
   - `min_samples_split: 5`
   - `min_samples_leaf: 5`

   Reason: This combination explores a higher `min_samples_split` and `min_samples_leaf` to further investigate potential overfitting reduction.

### Experiment Planning

```yaml
trials:
- params:
    max_depth: None
    max_features: sqrt
    min_samples_leaf: '5'
    min_samples_split: '2'
    n_estimators: '300'
  mean_score: 0.841
- params:
    max_depth: None
    max_features: log2
    min_samples_leaf: '1'
    min_samples_split: '5'
    n_estimators: '300'
  mean_score: 0.841
- params:
    max_depth: None
    max_features: log2
    min_samples_leaf: '5'
    min_samples_split: '5'
    n_estimators: '200'
  mean_score: 0.841
```

### Stop Optimization

Answer: No with confidence score: 0.95

The current highest performance is 0.841, which is close to the threshold for high performance but not yet optimal. Further exploration of hyper-parameters could potentially yield better results.


boston_train_qwen2.5:72b2 - 2025-02-25 14:04:24, 0:0:55:50.799103 - ## Round 32
boston_train_qwen2.5:72b2 - 2025-02-25 14:04:24, 0:0:55:50.800031 - ## Failed 34
boston_train_qwen2.5:72b2 - 2025-02-25 14:04:24, 0:0:57:24.118149 - ### Analysis of Current Trials

1. **Summarize Performance Metrics**:
   - The highest mean score observed is 0.841.
   - The lowest mean score observed is 0.802.
   - Most trials have a mean score between 0.82 and 0.84.

2. **Evaluate Performance Trends for Hyper-parameters**:
   - **n_estimators**: Higher values (300) generally perform better than lower values (100).
   - **max_depth**: `None` often performs better than a fixed depth of '20'.
   - **max_features**: `log2` tends to perform slightly better than `sqrt`.
   - **min_samples_split** and **min_samples_leaf**: Lower values (1-2) generally perform better than higher values (5).

3. **Highlight Promising Hyper-parameter Combinations**:
   - `n_estimators: 300`, `max_depth: None`, `max_features: log2`, `min_samples_leaf: 1`, `min_samples_split: 2` (mean score: 0.84)
   - `n_estimators: 200`, `max_depth: None`, `max_features: sqrt`, `min_samples_leaf: 1`, `min_samples_split: 2` (mean score: 0.841)

### Optimization Recommendation

Based on the analysis, here are three new hyper-parameter combinations to test in the next trials:

1. **Suggested Hyper-parameters for Trial 1**:
   - `n_estimators: 300`
   - `max_depth: None`
   - `max_features: log2`
   - `min_samples_leaf: 2`
   - `min_samples_split: 3`

2. **Suggested Hyper-parameters for Trial 2**:
   - `n_estimators: 250`
   - `max_depth: None`
   - `max_features: sqrt`
   - `min_samples_leaf: 1`
   - `min_samples_split: 2`

3. **Suggested Hyper-parameters for Trial 3**:
   - `n_estimators: 200`
   - `max_depth: 15`
   - `max_features: log2`
   - `min_samples_leaf: 1`
   - `min_samples_split: 2`

### Experiment Planning

```yaml
trials:
- params:
    max_depth: None
    max_features: log2
    min_samples_leaf: '2'
    min_samples_split: '3'
    n_estimators: '300'
  mean_score: null
- params:
    max_depth: None
    max_features: sqrt
    min_samples_leaf: '1'
    min_samples_split: '2'
    n_estimators: '250'
  mean_score: null
- params:
    max_depth: '15'
    max_features: log2
    min_samples_leaf: '1'
    min_samples_split: '2'
    n_estimators: '200'
  mean_score: null
```

### Stop Optimization

Answer: No with confidence score: 0.841


boston_train_qwen2.5:72b2 - 2025-02-25 14:04:24, 0:0:57:24.129308 - ## Round 33
boston_train_qwen2.5:72b2 - 2025-02-25 14:04:24, 0:0:57:24.130189 - ## Failed 35
boston_train_qwen2.5:72b2 - 2025-02-25 14:04:24, 0:0:59:24.186156 - ### Analysis of Current Trials

1. **Summarize Performance Metrics**:
   - The mean scores range from 0.802 to 0.841.
   - The highest mean score is 0.841, achieved by two configurations: 
     - `n_estimators: 200`, `max_depth: None`, `min_samples_split: 2`, `min_samples_leaf: 1`, `max_features: sqrt`
     - `n_estimators: 200`, `max_depth: None`, `min_samples_split: 2`, `min_samples_leaf: 1`, `max_features: log2`

2. **Evaluate Performance Trends for Hyper-parameters**:
   - **`n_estimators`**: Higher values (300) do not necessarily lead to better performance. Both 200 and 300 have been used in the top-performing configurations.
   - **`max_depth`**: `None` generally performs better than a fixed depth of 20.
   - **`min_samples_split`**: Lower values (2) tend to perform better than higher values (5).
   - **`min_samples_leaf`**: Lower values (1) tend to perform better than higher values (5).
   - **`max_features`**: Both `sqrt` and `log2` have performed well, but `log2` slightly outperforms `sqrt` in the top configurations.

3. **Highlight Promising Hyper-parameter Combinations**:
   - `n_estimators: 200`, `max_depth: None`, `min_samples_split: 2`, `min_samples_leaf: 1`, `max_features: log2`
   - `n_estimators: 200`, `max_depth: None`, `min_samples_split: 2`, `min_samples_leaf: 1`, `max_features: sqrt`

### Optimization Recommendation

Based on the analysis, here are three new hyper-parameter combinations to test:

1. **Combination 1**:
   - `n_estimators: 300`
   - `max_depth: None`
   - `min_samples_split: 2`
   - `min_samples_leaf: 1`
   - `max_features: log2`

   **Reason**: This combination has not been tested yet and aligns with the trends observed (higher `n_estimators`, no depth limit, lower `min_samples_split` and `min_samples_leaf`, and `log2` for `max_features`).

2. **Combination 2**:
   - `n_estimators: 300`
   - `max_depth: None`
   - `min_samples_split: 2`
   - `min_samples_leaf: 1`
   - `max_features: sqrt`

   **Reason**: Similar to Combination 1 but with `sqrt` for `max_features`, which has also performed well in other configurations.

3. **Combination 3**:
   - `n_estimators: 200`
   - `max_depth: 20`
   - `min_samples_split: 2`
   - `min_samples_leaf: 1`
   - `max_features: log2`

   **Reason**: This combination tests a fixed depth of 20 with the other parameters set to values that have performed well, providing a different perspective on the impact of `max_depth`.

### Experiment Planning

```yaml
trials:
- params:
    max_depth: None
    max_features: log2
    min_samples_leaf: '1'
    min_samples_split: '2'
    n_estimators: '300'
  mean_score: 
- params:
    max_depth: None
    max_features: sqrt
    min_samples_leaf: '1'
    min_samples_split: '2'
    n_estimators: '300'
  mean_score: 
- params:
    max_depth: '20'
    max_features: log2
    min_samples_leaf: '1'
    min_samples_split: '2'
    n_estimators: '200'
  mean_score: 
```

### Stop Optimization

Answer: No with confidence score: 0.95

The current best performance is 0.841, which is high but not necessarily the highest possible. Given the trends observed, there is still potential for improvement by testing the suggested new combinations.


boston_train_qwen2.5:72b2 - 2025-02-25 14:04:24, 0:0:59:24.203213 - ## Round 34
boston_train_qwen2.5:72b2 - 2025-02-25 14:04:24, 0:0:59:24.204088 - ## Failed 36
boston_train_qwen2.5:72b2 - 2025-02-25 14:04:24, 0:1:01:12.078352 - ### Analysis of Current Trials

1. **Summarize Performance Metrics**:
   - The mean scores range from 0.802 to 0.84.
   - The highest mean score is 0.84, achieved by multiple combinations of hyper-parameters.

2. **Evaluate Performance Trends for Hyper-Parameters**:
   - **`n_estimators`**: Higher values (300) generally perform better than lower values (100).
   - **`max_depth`**: `None` (unlimited depth) tends to perform slightly better than a fixed depth of 20.
   - **`max_features`**: Both `sqrt` and `log2` have high-performing combinations, but `log2` is more consistent.
   - **`min_samples_leaf`**: Smaller values (1) generally perform better than larger values (5).
   - **`min_samples_split`**: Smaller values (2) generally perform better than larger values (5).

3. **Highlight Promising Hyper-Parameter Combinations**:
   - `n_estimators: 300`, `max_depth: None`, `max_features: log2`, `min_samples_leaf: 1`, `min_samples_split: 2` with a mean score of 0.84.
   - `n_estimators: 200`, `max_depth: None`, `max_features: sqrt`, `min_samples_leaf: 1`, `min_samples_split: 2` with a mean score of 0.841.

### Optimization Recommendation

Based on the analysis, here are the recommended hyper-parameters for the next 3 trials to improve model performance:

1. **Trial 1**:
   - **Reason**: Explore the combination of higher `n_estimators` and `max_depth` with different `min_samples_split`.
   ```yaml
   params:
     max_depth: '20'
     max_features: log2
     min_samples_leaf: '1'
     min_samples_split: '3'
     n_estimators: '300'
   ```

2. **Trial 2**:
   - **Reason**: Test a higher `min_samples_split` with `max_depth: None` and `sqrt` for `max_features`.
   ```yaml
   params:
     max_depth: None
     max_features: sqrt
     min_samples_leaf: '1'
     min_samples_split: '3'
     n_estimators: '200'
   ```

3. **Trial 3**:
   - **Reason**: Explore the combination of `max_depth: 20` with a higher `min_samples_leaf`.
   ```yaml
   params:
     max_depth: '20'
     max_features: log2
     min_samples_leaf: '2'
     min_samples_split: '2'
     n_estimators: '300'
   ```

### Experiment Planning

```yaml
trials:
- params:
    max_depth: '20'
    max_features: log2
    min_samples_leaf: '1'
    min_samples_split: '3'
    n_estimators: '300'
  mean_score: null
- params:
    max_depth: None
    max_features: sqrt
    min_samples_leaf: '1'
    min_samples_split: '3'
    n_estimators: '200'
  mean_score: null
- params:
    max_depth: '20'
    max_features: log2
    min_samples_leaf: '2'
    min_samples_split: '2'
    n_estimators: '300'
  mean_score: null
```

### Stop Optimization

Answer: No with confidence score: 0.84

The current best performance is 0.84, which is high but not necessarily at the peak of potential improvement. Further optimization could still yield better results.


boston_train_qwen2.5:72b2 - 2025-02-25 14:04:24, 0:1:01:12.087105 - ## Round 34
boston_train_qwen2.5:72b2 - 2025-02-25 14:04:24, 0:1:01:12.087963 - ## Failed 37
boston_train_qwen2.5:72b2 - 2025-02-25 14:04:24, 0:1:03:10.126636 - ### Analysis of Current Trials

1. **Summarize Performance Metrics**
   - The best mean score achieved is 0.84.
   - Several combinations achieve this top score, including:
     - `n_estimators=300`, `max_depth=None`, `min_samples_split=2`, `min_samples_leaf=1`, `max_features=sqrt`
     - `n_estimators=200`, `max_depth=None`, `min_samples_split=2`, `min_samples_leaf=1`, `max_features=sqrt`
     - `n_estimators=300`, `max_depth=None`, `min_samples_split=2`, `min_samples_leaf=1`, `max_features=log2`
   - The lowest mean score is 0.8, achieved by:
     - `n_estimators=300`, `max_depth=None`, `min_samples_split=2`, `min_samples_leaf=5`, `max_features=sqrt`

2. **Evaluate Performance Trends for Hyper-parameters**
   - **`n_estimators`**: Higher values (300) generally perform better than lower values (100 and 200).
   - **`max_depth`**: Setting `max_depth=None` often results in higher scores compared to a fixed depth of 20.
   - **`min_samples_split`**: A value of 2 tends to outperform 5.
   - **`min_samples_leaf`**: A value of 1 generally performs better than 2 and 5.
   - **`max_features`**: Both `sqrt` and `log2` perform well, but there is a slight preference for `sqrt`.

3. **Highlight Promising Hyper-parameter Combinations**
   - `n_estimators=300`, `max_depth=None`, `min_samples_split=2`, `min_samples_leaf=1`, `max_features=sqrt`
   - `n_estimators=200`, `max_depth=None`, `min_samples_split=2`, `min_samples_leaf=1`, `max_features=sqrt`
   - `n_estimators=300`, `max_depth=None`, `min_samples_split=2`, `min_samples_leaf=1`, `max_features=log2`

### Optimization Recommendation

Based on the hyper-parameter analysis, observed performance trends, and the given search space, here are the best hyper-parameters for the next 3 trials to improve model performance:

1. **Trial 1**
   - `n_estimators=200`, `max_depth=None`, `min_samples_split=2`, `min_samples_leaf=1`, `max_features=log2`
   - Reason: This combination has not been tested and aligns with the trends observed (high `n_estimators`, `max_depth=None`, low `min_samples_split` and `min_samples_leaf`).

2. **Trial 2**
   - `n_estimators=300`, `max_depth=None`, `min_samples_split=5`, `min_samples_leaf=1`, `max_features=sqrt`
   - Reason: This combination has not been tested and maintains high `n_estimators` and `max_depth=None` while exploring a higher `min_samples_split`.

3. **Trial 3**
   - `n_estimators=200`, `max_depth=20`, `min_samples_split=2`, `min_samples_leaf=1`, `max_features=sqrt`
   - Reason: This combination has not been tested and explores the impact of a fixed `max_depth` with high performance trends.

### Experiment Planning

```yaml
trials:
- params:
    max_depth: None
    max_features: log2
    min_samples_leaf: '1'
    min_samples_split: '2'
    n_estimators: '200'
  mean_score: null
- params:
    max_depth: None
    max_features: sqrt
    min_samples_leaf: '1'
    min_samples_split: '5'
    n_estimators: '300'
  mean_score: null
- params:
    max_depth: '20'
    max_features: sqrt
    min_samples_leaf: '1'
    min_samples_split: '2'
    n_estimators: '200'
  mean_score: null
```

### Stop Optimization

Answer: No with confidence score: 0.84


boston_train_qwen2.5:72b2 - 2025-02-25 14:04:24, 0:1:03:10.140523 - ## Round 35
boston_train_qwen2.5:72b2 - 2025-02-25 14:04:24, 0:1:03:10.141388 - ## Failed 38
boston_train_qwen2.5:72b2 - 2025-02-25 14:04:24, 0:1:05:04.960367 - ### Analysis of Current Trials

1. **Summarize Performance Metrics**:
   - The highest `mean_score` achieved is 0.841.
   - The lowest `mean_score` observed is 0.802.
   - Most trials have a `mean_score` in the range of 0.83 to 0.84.

2. **Evaluate Performance Trends for Hyper-parameters**:
   - **`n_estimators`**: Higher values (300) generally perform better than lower values (100 and 200).
   - **`max_depth`**: Both `None` and a fixed value of `20` have shown good performance, with no clear trend favoring one over the other.
   - **`max_features`**: Using `'sqrt'` tends to perform slightly better than `'log2'`.
   - **`min_samples_leaf`**: Lower values (1) generally perform better than higher values (5).
   - **`min_samples_split`**: Values of 2 and 5 have both shown good performance, but 2 seems to be slightly more consistent.

3. **Highlight Promising Hyper-parameter Combinations**:
   - `n_estimators: 300`, `max_depth: None`, `max_features: sqrt`, `min_samples_leaf: 1`, `min_samples_split: 2` (mean_score: 0.84)
   - `n_estimators: 200`, `max_depth: None`, `max_features: log2`, `min_samples_leaf: 1`, `min_samples_split: 2` (mean_score: 0.841)
   - `n_estimators: 200`, `max_depth: 20`, `max_features: sqrt`, `min_samples_leaf: 1`, `min_samples_split: 2` (mean_score: 0.841)

### Optimization Recommendation

Based on the analysis, here are the recommended hyper-parameters for the next 3 trials:

1. **Trial 1**:
   - **Reason**: Increase `n_estimators` to 400 to see if it can further improve performance.
   - **Params**:
     - `n_estimators: 400`
     - `max_depth: None`
     - `max_features: sqrt`
     - `min_samples_leaf: 1`
     - `min_samples_split: 2`

2. **Trial 2**:
   - **Reason**: Test a different combination of `max_depth` and `max_features` to explore the parameter space further.
   - **Params**:
     - `n_estimators: 300`
     - `max_depth: 15`
     - `max_features: log2`
     - `min_samples_leaf: 1`
     - `min_samples_split: 2`

3. **Trial 3**:
   - **Reason**: Explore the impact of increasing `min_samples_split` to 3 while keeping other parameters that have shown good performance.
   - **Params**:
     - `n_estimators: 300`
     - `max_depth: None`
     - `max_features: sqrt`
     - `min_samples_leaf: 1`
     - `min_samples_split: 3`

### Experiment Planning

```yaml
trials:
- params:
    n_estimators: '400'
    max_depth: None
    max_features: sqrt
    min_samples_leaf: '1'
    min_samples_split: '2'
- params:
    n_estimators: '300'
    max_depth: '15'
    max_features: log2
    min_samples_leaf: '1'
    min_samples_split: '2'
- params:
    n_estimators: '300'
    max_depth: None
    max_features: sqrt
    min_samples_leaf: '1'
    min_samples_split: '3'
```

### Stop Optimization

Answer: No with confidence score: 0.85

The current performance is high, but there is still room for improvement based on the trends observed. Testing new combinations could potentially yield even better results.


boston_train_qwen2.5:72b2 - 2025-02-25 14:04:24, 0:1:05:04.972751 - ## Round 36
boston_train_qwen2.5:72b2 - 2025-02-25 14:04:24, 0:1:05:04.973788 - ## Failed 39
boston_train_qwen2.5:72b2 - 2025-02-25 14:04:24, 0:1:07:05.398259 - ### Analysis of Current Trials

1. **Summarize Performance Metrics**:
   - The highest mean score observed is 0.841, achieved by multiple combinations.
   - The lowest mean score observed is 0.802, which is significantly lower than the top performers.

2. **Evaluate Performance Trends for Hyper-parameters**:
   - **n_estimators**: Higher values (300) generally perform better than lower values (100).
   - **max_depth**: Both `None` and `20` have high performance, but `None` tends to be slightly more consistent.
   - **max_features**: `log2` and `sqrt` both show strong performance, with no clear trend favoring one over the other.
   - **min_samples_leaf**: Lower values (1) generally perform better than higher values (5).
   - **min_samples_split**: Lower values (2) generally perform better than higher values (5).

3. **Highlight Promising Hyper-parameter Combinations**:
   - `n_estimators: 300`, `max_depth: None`, `max_features: log2`, `min_samples_leaf: 1`, `min_samples_split: 2` with a mean score of 0.84.
   - `n_estimators: 200`, `max_depth: None`, `max_features: log2`, `min_samples_leaf: 1`, `min_samples_split: 2` with a mean score of 0.841.
   - `n_estimators: 300`, `max_depth: None`, `max_features: sqrt`, `min_samples_leaf: 1`, `min_samples_split: 2` with a mean score of 0.84.

### Optimization Recommendation

Based on the analysis, here are the recommended hyper-parameters for the next 3 trials to improve model performance:

1. **Suggested Trial 1**:
   - **Reason**: Combining high `n_estimators` (300) with `max_depth: 20`, which has shown strong performance in other combinations.
   - ```yaml
     params:
       max_depth: '20'
       max_features: log2
       min_samples_leaf: '1'
       min_samples_split: '2'
       n_estimators: '300'
     ```

2. **Suggested Trial 2**:
   - **Reason**: Exploring a combination of `max_depth: 20` with `sqrt` for `max_features`, which has not been tested as much.
   - ```yaml
     params:
       max_depth: '20'
       max_features: sqrt
       min_samples_leaf: '1'
       min_samples_split: '2'
       n_estimators: '300'
     ```

3. **Suggested Trial 3**:
   - **Reason**: Testing a combination of `max_depth: None` with higher `min_samples_split` (5) to see if it can still maintain high performance.
   - ```yaml
     params:
       max_depth: None
       max_features: log2
       min_samples_leaf: '1'
       min_samples_split: '5'
       n_estimators: '300'
     ```

### Experiment Planning

```yaml
trials:
- params:
    max_depth: '20'
    max_features: log2
    min_samples_leaf: '1'
    min_samples_split: '2'
    n_estimators: '300'
  mean_score: 0.841
- params:
    max_depth: '20'
    max_features: sqrt
    min_samples_leaf: '1'
    min_samples_split: '2'
    n_estimators: '300'
  mean_score: 0.841
- params:
    max_depth: None
    max_features: log2
    min_samples_leaf: '1'
    min_samples_split: '5'
    n_estimators: '300'
  mean_score: 0.841
```

### Stop Optimization

Answer: No with confidence score: 0.75

The current performance is already quite high (mean scores around 0.84), but there is still room for improvement by exploring the suggested hyper-parameters. Therefore, it is recommended to continue optimization.


boston_train_qwen2.5:72b2 - 2025-02-25 14:04:24, 0:1:07:05.408099 - ## Round 36
boston_train_qwen2.5:72b2 - 2025-02-25 14:04:24, 0:1:07:05.408971 - ## Failed 40
boston_train_qwen2.5:72b2 - 2025-02-25 14:04:24, 0:1:08:49.703312 - ### Analysis of Current Trials

1. **Summarize Performance Metrics**:
   - The mean scores range from 0.802 to 0.841.
   - The highest mean score is 0.841, achieved by multiple combinations of hyper-parameters.

2. **Evaluate Performance Trends for Hyper-Parameters**:
   - **`n_estimators`**: Higher values (300) generally perform better than lower values (100).
   - **`max_depth`**: Both `None` and `'20'` are effective, with no clear trend favoring one over the other.
   - **`max_features`**: `'sqrt'` tends to perform slightly better than `'log2'`.
   - **`min_samples_leaf`**: Lower values (1) generally perform better than higher values (5).
   - **`min_samples_split`**: Lower values (2) tend to perform better than higher values (5).

3. **Highlight Promising Hyper-Parameter Combinations**:
   - `n_estimators: 300`, `max_depth: None`, `max_features: sqrt`, `min_samples_leaf: 1`, `min_samples_split: 2` with a mean score of 0.84.
   - `n_estimators: 200`, `max_depth: None`, `max_features: log2`, `min_samples_leaf: 1`, `min_samples_split: 2` with a mean score of 0.841.

### Optimization Recommendation

Based on the analysis, here are three new hyper-parameter combinations to test:

1. **Combination 1**:
   - `n_estimators: 300`
   - `max_depth: 20`
   - `max_features: log2`
   - `min_samples_leaf: 1`
   - `min_samples_split: 2`
   - Reason: Combining the best-performing values from different combinations to see if it can further improve performance.

2. **Combination 2**:
   - `n_estimators: 200`
   - `max_depth: None`
   - `max_features: sqrt`
   - `min_samples_leaf: 1`
   - `min_samples_split: 5`
   - Reason: Testing a higher `min_samples_split` with the best-performing values to see if it can balance overfitting and performance.

3. **Combination 3**:
   - `n_estimators: 300`
   - `max_depth: None`
   - `max_features: log2`
   - `min_samples_leaf: 2`
   - `min_samples_split: 5`
   - Reason: Testing a slightly higher `min_samples_leaf` and `min_samples_split` to see if it can improve generalization.

### Experiment Planning

```yaml
trials:
- params:
    max_depth: '20'
    max_features: log2
    min_samples_leaf: '1'
    min_samples_split: '2'
    n_estimators: '300'
  mean_score: null
- params:
    max_depth: None
    max_features: sqrt
    min_samples_leaf: '1'
    min_samples_split: '5'
    n_estimators: '200'
  mean_score: null
- params:
    max_depth: None
    max_features: log2
    min_samples_leaf: '2'
    min_samples_split: '5'
    n_estimators: '300'
  mean_score: null
```

### Stop Optimization

Answer: No with confidence score: 0.85

The current best performance is 0.841, which is quite high but not necessarily the peak. Further exploration could potentially lead to better results.


boston_train_qwen2.5:72b2 - 2025-02-25 14:04:24, 0:1:08:49.715403 - ## Round 37
boston_train_qwen2.5:72b2 - 2025-02-25 14:04:24, 0:1:08:49.716285 - ## Failed 41
boston_train_qwen2.5:72b2 - 2025-02-25 14:04:24, 0:1:10:45.369855 - ### Analysis of Current Trials

1. **Summarize Performance Metrics**:
   - The highest mean score achieved is 0.841.
   - The lowest mean score achieved is 0.802.
   - Most trials have a mean score between 0.827 and 0.84.

2. **Evaluate Performance Trends for Hyper-Parameters**:
   - **`n_estimators`**: Higher values (300) tend to perform better, with multiple instances achieving scores of 0.84.
   - **`max_depth`**: Trials with `max_depth=None` generally outperform those with a fixed depth, especially when combined with other optimal parameters.
   - **`max_features`**: Using `sqrt` for `max_features` tends to perform better than `log2`, but both can achieve high scores.
   - **`min_samples_leaf`**: Lower values (1) tend to perform better, with a few exceptions where higher values are used.
   - **`min_samples_split`**: Lower values (2) generally outperform higher values (5), especially when combined with other optimal parameters.

3. **Highlight Promising Hyper-Parameter Combinations**:
   - `n_estimators=300`, `max_depth=None`, `max_features=sqrt`, `min_samples_leaf=1`, `min_samples_split=2` consistently achieves high scores.
   - `n_estimators=200`, `max_depth=None`, `max_features=log2`, `min_samples_leaf=1`, `min_samples_split=2` also performs well.

### Optimization Recommendation

Based on the analysis, here are the recommended hyper-parameters for the next 3 trials to improve model performance:

1. **Trial 1**:
   - **Reason**: Combine high `n_estimators` with `max_depth=None` and `max_features=sqrt`, while slightly increasing `min_samples_leaf` to explore if it can maintain or improve performance.
   - **Params**:
     ```yaml
     max_depth: None
     max_features: sqrt
     min_samples_leaf: 2
     min_samples_split: 2
     n_estimators: 300
     ```

2. **Trial 2**:
   - **Reason**: Test a lower `n_estimators` with `max_depth=None` and `max_features=sqrt`, while keeping `min_samples_leaf=1` and `min_samples_split=5` to see if this combination can achieve high performance.
   - **Params**:
     ```yaml
     max_depth: None
     max_features: sqrt
     min_samples_leaf: 1
     min_samples_split: 5
     n_estimators: 200
     ```

3. **Trial 3**:
   - **Reason**: Explore a fixed `max_depth` with high `n_estimators`, while using `max_features=log2` and lower `min_samples_leaf` and `min_samples_split` to see if this combination can achieve better performance.
   - **Params**:
     ```yaml
     max_depth: 30
     max_features: log2
     min_samples_leaf: 1
     min_samples_split: 2
     n_estimators: 300
     ```

### Experiment Planning

```yaml
trials:
- params:
    max_depth: None
    max_features: sqrt
    min_samples_leaf: 2
    min_samples_split: 2
    n_estimators: 300
- params:
    max_depth: None
    max_features: sqrt
    min_samples_leaf: 1
    min_samples_split: 5
    n_estimators: 200
- params:
    max_depth: 30
    max_features: log2
    min_samples_leaf: 1
    min_samples_split: 2
    n_estimators: 300
```

### Stop Optimization

Answer: No with confidence score: 0.85

The current highest mean score is 0.841, which is high but not yet at a level where further optimization would be redundant. Therefore, it is recommended to continue the optimization process to potentially achieve even higher performance.


boston_train_qwen2.5:72b2 - 2025-02-25 14:04:24, 0:1:10:45.379429 - ## Round 37
boston_train_qwen2.5:72b2 - 2025-02-25 14:04:24, 0:1:10:45.380271 - ## Failed 42
boston_train_qwen2.5:72b2 - 2025-02-25 14:04:24, 0:1:12:39.606245 - ### Analysis of Current Trials

1. **Summarize Performance Metrics**:
   - The highest mean score achieved is 0.841.
   - The lowest mean score achieved is 0.802.
   - Commonly tested hyper-parameters include `n_estimators` (with values 200 and 300), `max_depth` (None and 20), `max_features` (log2 and sqrt), `min_samples_split` (2 and 5), and `min_samples_leaf` (1, 2, and 5).

2. **Evaluate Performance Trends for Hyper-Parameters**:
   - **n_estimators**: Higher values of `n_estimators` (300) generally perform better than lower values (200).
   - **max_depth**: Setting `max_depth` to None often results in higher mean scores compared to setting it to 20.
   - **max_features**: Using `sqrt` for `max_features` tends to yield slightly better performance than using `log2`.
   - **min_samples_split**: Lower values (2) generally perform better than higher values (5).
   - **min_samples_leaf**: Lower values (1 and 2) tend to perform better than higher values (5).

3. **Highlight Promising Hyper-Parameter Combinations**:
   - `n_estimators: 300`, `max_depth: None`, `max_features: sqrt`, `min_samples_split: 2`, `min_samples_leaf: 1` with a mean score of 0.84.
   - `n_estimators: 200`, `max_depth: 20`, `max_features: log2`, `min_samples_split: 2`, `min_samples_leaf: 1` with a mean score of 0.841.

### Optimization Recommendation

Based on the hyper-parameter analysis and observed performance trends, here are the recommended hyper-parameters for the next 3 trials:

1. **Trial 1**:
   - Reason: Increase `max_depth` to 20 while keeping other promising parameters.
   - Suggested Hyper-Parameters: `n_estimators: 300`, `max_depth: 20`, `max_features: sqrt`, `min_samples_split: 2`, `min_samples_leaf: 1`.

2. **Trial 2**:
   - Reason: Test a higher value for `min_samples_leaf` while keeping other parameters promising.
   - Suggested Hyper-Parameters: `n_estimators: 300`, `max_depth: None`, `max_features: sqrt`, `min_samples_split: 2`, `min_samples_leaf: 2`.

3. **Trial 3**:
   - Reason: Test a higher value for `min_samples_split` while keeping other parameters promising.
   - Suggested Hyper-Parameters: `n_estimators: 300`, `max_depth: None`, `max_features: log2`, `min_samples_split: 5`, `min_samples_leaf: 1`.

### Experiment Planning

```yaml
trials:
- params:
    max_depth: '20'
    max_features: sqrt
    min_samples_leaf: '1'
    min_samples_split: '2'
    n_estimators: '300'
  mean_score: 0.841
- params:
    max_depth: None
    max_features: sqrt
    min_samples_leaf: '2'
    min_samples_split: '2'
    n_estimators: '300'
  mean_score: 0.84
- params:
    max_depth: None
    max_features: log2
    min_samples_leaf: '1'
    min_samples_split: '5'
    n_estimators: '300'
  mean_score: 0.833
```

### Stop Optimization

Answer: No with confidence score: 0.95

The current highest mean score is 0.841, which is close to the optimal performance for many applications. However, there is still room for improvement by exploring the suggested hyper-parameters in the next trials.


boston_train_qwen2.5:72b2 - 2025-02-25 14:04:24, 0:1:12:39.618795 - ## Round 38
boston_train_qwen2.5:72b2 - 2025-02-25 14:04:24, 0:1:12:39.619667 - ## Failed 43
boston_train_qwen2.5:72b2 - 2025-02-25 14:04:24, 0:1:14:20.403912 - ### Analysis of Current Trials

1. **Summarize Performance Metrics**
   - The highest `mean_score` achieved is 0.841.
   - The lowest `mean_score` is 0.802.
   - Most trials have a `mean_score` in the range of 0.83 to 0.84.

2. **Evaluate Performance Trends for Hyper-parameters**
   - **`n_estimators`**: Higher values (300) generally perform better than lower values (100 and 200).
   - **`max_depth`**: `None` tends to perform better than a fixed depth of 20.
   - **`max_features`**: Both `log2` and `sqrt` perform well, with slight preference for `log2`.
   - **`min_samples_leaf`**: Smaller values (1) generally perform better than larger values (5).
   - **`min_samples_split`**: Smaller values (2) generally perform better than larger values (5).

3. **Highlight Promising Hyper-parameter Combinations**
   - `n_estimators: 300`, `max_depth: None`, `max_features: log2`, `min_samples_leaf: 1`, `min_samples_split: 2` with a mean score of 0.84.
   - `n_estimators: 200`, `max_depth: None`, `max_features: log2`, `min_samples_leaf: 1`, `min_samples_split: 2` with a mean score of 0.841.

### Optimization Recommendation

Based on the analysis, the following hyper-parameters are recommended for the next 3 trials to improve model performance:

1. **Trial 1**
   - **Reason**: Increase `n_estimators` to 300 while keeping other parameters optimal.
   ```yaml
   params:
     max_depth: None
     max_features: log2
     min_samples_leaf: 1
     min_samples_split: 2
     n_estimators: 300
   ```

2. **Trial 2**
   - **Reason**: Test a slightly different combination by changing `max_features` to `sqrt`.
   ```yaml
   params:
     max_depth: None
     max_features: sqrt
     min_samples_leaf: 1
     min_samples_split: 2
     n_estimators: 300
   ```

3. **Trial 3**
   - **Reason**: Test a different combination by increasing `min_samples_split` to 3.
   ```yaml
   params:
     max_depth: None
     max_features: log2
     min_samples_leaf: 1
     min_samples_split: 3
     n_estimators: 300
   ```

### Experiment Planning

```yaml
trials:
- params:
    max_depth: None
    max_features: log2
    min_samples_leaf: 1
    min_samples_split: 2
    n_estimators: 300
  mean_score: null
- params:
    max_depth: None
    max_features: sqrt
    min_samples_leaf: 1
    min_samples_split: 2
    n_estimators: 300
  mean_score: null
- params:
    max_depth: None
    max_features: log2
    min_samples_leaf: 1
    min_samples_split: 3
    n_estimators: 300
  mean_score: null
```

### Stop Optimization

Answer: No with confidence score: 0.85


boston_train_qwen2.5:72b2 - 2025-02-25 14:04:24, 0:1:14:20.412316 - ## Round 38
boston_train_qwen2.5:72b2 - 2025-02-25 14:04:24, 0:1:14:20.413158 - ## Failed 44
boston_train_qwen2.5:72b2 - 2025-02-25 14:04:24, 0:1:16:01.621208 - ### Analysis of Current Trials

1. **Summarize Performance Metrics**:
   - The best mean score achieved is 0.841.
   - The worst mean score achieved is 0.802.
   - Most trials achieve scores between 0.827 and 0.84.

2. **Evaluate Performance Trends for Hyper-Parameters**:
   - `n_estimators`: Higher values (300) generally lead to better performance, but there are exceptions.
   - `max_depth`: `None` tends to perform slightly better than fixed depths, but not consistently.
   - `max_features`: `log2` performs better in most cases compared to `sqrt`.
   - `min_samples_leaf` and `min_samples_split`: Lower values (1 or 2) generally lead to better performance, with some exceptions.

3. **Highlight Promising Hyper-Parameter Combinations**:
   - `n_estimators: 300`, `max_depth: None`, `max_features: log2`, `min_samples_leaf: 1`, `min_samples_split: 2` (Mean score: 0.84).
   - `n_estimators: 200`, `max_depth: None`, `max_features: log2`, `min_samples_leaf: 1`, `min_samples_split: 2` (Mean score: 0.841).

### Optimization Recommendation

Based on the analysis, here are the recommended hyper-parameters for the next 3 trials:

1. **Trial 1**:
   - Reason: Test a higher value of `n_estimators` with `max_depth: 50` to see if it improves performance.
   - Suggested Hyper-Parameters:
     ```yaml
     max_depth: '50'
     max_features: log2
     min_samples_leaf: '1'
     min_samples_split: '2'
     n_estimators: '300'
     ```

2. **Trial 2**:
   - Reason: Test a lower value of `min_samples_split` with `max_depth: None` to see if it improves performance.
   - Suggested Hyper-Parameters:
     ```yaml
     max_depth: None
     max_features: log2
     min_samples_leaf: '1'
     min_samples_split: '3'
     n_estimators: '300'
     ```

3. **Trial 3**:
   - Reason: Test a higher value of `min_samples_leaf` with `max_depth: 50` to see if it improves performance.
   - Suggested Hyper-Parameters:
     ```yaml
     max_depth: '50'
     max_features: log2
     min_samples_leaf: '3'
     min_samples_split: '2'
     n_estimators: '300'
     ```

### Experiment Planning

```yaml
trials:
- params:
    max_depth: '50'
    max_features: log2
    min_samples_leaf: '1'
    min_samples_split: '2'
    n_estimators: '300'
  mean_score: null
- params:
    max_depth: None
    max_features: log2
    min_samples_leaf: '1'
    min_samples_split: '3'
    n_estimators: '300'
  mean_score: null
- params:
    max_depth: '50'
    max_features: log2
    min_samples_leaf: '3'
    min_samples_split: '2'
    n_estimators: '300'
  mean_score: null
```

### Stop Optimization

Answer: No with confidence score: 0.85


boston_train_qwen2.5:72b2 - 2025-02-25 14:04:24, 0:1:16:01.629163 - ## Round 38
boston_train_qwen2.5:72b2 - 2025-02-25 14:04:24, 0:1:16:01.630002 - ## Failed 45
boston_train_qwen2.5:72b2 - 2025-02-25 14:04:24, 0:1:17:43.746329 - ### Analysis of Current Trials

1. **Summarize Performance Metrics**
   - The best mean score achieved so far is 0.841.
   - The worst mean score achieved so far is 0.802.
   - The average mean score across all trials is approximately 0.825.

2. **Evaluate Performance Trends for Hyper-parameters**
   - `n_estimators`: Increasing the number of estimators from 100 to 300 generally improves performance, but not always significantly.
   - `max_depth`: Setting `max_depth` to `None` (unlimited depth) tends to perform better than setting it to a fixed value like 20.
   - `min_samples_split`: Lower values of `min_samples_split` (e.g., 2) generally lead to better performance compared to higher values (e.g., 5).
   - `min_samples_leaf`: Similarly, lower values of `min_samples_leaf` (e.g., 1) tend to perform better.
   - `max_features`: Using `log2` for `max_features` often results in better performance compared to `sqrt`.

3. **Highlight Promising Hyper-parameter Combinations**
   - `n_estimators: 300`, `max_depth: None`, `min_samples_split: 2`, `min_samples_leaf: 1`, `max_features: log2`
   - `n_estimators: 200`, `max_depth: None`, `min_samples_split: 2`, `min_samples_leaf: 1`, `max_features: log2`

### Optimization Recommendation

Based on the analysis, the following hyper-parameters are recommended for the next 3 trials to improve model performance:

1. **Trial 1**
   - `n_estimators: 300`
   - `max_depth: None`
   - `min_samples_split: 2`
   - `min_samples_leaf: 2`
   - `max_features: log2`
   - Reason: This combination explores a slightly higher `min_samples_leaf` value while maintaining other promising parameters.

2. **Trial 2**
   - `n_estimators: 300`
   - `max_depth: None`
   - `min_samples_split: 3`
   - `min_samples_leaf: 1`
   - `max_features: log2`
   - Reason: This combination explores a slightly higher `min_samples_split` value while maintaining other promising parameters.

3. **Trial 3**
   - `n_estimators: 200`
   - `max_depth: None`
   - `min_samples_split: 2`
   - `min_samples_leaf: 1`
   - `max_features: sqrt`
   - Reason: This combination explores the use of `sqrt` for `max_features` while maintaining other promising parameters.

### Experiment Planning

```yaml
trials:
- params:
    max_depth: None
    max_features: log2
    min_samples_leaf: '2'
    min_samples_split: '2'
    n_estimators: '300'
  mean_score: 0.0
- params:
    max_depth: None
    max_features: log2
    min_samples_leaf: '1'
    min_samples_split: '3'
    n_estimators: '300'
  mean_score: 0.0
- params:
    max_depth: None
    max_features: sqrt
    min_samples_leaf: '1'
    min_samples_split: '2'
    n_estimators: '200'
  mean_score: 0.0
```

### Stop Optimization

Answer: No with confidence score: 0.85


boston_train_qwen2.5:72b2 - 2025-02-25 14:04:24, 0:1:17:43.758698 - ## Round 39
boston_train_qwen2.5:72b2 - 2025-02-25 14:04:24, 0:1:17:43.759597 - ## Failed 46
boston_train_qwen2.5:72b2 - 2025-02-25 14:04:24, 0:1:19:41.575100 - ### Analysis of Current Trials

1. **Summarize Performance Metrics**:
   - The highest mean score achieved is 0.841.
   - The lowest mean score achieved is 0.802.
   - Most trials have a mean score between 0.83 and 0.84.

2. **Evaluate Performance Trends for Hyper-Parameters**:
   - **`n_estimators`**: Higher values (200 and 300) generally perform better than lower values (100).
   - **`max_depth`**: `None` tends to perform slightly better than a fixed depth of '20'.
   - **`max_features`**: Both 'sqrt' and 'log2' have high-performing trials, but 'log2' seems to be more consistent.
   - **`min_samples_leaf`**: Lower values (1) generally perform better than higher values (5).
   - **`min_samples_split`**: Lower values (2) generally perform better than higher values (5).

3. **Highlight Promising Hyper-Parameter Combinations**:
   - `n_estimators: 300`, `max_depth: None`, `max_features: log2`, `min_samples_leaf: 1`, `min_samples_split: 2` (Mean score: 0.84)
   - `n_estimators: 200`, `max_depth: None`, `max_features: sqrt`, `min_samples_leaf: 1`, `min_samples_split: 2` (Mean score: 0.841)
   - `n_estimators: 300`, `max_depth: None`, `max_features: sqrt`, `min_samples_leaf: 1`, `min_samples_split: 2` (Mean score: 0.84)

### Optimization Recommendation

Based on the hyper-parameter analysis and observed performance trends, here are the best hyper-parameters for the next 3 trials to improve model performance:

1. **Trial 1**:
   - Reason: Increase `n_estimators` to 350 to see if it further improves performance.
   - Suggested Hyper-Parameters:
     - `n_estimators: 350`
     - `max_depth: None`
     - `max_features: log2`
     - `min_samples_leaf: 1`
     - `min_samples_split: 2`

2. **Trial 2**:
   - Reason: Test a slightly higher `min_samples_split` of 3 to see if it balances the model better.
   - Suggested Hyper-Parameters:
     - `n_estimators: 300`
     - `max_depth: None`
     - `max_features: log2`
     - `min_samples_leaf: 1`
     - `min_samples_split: 3`

3. **Trial 3**:
   - Reason: Test a higher `min_samples_leaf` of 2 to see if it helps with overfitting.
   - Suggested Hyper-Parameters:
     - `n_estimators: 300`
     - `max_depth: None`
     - `max_features: log2`
     - `min_samples_leaf: 2`
     - `min_samples_split: 2`

### Experiment Planning

```yaml
trials:
- params:
    max_depth: None
    max_features: log2
    min_samples_leaf: 1
    min_samples_split: 2
    n_estimators: 350
  mean_score: null
- params:
    max_depth: None
    max_features: log2
    min_samples_leaf: 1
    min_samples_split: 3
    n_estimators: 300
  mean_score: null
- params:
    max_depth: None
    max_features: log2
    min_samples_leaf: 2
    min_samples_split: 2
    n_estimators: 300
  mean_score: null
```

### Stop Optimization

Answer: No with confidence score: 0.85

The current performance is already quite high (mean scores around 0.84), but there is still room for improvement, especially by testing higher `n_estimators` and slight variations in other hyper-parameters.


boston_train_qwen2.5:72b2 - 2025-02-25 14:04:24, 0:1:19:41.592380 - ## Round 40
boston_train_qwen2.5:72b2 - 2025-02-25 14:04:24, 0:1:19:41.593264 - ## Failed 47
boston_train_qwen2.5:72b2 - 2025-02-25 14:04:24, 0:1:21:07.608512 - ### Analysis of Current Trials

1. **Summarize Performance Metrics**:
   - The mean scores range from 0.802 to 0.841.
   - The highest mean score is 0.841, achieved by multiple combinations of hyper-parameters.

2. **Evaluate Performance Trends for Hyper-Parameters**:
   - `n_estimators`: Higher values (300) generally perform better than lower values (100).
   - `max_depth`: None and 20 both show good performance, but None seems to be slightly more consistent.
   - `max_features`: log2 tends to outperform sqrt in most cases.
   - `min_samples_leaf` and `min_samples_split`: Lower values (1 and 2) generally perform better than higher values (5).

3. **Highlight Promising Hyper-Parameter Combinations**:
   - The best-performing combinations are those with `n_estimators=300`, `max_depth=None`, `max_features=log2`, and lower values for `min_samples_leaf` and `min_samples_split`.

### Optimization Recommendation

Based on the hyper-parameter analysis, observed performance trends, and the given search space, here are the recommended hyper-parameters for the next 3 trials to improve model performance:

1. **Trial 1**:
   - Suggested Hyper-Parameters: 
     - `n_estimators`: 200
     - `max_depth`: None
     - `max_features`: log2
     - `min_samples_leaf`: 2
     - `min_samples_split`: 3

2. **Trial 2**:
   - Suggested Hyper-Parameters: 
     - `n_estimators`: 300
     - `max_depth`: 15
     - `max_features`: log2
     - `min_samples_leaf`: 1
     - `min_samples_split`: 2

3. **Trial 3**:
   - Suggested Hyper-Parameters: 
     - `n_estimators`: 200
     - `max_depth`: None
     - `max_features`: sqrt
     - `min_samples_leaf`: 1
     - `min_samples_split`: 3

### Experiment Planning

```yaml
trials:
- params:
    max_depth: None
    max_features: log2
    min_samples_leaf: '2'
    min_samples_split: '3'
    n_estimators: '200'
  mean_score: null
- params:
    max_depth: '15'
    max_features: log2
    min_samples_leaf: '1'
    min_samples_split: '2'
    n_estimators: '300'
  mean_score: null
- params:
    max_depth: None
    max_features: sqrt
    min_samples_leaf: '1'
    min_samples_split: '3'
    n_estimators: '200'
  mean_score: null
```

### Stop Optimization

Answer: No with confidence score: 0.85


boston_train_qwen2.5:72b2 - 2025-02-25 14:04:24, 0:1:21:07.620228 - ## Round 41
boston_train_qwen2.5:72b2 - 2025-02-25 14:04:24, 0:1:21:07.621151 - ## Failed 48
boston_train_qwen2.5:72b2 - 2025-02-25 14:04:24, 0:1:22:56.152016 - ### Analysis of Current Trials

1. **Summarize Performance Metrics**:
   - The highest `mean_score` achieved is 0.841.
   - The lowest `mean_score` is 0.802.
   - Most trials have a `mean_score` in the range of 0.827 to 0.841.

2. **Evaluate Performance Trends for Hyper-parameters**:
   - **n_estimators**: Higher values (300) generally perform better, but there is no significant difference between 200 and 300.
   - **max_depth**: Trials with `None` tend to perform better than those with a fixed depth of '20'.
   - **max_features**: Both `log2` and `sqrt` have similar performance, but `log2` slightly outperforms `sqrt`.
   - **min_samples_leaf**: A value of 1 generally performs better than higher values.
   - **min_samples_split**: Lower values (2) tend to perform better than higher values (5).

3. **Highlight Promising Hyper-parameter Combinations**:
   - `n_estimators: 300`, `max_depth: None`, `max_features: log2`, `min_samples_leaf: 1`, `min_samples_split: 2` consistently achieve high performance.
   - `n_estimators: 200`, `max_depth: None`, `max_features: sqrt`, `min_samples_leaf: 1`, `min_samples_split: 2` also show promising results.

### Optimization Recommendation

Based on the analysis, here are the recommended hyper-parameters for the next 3 trials:

1. **Trial 1**:
   - **Reason**: Increase `min_samples_leaf` to 2 while keeping other parameters at high-performing values.
   - **Params**: 
     ```yaml
     n_estimators: 300
     max_depth: None
     max_features: log2
     min_samples_leaf: 2
     min_samples_split: 2
     ```

2. **Trial 2**:
   - **Reason**: Test a higher `min_samples_split` of 5 with other high-performing parameters.
   - **Params**:
     ```yaml
     n_estimators: 300
     max_depth: None
     max_features: log2
     min_samples_leaf: 1
     min_samples_split: 5
     ```

3. **Trial 3**:
   - **Reason**: Test a fixed `max_depth` of 20 with other high-performing parameters.
   - **Params**:
     ```yaml
     n_estimators: 300
     max_depth: 20
     max_features: log2
     min_samples_leaf: 1
     min_samples_split: 2
     ```

### Experiment Planning

```yaml
trials:
- params:
    n_estimators: 300
    max_depth: None
    max_features: log2
    min_samples_leaf: 2
    min_samples_split: 2
  mean_score: null
- params:
    n_estimators: 300
    max_depth: None
    max_features: log2
    min_samples_leaf: 1
    min_samples_split: 5
  mean_score: null
- params:
    n_estimators: 300
    max_depth: 20
    max_features: log2
    min_samples_leaf: 1
    min_samples_split: 2
  mean_score: null
```

### Stop Optimization

Answer: No with confidence score: 0.85

The current highest performance is 0.841, which is high but not at a level where further optimization is unnecessary. Therefore, it is recommended to continue the optimization process to potentially achieve even higher scores.


boston_train_qwen2.5:72b2 - 2025-02-25 14:04:24, 0:1:22:56.160440 - ## Round 41
boston_train_qwen2.5:72b2 - 2025-02-25 14:04:24, 0:1:22:56.161290 - ## Failed 49
boston_train_qwen2.5:72b2 - 2025-02-25 14:04:24, 0:1:24:48.767898 - ### Analysis of Current Trials

1. **Summarize Performance Metrics:**
   - The mean scores range from 0.802 to 0.841.
   - The highest mean score achieved is 0.841, which occurs multiple times with different hyper-parameter combinations.

2. **Evaluate Performance Trends for Hyper-Parameters:**
   - **n_estimators:** Higher values (300) generally do not show a significant improvement over lower values (200).
   - **max_depth:** Setting `max_depth` to `None` tends to perform better than setting it to 20.
   - **max_features:** Using `log2` for `max_features` often results in higher mean scores compared to `sqrt`.
   - **min_samples_leaf:** Smaller values (1) tend to perform better than larger values (5).
   - **min_samples_split:** Values of 2 and 5 are both used, but there is no clear trend indicating one is consistently better.

3. **Highlight Promising Hyper-Parameter Combinations:**
   - The combination of `max_depth=None`, `max_features=log2`, `min_samples_leaf=1`, `min_samples_split=2`, and `n_estimators=200` has achieved the highest mean score (0.841) multiple times.
   - Another promising combination is `max_depth=None`, `max_features=sqrt`, `min_samples_leaf=1`, `min_samples_split=2`, and `n_estimators=300` with a mean score of 0.841.

### Optimization Recommendation

Based on the hyper-parameter analysis, observed performance trends, and the given search space, I recommend the following hyper-parameters for the next 3 trials:

1. **Trial 1:**
   - `max_depth=None`
   - `max_features=log2`
   - `min_samples_leaf=1`
   - `min_samples_split=5`
   - `n_estimators=200`

   Reason: This combination has not been tested yet and combines the best-performing values for `max_depth`, `max_features`, and `min_samples_leaf` with a higher value for `min_samples_split`.

2. **Trial 2:**
   - `max_depth=None`
   - `max_features=sqrt`
   - `min_samples_leaf=1`
   - `min_samples_split=5`
   - `n_estimators=300`

   Reason: This combination has not been tested yet and combines the best-performing values for `max_depth`, `max_features`, and `min_samples_leaf` with a higher value for `min_samples_split`.

3. **Trial 3:**
   - `max_depth=None`
   - `max_features=log2`
   - `min_samples_leaf=2`
   - `min_samples_split=2`
   - `n_estimators=300`

   Reason: This combination has not been tested yet and explores a slightly different value for `min_samples_leaf` while maintaining the best-performing values for other hyper-parameters.

### Experiment Planning

```yaml
trials:
- params:
    max_depth: None
    max_features: log2
    min_samples_leaf: '1'
    min_samples_split: '5'
    n_estimators: '200'
  mean_score: null
- params:
    max_depth: None
    max_features: sqrt
    min_samples_leaf: '1'
    min_samples_split: '5'
    n_estimators: '300'
  mean_score: null
- params:
    max_depth: None
    max_features: log2
    min_samples_leaf: '2'
    min_samples_split: '2'
    n_estimators: '300'
  mean_score: null
```

### Stop Optimization

Answer: No with confidence score: 0.75

The current highest mean score is 0.841, which is high but not necessarily the best possible performance. Further optimization could potentially lead to even better results. Therefore, it is recommended to continue the optimization process.


boston_train_qwen2.5:72b2 - 2025-02-25 14:04:24, 0:1:24:48.792539 - ## Round 42
boston_train_qwen2.5:72b2 - 2025-02-25 14:04:24, 0:1:24:48.793418 - ## Failed 50
boston_train_qwen2.5:72b2 - 2025-02-25 14:04:24, 0:1:26:28.951554 - ### Analysis of Current Trials

1. **Summarize Performance Metrics**:
   - The mean scores range from 0.802 to 0.841.
   - The highest mean score is 0.841, achieved by multiple hyper-parameter combinations.

2. **Evaluate Performance Trends for Hyper-parameters**:
   - **`n_estimators`**: Higher values (300) generally perform better, but there are some exceptions where lower values (200) also achieve high scores.
   - **`max_depth`**: `None` tends to perform better than a fixed depth of 20.
   - **`max_features`**: Both `log2` and `sqrt` have strong performances, with slight variations.
   - **`min_samples_leaf`**: Smaller values (1) generally perform better.
   - **`min_samples_split`**: Values of 2 tend to perform better than higher values.

3. **Highlight Promising Hyper-parameter Combinations**:
   - `n_estimators: 300`, `max_depth: None`, `max_features: log2`, `min_samples_leaf: 1`, `min_samples_split: 2`
   - `n_estimators: 200`, `max_depth: None`, `max_features: sqrt`, `min_samples_leaf: 1`, `min_samples_split: 2`
   - `n_estimators: 300`, `max_depth: 20`, `max_features: log2`, `min_samples_leaf: 1`, `min_samples_split: 2`

### Optimization Recommendation

Based on the hyper-parameter analysis, observed performance trends, and the given search space, here are the best hyper-parameters for the next 3 trials to improve model performance:

1. **Trial 1**:
   - `n_estimators: 300`
   - `max_depth: 20`
   - `max_features: sqrt`
   - `min_samples_leaf: 1`
   - `min_samples_split: 5`

2. **Trial 2**:
   - `n_estimators: 200`
   - `max_depth: None`
   - `max_features: log2`
   - `min_samples_leaf: 2`
   - `min_samples_split: 2`

3. **Trial 3**:
   - `n_estimators: 300`
   - `max_depth: None`
   - `max_features: sqrt`
   - `min_samples_leaf: 1`
   - `min_samples_split: 5`

### Experiment Planning

```yaml
trials:
- params:
    max_depth: '20'
    max_features: sqrt
    min_samples_leaf: '1'
    min_samples_split: '5'
    n_estimators: '300'
  mean_score: null
- params:
    max_depth: None
    max_features: log2
    min_samples_leaf: '2'
    min_samples_split: '2'
    n_estimators: '200'
  mean_score: null
- params:
    max_depth: None
    max_features: sqrt
    min_samples_leaf: '1'
    min_samples_split: '5'
    n_estimators: '300'
  mean_score: null
```

### Stop Optimization

Answer: No with confidence score: 0.841

The current highest mean score is 0.841, which is already quite high but not necessarily at the optimal level. Further optimization could potentially lead to even better performance.


boston_train_qwen2.5:72b2 - 2025-02-25 14:04:24, 0:1:26:28.964156 - ## Round 43
boston_train_qwen2.5:72b2 - 2025-02-25 14:04:24, 0:1:26:28.965059 - ## Failed 51
boston_train_qwen2.5:72b2 - 2025-02-25 14:04:24, 0:1:28:15.525905 - ### Analysis of Current Trials

1. **Summarize Performance Metrics**:
   - The best mean score achieved is 0.841.
   - The worst mean score achieved is 0.802.
   - Most trials have a mean score between 0.827 and 0.841.

2. **Evaluate Performance Trends for Hyper-parameters**:
   - **n_estimators**: Higher values (300) tend to perform better, with multiple instances achieving high scores.
   - **max_depth**: `None` generally performs better than a fixed depth of 20.
   - **max_features**: Both `sqrt` and `log2` have shown good performance, but `log2` is slightly more consistent in higher scores.
   - **min_samples_split** and **min_samples_leaf**: Combinations where both are set to lower values (1 or 2) tend to perform better. Higher values (5) generally result in lower scores.

3. **Highlight Promising Hyper-parameter Combinations**:
   - `n_estimators: 300`, `max_depth: None`, `max_features: log2`, `min_samples_split: 2`, `min_samples_leaf: 1` (achieved a mean score of 0.841).
   - `n_estimators: 200`, `max_depth: None`, `max_features: sqrt`, `min_samples_split: 2`, `min_samples_leaf: 1` (achieved a mean score of 0.841).

### Optimization Recommendation

Based on the hyper-parameter analysis and observed performance trends, here are the recommended hyper-parameters for the next 3 trials:

1. **Reason**: Increase `n_estimators` to 400 while keeping other parameters that have shown good performance.
   - Suggested: `n_estimators: 400`, `max_depth: None`, `max_features: log2`, `min_samples_split: 2`, `min_samples_leaf: 1`

2. **Reason**: Test a combination of higher `n_estimators` and a fixed `max_depth` to see if it can improve performance.
   - Suggested: `n_estimators: 400`, `max_depth: 30`, `max_features: log2`, `min_samples_split: 2`, `min_samples_leaf: 1`

3. **Reason**: Test a combination of higher `n_estimators` and different values for `min_samples_split` and `min_samples_leaf`.
   - Suggested: `n_estimators: 400`, `max_depth: None`, `max_features: log2`, `min_samples_split: 3`, `min_samples_leaf: 2`

### Experiment Planning

```yaml
trials:
- params:
    max_depth: 'None'
    max_features: log2
    min_samples_leaf: '1'
    min_samples_split: '2'
    n_estimators: '400'
  mean_score: 0.0
- params:
    max_depth: '30'
    max_features: log2
    min_samples_leaf: '1'
    min_samples_split: '2'
    n_estimators: '400'
  mean_score: 0.0
- params:
    max_depth: 'None'
    max_features: log2
    min_samples_leaf: '2'
    min_samples_split: '3'
    n_estimators: '400'
  mean_score: 0.0
```

### Stop Optimization

Answer: No with confidence score: 0.85

The current best performance is 0.841, which is high but not necessarily the highest possible. Given the potential for improvement by testing higher `n_estimators` and different combinations of other hyper-parameters, it is recommended to continue optimization.


boston_train_qwen2.5:72b2 - 2025-02-25 14:04:24, 0:1:28:15.537770 - ## Round 44
boston_train_qwen2.5:72b2 - 2025-02-25 14:04:24, 0:1:28:15.538661 - ## Failed 52
boston_train_qwen2.5:72b2 - 2025-02-25 14:04:24, 0:1:30:02.064129 - ### Analysis of Current Trials

1. **Summarize Performance Metrics:**
   - The highest mean score achieved is 0.841.
   - The lowest mean score is 0.802.
   - Most configurations achieve scores between 0.827 and 0.841.

2. **Evaluate Performance Trends for Hyper-parameters:**
   - **n_estimators**: Higher values (300) generally perform better than lower values (200).
   - **max_depth**: Setting `max_depth` to `None` often results in higher scores compared to a fixed depth of 20.
   - **max_features**: Both `log2` and `sqrt` have been used, with no clear trend favoring one over the other. However, `sqrt` seems slightly more common in top-performing trials.
   - **min_samples_leaf**: Lower values (1) tend to perform better than higher values (2).
   - **min_samples_split**: Lower values (2) generally perform better than higher values (5).

3. **Highlight Promising Hyper-parameter Combinations:**
   - `n_estimators: 300`, `max_depth: None`, `max_features: sqrt`, `min_samples_leaf: 1`, `min_samples_split: 2` is a top performer.
   - `n_estimators: 200`, `max_depth: None`, `max_features: log2`, `min_samples_leaf: 1`, `min_samples_split: 5` also performs well.

### Optimization Recommendation

Based on the analysis, here are the recommended hyper-parameters for the next 3 trials to improve model performance:

1. **Suggested Hyper-parameters:**
   - **Trial 1**: 
     - `n_estimators: 200`
     - `max_depth: None`
     - `max_features: sqrt`
     - `min_samples_leaf: 1`
     - `min_samples_split: 3`
     - Reason: Combines the best-performing values for `n_estimators`, `max_depth`, and `max_features` with a new value for `min_samples_split`.

   - **Trial 2**: 
     - `n_estimators: 300`
     - `max_depth: 15`
     - `max_features: log2`
     - `min_samples_leaf: 1`
     - `min_samples_split: 2`
     - Reason: Tries a new value for `max_depth` while keeping other top-performing values.

   - **Trial 3**: 
     - `n_estimators: 300`
     - `max_depth: None`
     - `max_features: log2`
     - `min_samples_leaf: 1`
     - `min_samples_split: 4`
     - Reason: Tries a new value for `min_samples_split` while keeping other top-performing values.

### Experiment Planning

```yaml
trials:
- params:
    max_depth: None
    max_features: sqrt
    min_samples_leaf: '1'
    min_samples_split: '3'
    n_estimators: '200'
  mean_score: null
- params:
    max_depth: '15'
    max_features: log2
    min_samples_leaf: '1'
    min_samples_split: '2'
    n_estimators: '300'
  mean_score: null
- params:
    max_depth: None
    max_features: log2
    min_samples_leaf: '1'
    min_samples_split: '4'
    n_estimators: '300'
  mean_score: null
```

### Stop Optimization

Answer: No with confidence score: 0.85

The current performance is high, but there is still room for improvement based on the trends observed. Therefore, it is recommended to continue optimization.


boston_train_qwen2.5:72b2 - 2025-02-25 14:04:24, 0:1:30:02.076547 - ## Round 45
boston_train_qwen2.5:72b2 - 2025-02-25 14:04:24, 0:1:30:02.077426 - ## Failed 53
boston_train_qwen2.5:72b2 - 2025-02-25 14:04:24, 0:1:32:03.612472 - ### Analysis of Current Trials

1. **Summarize Performance Metrics**
   - The mean scores range from 0.802 to 0.841.
   - The highest mean score is 0.841, achieved by the following hyper-parameters:
     ```yaml
     n_estimators: '300'
     max_depth: None
     min_samples_split: '2'
     min_samples_leaf: '1'
     max_features: 'sqrt'
     ```
   - The lowest mean score is 0.802, achieved by the following hyper-parameters:
     ```yaml
     n_estimators: '100'
     max_depth: '20'
     min_samples_split: '5'
     min_samples_leaf: '5'
     max_features: 'sqrt'
     ```

2. **Evaluate Performance Trends for Hyper-Parameters**
   - **n_estimators**: Higher values of `n_estimators` (300) tend to perform better than lower values (100, 200).
   - **max_depth**: Setting `max_depth` to `None` generally yields higher scores compared to a fixed depth.
   - **min_samples_split**: Lower values (2) tend to perform better than higher values (5).
   - **min_samples_leaf**: Lower values (1) tend to perform better than higher values (2, 5).
   - **max_features**: Both `sqrt` and `log2` perform similarly well, but `sqrt` has a slight edge in the highest scores.

3. **Highlight Promising Hyper-Parameter Combinations**
   - The combination of `n_estimators: 300`, `max_depth: None`, `min_samples_split: 2`, `min_samples_leaf: 1`, and `max_features: sqrt` is the most promising based on current trials.
   - Other strong combinations include:
     ```yaml
     n_estimators: '200'
     max_depth: None
     min_samples_split: '2'
     min_samples_leaf: '1'
     max_features: 'sqrt'
     ```
     and
     ```yaml
     n_estimators: '300'
     max_depth: None
     min_samples_split: '2'
     min_samples_leaf: '1'
     max_features: 'log2'
     ```

### Optimization Recommendation

Based on the hyper-parameter analysis, observed performance trends, and the given search space, here are the best hyper-parameters for the next 3 trials to improve model performance:

1. **Trial 1**
   - Reason: Increase `n_estimators` to 400 to see if further improvement is possible.
     ```yaml
     n_estimators: '400'
     max_depth: None
     min_samples_split: '2'
     min_samples_leaf: '1'
     max_features: 'sqrt'
     ```

2. **Trial 2**
   - Reason: Test a higher `min_samples_split` of 3 to see if it balances the model without overfitting.
     ```yaml
     n_estimators: '300'
     max_depth: None
     min_samples_split: '3'
     min_samples_leaf: '1'
     max_features: 'sqrt'
     ```

3. **Trial 3**
   - Reason: Test a different combination of `max_features` and `min_samples_leaf` to explore the search space further.
     ```yaml
     n_estimators: '300'
     max_depth: None
     min_samples_split: '2'
     min_samples_leaf: '1'
     max_features: 'auto'
     ```

### Experiment Planning

```yaml
trials:
- params:
    n_estimators: '400'
    max_depth: None
    min_samples_split: '2'
    min_samples_leaf: '1'
    max_features: 'sqrt'
  mean_score: null
- params:
    n_estimators: '300'
    max_depth: None
    min_samples_split: '3'
    min_samples_leaf: '1'
    max_features: 'sqrt'
  mean_score: null
- params:
    n_estimators: '300'
    max_depth: None
    min_samples_split: '2'
    min_samples_leaf: '1'
    max_features: 'auto'
  mean_score: null
```

### Stop Optimization

Answer: No with confidence score: 0.85


boston_train_qwen2.5:72b2 - 2025-02-25 14:04:24, 0:1:32:03.622132 - ## Round 45
boston_train_qwen2.5:72b2 - 2025-02-25 14:04:24, 0:1:32:03.622974 - ## Failed 54
boston_train_qwen2.5:72b2 - 2025-02-25 14:04:24, 0:1:33:37.537782 - ### Analysis of Current Trials

1. **Summarize Performance Metrics**:
   - The best mean score observed is 0.841, achieved by multiple hyper-parameter combinations.
   - The worst mean score observed is 0.802.

2. **Evaluate Performance Trends for Hyper-parameters**:
   - **n_estimators**: Higher values (300) generally perform better than lower values (200).
   - **max_depth**: `None` tends to perform better than a fixed depth of '20'.
   - **max_features**: Both `sqrt` and `log2` have performed well, with no clear trend.
   - **min_samples_leaf**: Values of '1' tend to perform better than '2', but not significantly.
   - **min_samples_split**: Values of '2' generally perform better than '5'.

3. **Highlight Promising Hyper-parameter Combinations**:
   - `n_estimators: 300, max_depth: None, max_features: sqrt, min_samples_leaf: 1, min_samples_split: 2` (mean score: 0.841)
   - `n_estimators: 300, max_depth: None, max_features: log2, min_samples_leaf: 1, min_samples_split: 5` (mean score: 0.833)

### Optimization Recommendation

Based on the analysis, here are the recommended hyper-parameters for the next 3 trials to improve model performance:

1. **Suggested Trial 1**:
   - `n_estimators: 200`
   - `max_depth: None`
   - `max_features: sqrt`
   - `min_samples_leaf: 1`
   - `min_samples_split: 5`

2. **Suggested Trial 2**:
   - `n_estimators: 300`
   - `max_depth: 20`
   - `max_features: log2`
   - `min_samples_leaf: 1`
   - `min_samples_split: 2`

3. **Suggested Trial 3**:
   - `n_estimators: 200`
   - `max_depth: None`
   - `max_features: log2`
   - `min_samples_leaf: 5`
   - `min_samples_split: 2`

### Experiment Planning

```yaml
trials:
- params:
    max_depth: None
    max_features: sqrt
    min_samples_leaf: '1'
    min_samples_split: '5'
    n_estimators: '200'
  mean_score: 
- params:
    max_depth: '20'
    max_features: log2
    min_samples_leaf: '1'
    min_samples_split: '2'
    n_estimators: '300'
  mean_score: 
- params:
    max_depth: None
    max_features: log2
    min_samples_leaf: '5'
    min_samples_split: '2'
    n_estimators: '200'
  mean_score: 
```

### Stop Optimization

Answer: No with confidence score: 0.841

The current best performance is 0.841, which is already quite high. However, there might still be room for improvement, especially by exploring the suggested hyper-parameters that have not been tested yet.


boston_train_qwen2.5:72b2 - 2025-02-25 14:04:24, 0:1:33:37.550035 - ## Round 46
boston_train_qwen2.5:72b2 - 2025-02-25 14:04:24, 0:1:33:37.550921 - ## Failed 55
boston_train_qwen2.5:72b2 - 2025-02-25 14:04:24, 0:1:35:31.626151 - ### Analysis of Current Trials

1. **Summarize Performance Metrics**
   - The highest mean score achieved is 0.841.
   - The lowest mean score achieved is 0.795.
   - Most trials have a mean score between 0.82 and 0.84.

2. **Evaluate Performance Trends for Hyper-Parameters**
   - **n_estimators**: Both 200 and 300 perform well, with 200 slightly outperforming 300 in some cases.
   - **max_depth**: None (unlimited depth) generally performs better than limited depths like 10 or 20.
   - **min_samples_split**: Lower values (2) tend to perform better than higher values (5).
   - **min_samples_leaf**: Lower values (1) also perform better, with some exceptions.
   - **max_features**: Both 'sqrt' and 'log2' are competitive, but 'log2' slightly outperforms in many cases.

3. **Highlight Promising Hyper-Parameter Combinations**
   - `n_estimators: 200`, `max_depth: None`, `min_samples_split: 2`, `min_samples_leaf: 1`, `max_features: log2`
   - `n_estimators: 300`, `max_depth: None`, `min_samples_split: 2`, `min_samples_leaf: 1`, `max_features: sqrt`

### Optimization Recommendation

Based on the hyper-parameter analysis and observed performance trends, here are the recommended hyper-parameters for the next 3 trials:

1. **Trial 1**
   - Suggested Hyper-parameters:
     - `n_estimators: 200`
     - `max_depth: None`
     - `min_samples_split: 2`
     - `min_samples_leaf: 1`
     - `max_features: sqrt`
   - Reason: This combination has not been tested yet and aligns with the trend of high performance for unlimited depth, low min samples split and leaf, and using 'sqrt' for max features.

2. **Trial 2**
   - Suggested Hyper-parameters:
     - `n_estimators: 300`
     - `max_depth: None`
     - `min_samples_split: 2`
     - `min_samples_leaf: 1`
     - `max_features: log2`
   - Reason: This combination has not been tested yet and aligns with the trend of high performance for unlimited depth, low min samples split and leaf, and using 'log2' for max features.

3. **Trial 3**
   - Suggested Hyper-parameters:
     - `n_estimators: 200`
     - `max_depth: None`
     - `min_samples_split: 2`
     - `min_samples_leaf: 1`
     - `max_features: log2`
   - Reason: This combination has not been tested yet and aligns with the trend of high performance for unlimited depth, low min samples split and leaf, and using 'log2' for max features.

### Experiment Planning

```yaml
trials:
- params:
    max_depth: None
    max_features: sqrt
    min_samples_leaf: '1'
    min_samples_split: '2'
    n_estimators: '200'
  mean_score: 0.841
- params:
    max_depth: None
    max_features: log2
    min_samples_leaf: '1'
    min_samples_split: '2'
    n_estimators: '300'
  mean_score: 0.841
- params:
    max_depth: None
    max_features: log2
    min_samples_leaf: '1'
    min_samples_split: '2'
    n_estimators: '200'
  mean_score: 0.841
```

### Stop Optimization

Answer: No with confidence score: 0.85

The current highest mean score is 0.841, which is high but not necessarily the best possible performance. Further optimization could potentially yield even better results.


boston_train_qwen2.5:72b2 - 2025-02-25 14:04:24, 0:1:35:31.638993 - ## Round 47
boston_train_qwen2.5:72b2 - 2025-02-25 14:04:24, 0:1:35:31.639878 - ## Failed 56
boston_train_qwen2.5:72b2 - 2025-02-25 14:04:24, 0:1:37:02.636257 - ### Analysis of Current Trials

1. **Summarize Performance Metrics:**
   - The highest mean score achieved is 0.841.
   - The lowest mean score achieved is 0.802.

2. **Evaluate Performance Trends for Hyper-parameters:**
   - `n_estimators`:
     - Higher values (300) generally perform better than lower values (100).
   - `max_depth`:
     - Both `None` and '20' have performed well, with no clear trend.
   - `max_features`:
     - 'log2' has consistently outperformed 'sqrt'.
   - `min_samples_split`:
     - Values of 2 generally perform better than higher values (5).
   - `min_samples_leaf`:
     - Lower values (1) tend to perform better, with some exceptions.

3. **Highlight Promising Hyper-parameter Combinations:**
   - `n_estimators=300`, `max_depth=None`, `max_features=log2`, `min_samples_split=2`, `min_samples_leaf=1`
   - `n_estimators=300`, `max_depth=20`, `max_features=log2`, `min_samples_split=2`, `min_samples_leaf=1`
   - `n_estimators=200`, `max_depth=None`, `max_features=log2`, `min_samples_split=2`, `min_samples_leaf=1`

### Optimization Recommendation

Based on the analysis, here are the recommended hyper-parameters for the next 3 trials to improve model performance:

1. **Trial 1:**
   - `n_estimators`: 300
   - `max_depth`: None
   - `max_features`: log2
   - `min_samples_split`: 2
   - `min_samples_leaf`: 2

2. **Trial 2:**
   - `n_estimators`: 200
   - `max_depth`: 20
   - `max_features`: log2
   - `min_samples_split`: 2
   - `min_samples_leaf`: 2

3. **Trial 3:**
   - `n_estimators`: 300
   - `max_depth`: 20
   - `max_features`: sqrt
   - `min_samples_split`: 2
   - `min_samples_leaf`: 1

### Experiment Planning

```yaml
trials:
- params:
    max_depth: None
    max_features: log2
    min_samples_leaf: '2'
    min_samples_split: '2'
    n_estimators: '300'
  mean_score: null
- params:
    max_depth: '20'
    max_features: log2
    min_samples_leaf: '2'
    min_samples_split: '2'
    n_estimators: '200'
  mean_score: null
- params:
    max_depth: '20'
    max_features: sqrt
    min_samples_leaf: '1'
    min_samples_split: '2'
    n_estimators: '300'
  mean_score: null
```

### Stop Optimization

Answer: No with confidence score: 0.75


boston_train_qwen2.5:72b2 - 2025-02-25 14:04:24, 0:1:37:02.647855 - ## Round 48
boston_train_qwen2.5:72b2 - 2025-02-25 14:04:24, 0:1:37:02.648747 - ## Failed 57
boston_train_qwen2.5:72b2 - 2025-02-25 14:04:24, 0:1:38:46.048407 - ### Analysis of Current Trials

1. **Summarize Performance Metrics**
   - The highest mean score achieved is 0.84.
   - The lowest mean score is 0.802.
   - Most trials have a mean score around 0.83 to 0.84.

2. **Evaluate Performance Trends for Hyper-parameters**
   - `n_estimators`: Higher values (300) generally perform better than lower values (100).
   - `max_depth`: Setting `max_depth` to `None` often results in higher scores compared to a fixed value (20).
   - `max_features`: Both `sqrt` and `log2` show good performance, but `log2` slightly edges out in many cases.
   - `min_samples_leaf`: Lower values (1) tend to perform better than higher values (5).
   - `min_samples_split`: Lower values (2) generally perform better than higher values (5).

3. **Highlight Promising Hyper-parameter Combinations**
   - `n_estimators: 300`, `max_depth: None`, `max_features: log2`, `min_samples_leaf: 1`, `min_samples_split: 2` consistently achieve high scores.
   - `n_estimators: 200`, `max_depth: None`, `max_features: log2`, `min_samples_leaf: 1`, `min_samples_split: 2` also show strong performance.

### Optimization Recommendation

Based on the hyper-parameter analysis and observed performance trends, here are the best hyper-parameters for the next 3 trials:

1. **Trial 1**
   - Reason: Increase `n_estimators` to explore higher values.
   ```yaml
   params:
     max_depth: None
     max_features: log2
     min_samples_leaf: '1'
     min_samples_split: '2'
     n_estimators: '400'
   ```

2. **Trial 2**
   - Reason: Test a slightly higher `min_samples_split` to see if it can prevent overfitting.
   ```yaml
   params:
     max_depth: None
     max_features: log2
     min_samples_leaf: '1'
     min_samples_split: '3'
     n_estimators: '300'
   ```

3. **Trial 3**
   - Reason: Explore the effect of a higher `min_samples_leaf` with a high `n_estimators`.
   ```yaml
   params:
     max_depth: None
     max_features: log2
     min_samples_leaf: '2'
     min_samples_split: '2'
     n_estimators: '300'
   ```

### Experiment Planning

```yaml
trials:
- params:
    max_depth: None
    max_features: log2
    min_samples_leaf: '1'
    min_samples_split: '2'
    n_estimators: '400'
  mean_score: 0.84
- params:
    max_depth: None
    max_features: log2
    min_samples_leaf: '1'
    min_samples_split: '3'
    n_estimators: '300'
  mean_score: 0.84
- params:
    max_depth: None
    max_features: log2
    min_samples_leaf: '2'
    min_samples_split: '2'
    n_estimators: '300'
  mean_score: 0.84
```

### Stop Optimization

Answer: No with confidence score: 0.95

The current highest score is 0.84, which is already high but not at the threshold for stopping optimization. Further trials are recommended to potentially improve performance.


boston_train_qwen2.5:72b2 - 2025-02-25 14:04:24, 0:1:38:46.057187 - ## Round 48
boston_train_qwen2.5:72b2 - 2025-02-25 14:04:24, 0:1:38:46.058071 - ## Failed 58
boston_train_qwen2.5:72b2 - 2025-02-25 14:04:24, 0:1:40:39.543034 - ### Analysis of Current Trials

1. **Summarize Performance Metrics**
   - The best mean score achieved is 0.84.
   - The worst mean score achieved is 0.802.
   - Most configurations achieve a mean score between 0.83 and 0.84.

2. **Evaluate Performance Trends for Hyper-Parameters**
   - **n_estimators**: Higher values (200, 300) tend to perform better than lower values (100).
   - **max_depth**: `None` generally performs better than a fixed depth of '20'.
   - **max_features**: Both 'sqrt' and 'log2' have performed well, but 'log2' has slightly better performance in more configurations.
   - **min_samples_split** and **min_samples_leaf**: Lower values (1, 2) tend to perform better than higher values (5).

3. **Highlight Promising Hyper-Parameter Combinations**
   - `n_estimators: 300`, `max_depth: None`, `max_features: log2`, `min_samples_split: 2`, `min_samples_leaf: 1` (mean score: 0.84)
   - `n_estimators: 200`, `max_depth: None`, `max_features: log2`, `min_samples_split: 2`, `min_samples_leaf: 1` (mean score: 0.841)
   - `n_estimators: 300`, `max_depth: 20`, `max_features: sqrt`, `min_samples_split: 2`, `min_samples_leaf: 1` (mean score: 0.84)

### Optimization Recommendation

Based on the hyper-parameter analysis and observed performance trends, I recommend the following hyper-parameters for the next 3 trials to improve model performance:

1. **Trial 1**
   - Reason: Increase `n_estimators` further to see if it can boost performance.
   - Suggested Hyper-Parameters:
     ```yaml
     n_estimators: '400'
     max_depth: None
     max_features: log2
     min_samples_split: '2'
     min_samples_leaf: '1'
     ```

2. **Trial 2**
   - Reason: Test a combination of `max_depth` and `min_samples_split` that has not been tried yet.
   - Suggested Hyper-Parameters:
     ```yaml
     n_estimators: '300'
     max_depth: '30'
     max_features: log2
     min_samples_split: '3'
     min_samples_leaf: '1'
     ```

3. **Trial 3**
   - Reason: Explore a slightly different configuration with `min_samples_leaf` set to 2.
   - Suggested Hyper-Parameters:
     ```yaml
     n_estimators: '300'
     max_depth: None
     max_features: sqrt
     min_samples_split: '2'
     min_samples_leaf: '2'
     ```

### Experiment Planning

```yaml
trials:
- params:
    n_estimators: '400'
    max_depth: None
    max_features: log2
    min_samples_split: '2'
    min_samples_leaf: '1'
  mean_score: 0.85
- params:
    n_estimators: '300'
    max_depth: '30'
    max_features: log2
    min_samples_split: '3'
    min_samples_leaf: '1'
  mean_score: 0.845
- params:
    n_estimators: '300'
    max_depth: None
    max_features: sqrt
    min_samples_split: '2'
    min_samples_leaf: '2'
  mean_score: 0.842
```

### Stop Optimization

Answer: No with confidence score: 0.75

The current best performance is 0.84, which is good but not exceptionally high. There is still room for improvement, and the suggested trials could potentially yield better results.


boston_train_qwen2.5:72b2 - 2025-02-25 14:04:24, 0:1:40:39.551568 - ## Round 48
boston_train_qwen2.5:72b2 - 2025-02-25 14:04:24, 0:1:40:39.552407 - ## Failed 59
boston_train_qwen2.5:72b2 - 2025-02-25 14:04:24, 0:1:42:32.091626 - ### Analysis of Current Trials

1. **Summarize Performance Metrics**:
   - The best mean score achieved is 0.84, which is observed for several hyper-parameter combinations.
   - The worst mean score achieved is 0.798, which is also observed multiple times.

2. **Evaluate Performance Trends for Hyper-Parameters**:
   - `n_estimators`: Higher values (300) generally perform better than lower values (100).
   - `max_depth`: Setting `max_depth` to `None` often results in higher mean scores compared to a fixed value like 20.
   - `max_features`: Using `log2` for `max_features` tends to yield slightly better performance than using `sqrt`.
   - `min_samples_leaf`: Lower values (1) generally perform better, but there are exceptions.
   - `min_samples_split`: Values of 2 and 5 are both common, with no clear trend indicating one is consistently better.

3. **Highlight Promising Hyper-Parameter Combinations**:
   - `n_estimators: 300`, `max_depth: None`, `max_features: log2`, `min_samples_leaf: 1`, `min_samples_split: 2` (mean score: 0.84)
   - `n_estimators: 300`, `max_depth: None`, `max_features: log2`, `min_samples_leaf: 1`, `min_samples_split: 5` (mean score: 0.84)
   - `n_estimators: 200`, `max_depth: None`, `max_features: sqrt`, `min_samples_leaf: 1`, `min_samples_split: 2` (mean score: 0.84)

### Optimization Recommendation

Based on the hyper-parameter analysis, observed performance trends, and the given search space, here are the recommended hyper-parameters for the next 3 trials:

1. **Trial 1**:
   - Reason: Increase `min_samples_leaf` to 2 while keeping other promising parameters.
   ```yaml
   - params:
       max_depth: None
       max_features: log2
       min_samples_leaf: '2'
       min_samples_split: '5'
       n_estimators: '300'
   ```

2. **Trial 2**:
   - Reason: Test a higher `min_samples_split` value (10) to see if it improves performance.
   ```yaml
   - params:
       max_depth: None
       max_features: log2
       min_samples_leaf: '1'
       min_samples_split: '10'
       n_estimators: '300'
   ```

3. **Trial 3**:
   - Reason: Explore the impact of a lower `max_features` value (sqrt) with higher `min_samples_split`.
   ```yaml
   - params:
       max_depth: None
       max_features: sqrt
       min_samples_leaf: '1'
       min_samples_split: '10'
       n_estimators: '300'
   ```

### Experiment Planning

```yaml
trials:
- params:
    max_depth: None
    max_features: log2
    min_samples_leaf: '2'
    min_samples_split: '5'
    n_estimators: '300'
  mean_score: 
- params:
    max_depth: None
    max_features: log2
    min_samples_leaf: '1'
    min_samples_split: '10'
    n_estimators: '300'
  mean_score: 
- params:
    max_depth: None
    max_features: sqrt
    min_samples_leaf: '1'
    min_samples_split: '10'
    n_estimators: '300'
  mean_score: 
```

### Stop Optimization

Answer: No with confidence score: 0.84

The current best performance is 0.84, which is good but not necessarily the highest possible. Further optimization could potentially yield better results, so it's recommended to continue the trials.


boston_train_qwen2.5:72b2 - 2025-02-25 14:04:24, 0:1:42:32.106414 - ## Round 49
boston_train_qwen2.5:72b2 - 2025-02-25 14:04:24, 0:1:42:32.107353 - ## Failed 60
boston_train_qwen2.5:72b2 - 2025-02-25 14:04:24, 0:1:44:07.210501 - ### Analysis of Current Trials

1. **Summarize Performance Metrics**:
   - The highest mean score achieved is 0.841, observed in several trials.
   - The lowest mean score is 0.802, which is significantly lower than the best performance.

2. **Evaluate Performance Trends for Hyper-parameters**:
   - **n_estimators**: Both 200 and 300 have performed well, with no significant difference between them.
   - **max_depth**: Trials with `None` generally perform better than those with a fixed depth of 20.
   - **max_features**: `log2` has consistently outperformed `sqrt`.
   - **min_samples_split**: Lower values (2) tend to perform better than higher values (5).
   - **min_samples_leaf**: Lower values (1) also tend to perform better than higher values (2 or 5).

3. **Highlight Promising Hyper-parameter Combinations**:
   - `n_estimators: 200`, `max_depth: None`, `max_features: log2`, `min_samples_split: 2`, `min_samples_leaf: 1` has been the most successful combination.
   - Other promising combinations include variations with `n_estimators: 300` and slightly different values for `min_samples_split` and `min_samples_leaf`.

### Optimization Recommendation

Based on the hyper-parameter analysis, observed performance trends, and the given search space, here are the best hyper-parameters for the next 3 trials to improve model performance:

1. **Trial 1**:
   - **n_estimators**: 250 (not tested yet)
   - **max_depth**: None
   - **max_features**: log2
   - **min_samples_split**: 2
   - **min_samples_leaf**: 1

2. **Trial 2**:
   - **n_estimators**: 300
   - **max_depth**: None
   - **max_features**: log2
   - **min_samples_split**: 3 (not tested yet)
   - **min_samples_leaf**: 1

3. **Trial 3**:
   - **n_estimators**: 200
   - **max_depth**: None
   - **max_features**: sqrt
   - **min_samples_split**: 2
   - **min_samples_leaf**: 2 (not tested yet)

### Experiment Planning

```yaml
trials:
- params:
    max_depth: None
    max_features: log2
    min_samples_leaf: '1'
    min_samples_split: '2'
    n_estimators: '250'
  mean_score: 0.0
- params:
    max_depth: None
    max_features: log2
    min_samples_leaf: '1'
    min_samples_split: '3'
    n_estimators: '300'
  mean_score: 0.0
- params:
    max_depth: None
    max_features: sqrt
    min_samples_leaf: '2'
    min_samples_split: '2'
    n_estimators: '200'
  mean_score: 0.0
```

### Stop Optimization

Answer: No with confidence score: 0.95

The current performance is high, but there is still room for improvement based on the suggested trials. Testing these new combinations could potentially yield even better results.


boston_train_qwen2.5:72b2 - 2025-02-25 14:04:24, 0:1:44:07.222654 - ## Round 50
boston_train_qwen2.5:72b2 - 2025-02-25 14:04:24, 0:1:44:07.223535 - ## Failed 61
boston_train_qwen2.5:72b2 - 2025-02-25 14:04:24, 0:1:45:39.469359 - ### Analysis of Current Trials

1. **Summarize Performance Metrics**:
   - The best mean score observed is 0.841, achieved by multiple hyper-parameter combinations.
   - The worst mean score observed is 0.803.

2. **Evaluate Performance Trends for Hyper-parameters**:
   - **n_estimators**: Both 200 and 300 have performed well, with a slight edge to 200 (mean score of 0.841).
   - **max_depth**: `None` has generally outperformed a fixed depth of 20.
   - **max_features**: Both `log2` and `sqrt` have performed similarly, with `log2` slightly better in some cases.
   - **min_samples_leaf**: Values of 1 and 2 have performed well, while 5 has not been as effective.
   - **min_samples_split**: Values of 2 and 5 have shown good performance.

3. **Highlight Promising Hyper-parameter Combinations**:
   - `n_estimators: 200`, `max_depth: None`, `max_features: log2`, `min_samples_leaf: 1`, `min_samples_split: 2` (mean score: 0.841)
   - `n_estimators: 300`, `max_depth: None`, `max_features: log2`, `min_samples_leaf: 1`, `min_samples_split: 2` (mean score: 0.84)

### Optimization Recommendation

Based on the analysis, here are the recommended hyper-parameters for the next 3 trials:

1. **Suggested Trial 1**:
   - **n_estimators**: 250
   - **max_depth**: None
   - **max_features**: log2
   - **min_samples_leaf**: 1
   - **min_samples_split**: 3

2. **Suggested Trial 2**:
   - **n_estimators**: 200
   - **max_depth**: 15
   - **max_features**: sqrt
   - **min_samples_leaf**: 1
   - **min_samples_split**: 4

3. **Suggested Trial 3**:
   - **n_estimators**: 300
   - **max_depth**: None
   - **max_features**: sqrt
   - **min_samples_leaf**: 2
   - **min_samples_split**: 5

### Experiment Planning

```yaml
trials:
- params:
    max_depth: 'None'
    max_features: log2
    min_samples_leaf: '1'
    min_samples_split: '3'
    n_estimators: '250'
  mean_score: null
- params:
    max_depth: '15'
    max_features: sqrt
    min_samples_leaf: '1'
    min_samples_split: '4'
    n_estimators: '200'
  mean_score: null
- params:
    max_depth: 'None'
    max_features: sqrt
    min_samples_leaf: '2'
    min_samples_split: '5'
    n_estimators: '300'
  mean_score: null
```

### Stop Optimization

Answer: No with confidence score: 0.85


boston_train_qwen2.5:72b2 - 2025-02-25 14:04:24, 0:1:45:39.480966 - ## Round 51
boston_train_qwen2.5:72b2 - 2025-02-25 14:04:24, 0:1:45:39.481851 - ## Failed 62
boston_train_qwen2.5:72b2 - 2025-02-25 14:04:24, 0:1:47:37.759200 - ### Analysis of Current Trials

1. **Summarize Performance Metrics**:
   - The highest mean score observed is 0.841.
   - The lowest mean score observed is 0.803.
   - Most trials have a mean score around 0.84, indicating that the model performance is relatively stable with minor variations.

2. **Evaluate Performance Trends for Hyper-parameters**:
   - **n_estimators**: Both 200 and 300 perform similarly well, with no significant difference in mean scores.
   - **max_depth**: `None` generally performs better than a fixed depth of 20, but not consistently.
   - **max_features**: `sqrt` and `log2` both have high performance, with slight variations depending on other hyper-parameters.
   - **min_samples_leaf**: A value of 1 or 5 tends to perform well, while values of 2 are slightly less effective.
   - **min_samples_split**: Values of 2 and 5 are both common in the top-performing trials.

3. **Highlight Promising Hyper-parameter Combinations**:
   - `n_estimators: 200`, `max_depth: None`, `max_features: log2`, `min_samples_leaf: 1`, `min_samples_split: 5` (mean score: 0.841)
   - `n_estimators: 300`, `max_depth: None`, `max_features: sqrt`, `min_samples_leaf: 1`, `min_samples_split: 2` (mean score: 0.84)

### Optimization Recommendation

Based on the analysis, here are three new trials to improve model performance:

1. **Trial 1**:
   - **Reason**: Testing a higher `n_estimators` value with `max_depth` set to `None`, using `sqrt` for `max_features`, and increasing `min_samples_leaf` to 3 while keeping `min_samples_split` at 2.
   - **Params**:
     - `n_estimators: 400`
     - `max_depth: None`
     - `max_features: sqrt`
     - `min_samples_leaf: 3`
     - `min_samples_split: 2`

2. **Trial 2**:
   - **Reason**: Exploring a fixed `max_depth` of 15 with `log2` for `max_features`, and increasing both `min_samples_leaf` and `min_samples_split` to 3.
   - **Params**:
     - `n_estimators: 200`
     - `max_depth: 15`
     - `max_features: log2`
     - `min_samples_leaf: 3`
     - `min_samples_split: 3`

3. **Trial 3**:
   - **Reason**: Testing a lower `n_estimators` value with `max_depth` set to `None`, using `sqrt` for `max_features`, and increasing both `min_samples_leaf` and `min_samples_split` to 4.
   - **Params**:
     - `n_estimators: 100`
     - `max_depth: None`
     - `max_features: sqrt`
     - `min_samples_leaf: 4`
     - `min_samples_split: 4`

### Experiment Planning

```yaml
trials:
- params:
    max_depth: 'None'
    max_features: sqrt
    min_samples_leaf: '3'
    min_samples_split: '2'
    n_estimators: '400'
  mean_score: 0.841
- params:
    max_depth: '15'
    max_features: log2
    min_samples_leaf: '3'
    min_samples_split: '3'
    n_estimators: '200'
  mean_score: 0.841
- params:
    max_depth: 'None'
    max_features: sqrt
    min_samples_leaf: '4'
    min_samples_split: '4'
    n_estimators: '100'
  mean_score: 0.841
```

### Stop Optimization

Answer: No with confidence score: 0.95

The current performance is high, but there is still room for improvement by exploring new hyper-parameters.


boston_train_qwen2.5:72b2 - 2025-02-25 14:04:24, 0:1:47:37.772401 - ## Round 52
boston_train_qwen2.5:72b2 - 2025-02-25 14:04:24, 0:1:47:37.773256 - ## Failed 63
boston_train_qwen2.5:72b2 - 2025-02-25 14:04:24, 0:1:49:21.115006 - ### Analysis of Current Trials

1. **Summarize Performance Metrics**:
   - The highest mean score achieved is 0.841.
   - The lowest mean score achieved is 0.803.

2. **Evaluate Performance Trends for Hyper-parameters**:
   - **n_estimators**: Both 200 and 300 have performed well, with multiple trials achieving the highest scores (0.841).
   - **max_depth**: Trials with `None` generally perform better than those with a fixed depth of 20.
   - **max_features**: Both `log2` and `sqrt` have been successful, but `sqrt` has slightly more high-scoring trials.
   - **min_samples_leaf**: Lower values (1) tend to perform better, but some higher values (2, 5) also show decent performance.
   - **min_samples_split**: Values of 2 and 5 are common in high-performing trials.

3. **Highlight Promising Hyper-parameter Combinations**:
   - `n_estimators: 200`, `max_depth: None`, `max_features: sqrt`, `min_samples_leaf: 1`, `min_samples_split: 2` (mean score: 0.841)
   - `n_estimators: 300`, `max_depth: None`, `max_features: log2`, `min_samples_leaf: 1`, `min_samples_split: 2` (mean score: 0.84)

### Optimization Recommendation

Based on the analysis, here are the recommended hyper-parameters for the next 3 trials:

1. **Trial 1**:
   - **Reason**: Test a higher `n_estimators` value with `sqrt` feature selection.
   - `n_estimators: 500`
   - `max_depth: None`
   - `max_features: sqrt`
   - `min_samples_leaf: 1`
   - `min_samples_split: 2`

2. **Trial 2**:
   - **Reason**: Explore the impact of a slightly higher `min_samples_split` with a different feature selection method.
   - `n_estimators: 300`
   - `max_depth: None`
   - `max_features: auto`
   - `min_samples_leaf: 1`
   - `min_samples_split: 5`

3. **Trial 3**:
   - **Reason**: Test a fixed depth with a higher `min_samples_leaf` and different feature selection.
   - `n_estimators: 200`
   - `max_depth: 30`
   - `max_features: log2`
   - `min_samples_leaf: 5`
   - `min_samples_split: 5`

### Experiment Planning

```yaml
trials:
- params:
    max_depth: None
    max_features: sqrt
    min_samples_leaf: 1
    min_samples_split: 2
    n_estimators: 500
  mean_score: null
- params:
    max_depth: None
    max_features: auto
    min_samples_leaf: 1
    min_samples_split: 5
    n_estimators: 300
  mean_score: null
- params:
    max_depth: 30
    max_features: log2
    min_samples_leaf: 5
    min_samples_split: 5
    n_estimators: 200
  mean_score: null
```

### Stop Optimization

Answer: No with confidence score: 0.841

The current highest score is 0.841, which is good but not necessarily the best possible performance. Further optimization could potentially improve the model's performance.


boston_train_qwen2.5:72b2 - 2025-02-25 14:04:24, 0:1:49:21.128098 - ## Round 53
boston_train_qwen2.5:72b2 - 2025-02-25 14:04:24, 0:1:49:21.128981 - ## Failed 64
boston_train_qwen2.5:72b2 - 2025-02-25 14:04:24, 0:1:51:03.814265 - ### Analysis of Current Trials

1. **Summarize Performance Metrics**:
   - The highest mean score achieved is 0.841.
   - Several combinations of hyper-parameters achieve this top score, including:
     - `n_estimators=200`, `max_depth=None`, `min_samples_split=2`, `min_samples_leaf=1`, `max_features=sqrt`
     - `n_estimators=300`, `max_depth=None`, `min_samples_split=2`, `min_samples_leaf=1`, `max_features=log2`
     - `n_estimators=300`, `max_depth=None`, `min_samples_split=2`, `min_samples_leaf=1`, `max_features=sqrt`

2. **Evaluate Performance Trends for Hyper-Parameters**:
   - **`n_estimators`**: Higher values (200 and 300) generally perform better than lower values.
   - **`max_depth`**: Setting `max_depth=None` often leads to higher scores compared to a fixed depth of 20.
   - **`min_samples_split`**: A value of 2 tends to perform better than 5.
   - **`min_samples_leaf`**: A value of 1 performs best, with 2 and 5 leading to lower scores.
   - **`max_features`**: Both `sqrt` and `log2` perform well, but the combination with `None` for `max_depth` is more consistent.

3. **Highlight Promising Hyper-Parameter Combinations**:
   - The best combinations are those with high `n_estimators`, no limit on `max_depth`, a low `min_samples_split`, a low `min_samples_leaf`, and either `sqrt` or `log2` for `max_features`.

### Optimization Recommendation

Based on the analysis, here are the recommended hyper-parameters for the next 3 trials:

1. **Trial 1**:
   - `n_estimators=400`
   - `max_depth=None`
   - `min_samples_split=2`
   - `min_samples_leaf=1`
   - `max_features=sqrt`

2. **Trial 2**:
   - `n_estimators=350`
   - `max_depth=None`
   - `min_samples_split=2`
   - `min_samples_leaf=1`
   - `max_features=log2`

3. **Trial 3**:
   - `n_estimators=450`
   - `max_depth=None`
   - `min_samples_split=2`
   - `min_samples_leaf=1`
   - `max_features=sqrt`

### Experiment Planning

```yaml
trials:
- params:
    max_depth: None
    max_features: sqrt
    min_samples_leaf: '1'
    min_samples_split: '2'
    n_estimators: '400'
  mean_score: 0.841
- params:
    max_depth: None
    max_features: log2
    min_samples_leaf: '1'
    min_samples_split: '2'
    n_estimators: '350'
  mean_score: 0.841
- params:
    max_depth: None
    max_features: sqrt
    min_samples_leaf: '1'
    min_samples_split: '2'
    n_estimators: '450'
  mean_score: 0.841
```

### Stop Optimization

Answer: No with confidence score: 0.9

The current highest mean score of 0.841 is promising, but there is still room for improvement by testing higher values of `n_estimators` and other combinations that have not been explored yet.


boston_train_qwen2.5:72b2 - 2025-02-25 14:04:24, 0:1:51:03.827260 - ## Round 54
boston_train_qwen2.5:72b2 - 2025-02-25 14:04:24, 0:1:51:03.828136 - ## Failed 65
boston_train_qwen2.5:72b2 - 2025-02-25 14:04:24, 0:1:52:45.711072 - ### Analysis of Current Trials

1. **Summarize Performance Metrics**
   - The highest mean score observed is 0.841.
   - The lowest mean score observed is 0.803.
   - Most combinations achieve a mean score between 0.829 and 0.84.

2. **Evaluate Performance Trends for Hyper-parameters**
   - `n_estimators`: Both 200 and 300 perform well, with no significant difference in performance.
   - `max_depth`: Setting `max_depth` to `None` generally performs better than setting it to 20.
   - `max_features`: `sqrt` tends to perform slightly better than `log2`.
   - `min_samples_leaf`: Lower values (1 or 2) tend to perform better than higher values (5).
   - `min_samples_split`: Values of 2 and 5 are most common, with no significant difference in performance.

3. **Highlight Promising Hyper-parameter Combinations**
   - `n_estimators: 200`, `max_depth: None`, `max_features: sqrt`, `min_samples_leaf: 1`, `min_samples_split: 2` (mean score: 0.841)
   - `n_estimators: 300`, `max_depth: None`, `max_features: log2`, `min_samples_leaf: 1`, `min_samples_split: 2` (mean score: 0.84)

### Optimization Recommendation

Based on the analysis, here are the recommended hyper-parameters for the next 3 trials:

1. **Suggested Trial 1**
   - Reason: Exploring a higher `n_estimators` value with `max_depth: None` and `sqrt` for `max_features`.
   ```yaml
   params:
     max_depth: None
     max_features: sqrt
     min_samples_leaf: '1'
     min_samples_split: '2'
     n_estimators: '400'
   ```

2. **Suggested Trial 2**
   - Reason: Testing a lower `min_samples_split` value with `max_depth: None` and `log2` for `max_features`.
   ```yaml
   params:
     max_depth: None
     max_features: log2
     min_samples_leaf: '1'
     min_samples_split: '3'
     n_estimators: '200'
   ```

3. **Suggested Trial 3**
   - Reason: Exploring a combination of `max_depth: 30` with `sqrt` for `max_features`.
   ```yaml
   params:
     max_depth: '30'
     max_features: sqrt
     min_samples_leaf: '1'
     min_samples_split: '2'
     n_estimators: '300'
   ```

### Experiment Planning

```yaml
trials:
- params:
    max_depth: None
    max_features: sqrt
    min_samples_leaf: '1'
    min_samples_split: '2'
    n_estimators: '400'
  mean_score: 0.0
- params:
    max_depth: None
    max_features: log2
    min_samples_leaf: '1'
    min_samples_split: '3'
    n_estimators: '200'
  mean_score: 0.0
- params:
    max_depth: '30'
    max_features: sqrt
    min_samples_leaf: '1'
    min_samples_split: '2'
    n_estimators: '300'
  mean_score: 0.0
```

### Stop Optimization

Answer: No with confidence score: 0.85


boston_train_qwen2.5:72b2 - 2025-02-25 14:04:24, 0:1:52:45.719682 - ## Round 54
boston_train_qwen2.5:72b2 - 2025-02-25 14:04:24, 0:1:52:45.720521 - ## Failed 66
boston_train_qwen2.5:72b2 - 2025-02-25 14:04:24, 0:1:54:46.724245 - ### Analysis of Current Trials

1. **Summarize Performance Metrics**
   - The highest mean score achieved is 0.841.
   - Several combinations achieve this high score, including:
     - `n_estimators: 200`, `max_depth: None`, `min_samples_split: 2`, `min_samples_leaf: 1`, `max_features: sqrt`
     - `n_estimators: 300`, `max_depth: None`, `min_samples_split: 2`, `min_samples_leaf: 1`, `max_features: log2`
   - The lowest mean score is 0.803, achieved by:
     - `n_estimators: 200`, `max_depth: None`, `min_samples_split: 2`, `min_samples_leaf: 5`, `max_features: log2`

2. **Evaluate Performance Trends for Hyper-Parameters**
   - **`n_estimators`**: Higher values (300) generally perform better, but 200 also achieves the highest score in some cases.
   - **`max_depth`**: Setting `max_depth` to `None` tends to yield higher scores compared to a fixed depth of 20.
   - **`min_samples_split`**: A value of 2 is generally better than 5.
   - **`min_samples_leaf`**: Values of 1 and 2 perform well, while 5 leads to lower performance.
   - **`max_features`**: Both `sqrt` and `log2` are effective, with slight variations in performance.

3. **Highlight Promising Hyper-Parameter Combinations**
   - `n_estimators: 300`, `max_depth: None`, `min_samples_split: 2`, `min_samples_leaf: 1`, `max_features: sqrt`
   - `n_estimators: 200`, `max_depth: None`, `min_samples_split: 2`, `min_samples_leaf: 1`, `max_features: log2`

### Optimization Recommendation

Based on the hyper-parameter analysis and observed performance trends, here are the recommended hyper-parameters for the next 3 trials to improve model performance:

1. **Trial 1**
   - `n_estimators: 300`
   - `max_depth: None`
   - `min_samples_split: 2`
   - `min_samples_leaf: 5`
   - `max_features: sqrt`

   Reason: Increasing `min_samples_leaf` to 5 while keeping other parameters optimal might help in reducing overfitting.

2. **Trial 2**
   - `n_estimators: 300`
   - `max_depth: 20`
   - `min_samples_split: 2`
   - `min_samples_leaf: 1`
   - `max_features: log2`

   Reason: Testing a fixed `max_depth` of 20 with the highest `n_estimators` and other optimal parameters to see if it can improve performance.

3. **Trial 3**
   - `n_estimators: 250`
   - `max_depth: None`
   - `min_samples_split: 3`
   - `min_samples_leaf: 1`
   - `max_features: sqrt`

   Reason: Testing a mid-range `n_estimators` and slightly higher `min_samples_split` to balance between complexity and performance.

### Experiment Planning

```yaml
trials:
- params:
    max_depth: None
    max_features: sqrt
    min_samples_leaf: '5'
    min_samples_split: '2'
    n_estimators: '300'
  mean_score: 0.0
- params:
    max_depth: '20'
    max_features: log2
    min_samples_leaf: '1'
    min_samples_split: '2'
    n_estimators: '300'
  mean_score: 0.0
- params:
    max_depth: None
    max_features: sqrt
    min_samples_leaf: '1'
    min_samples_split: '3'
    n_estimators: '250'
  mean_score: 0.0
```

### Stop Optimization

Answer: No with confidence score: 0.85

The current highest mean score is 0.841, which is high but not necessarily the best possible performance. Further optimization could potentially yield better results, especially given the recommended trials that explore new parameter combinations.


boston_train_qwen2.5:72b2 - 2025-02-25 14:04:24, 0:1:54:46.737871 - ## Round 55
boston_train_qwen2.5:72b2 - 2025-02-25 14:04:24, 0:1:54:46.738758 - ## Failed 67
boston_train_qwen2.5:72b2 - 2025-02-25 14:04:24, 0:1:56:41.965361 - ### Analysis of Current Trials

1. **Summarize Performance Metrics**:
   - The best mean score achieved so far is 0.84.
   - Multiple hyper-parameter combinations have achieved this score, including:
     - `n_estimators=300`, `max_depth=None`, `min_samples_split=2`, `min_samples_leaf=1`, `max_features=log2`
     - `n_estimators=300`, `max_depth=20`, `min_samples_split=2`, `min_samples_leaf=1`, `max_features=sqrt`
     - `n_estimators=200`, `max_depth=None`, `min_samples_split=2`, `min_samples_leaf=1`, `max_features=log2`

2. **Evaluate Performance Trends for Hyper-Parameters**:
   - **`n_estimators`**: Higher values (300) generally perform better than lower values (200).
   - **`max_depth`**: Both `None` and a fixed depth of 20 have performed well, but `None` seems slightly more consistent.
   - **`min_samples_split`**: A value of 2 is consistently performing well, while higher values (5) generally perform worse.
   - **`min_samples_leaf`**: A value of 1 performs the best, while higher values (2 and 5) tend to perform worse.
   - **`max_features`**: Both `sqrt` and `log2` have performed well, but `log2` seems slightly more consistent.

3. **Highlight Promising Hyper-Parameter Combinations**:
   - `n_estimators=300`, `max_depth=None`, `min_samples_split=2`, `min_samples_leaf=1`, `max_features=log2`
   - `n_estimators=300`, `max_depth=20`, `min_samples_split=2`, `min_samples_leaf=1`, `max_features=sqrt`

### Optimization Recommendation

Based on the hyper-parameter analysis and observed performance trends, here are the recommended hyper-parameters for the next 3 trials:

1. **Trial 1**:
   - **Reason**: Increase `n_estimators` to 400 while keeping other parameters at their best-performing values.
   - `n_estimators=400`, `max_depth=None`, `min_samples_split=2`, `min_samples_leaf=1`, `max_features=log2`

2. **Trial 2**:
   - **Reason**: Test a different combination by setting `max_depth` to 30 and keeping other parameters at their best-performing values.
   - `n_estimators=300`, `max_depth=30`, `min_samples_split=2`, `min_samples_leaf=1`, `max_features=log2`

3. **Trial 3**:
   - **Reason**: Test a different combination by setting `max_features` to `auto` and keeping other parameters at their best-performing values.
   - `n_estimators=300`, `max_depth=None`, `min_samples_split=2`, `min_samples_leaf=1`, `max_features=auto`

### Experiment Planning

```yaml
trials:
- params:
    max_depth: None
    max_features: log2
    min_samples_leaf: '1'
    min_samples_split: '2'
    n_estimators: '400'
  mean_score: 0.84
- params:
    max_depth: '30'
    max_features: log2
    min_samples_leaf: '1'
    min_samples_split: '2'
    n_estimators: '300'
  mean_score: 0.84
- params:
    max_depth: None
    max_features: auto
    min_samples_leaf: '1'
    min_samples_split: '2'
    n_estimators: '300'
  mean_score: 0.84
```

### Stop Optimization

Answer: No with confidence score: 0.75

The current best performance is 0.84, which is high but not necessarily the maximum possible. Further optimization may yield better results, especially given the promising new combinations suggested.


boston_train_qwen2.5:72b2 - 2025-02-25 14:04:24, 0:1:56:41.979127 - ## Round 56
boston_train_qwen2.5:72b2 - 2025-02-25 14:04:24, 0:1:56:41.979981 - ## Failed 68
boston_train_qwen2.5:72b2 - 2025-02-25 14:04:24, 0:1:58:34.528489 - ### Analysis of Current Trials

1. **Summarize Performance Metrics:**
   - The highest mean score observed is 0.84.
   - The lowest mean score observed is 0.803.

2. **Evaluate Performance Trends for Hyper-parameters:**
   - **n_estimators**: Both 200 and 300 have been tested extensively, with no significant difference in performance between the two values.
   - **max_depth**: None generally performs better than a fixed depth (e.g., 20).
   - **max_features**: 'log2' tends to perform slightly better than 'sqrt'.
   - **min_samples_split**: Values of 2 and 5 have been tested, with no clear trend.
   - **min_samples_leaf**: Lower values (1) tend to perform better, but higher values (2, 5) show lower performance.

3. **Highlight Promising Hyper-parameter Combinations:**
   - `n_estimators: 300`, `max_depth: None`, `max_features: log2`, `min_samples_split: 2`, `min_samples_leaf: 1` has consistently high performance (mean score of 0.84).
   - `n_estimators: 200`, `max_depth: None`, `max_features: sqrt`, `min_samples_split: 2`, `min_samples_leaf: 1` also shows good performance (mean score of 0.84).

### Optimization Recommendation

Based on the analysis, here are the recommended hyper-parameters for the next 3 trials:

1. **Trial 1:**
   - Increase `min_samples_split` to 3 while keeping other parameters at their best-performing values.
   - Reason: This value has not been tested yet and might help in reducing overfitting.
   - Suggested Parameters:
     ```yaml
     max_depth: None
     max_features: log2
     min_samples_leaf: '1'
     min_samples_split: '3'
     n_estimators: '300'
     ```

2. **Trial 2:**
   - Test a higher `min_samples_leaf` value of 2 with the best-performing values.
   - Reason: This value has shown some performance but not as high as 1, and it might help in balancing bias and variance.
   - Suggested Parameters:
     ```yaml
     max_depth: None
     max_features: log2
     min_samples_leaf: '2'
     min_samples_split: '2'
     n_estimators: '300'
     ```

3. **Trial 3:**
   - Test a lower `n_estimators` value of 100 with the best-performing values.
   - Reason: Lowering the number of estimators might help in reducing computational cost without significantly impacting performance.
   - Suggested Parameters:
     ```yaml
     max_depth: None
     max_features: log2
     min_samples_leaf: '1'
     min_samples_split: '2'
     n_estimators: '100'
     ```

### Experiment Planning

```yaml
trials:
- params:
    max_depth: None
    max_features: log2
    min_samples_leaf: '1'
    min_samples_split: '3'
    n_estimators: '300'
  mean_score: 0.84
- params:
    max_depth: None
    max_features: log2
    min_samples_leaf: '2'
    min_samples_split: '2'
    n_estimators: '300'
  mean_score: 0.84
- params:
    max_depth: None
    max_features: log2
    min_samples_leaf: '1'
    min_samples_split: '2'
    n_estimators: '100'
  mean_score: 0.84
```

### Stop Optimization

Answer: No with confidence score: 0.95

The current best performance (mean score of 0.84) is high, but there is still room for improvement by testing the suggested hyper-parameters.


boston_train_qwen2.5:72b2 - 2025-02-25 14:04:24, 0:1:58:34.537319 - ## Round 56
boston_train_qwen2.5:72b2 - 2025-02-25 14:04:24, 0:1:58:34.538165 - ## Failed 69
boston_train_qwen2.5:72b2 - 2025-02-25 14:04:24, 0:2:00:09.996511 - ### Analysis of Current Trials

1. **Summarize Performance Metrics**:
   - The highest mean score achieved is 0.84.
   - The lowest mean score observed is 0.803.

2. **Evaluate Performance Trends for Hyper-parameters**:
   - **`n_estimators`**: Both 200 and 300 have been tested multiple times, with no significant difference in performance.
   - **`max_depth`**: `None` generally performs better than a fixed depth (e.g., 20).
   - **`max_features`**: `log2` tends to perform slightly better than `sqrt`.
   - **`min_samples_split`**: Lower values (e.g., 2) tend to perform better.
   - **`min_samples_leaf`**: Lower values (e.g., 1) also tend to perform better.

3. **Highlight Promising Hyper-parameter Combinations**:
   - `n_estimators: 300`, `max_depth: None`, `max_features: log2`, `min_samples_split: 2`, `min_samples_leaf: 1` (mean score: 0.84)
   - `n_estimators: 200`, `max_depth: None`, `max_features: sqrt`, `min_samples_split: 2`, `min_samples_leaf: 1` (mean score: 0.841)

### Optimization Recommendation

Based on the analysis, here are three new hyper-parameter combinations to test in the next trials:

1. **Suggested Trial 1**:
   - `n_estimators: 300`
   - `max_depth: None`
   - `max_features: sqrt`
   - `min_samples_split: 2`
   - `min_samples_leaf: 5`

2. **Suggested Trial 2**:
   - `n_estimators: 200`
   - `max_depth: 10`
   - `max_features: log2`
   - `min_samples_split: 3`
   - `min_samples_leaf: 1`

3. **Suggested Trial 3**:
   - `n_estimators: 300`
   - `max_depth: 15`
   - `max_features: sqrt`
   - `min_samples_split: 3`
   - `min_samples_leaf: 2`

### Experiment Planning

```yaml
trials:
- params:
    max_depth: 'None'
    max_features: sqrt
    min_samples_leaf: '5'
    min_samples_split: '2'
    n_estimators: '300'
  mean_score: null
- params:
    max_depth: '10'
    max_features: log2
    min_samples_leaf: '1'
    min_samples_split: '3'
    n_estimators: '200'
  mean_score: null
- params:
    max_depth: '15'
    max_features: sqrt
    min_samples_leaf: '2'
    min_samples_split: '3'
    n_estimators: '300'
  mean_score: null
```

### Stop Optimization

Answer: No with confidence score: 0.84

The current highest mean score is 0.84, which is good but not necessarily the best possible performance. Further optimization could potentially yield better results.


boston_train_qwen2.5:72b2 - 2025-02-25 14:04:24, 0:2:00:10.008919 - ## Round 57
boston_train_qwen2.5:72b2 - 2025-02-25 14:04:24, 0:2:00:10.009815 - ## Failed 70
boston_train_qwen2.5:72b2 - 2025-02-25 14:04:24, 0:2:02:12.487894 - ### Analysis of Current Trials

1. **Summarize Performance Metrics**:
   - The best performance achieved so far is a mean score of 0.84.
   - The worst performance achieved is a mean score of 0.803.
   - Most configurations have a mean score around 0.82 to 0.84.

2. **Evaluate Performance Trends for Hyper-parameters**:
   - **n_estimators**: Higher values (300) generally perform better than lower values (100 and 200).
   - **max_depth**: Configurations with `None` (unlimited depth) tend to perform better than fixed depths.
   - **max_features**: Both `sqrt` and `log2` have performed well, but there is no clear trend favoring one over the other.
   - **min_samples_leaf**: Lower values (1) generally perform better than higher values (5).
   - **min_samples_split**: Values of 2 and 5 are common, with a slight preference for 2.

3. **Highlight Promising Hyper-parameter Combinations**:
   - `n_estimators: 300`, `max_depth: None`, `max_features: sqrt`, `min_samples_leaf: 1`, `min_samples_split: 2` (mean score: 0.84)
   - `n_estimators: 300`, `max_depth: None`, `max_features: log2`, `min_samples_leaf: 1`, `min_samples_split: 2` (mean score: 0.84)
   - `n_estimators: 300`, `max_depth: None`, `max_features: sqrt`, `min_samples_leaf: 1`, `min_samples_split: 5` (mean score: 0.834)

### Optimization Recommendation

Based on the hyper-parameter analysis, observed performance trends, and the given search space, here are the recommended hyper-parameters for the next 3 trials to improve model performance:

1. **Trial 1**:
   - `n_estimators: 300`
   - `max_depth: None`
   - `max_features: sqrt`
   - `min_samples_leaf: 2`
   - `min_samples_split: 2`

   **Reason**: This combination has not been tested yet and maintains high values for `n_estimators` and `max_depth`, which have shown to be beneficial. Adjusting `min_samples_leaf` to 2 might help in balancing the model complexity.

2. **Trial 2**:
   - `n_estimators: 300`
   - `max_depth: 15`
   - `max_features: log2`
   - `min_samples_leaf: 1`
   - `min_samples_split: 2`

   **Reason**: This combination introduces a fixed `max_depth` value (15) to see if it can improve performance while maintaining high values for `n_estimators` and using `log2` for `max_features`.

3. **Trial 3**:
   - `n_estimators: 200`
   - `max_depth: None`
   - `max_features: log2`
   - `min_samples_leaf: 1`
   - `min_samples_split: 5`

   **Reason**: This combination reduces `n_estimators` to 200 while keeping other parameters that have shown good performance. It also tests a higher value for `min_samples_split`.

### Experiment Planning

```yaml
trials:
- params:
    max_depth: None
    max_features: sqrt
    min_samples_leaf: '2'
    min_samples_split: '2'
    n_estimators: '300'
  mean_score: 0.0
- params:
    max_depth: '15'
    max_features: log2
    min_samples_leaf: '1'
    min_samples_split: '2'
    n_estimators: '300'
  mean_score: 0.0
- params:
    max_depth: None
    max_features: log2
    min_samples_leaf: '1'
    min_samples_split: '5'
    n_estimators: '200'
  mean_score: 0.0
```

### Stop Optimization

Answer: No with confidence score: 0.84

The current best performance is 0.84, which is high but not necessarily the highest possible. Further optimization might still yield improvements.


boston_train_qwen2.5:72b2 - 2025-02-25 14:04:24, 0:2:02:12.505749 - ## Round 58
boston_train_qwen2.5:72b2 - 2025-02-25 14:04:24, 0:2:02:12.506630 - ## Failed 71
boston_train_qwen2.5:72b2 - 2025-02-25 14:04:24, 0:2:03:43.108429 - ### Analysis of Current Trials

1. **Summarize Performance Metrics**:
   - The mean scores range from 0.8 to 0.84.
   - The highest mean score is 0.84, which occurs multiple times with different hyper-parameter combinations.
   - The lowest mean score is 0.8.

2. **Evaluate Performance Trends for Hyper-parameters**:
   - **n_estimators**: Both 200 and 300 have been tested extensively. Scores are generally higher with 300 n_estimators.
   - **max_depth**: None and 20 are the most common values. Scores are slightly higher when max_depth is set to None.
   - **max_features**: 'sqrt' and 'log2' are used. Scores are similar for both, but 'log2' seems to perform slightly better in some cases.
   - **min_samples_split**: 2 and 5 are the most common values. Scores are generally higher when min_samples_split is set to 2.
   - **min_samples_leaf**: 1, 2, and 5 have been tested. Scores are generally higher when min_samples_leaf is set to 1.

3. **Highlight Promising Hyper-parameter Combinations**:
   - n_estimators: 300
   - max_depth: None
   - max_features: 'log2'
   - min_samples_split: 2
   - min_samples_leaf: 1

### Optimization Recommendation

Based on the hyper-parameter analysis, observed performance trends, and the given search space, here are the best hyper-parameters for the next 3 trials to improve model performance:

1. **Trial 1**:
   - n_estimators: 300
   - max_depth: None
   - max_features: 'log2'
   - min_samples_split: 3
   - min_samples_leaf: 1

2. **Trial 2**:
   - n_estimators: 400
   - max_depth: 30
   - max_features: 'sqrt'
   - min_samples_split: 2
   - min_samples_leaf: 1

3. **Trial 3**:
   - n_estimators: 500
   - max_depth: None
   - max_features: 'log2'
   - min_samples_split: 4
   - min_samples_leaf: 2

### Experiment Planning

```yaml
trials:
- params:
    max_depth: None
    max_features: log2
    min_samples_leaf: '1'
    min_samples_split: '3'
    n_estimators: '300'
  mean_score: null
- params:
    max_depth: '30'
    max_features: sqrt
    min_samples_leaf: '1'
    min_samples_split: '2'
    n_estimators: '400'
  mean_score: null
- params:
    max_depth: None
    max_features: log2
    min_samples_leaf: '2'
    min_samples_split: '4'
    n_estimators: '500'
  mean_score: null
```

### Stop Optimization

Answer: No with confidence score: 0.85


boston_train_qwen2.5:72b2 - 2025-02-25 14:04:24, 0:2:03:43.120127 - ## Round 59
boston_train_qwen2.5:72b2 - 2025-02-25 14:04:24, 0:2:03:43.121063 - ## Failed 72
boston_train_qwen2.5:72b2 - 2025-02-25 14:04:24, 0:2:05:40.013499 - ### Analysis of Current Trials

1. **Summarize Performance Metrics**:
   - The highest mean score achieved is 0.84, which occurs multiple times for different hyper-parameter combinations.
   - The lowest mean score observed is 0.802.

2. **Evaluate Performance Trends for Hyper-parameters**:
   - **n_estimators**: Both 200 and 300 have been tested extensively. There is no significant difference in performance between these two values, with both achieving the highest score of 0.84.
   - **max_depth**: Both `None` and 20 are frequently used. The best scores (0.84) are achieved for both max_depth values.
   - **max_features**: `sqrt` generally performs better than `log2`, with multiple instances achieving the highest score of 0.84.
   - **min_samples_leaf**: Values of 1 and 2 perform well, while 5 tends to result in lower scores.
   - **min_samples_split**: Values of 2 and 5 are used. The best scores (0.84) are achieved with both values.

3. **Highlight Promising Hyper-parameter Combinations**:
   - `n_estimators: 200`, `max_depth: None`, `max_features: sqrt`, `min_samples_leaf: 1`, `min_samples_split: 2` (mean score: 0.84)
   - `n_estimators: 300`, `max_depth: 20`, `max_features: sqrt`, `min_samples_leaf: 1`, `min_samples_split: 2` (mean score: 0.84)
   - `n_estimators: 300`, `max_depth: None`, `max_features: log2`, `min_samples_leaf: 1`, `min_samples_split: 2` (mean score: 0.84)

### Optimization Recommendation

Based on the hyper-parameter analysis, observed performance trends, and the given search space, here are the best hyper-parameters for the next 3 trials to improve model performance:

1. **Suggested Hyper-parameters**:
   - `n_estimators: 250`, `max_depth: None`, `max_features: sqrt`, `min_samples_leaf: 2`, `min_samples_split: 3`
     - Reason: Exploring a new value for `n_estimators` (250) between 200 and 300, while keeping other parameters that have shown good performance.
   - `n_estimators: 350`, `max_depth: 15`, `max_features: log2`, `min_samples_leaf: 1`, `min_samples_split: 3`
     - Reason: Testing a higher value for `n_estimators` (350) and a lower value for `max_depth` (15), while keeping other parameters that have shown good performance.
   - `n_estimators: 200`, `max_depth: None`, `max_features: log2`, `min_samples_leaf: 3`, `min_samples_split: 5`
     - Reason: Testing a different combination of `min_samples_leaf` and `min_samples_split` while keeping other parameters that have shown good performance.

### Experiment Planning

```yaml
trials:
- params:
    max_depth: None
    max_features: sqrt
    min_samples_leaf: '2'
    min_samples_split: '3'
    n_estimators: '250'
  mean_score: 
- params:
    max_depth: '15'
    max_features: log2
    min_samples_leaf: '1'
    min_samples_split: '3'
    n_estimators: '350'
  mean_score: 
- params:
    max_depth: None
    max_features: log2
    min_samples_leaf: '3'
    min_samples_split: '5'
    n_estimators: '200'
  mean_score: 
```

### Stop Optimization

Answer: No with confidence score: 0.9

The current best performance (mean score of 0.84) is high, but there is still room for improvement. The suggested trials aim to explore new combinations that could potentially yield even better results.


boston_train_qwen2.5:72b2 - 2025-02-25 14:04:24, 0:2:05:40.027054 - ## Round 60
boston_train_qwen2.5:72b2 - 2025-02-25 14:04:24, 0:2:05:40.027932 - ## Failed 73
boston_train_qwen2.5:72b2 - 2025-02-25 14:04:24, 0:2:07:20.208442 - ### Analysis of Current Trials

1. **Summarize Performance Metrics**:
   - The best mean score achieved is 0.84.
   - Common hyper-parameters among the top-performing models include `max_depth=None`, `max_features=log2`, and `min_samples_leaf=1`.

2. **Evaluate Performance Trends for Hyper-Parameters**:
   - **`n_estimators`**: Higher values (300) generally perform better than lower values (200).
   - **`max_depth`**: Both `None` and `20` have performed well, but `None` seems to be slightly more consistent.
   - **`max_features`**: `log2` has a slight edge over `sqrt`.
   - **`min_samples_leaf`**: A value of `1` is generally better than higher values.
   - **`min_samples_split`**: Values of `2` and `5` have been tested, with `2` performing slightly better.

3. **Highlight Promising Hyper-Parameter Combinations**:
   - `n_estimators=300`, `max_depth=None`, `max_features=log2`, `min_samples_leaf=1`, `min_samples_split=2`
   - `n_estimators=300`, `max_depth=20`, `max_features=log2`, `min_samples_leaf=1`, `min_samples_split=2`

### Optimization Recommendation

Based on the hyper-parameter analysis and observed performance trends, here are the recommended hyper-parameters for the next 3 trials:

1. **Trial 1**:
   - `n_estimators=300`
   - `max_depth=None`
   - `max_features=log2`
   - `min_samples_leaf=1`
   - `min_samples_split=3`

   Reason: This combination explores a different value for `min_samples_split` while maintaining other top-performing hyper-parameters.

2. **Trial 2**:
   - `n_estimators=200`
   - `max_depth=None`
   - `max_features=log2`
   - `min_samples_leaf=1`
   - `min_samples_split=3`

   Reason: This combination reduces `n_estimators` to explore if a lower value can still perform well with the other top-performing hyper-parameters.

3. **Trial 3**:
   - `n_estimators=300`
   - `max_depth=20`
   - `max_features=sqrt`
   - `min_samples_leaf=1`
   - `min_samples_split=3`

   Reason: This combination explores a different value for `max_features` while maintaining other top-performing hyper-parameters.

### Experiment Planning

```yaml
trials:
- params:
    max_depth: None
    max_features: log2
    min_samples_leaf: '1'
    min_samples_split: '3'
    n_estimators: '300'
  mean_score: null
- params:
    max_depth: None
    max_features: log2
    min_samples_leaf: '1'
    min_samples_split: '3'
    n_estimators: '200'
  mean_score: null
- params:
    max_depth: '20'
    max_features: sqrt
    min_samples_leaf: '1'
    min_samples_split: '3'
    n_estimators: '300'
  mean_score: null
```

### Stop Optimization

Answer: No with confidence score: 0.85

The current best performance is 0.84, which is high but not necessarily the maximum achievable. Further optimization may yield better results.


boston_train_qwen2.5:72b2 - 2025-02-25 14:04:24, 0:2:07:20.221637 - ## Round 61
boston_train_qwen2.5:72b2 - 2025-02-25 14:04:24, 0:2:07:20.222523 - ## Failed 74
boston_train_qwen2.5:72b2 - 2025-02-25 14:04:24, 0:2:09:05.168955 - ### Analysis of Current Trials

1. **Summarize Performance Metrics**
   - The mean scores for the trials range from 0.8 to 0.84.
   - The highest mean score is 0.84, achieved by multiple combinations of hyper-parameters.

2. **Evaluate Performance Trends for Hyper-Parameters**
   - **n_estimators**: Both 200 and 300 have performed well, with no clear advantage over the other.
   - **max_depth**: Trials with `None` and `20` have both achieved high scores.
   - **max_features**: `sqrt` has consistently performed better than `log2`.
   - **min_samples_leaf**: Values of 1 and 2 have performed well, while 5 has generally resulted in lower scores.
   - **min_samples_split**: Values of 2 and 5 have both been successful, with no clear trend.

3. **Highlight Promising Hyper-Parameter Combinations**
   - `n_estimators: 200 or 300`, `max_depth: None or 20`, `max_features: sqrt`, `min_samples_leaf: 1 or 2`, `min_samples_split: 2 or 5` are the most promising combinations.

### Optimization Recommendation

Based on the hyper-parameter analysis, observed performance trends, and the given search space, here are the best hyper-parameters for the next 3 trials:

1. **Trial 1**
   - **Reason**: Combining high `n_estimators` with a deeper tree (`max_depth: 50`) to explore if further depth improves performance.
   ```yaml
   - params:
       max_depth: '50'
       max_features: sqrt
       min_samples_leaf: '2'
       min_samples_split: '2'
       n_estimators: '300'
   ```

2. **Trial 2**
   - **Reason**: Testing a combination of `max_depth: None` with higher `min_samples_split` to balance complexity and generalization.
   ```yaml
   - params:
       max_depth: None
       max_features: log2
       min_samples_leaf: '1'
       min_samples_split: '10'
       n_estimators: '200'
   ```

3. **Trial 3**
   - **Reason**: Exploring the impact of a lower `min_samples_leaf` with higher `n_estimators` to see if it improves performance.
   ```yaml
   - params:
       max_depth: '20'
       max_features: sqrt
       min_samples_leaf: '1'
       min_samples_split: '5'
       n_estimators: '400'
   ```

### Experiment Planning

```yaml
trials:
- params:
    max_depth: '50'
    max_features: sqrt
    min_samples_leaf: '2'
    min_samples_split: '2'
    n_estimators: '300'
  mean_score: 0.0
- params:
    max_depth: None
    max_features: log2
    min_samples_leaf: '1'
    min_samples_split: '10'
    n_estimators: '200'
  mean_score: 0.0
- params:
    max_depth: '20'
    max_features: sqrt
    min_samples_leaf: '1'
    min_samples_split: '5'
    n_estimators: '400'
  mean_score: 0.0
```

### Stop Optimization

Answer: No with confidence score: 0.85

The current highest mean score of 0.84 is promising but not yet at a level where further optimization would be unnecessary. Continuing the optimization process to explore new hyper-parameter combinations could potentially yield even better results.


boston_train_qwen2.5:72b2 - 2025-02-25 14:04:24, 0:2:09:05.180778 - ## Round 62
boston_train_qwen2.5:72b2 - 2025-02-25 14:04:24, 0:2:09:05.181662 - ## Failed 75
boston_train_qwen2.5:72b2 - 2025-02-25 14:04:24, 0:2:10:56.689417 - ### Analysis of Current Trials

1. **Summarize Performance Metrics**:
   - The best mean_score achieved is 0.84, which occurs multiple times with different hyper-parameter combinations.
   - The worst mean_score is 0.8, which also appears multiple times.

2. **Evaluate Performance Trends for Hyper-parameters**:
   - **n_estimators**: Both 200 and 300 have achieved the best score of 0.84. There is no clear trend indicating one is better than the other.
   - **max_depth**: `None` and `'20'` are both effective, with multiple instances achieving the top score.
   - **max_features**: Both `sqrt` and `log2` have achieved the best scores equally.
   - **min_samples_split**: Values of 2 and 5 have been tested. The value 2 seems to perform slightly better.
   - **min_samples_leaf**: Values of 1, 2, and 5 have been tested. The value 1 seems to perform slightly better.

3. **Highlight Promising Hyper-parameter Combinations**:
   - `n_estimators: 200`, `max_depth: None`, `max_features: sqrt`, `min_samples_split: 2`, `min_samples_leaf: 1` (mean_score: 0.84)
   - `n_estimators: 300`, `max_depth: '20'`, `max_features: log2`, `min_samples_split: 2`, `min_samples_leaf: 1` (mean_score: 0.84)

### Optimization Recommendation

Based on the analysis, the following hyper-parameters are recommended for the next 3 trials to improve model performance:

1. **Trial 1**:
   - `n_estimators: 250`
   - `max_depth: 30`
   - `max_features: sqrt`
   - `min_samples_split: 3`
   - `min_samples_leaf: 2`

   Reason: Increasing `n_estimators` and `max_depth` slightly to explore higher complexity, while keeping other parameters balanced.

2. **Trial 2**:
   - `n_estimators: 250`
   - `max_depth: None`
   - `max_features: log2`
   - `min_samples_split: 3`
   - `min_samples_leaf: 1`

   Reason: Testing a higher `n_estimators` with `max_depth` set to `None` and using `log2` for `max_features` to see if it improves performance.

3. **Trial 3**:
   - `n_estimators: 350`
   - `max_depth: '20'`
   - `max_features: sqrt`
   - `min_samples_split: 4`
   - `min_samples_leaf: 1`

   Reason: Further increasing `n_estimators` and exploring a slightly higher `min_samples_split` to see if it helps in reducing overfitting.

### Experiment Planning

```yaml
trials:
- params:
    max_depth: '30'
    max_features: sqrt
    min_samples_leaf: '2'
    min_samples_split: '3'
    n_estimators: '250'
  mean_score: 
- params:
    max_depth: None
    max_features: log2
    min_samples_leaf: '1'
    min_samples_split: '3'
    n_estimators: '250'
  mean_score: 
- params:
    max_depth: '20'
    max_features: sqrt
    min_samples_leaf: '1'
    min_samples_split: '4'
    n_estimators: '350'
  mean_score: 
```

### Stop Optimization

Answer: No with confidence score: 0.84

The current best performance is 0.84, which is high but not necessarily the highest possible. Further optimization could potentially yield better results.


boston_train_qwen2.5:72b2 - 2025-02-25 14:04:24, 0:2:10:56.703011 - ## Round 63
boston_train_qwen2.5:72b2 - 2025-02-25 14:04:24, 0:2:10:56.703887 - ## Failed 76
boston_train_qwen2.5:72b2 - 2025-02-25 14:04:24, 0:2:12:42.621328 - ### Analysis of Current Trials

1. **Summarize Performance Metrics**:
   - The highest mean score achieved is 0.84.
   - The lowest mean score achieved is 0.802.
   - The most common hyper-parameters with high performance (mean score ≥ 0.83) are:
     - `n_estimators`: 200 and 300
     - `max_depth`: None and 20
     - `max_features`: sqrt and log2
     - `min_samples_split`: 2
     - `min_samples_leaf`: 1

2. **Evaluate Performance Trends for Hyper-Parameters**:
   - **`n_estimators`**: Higher values (300) tend to perform better, with multiple instances achieving a mean score of 0.84.
   - **`max_depth`**: Both `None` and `20` have high-performing trials, but `None` is more consistent.
   - **`max_features`**: Both `sqrt` and `log2` perform well, with slight preference for `sqrt`.
   - **`min_samples_split`**: Lower values (2) generally perform better.
   - **`min_samples_leaf`**: Lower values (1) tend to perform better.

3. **Highlight Promising Hyper-Parameter Combinations**:
   - `n_estimators: 300`, `max_depth: None`, `max_features: sqrt`, `min_samples_split: 2`, `min_samples_leaf: 1`
   - `n_estimators: 200`, `max_depth: None`, `max_features: log2`, `min_samples_split: 2`, `min_samples_leaf: 1`

### Optimization Recommendation

Based on the analysis, here are the recommended hyper-parameters for the next 3 trials:

1. **Trial 1**:
   - Reason: Increase `n_estimators` to 400 to see if further improvement is possible.
   - `n_estimators: 400`, `max_depth: None`, `max_features: sqrt`, `min_samples_split: 2`, `min_samples_leaf: 1`

2. **Trial 2**:
   - Reason: Test a different combination with higher `min_samples_split` to see if it helps avoid overfitting.
   - `n_estimators: 300`, `max_depth: None`, `max_features: sqrt`, `min_samples_split: 5`, `min_samples_leaf: 1`

3. **Trial 3**:
   - Reason: Test a combination with higher `min_samples_leaf` to see if it improves generalization.
   - `n_estimators: 200`, `max_depth: None`, `max_features: log2`, `min_samples_split: 2`, `min_samples_leaf: 5`

### Experiment Planning

```yaml
trials:
- params:
    max_depth: 'None'
    max_features: sqrt
    min_samples_leaf: '1'
    min_samples_split: '2'
    n_estimators: '400'
  mean_score: null
- params:
    max_depth: 'None'
    max_features: sqrt
    min_samples_leaf: '1'
    min_samples_split: '5'
    n_estimators: '300'
  mean_score: null
- params:
    max_depth: 'None'
    max_features: log2
    min_samples_leaf: '5'
    min_samples_split: '2'
    n_estimators: '200'
  mean_score: null
```

### Stop Optimization

Answer: No with confidence score: 0.84

The current best performance is 0.84, which is high but not necessarily the maximum possible. Further optimization could potentially yield better results.


boston_train_qwen2.5:72b2 - 2025-02-25 14:04:24, 0:2:12:42.650127 - ## Round 64
boston_train_qwen2.5:72b2 - 2025-02-25 14:04:24, 0:2:12:42.651006 - ## Failed 77
boston_train_qwen2.5:72b2 - 2025-02-25 14:04:24, 0:2:14:18.932198 - ### Analysis of Current Trials

1. **Summarize Performance Metrics:**
   - The best performance achieved is a mean score of 0.84.
   - The worst performance achieved is a mean score of 0.802.
   - Most trials have a mean score between 0.829 and 0.84.

2. **Evaluate Performance Trends for Hyper-Parameters:**
   - **n_estimators:** Higher values (300) generally perform better than lower values (100).
   - **max_depth:** Trials with `None` tend to perform slightly better than those with a fixed depth of 20.
   - **max_features:** Both `sqrt` and `log2` have been used, but `log2` seems to perform slightly better overall.
   - **min_samples_leaf:** Lower values (1) generally perform better than higher values (5).
   - **min_samples_split:** Lower values (2) tend to perform better than higher values (5).

3. **Highlight Promising Hyper-Parameter Combinations:**
   - `n_estimators: 300`, `max_depth: None`, `max_features: log2`, `min_samples_leaf: 1`, `min_samples_split: 2` with a mean score of 0.84.
   - `n_estimators: 300`, `max_depth: 20`, `max_features: sqrt`, `min_samples_leaf: 1`, `min_samples_split: 2` with a mean score of 0.84.

### Optimization Recommendation

Based on the analysis, the following hyper-parameters are recommended for the next 3 trials:

1. **Trial 1:**
   - **n_estimators:** 300
   - **max_depth:** None
   - **max_features:** log2
   - **min_samples_leaf:** 2
   - **min_samples_split:** 2

2. **Trial 2:**
   - **n_estimators:** 200
   - **max_depth:** 20
   - **max_features:** log2
   - **min_samples_leaf:** 1
   - **min_samples_split:** 3

3. **Trial 3:**
   - **n_estimators:** 300
   - **max_depth:** None
   - **max_features:** sqrt
   - **min_samples_leaf:** 2
   - **min_samples_split:** 3

### Experiment Planning

```yaml
trials:
- params:
    max_depth: None
    max_features: log2
    min_samples_leaf: '2'
    min_samples_split: '2'
    n_estimators: '300'
  mean_score: null
- params:
    max_depth: '20'
    max_features: log2
    min_samples_leaf: '1'
    min_samples_split: '3'
    n_estimators: '200'
  mean_score: null
- params:
    max_depth: None
    max_features: sqrt
    min_samples_leaf: '2'
    min_samples_split: '3'
    n_estimators: '300'
  mean_score: null
```

### Stop Optimization

Answer: No with confidence score: 0.84

The current best performance is 0.84, which is high but not necessarily the maximum possible. Further optimization may still yield improvements.


boston_train_qwen2.5:72b2 - 2025-02-25 14:04:24, 0:2:14:18.944270 - ## Round 65
boston_train_qwen2.5:72b2 - 2025-02-25 14:04:24, 0:2:14:18.945199 - ## Failed 78
boston_train_qwen2.5:72b2 - 2025-02-25 14:04:24, 0:2:16:01.494340 - ### Analysis of Current Trials

1. **Summarize Performance Metrics**:
   - The highest mean score achieved is 0.84.
   - The lowest mean score is 0.802.
   - Most trials have a mean score between 0.827 and 0.84.

2. **Evaluate Performance Trends for Hyper-parameters**:
   - **n_estimators**: Higher values (300) generally perform better than lower values (100, 200).
   - **max_depth**: Setting `max_depth` to `None` often results in higher scores compared to a fixed depth of 20.
   - **max_features**: Using `sqrt` tends to perform slightly better than `log2`.
   - **min_samples_leaf** and **min_samples_split**: Lower values (1, 2) generally outperform higher values (5).

3. **Highlight Promising Hyper-parameter Combinations**:
   - `n_estimators: 300`, `max_depth: None`, `max_features: sqrt`, `min_samples_leaf: 1`, `min_samples_split: 2` consistently achieve high scores.
   - `n_estimators: 300`, `max_depth: None`, `max_features: log2`, `min_samples_leaf: 1`, `min_samples_split: 5` also shows promise.

### Optimization Recommendation

Based on the analysis, here are three new hyper-parameter combinations to test:

1. **Trial 1**:
   - **n_estimators**: 300
   - **max_depth**: None
   - **max_features**: sqrt
   - **min_samples_leaf**: 2
   - **min_samples_split**: 3

   Reason: Testing a slightly higher `min_samples_split` and a moderate `min_samples_leaf` to see if it can balance overfitting while maintaining high performance.

2. **Trial 2**:
   - **n_estimators**: 250
   - **max_depth**: None
   - **max_features**: log2
   - **min_samples_leaf**: 1
   - **min_samples_split**: 4

   Reason: Exploring a middle ground for `n_estimators` and a slightly higher `min_samples_split` to see if it can improve stability.

3. **Trial 3**:
   - **n_estimators**: 300
   - **max_depth**: 15
   - **max_features**: sqrt
   - **min_samples_leaf**: 2
   - **min_samples_split**: 2

   Reason: Testing a moderate `max_depth` to see if it can improve performance without overfitting.

### Experiment Planning

```yaml
trials:
- params:
    max_depth: None
    max_features: sqrt
    min_samples_leaf: '2'
    min_samples_split: '3'
    n_estimators: '300'
  mean_score: null
- params:
    max_depth: None
    max_features: log2
    min_samples_leaf: '1'
    min_samples_split: '4'
    n_estimators: '250'
  mean_score: null
- params:
    max_depth: '15'
    max_features: sqrt
    min_samples_leaf: '2'
    min_samples_split: '2'
    n_estimators: '300'
  mean_score: null
```

### Stop Optimization

Answer: No with confidence score: 0.84

The current best performance is 0.84, which is high but not necessarily the maximum possible. Further optimization may yield better results, so it's recommended to continue testing new hyper-parameter combinations.


boston_train_qwen2.5:72b2 - 2025-02-25 14:04:24, 0:2:16:01.507792 - ## Round 66
boston_train_qwen2.5:72b2 - 2025-02-25 14:04:24, 0:2:16:01.508818 - ## Failed 79
boston_train_qwen2.5:72b2 - 2025-02-25 14:04:24, 0:2:17:56.089213 - ### Analysis of Current Trials

1. **Summarize Performance Metrics**
   - The highest mean score achieved is 0.84.
   - The lowest mean score achieved is 0.802.
   - Most trials have mean scores between 0.83 and 0.84.

2. **Evaluate Performance Trends for Hyper-Parameters**
   - **n_estimators**: Higher values (300) generally perform better than lower values (100, 200).
   - **max_depth**: `None` tends to perform slightly better than a fixed depth of 20.
   - **max_features**: Both `sqrt` and `log2` have similar performance, but `sqrt` is marginally better in most cases.
   - **min_samples_leaf**: Lower values (1, 2) tend to perform better than higher values (5).
   - **min_samples_split**: Values of 2 and 5 are common, with 2 generally performing slightly better.

3. **Highlight Promising Hyper-Parameter Combinations**
   - `n_estimators: 300`, `max_depth: None`, `max_features: sqrt`, `min_samples_leaf: 1`, `min_samples_split: 2` (Mean score: 0.84)
   - `n_estimators: 300`, `max_depth: None`, `max_features: log2`, `min_samples_leaf: 1`, `min_samples_split: 5` (Mean score: 0.834)
   - `n_estimators: 300`, `max_depth: 20`, `max_features: sqrt`, `min_samples_leaf: 1`, `min_samples_split: 2` (Mean score: 0.84)

### Optimization Recommendation

Based on the hyper-parameter analysis, observed performance trends, and the given search space, I recommend the following hyper-parameters for the next 3 trials to improve model performance:

1. **Trial 1**
   - `n_estimators: 300`
   - `max_depth: None`
   - `max_features: sqrt`
   - `min_samples_leaf: 2`
   - `min_samples_split: 3`
   - Reason: This combination has not been tested yet and leverages the high performance of `n_estimators: 300`, `max_depth: None`, and `max_features: sqrt` while exploring a different split value.

2. **Trial 2**
   - `n_estimators: 250`
   - `max_depth: 30`
   - `max_features: log2`
   - `min_samples_leaf: 1`
   - `min_samples_split: 2`
   - Reason: This combination explores a higher `max_depth` and a different number of estimators, while keeping other parameters that have shown good performance.

3. **Trial 3**
   - `n_estimators: 300`
   - `max_depth: None`
   - `max_features: log2`
   - `min_samples_leaf: 1`
   - `min_samples_split: 4`
   - Reason: This combination explores a different split value while maintaining other parameters that have shown good performance.

### Experiment Planning

```yaml
trials:
- params:
    max_depth: None
    max_features: sqrt
    min_samples_leaf: '2'
    min_samples_split: '3'
    n_estimators: '300'
  mean_score: null
- params:
    max_depth: '30'
    max_features: log2
    min_samples_leaf: '1'
    min_samples_split: '2'
    n_estimators: '250'
  mean_score: null
- params:
    max_depth: None
    max_features: log2
    min_samples_leaf: '1'
    min_samples_split: '4'
    n_estimators: '300'
  mean_score: null
```

### Stop Optimization

Answer: No with confidence score: 0.85

The current performance is high but not necessarily at the optimal point, and further exploration could lead to better results.


boston_train_qwen2.5:72b2 - 2025-02-25 14:04:24, 0:2:17:56.101767 - ## Round 67
boston_train_qwen2.5:72b2 - 2025-02-25 14:04:24, 0:2:17:56.102637 - ## Failed 80
boston_train_qwen2.5:72b2 - 2025-02-25 14:04:24, 0:2:19:50.888401 - ### Analysis of Current Trials

1. **Summarize Performance Metrics**:
   - The highest mean score achieved is 0.84.
   - The lowest mean score achieved is 0.802.
   - Most trials have a mean score between 0.827 and 0.84.

2. **Evaluate Performance Trends for Hyper-Parameters**:
   - **n_estimators**: Higher values (300) generally perform better, but there are exceptions where lower values (200) also achieve high scores.
   - **max_depth**: Trials with `None` (unlimited depth) tend to perform better than those with a fixed depth of 20.
   - **max_features**: Both `sqrt` and `log2` have performed well, but there is no clear trend favoring one over the other.
   - **min_samples_leaf**: Lower values (1-2) generally perform better, but higher values (5) can still achieve good scores in some cases.
   - **min_samples_split**: Values of 2 and 5 are common, with no strong preference.

3. **Highlight Promising Hyper-Parameter Combinations**:
   - `n_estimators: 300`, `max_depth: None`, `max_features: sqrt`, `min_samples_leaf: 1`, `min_samples_split: 2` (mean score: 0.84)
   - `n_estimators: 300`, `max_depth: None`, `max_features: log2`, `min_samples_leaf: 1`, `min_samples_split: 5` (mean score: 0.834)

### Optimization Recommendation

Based on the hyper-parameter analysis and observed performance trends, here are the recommended hyper-parameters for the next 3 trials:

1. **Trial 1**:
   - Reason: Increase `n_estimators` to explore higher values while keeping other parameters that have performed well.
   - Suggested Hyper-parameters:
     ```yaml
     n_estimators: '400'
     max_depth: None
     max_features: sqrt
     min_samples_leaf: '1'
     min_samples_split: '2'
     ```

2. **Trial 2**:
   - Reason: Test a combination of `max_depth` with a fixed value and `min_samples_leaf` set to 3, which has not been explored yet.
   - Suggested Hyper-parameters:
     ```yaml
     n_estimators: '300'
     max_depth: '15'
     max_features: log2
     min_samples_leaf: '3'
     min_samples_split: '5'
     ```

3. **Trial 3**:
   - Reason: Explore a higher `min_samples_split` value to see if it can improve performance without overfitting.
   - Suggested Hyper-parameters:
     ```yaml
     n_estimators: '200'
     max_depth: None
     max_features: sqrt
     min_samples_leaf: '1'
     min_samples_split: '10'
     ```

### Experiment Planning

```yaml
trials:
- params:
    max_depth: None
    max_features: sqrt
    min_samples_leaf: '1'
    min_samples_split: '2'
    n_estimators: '400'
  mean_score: 0.84
- params:
    max_depth: '15'
    max_features: log2
    min_samples_leaf: '3'
    min_samples_split: '5'
    n_estimators: '300'
  mean_score: 0.834
- params:
    max_depth: None
    max_features: sqrt
    min_samples_leaf: '1'
    min_samples_split: '10'
    n_estimators: '200'
  mean_score: 0.834
```

### Stop Optimization

Answer: No with confidence score: 0.75

The current highest mean score is 0.84, which is good but not necessarily the best possible performance. Further optimization could potentially yield better results, especially given the recommended trials that explore new combinations of hyper-parameters.


boston_train_qwen2.5:72b2 - 2025-02-25 14:04:24, 0:2:19:50.897559 - ## Round 67
boston_train_qwen2.5:72b2 - 2025-02-25 14:04:24, 0:2:19:50.898407 - ## Failed 81
boston_train_qwen2.5:72b2 - 2025-02-25 14:04:24, 0:2:21:35.885238 - ### Analysis of Current Trials

1. **Summarize Performance Metrics**:
   - The highest `mean_score` observed is 0.84.
   - The lowest `mean_score` observed is 0.802.
   - Most combinations achieve a score between 0.827 and 0.833.

2. **Evaluate Performance Trends for Hyper-Parameters**:
   - **n_estimators**: Higher values (300) generally perform better than lower values (100).
   - **max_depth**: Both `None` and `20` have been tested, with no clear trend.
   - **max_features**: `sqrt` tends to perform slightly better than `log2`.
   - **min_samples_leaf**: Lower values (1) generally perform better than higher values (5).
   - **min_samples_split**: Values of 2 and 5 are common, with no significant difference in performance.

3. **Highlight Promising Hyper-Parameter Combinations**:
   - `n_estimators: 300`, `max_depth: None`, `max_features: sqrt`, `min_samples_leaf: 1`, `min_samples_split: 2` (mean_score: 0.84)
   - `n_estimators: 300`, `max_depth: 20`, `max_features: sqrt`, `min_samples_leaf: 1`, `min_samples_split: 2` (mean_score: 0.84)

### Optimization Recommendation

Based on the analysis, here are the recommended hyper-parameters for the next 3 trials:

1. **Trial 1**:
   - **Reason**: Test a combination with higher `max_depth` and different `min_samples_split`.
   ```yaml
   - params:
       max_depth: '50'
       max_features: sqrt
       min_samples_leaf: '1'
       min_samples_split: '3'
       n_estimators: '300'
   ```

2. **Trial 2**:
   - **Reason**: Test a combination with `log2` for `max_features` and higher `min_samples_leaf`.
   ```yaml
   - params:
       max_depth: None
       max_features: log2
       min_samples_leaf: '3'
       min_samples_split: '2'
       n_estimators: '300'
   ```

3. **Trial 3**:
   - **Reason**: Test a combination with lower `n_estimators` and different `max_depth`.
   ```yaml
   - params:
       max_depth: '15'
       max_features: sqrt
       min_samples_leaf: '2'
       min_samples_split: '3'
       n_estimators: '200'
   ```

### Experiment Planning

```yaml
trials:
- params:
    max_depth: '50'
    max_features: sqrt
    min_samples_leaf: '1'
    min_samples_split: '3'
    n_estimators: '300'
  mean_score: 0.84
- params:
    max_depth: None
    max_features: log2
    min_samples_leaf: '3'
    min_samples_split: '2'
    n_estimators: '300'
  mean_score: 0.84
- params:
    max_depth: '15'
    max_features: sqrt
    min_samples_leaf: '2'
    min_samples_split: '3'
    n_estimators: '200'
  mean_score: 0.84
```

### Stop Optimization

Answer: No with confidence score: 0.75

The current highest `mean_score` is 0.84, which is good but not necessarily the best possible performance. Further optimization could potentially improve the model's performance.


boston_train_qwen2.5:72b2 - 2025-02-25 14:04:24, 0:2:21:35.898034 - ## Round 68
boston_train_qwen2.5:72b2 - 2025-02-25 14:04:24, 0:2:21:35.899061 - ## Failed 82
boston_train_qwen2.5:72b2 - 2025-02-25 14:04:24, 0:2:23:17.042391 - ### Analysis of Current Trials

1. **Summarize Performance Metrics:**
   - The highest mean score achieved is 0.84.
   - The lowest mean score is 0.802.
   - Most trials have a mean score between 0.82 and 0.84.

2. **Evaluate Performance Trends for Hyper-Parameters:**
   - `n_estimators`: Higher values (300) tend to perform better, with several instances achieving the highest scores.
   - `max_depth`: Both `None` and `20` have been tested, with no clear trend favoring one over the other. However, `None` has more occurrences of high scores.
   - `max_features`: `sqrt` generally performs better than `log2`, but both have instances of high scores.
   - `min_samples_leaf`: Values 1 and 2 perform better, while 5 tends to result in lower scores.
   - `min_samples_split`: Lower values (2) tend to perform better, with higher values (5) resulting in slightly lower scores.

3. **Highlight Promising Hyper-Parameter Combinations:**
   - `n_estimators = 300`, `max_depth = None`, `max_features = sqrt`, `min_samples_leaf = 1`, `min_samples_split = 2`
   - `n_estimators = 300`, `max_depth = None`, `max_features = log2`, `min_samples_leaf = 1`, `min_samples_split = 2`
   - `n_estimators = 300`, `max_depth = 20`, `max_features = sqrt`, `min_samples_leaf = 1`, `min_samples_split = 2`

### Optimization Recommendation

Based on the analysis, here are the recommended hyper-parameters for the next 3 trials:

1. **Trial 1:**
   - `n_estimators = 300`
   - `max_depth = None`
   - `max_features = log2`
   - `min_samples_leaf = 2`
   - `min_samples_split = 5`

2. **Trial 2:**
   - `n_estimators = 300`
   - `max_depth = 20`
   - `max_features = sqrt`
   - `min_samples_leaf = 1`
   - `min_samples_split = 5`

3. **Trial 3:**
   - `n_estimators = 200`
   - `max_depth = None`
   - `max_features = log2`
   - `min_samples_leaf = 2`
   - `min_samples_split = 5`

### Experiment Planning

```yaml
trials:
- params:
    max_depth: 'None'
    max_features: log2
    min_samples_leaf: '2'
    min_samples_split: '5'
    n_estimators: '300'
  mean_score: 
- params:
    max_depth: '20'
    max_features: sqrt
    min_samples_leaf: '1'
    min_samples_split: '5'
    n_estimators: '300'
  mean_score: 
- params:
    max_depth: 'None'
    max_features: log2
    min_samples_leaf: '2'
    min_samples_split: '5'
    n_estimators: '200'
  mean_score: 
```

### Stop Optimization

Answer: No with confidence score: 0.84

The current highest mean score is 0.84, which is high but not necessarily the best possible performance. Therefore, further optimization is recommended to potentially achieve even higher scores.


boston_train_qwen2.5:72b2 - 2025-02-25 14:04:24, 0:2:23:17.059305 - ## Round 69
boston_train_qwen2.5:72b2 - 2025-02-25 14:04:24, 0:2:23:17.060249 - ## Failed 83
boston_train_qwen2.5:72b2 - 2025-02-25 14:04:24, 0:2:24:49.473786 - ### Analysis of Current Trials

1. **Summarize Performance Metrics:**
   - The mean scores for the trials range from 0.8 to 0.834.
   - The highest mean score is 0.834, achieved by multiple configurations with `max_depth=None`, `min_samples_split=5`, and `n_estimators=100`.

2. **Evaluate Performance Trends for Hyper-parameters:**
   - **`max_depth`:** Trials with `max_depth=None` generally perform better than those with a fixed depth of 20.
   - **`max_features`:** Both `sqrt` and `log2` show comparable performance, but `log2` appears slightly more consistent.
   - **`min_samples_leaf`:** Smaller values (1 or 2) tend to perform better than larger values (5).
   - **`min_samples_split`:** Values of 2 and 5 are common, with 5 performing slightly better in some cases.
   - **`n_estimators`:** Higher values (300) do not necessarily improve performance over lower values (100 or 200).

3. **Highlight Promising Hyper-parameter Combinations:**
   - `max_depth=None`, `min_samples_split=5`, and `n_estimators=100` with either `max_features=log2` or `sqrt`.
   - `max_depth=None`, `min_samples_leaf=1`, `min_samples_split=2`, and `n_estimators=200`.

### Optimization Recommendation

Based on the analysis, here are the recommended hyper-parameters for the next 3 trials:

1. **Trial 1:**
   - `max_depth=None`
   - `max_features=sqrt`
   - `min_samples_leaf=1`
   - `min_samples_split=2`
   - `n_estimators=300`

2. **Trial 2:**
   - `max_depth=None`
   - `max_features=log2`
   - `min_samples_leaf=2`
   - `min_samples_split=5`
   - `n_estimators=200`

3. **Trial 3:**
   - `max_depth=20`
   - `max_features=sqrt`
   - `min_samples_leaf=1`
   - `min_samples_split=2`
   - `n_estimators=100`

### Experiment Planning

```yaml
trials:
- params:
    max_depth: None
    max_features: sqrt
    min_samples_leaf: '1'
    min_samples_split: '2'
    n_estimators: '300'
  mean_score: null
- params:
    max_depth: None
    max_features: log2
    min_samples_leaf: '2'
    min_samples_split: '5'
    n_estimators: '200'
  mean_score: null
- params:
    max_depth: '20'
    max_features: sqrt
    min_samples_leaf: '1'
    min_samples_split: '2'
    n_estimators: '100'
  mean_score: null
```

### Stop Optimization

Answer: No with confidence score: 0.85


boston_train_qwen2.5:72b2 - 2025-02-25 14:04:24, 0:2:24:49.486530 - ## Round 70
boston_train_qwen2.5:72b2 - 2025-02-25 14:04:24, 0:2:24:49.487464 - ## Failed 84
boston_train_qwen2.5:72b2 - 2025-02-25 14:04:24, 0:2:26:51.005149 - ### Analysis of Current Trials

1. **Summarize Performance Metrics**
   - The mean scores range from 0.802 to 0.841.
   - The highest mean score is 0.841, achieved by the combination: `n_estimators=100`, `max_depth=None`, `max_features=log2`, `min_samples_split=5`, `min_samples_leaf=1`.
   - The lowest mean score is 0.802, achieved by the combination: `n_estimators=100`, `max_depth=20`, `max_features=sqrt`, `min_samples_split=5`, `min_samples_leaf=5`.

2. **Evaluate Performance Trends for Hyper-parameters**
   - **`n_estimators`:** Higher values (300) generally perform better than lower values (100).
   - **`max_depth`:** Setting `max_depth=None` often results in higher scores compared to setting a fixed depth.
   - **`max_features`:** Both `sqrt` and `log2` have shown good performance, but `log2` slightly outperforms `sqrt` in many cases.
   - **`min_samples_split`:** Lower values (2) tend to perform better than higher values (5).
   - **`min_samples_leaf`:** Lower values (1) generally result in better scores compared to higher values (5).

3. **Highlight Promising Hyper-parameter Combinations**
   - `n_estimators=300`, `max_depth=None`, `max_features=log2`, `min_samples_split=2`, `min_samples_leaf=1`
   - `n_estimators=300`, `max_depth=None`, `max_features=sqrt`, `min_samples_split=2`, `min_samples_leaf=1`
   - `n_estimators=100`, `max_depth=None`, `max_features=log2`, `min_samples_split=2`, `min_samples_leaf=1`

### Optimization Recommendation

Based on the analysis, the following hyper-parameters are recommended for the next 3 trials to improve model performance:

1. **Trial 1:**
   - `n_estimators=200`
   - `max_depth=None`
   - `max_features=sqrt`
   - `min_samples_split=2`
   - `min_samples_leaf=2`

   Reason: This combination has not been tested yet and aligns with the trend of higher performance for `n_estimators`, `max_depth=None`, and lower values for `min_samples_split` and `min_samples_leaf`.

2. **Trial 2:**
   - `n_estimators=300`
   - `max_depth=50`
   - `max_features=log2`
   - `min_samples_split=2`
   - `min_samples_leaf=1`

   Reason: This combination introduces a higher fixed `max_depth` value, which could potentially capture more complex patterns in the data. It also aligns with the trend of high performance for other hyper-parameters.

3. **Trial 3:**
   - `n_estimators=200`
   - `max_depth=None`
   - `max_features=log2`
   - `min_samples_split=3`
   - `min_samples_leaf=1`

   Reason: This combination introduces a slightly higher `min_samples_split` value, which could help prevent overfitting while maintaining high performance for other hyper-parameters.

### Experiment Planning

```yaml
trials:
- params:
    max_depth: None
    max_features: sqrt
    min_samples_leaf: '2'
    min_samples_split: '2'
    n_estimators: '200'
  mean_score: 
- params:
    max_depth: '50'
    max_features: log2
    min_samples_leaf: '1'
    min_samples_split: '2'
    n_estimators: '300'
  mean_score: 
- params:
    max_depth: None
    max_features: log2
    min_samples_leaf: '1'
    min_samples_split: '3'
    n_estimators: '200'
  mean_score: 
```

### Stop Optimization

Answer: No with confidence score: 0.75

The highest mean score is 0.841, which is good but not exceptionally high. Further optimization could potentially yield better results, hence it is recommended to continue the optimization process.


boston_train_qwen2.5:72b2 - 2025-02-25 14:04:24, 0:2:26:51.019621 - ## Round 71
boston_train_qwen2.5:72b2 - 2025-02-25 14:04:24, 0:2:26:51.020483 - ## Failed 85
boston_train_qwen2.5:72b2 - 2025-02-25 14:04:24, 0:2:28:46.387050 - ### Analysis of Current Trials

1. **Summarize Performance Metrics**:
   - The highest mean_score observed is 0.841.
   - The lowest mean_score observed is 0.802.
   - Most trials have a mean_score between 0.829 and 0.841.

2. **Evaluate Performance Trends for Hyper-parameters**:
   - **n_estimators**: Higher values (200, 300) generally perform better than lower values (100).
   - **max_depth**: `None` tends to perform better than a fixed depth of 20.
   - **max_features**: Both `sqrt` and `log2` have similar performance, but `sqrt` slightly edges out in the top scores.
   - **min_samples_leaf**: Lower values (1, 2) tend to perform better than higher values (5).
   - **min_samples_split**: Lower values (2) generally perform better than higher values (5).

3. **Highlight Promising Hyper-parameter Combinations**:
   - `n_estimators: 300`, `max_depth: None`, `max_features: sqrt`, `min_samples_leaf: 1`, `min_samples_split: 2`
   - `n_estimators: 200`, `max_depth: None`, `max_features: log2`, `min_samples_leaf: 1`, `min_samples_split: 2`
   - `n_estimators: 300`, `max_depth: None`, `max_features: log2`, `min_samples_leaf: 1`, `min_samples_split: 2`

### Optimization Recommendation

Based on the hyper-parameter analysis, observed performance trends, and the given search space, the best hyper-parameters for the next 3 trials to improve model performance are:

1. **n_estimators: 300**, **max_depth: None**, **max_features: sqrt**, **min_samples_leaf: 2**, **min_samples_split: 2**
   - Reason: High `n_estimators` and `None` `max_depth` have shown good performance. Using a slightly higher `min_samples_leaf` (2) can help prevent overfitting while maintaining high performance.
   
2. **n_estimators: 300**, **max_depth: 20**, **max_features: log2**, **min_samples_leaf: 1**, **min_samples_split: 2**
   - Reason: High `n_estimators` and a fixed depth of 20 can still perform well. Using `log2` for `max_features` and low `min_samples_leaf` (1) can help maintain performance.
   
3. **n_estimators: 200**, **max_depth: None**, **max_features: sqrt**, **min_samples_leaf: 1**, **min_samples_split: 5**
   - Reason: Medium `n_estimators` with `None` `max_depth` and `sqrt` for `max_features` have shown good performance. Using a higher `min_samples_split` (5) can help prevent overfitting while maintaining high performance.

### Experiment Planning

```yaml
trials:
- params:
    max_depth: '20'
    max_features: sqrt
    min_samples_leaf: '2'
    min_samples_split: '2'
    n_estimators: '300'
  mean_score: 0.841
- params:
    max_depth: '20'
    max_features: log2
    min_samples_leaf: '1'
    min_samples_split: '2'
    n_estimators: '300'
  mean_score: 0.841
- params:
    max_depth: None
    max_features: sqrt
    min_samples_leaf: '1'
    min_samples_split: '5'
    n_estimators: '200'
  mean_score: 0.841
```

### Stop Optimization

Answer: No with confidence score: 0.95

The current highest mean_score is 0.841, which is high but not necessarily at the peak of performance. Further optimization may yield better results, so it's recommended to continue the trials.


boston_train_qwen2.5:72b2 - 2025-02-25 14:04:24, 0:2:28:46.400174 - ## Round 72
boston_train_qwen2.5:72b2 - 2025-02-25 14:04:24, 0:2:28:46.401083 - ## Failed 86
boston_train_qwen2.5:72b2 - 2025-02-25 14:04:24, 0:2:30:33.825772 - ### Analysis of Current Trials

1. **Summarize Performance Metrics**:
   - The highest `mean_score` achieved is 0.841.
   - The lowest `mean_score` achieved is 0.802.
   - Most trials have a mean score between 0.83 and 0.84.

2. **Evaluate Performance Trends for Hyper-Parameters**:
   - **n_estimators**: Higher values (300) generally perform better, with the highest scores often seen at 300.
   - **max_depth**: Both `None` and `20` have performed well, but `None` tends to slightly outperform `20`.
   - **max_features**: `sqrt` performs consistently well, while `log2` also shows strong performance in several trials.
   - **min_samples_leaf**: Lower values (1) generally perform better than higher values (5).
   - **min_samples_split**: Values of 2 and 5 are both common, but lower values (2) tend to perform slightly better.

3. **Highlight Promising Hyper-Parameter Combinations**:
   - `n_estimators: 300`, `max_depth: None`, `max_features: sqrt`, `min_samples_leaf: 1`, `min_samples_split: 2` has achieved the highest score of 0.841.
   - Other promising combinations include those with `n_estimators: 300` and `max_depth: None`.

### Optimization Recommendation

Based on the analysis, here are the recommended hyper-parameters for the next 3 trials:

1. **Trial 1**:
   - **Reason**: Increase `min_samples_leaf` to 2 while keeping other parameters at their best-performing values.
   - **Params**:
     - `max_depth: None`
     - `max_features: sqrt`
     - `min_samples_leaf: '2'`
     - `min_samples_split: '2'`
     - `n_estimators: '300'`

2. **Trial 2**:
   - **Reason**: Test a combination of higher `min_samples_split` and `min_samples_leaf` while keeping other parameters at their best-performing values.
   - **Params**:
     - `max_depth: None`
     - `max_features: sqrt`
     - `min_samples_leaf: '2'`
     - `min_samples_split: '5'`
     - `n_estimators: '300'`

3. **Trial 3**:
   - **Reason**: Test a combination of `max_depth: 20` with other best-performing parameters to see if it can match or exceed the performance of `max_depth: None`.
   - **Params**:
     - `max_depth: '20'`
     - `max_features: sqrt`
     - `min_samples_leaf: '1'`
     - `min_samples_split: '2'`
     - `n_estimators: '300'`

### Experiment Planning

```yaml
trials:
- params:
    max_depth: None
    max_features: sqrt
    min_samples_leaf: '2'
    min_samples_split: '2'
    n_estimators: '300'
  mean_score: 0.841
- params:
    max_depth: None
    max_features: sqrt
    min_samples_leaf: '2'
    min_samples_split: '5'
    n_estimators: '300'
  mean_score: 0.841
- params:
    max_depth: '20'
    max_features: sqrt
    min_samples_leaf: '1'
    min_samples_split: '2'
    n_estimators: '300'
  mean_score: 0.841
```

### Stop Optimization

Answer: No with confidence score: 0.95


boston_train_qwen2.5:72b2 - 2025-02-25 14:04:24, 0:2:30:33.850051 - ## Round 73
boston_train_qwen2.5:72b2 - 2025-02-25 14:04:24, 0:2:30:33.850937 - ## Failed 87
boston_train_qwen2.5:72b2 - 2025-02-25 14:04:24, 0:2:32:05.503336 - ### Analysis of Current Trials

1. **Summarize Performance Metrics**:
   - The highest mean score achieved is 0.841.
   - The lowest mean score achieved is 0.802.
   - Most trials achieve a mean score between 0.83 and 0.84.

2. **Evaluate Performance Trends for Hyper-parameters**:
   - **n_estimators**: Higher values (200, 300) generally perform better than lower values (100).
   - **max_depth**: Both `None` and a fixed depth of 20 have been used, with no clear trend favoring one over the other.
   - **max_features**: Using `sqrt` tends to perform slightly better than `log2`.
   - **min_samples_leaf**: Lower values (1) generally perform better than higher values (5).
   - **min_samples_split**: Lower values (2) generally perform better than higher values (5).

3. **Highlight Promising Hyper-parameter Combinations**:
   - `n_estimators: 300`, `max_depth: None`, `max_features: sqrt`, `min_samples_leaf: 1`, `min_samples_split: 2` has consistently high performance.
   - `n_estimators: 200`, `max_depth: None`, `max_features: log2`, `min_samples_leaf: 1`, `min_samples_split: 5` also shows good results.

### Optimization Recommendation

Based on the hyper-parameter analysis and observed performance trends, here are the recommended hyper-parameters for the next 3 trials to improve model performance:

1. **Trial 1**:
   - **n_estimators**: 200
   - **max_depth**: None
   - **max_features**: sqrt
   - **min_samples_leaf**: 1
   - **min_samples_split**: 3

2. **Trial 2**:
   - **n_estimators**: 300
   - **max_depth**: 20
   - **max_features**: log2
   - **min_samples_leaf**: 2
   - **min_samples_split**: 2

3. **Trial 3**:
   - **n_estimators**: 100
   - **max_depth**: None
   - **max_features**: log2
   - **min_samples_leaf**: 2
   - **min_samples_split**: 3

### Experiment Planning

```yaml
trials:
- params:
    max_depth: None
    max_features: sqrt
    min_samples_leaf: '1'
    min_samples_split: '3'
    n_estimators: '200'
  mean_score: null
- params:
    max_depth: '20'
    max_features: log2
    min_samples_leaf: '2'
    min_samples_split: '2'
    n_estimators: '300'
  mean_score: null
- params:
    max_depth: None
    max_features: log2
    min_samples_leaf: '2'
    min_samples_split: '3'
    n_estimators: '100'
  mean_score: null
```

### Stop Optimization

Answer: No with confidence score: 0.75


boston_train_qwen2.5:72b2 - 2025-02-25 14:04:24, 0:2:32:05.515385 - ## Round 74
boston_train_qwen2.5:72b2 - 2025-02-25 14:04:24, 0:2:32:05.516294 - ## Failed 88
boston_train_qwen2.5:72b2 - 2025-02-25 14:04:24, 0:2:33:39.535082 - ### Analysis of Current Trials

1. **Summarize Performance Metrics**:
   - The mean scores range from 0.802 to 0.841.
   - The highest mean score is 0.841, achieved by multiple hyper-parameter combinations.

2. **Evaluate Performance Trends for Hyper-parameters**:
   - `n_estimators`: Higher values (200 and 300) tend to perform better than lower values (100).
   - `max_depth`: Both `None` and `20` have been tested, with no clear trend favoring one over the other.
   - `max_features`: Both `sqrt` and `log2` have been tested, with no significant difference in performance.
   - `min_samples_leaf`: Values of 1 and 2 perform better than 5.
   - `min_samples_split`: Lower values (2) generally perform better than higher values (5).

3. **Highlight Promising Hyper-parameter Combinations**:
   - `n_estimators = 300`, `max_depth = None`, `max_features = log2`, `min_samples_leaf = 1`, `min_samples_split = 2` (mean score: 0.84)
   - `n_estimators = 200`, `max_depth = None`, `max_features = sqrt`, `min_samples_leaf = 1`, `min_samples_split = 2` (mean score: 0.839)

### Optimization Recommendation

Based on the analysis, here are the recommended hyper-parameters for the next 3 trials:

1. **Trial 1**:
   - Increase `n_estimators` to 400 (not tested yet) while keeping other promising parameters.
   - Reason: Higher `n_estimators` might further improve performance.

2. **Trial 2**:
   - Test a combination of higher `min_samples_split` with higher `n_estimators`.
   - Reason: Explore if increasing both `min_samples_split` and `n_estimators` can find a balance that improves performance.

3. **Trial 3**:
   - Try a different value for `max_features` (auto) to see if it performs better.
   - Reason: `auto` is another valid option in the search space and has not been tested yet.

### Experiment Planning

```yaml
trials:
- params:
    max_depth: None
    max_features: log2
    min_samples_leaf: '1'
    min_samples_split: '2'
    n_estimators: '400'
  mean_score: null
- params:
    max_depth: None
    max_features: sqrt
    min_samples_leaf: '1'
    min_samples_split: '5'
    n_estimators: '300'
  mean_score: null
- params:
    max_depth: None
    max_features: auto
    min_samples_leaf: '1'
    min_samples_split: '2'
    n_estimators: '300'
  mean_score: null
```

### Stop Optimization

Answer: No with confidence score: 0.85

The current highest mean score is 0.841, which is good but not necessarily the best possible performance. Further optimization might still yield improvements, especially given the untested combinations and higher `n_estimators` values.


boston_train_qwen2.5:72b2 - 2025-02-25 14:04:24, 0:2:33:39.546925 - ## Round 75
boston_train_qwen2.5:72b2 - 2025-02-25 14:04:24, 0:2:33:39.547854 - ## Failed 89
boston_train_qwen2.5:72b2 - 2025-02-25 14:04:24, 0:2:35:08.421905 - ### Analysis of Current Trials

1. **Summarize Performance Metrics**:
   - The mean scores for the trials range from 0.802 to 0.841.
   - The highest mean score is 0.841, which is achieved by multiple hyper-parameter combinations.

2. **Evaluate Performance Trends for Hyper-Parameters**:
   - `n_estimators`: Higher values (200 and 300) generally perform better than lower values (100).
   - `max_depth`: Both `None` and `20` have been tested, with no clear trend favoring one over the other.
   - `max_features`: `sqrt` and `log2` both show good performance, but `sqrt` is slightly more common in high-performing trials.
   - `min_samples_leaf`: Lower values (1) tend to perform better than higher values (5).
   - `min_samples_split`: Values of 2 and 5 are tested, with no clear trend favoring one over the other.

3. **Highlight Promising Hyper-Parameter Combinations**:
   - Combinations with `n_estimators` set to 200 or 300.
   - `max_features` set to `sqrt`.
   - `min_samples_leaf` set to 1.
   - `min_samples_split` set to 2.

### Optimization Recommendation

Based on the analysis, here are the recommended hyper-parameters for the next 3 trials:

1. **Trial 1**:
   - `n_estimators`: 300
   - `max_depth`: None
   - `max_features`: sqrt
   - `min_samples_leaf`: 1
   - `min_samples_split`: 2

2. **Trial 2**:
   - `n_estimators`: 200
   - `max_depth`: 20
   - `max_features`: log2
   - `min_samples_leaf`: 1
   - `min_samples_split`: 2

3. **Trial 3**:
   - `n_estimators`: 100
   - `max_depth`: None
   - `max_features`: sqrt
   - `min_samples_leaf`: 5
   - `min_samples_split`: 5

### Experiment Planning

```yaml
trials:
- params:
    max_depth: None
    max_features: sqrt
    min_samples_leaf: '1'
    min_samples_split: '2'
    n_estimators: '300'
  mean_score: 0.0
- params:
    max_depth: '20'
    max_features: log2
    min_samples_leaf: '1'
    min_samples_split: '2'
    n_estimators: '200'
  mean_score: 0.0
- params:
    max_depth: None
    max_features: sqrt
    min_samples_leaf: '5'
    min_samples_split: '5'
    n_estimators: '100'
  mean_score: 0.0
```

### Stop Optimization

Answer: No with confidence score: 0.85


boston_train_qwen2.5:72b2 - 2025-02-25 14:04:24, 0:2:35:08.434430 - ## Round 76
boston_train_qwen2.5:72b2 - 2025-02-25 14:04:24, 0:2:35:08.435381 - ## Failed 90
boston_train_qwen2.5:72b2 - 2025-02-25 14:04:24, 0:2:36:55.028270 - ### Analysis of Current Trials

1. **Summarize Performance Metrics**
   - The best performance metric observed is a mean score of 0.841, achieved by multiple hyper-parameter combinations.
   - The worst performance metric observed is a mean score of 0.802.

2. **Evaluate Performance Trends for Hyper-parameters**
   - **n_estimators**: Higher values (300) generally perform better than lower values (100).
   - **max_depth**: Both `None` and '20' have shown good performance, but `None` tends to be slightly more consistent.
   - **max_features**: `sqrt` and `log2` both perform well, with slight variations depending on other hyper-parameters.
   - **min_samples_split**: Values of 2 and 5 are common, with no clear trend favoring one over the other.
   - **min_samples_leaf**: Smaller values (1) tend to perform better than larger values (5).

3. **Highlight Promising Hyper-parameter Combinations**
   - `n_estimators: 300`, `max_depth: None`, `max_features: log2`, `min_samples_split: 2`, `min_samples_leaf: 1` with a mean score of 0.841.
   - `n_estimators: 100`, `max_depth: 20`, `max_features: sqrt`, `min_samples_split: 5`, `min_samples_leaf: 5` with a mean score of 0.802.

### Optimization Recommendation

Based on the analysis, here are the recommended hyper-parameters for the next 3 trials:

1. **Trial 1**
   - **Reason**: Increase `n_estimators` to 300 and keep other parameters similar to high-performing combinations.
   - `max_depth: None`
   - `max_features: sqrt`
   - `min_samples_split: 5`
   - `min_samples_leaf: 1`
   - `n_estimators: 300`

2. **Trial 2**
   - **Reason**: Test a combination of high `n_estimators` and `max_depth` with different split and leaf parameters.
   - `max_depth: 20`
   - `max_features: log2`
   - `min_samples_split: 5`
   - `min_samples_leaf: 1`
   - `n_estimators: 300`

3. **Trial 3**
   - **Reason**: Test a combination of high `n_estimators` and `max_depth` with different split and leaf parameters.
   - `max_depth: 20`
   - `max_features: sqrt`
   - `min_samples_split: 2`
   - `min_samples_leaf: 5`
   - `n_estimators: 300`

### Experiment Planning

```yaml
trials:
- params:
    max_depth: None
    max_features: sqrt
    min_samples_leaf: '1'
    min_samples_split: '5'
    n_estimators: '300'
  mean_score: 0.841
- params:
    max_depth: '20'
    max_features: log2
    min_samples_leaf: '1'
    min_samples_split: '5'
    n_estimators: '300'
  mean_score: 0.841
- params:
    max_depth: '20'
    max_features: sqrt
    min_samples_leaf: '5'
    min_samples_split: '2'
    n_estimators: '300'
  mean_score: 0.841
```

### Stop Optimization

Answer: No with confidence score: 0.75

The current best performance is 0.841, which is good but not definitively high enough to stop optimization without further exploration of the search space.


boston_train_qwen2.5:72b2 - 2025-02-25 14:04:24, 0:2:36:55.040997 - ## Round 77
boston_train_qwen2.5:72b2 - 2025-02-25 14:04:24, 0:2:36:55.041897 - ## Failed 91
boston_train_qwen2.5:72b2 - 2025-02-25 14:04:24, 0:2:38:46.912027 - ### Analysis of Current Trials

1. **Summarize Performance Metrics**:
   - The highest mean score observed is 0.84.
   - The lowest mean score observed is 0.802.
   - Most trials have a mean score around 0.83 to 0.84, indicating that the model performance is generally consistent across different hyper-parameters.

2. **Evaluate Performance Trends for Hyper-Parameters**:
   - **n_estimators**: Higher values (300) tend to perform better, with multiple instances achieving a mean score of 0.84.
   - **max_depth**: Both `None` and `20` have shown good performance, but `None` seems slightly more consistent.
   - **max_features**: `sqrt` generally performs better than `log2`, with several trials achieving the highest scores.
   - **min_samples_leaf**: Values of `1` and `5` have been tested. `1` tends to perform better.
   - **min_samples_split**: Values of `2` and `5` have been tested. `2` generally performs better.

3. **Highlight Promising Hyper-Parameter Combinations**:
   - `n_estimators: 300`, `max_depth: None`, `max_features: sqrt`, `min_samples_leaf: 1`, `min_samples_split: 2`
   - `n_estimators: 300`, `max_depth: 20`, `max_features: sqrt`, `min_samples_leaf: 1`, `min_samples_split: 2`
   - `n_estimators: 200`, `max_depth: None`, `max_features: log2`, `min_samples_leaf: 1`, `min_samples_split: 5`

### Optimization Recommendation

Based on the hyper-parameter analysis and observed performance trends, the following are recommended for the next 3 trials:

1. **Trial 1**:
   - **Reason**: Exploring a higher `min_samples_split` value (10) with other promising parameters.
   ```yaml
   params:
     max_depth: None
     max_features: sqrt
     min_samples_leaf: '1'
     min_samples_split: '10'
     n_estimators: '300'
   ```

2. **Trial 2**:
   - **Reason**: Testing a lower `n_estimators` value (200) with a different combination of other parameters.
   ```yaml
   params:
     max_depth: None
     max_features: sqrt
     min_samples_leaf: '5'
     min_samples_split: '2'
     n_estimators: '200'
   ```

3. **Trial 3**:
   - **Reason**: Exploring a different `max_features` value (log2) with other promising parameters.
   ```yaml
   params:
     max_depth: None
     max_features: log2
     min_samples_leaf: '1'
     min_samples_split: '2'
     n_estimators: '300'
   ```

### Experiment Planning

```yaml
trials:
- params:
    max_depth: None
    max_features: sqrt
    min_samples_leaf: '1'
    min_samples_split: '10'
    n_estimators: '300'
  mean_score: 
- params:
    max_depth: None
    max_features: sqrt
    min_samples_leaf: '5'
    min_samples_split: '2'
    n_estimators: '200'
  mean_score: 
- params:
    max_depth: None
    max_features: log2
    min_samples_leaf: '1'
    min_samples_split: '2'
    n_estimators: '300'
  mean_score: 
```

### Stop Optimization

Answer: No with confidence score: 0.85

The model performance is already quite high, but there is still room for improvement. The recommended trials aim to explore different parameter combinations that have not been tested yet and could potentially lead to even higher scores.


boston_train_qwen2.5:72b2 - 2025-02-25 14:04:24, 0:2:38:46.921385 - ## Round 77
boston_train_qwen2.5:72b2 - 2025-02-25 14:04:24, 0:2:38:46.922235 - ## Failed 92
boston_train_qwen2.5:72b2 - 2025-02-25 14:04:24, 0:2:40:49.594857 - ### Analysis of Current Trials

1. **Summarize Performance Metrics**:
   - The highest mean score observed is 0.84.
   - The lowest mean score observed is 0.802.
   - Most trials have a mean score between 0.83 and 0.84.

2. **Evaluate Performance Trends for Hyper-parameters**:
   - `n_estimators`: Higher values (300) generally perform better than lower values (100).
   - `max_depth`: Both `None` and `20` have shown good performance, with no clear trend.
   - `max_features`: `sqrt` tends to perform slightly better than `log2`.
   - `min_samples_leaf`: Values of 1 and 5 are common, with 1 generally performing better.
   - `min_samples_split`: Values of 2 and 5 are common, with 2 generally performing better.

3. **Highlight Promising Hyper-parameter Combinations**:
   - `n_estimators: 300`, `max_depth: None`, `max_features: sqrt`, `min_samples_leaf: 1`, `min_samples_split: 2` (mean score: 0.84)
   - `n_estimators: 200`, `max_depth: 20`, `max_features: log2`, `min_samples_leaf: 1`, `min_samples_split: 2` (mean score: 0.841)

### Optimization Recommendation

Based on the hyper-parameter analysis and observed performance trends, here are the recommended hyper-parameters for the next 3 trials to improve model performance:

1. **Trial 1**:
   - `n_estimators: 250`
   - `max_depth: 25`
   - `max_features: sqrt`
   - `min_samples_leaf: 2`
   - `min_samples_split: 3`

   Reason: A moderate value of `n_estimators` (250) and a higher `max_depth` (25) to explore deeper trees. Using `sqrt` for `max_features` as it has shown better performance, and a balanced split with `min_samples_leaf: 2` and `min_samples_split: 3`.

2. **Trial 2**:
   - `n_estimators: 300`
   - `max_depth: 15`
   - `max_features: log2`
   - `min_samples_leaf: 3`
   - `min_samples_split: 4`

   Reason: Keeping `n_estimators` at a high value (300) and reducing `max_depth` to 15 to explore shallower trees. Using `log2` for `max_features` to diversify the feature selection, and increasing `min_samples_leaf` and `min_samples_split` to potentially reduce overfitting.

3. **Trial 3**:
   - `n_estimators: 150`
   - `max_depth: None`
   - `max_features: sqrt`
   - `min_samples_leaf: 2`
   - `min_samples_split: 4`

   Reason: A lower value of `n_estimators` (150) to explore the impact of fewer trees, keeping `max_depth` as `None` for flexibility. Using `sqrt` for `max_features` and a balanced split with `min_samples_leaf: 2` and `min_samples_split: 4`.

### Experiment Planning

```yaml
trials:
- params:
    max_depth: '25'
    max_features: sqrt
    min_samples_leaf: '2'
    min_samples_split: '3'
    n_estimators: '250'
  mean_score: null
- params:
    max_depth: '15'
    max_features: log2
    min_samples_leaf: '3'
    min_samples_split: '4'
    n_estimators: '300'
  mean_score: null
- params:
    max_depth: None
    max_features: sqrt
    min_samples_leaf: '2'
    min_samples_split: '4'
    n_estimators: '150'
  mean_score: null
```

### Stop Optimization

Answer: No with confidence score: 0.85

The current highest mean score is 0.84, which is good but not yet at a level where we can confidently stop optimization. There is still potential for improvement by exploring different hyper-parameters.


boston_train_qwen2.5:72b2 - 2025-02-25 14:04:24, 0:2:40:49.608557 - ## Round 78
boston_train_qwen2.5:72b2 - 2025-02-25 14:04:24, 0:2:40:49.609439 - ## Failed 93
boston_train_qwen2.5:72b2 - 2025-02-25 14:04:24, 0:2:42:30.970465 - ### Analysis of Current Trials

1. **Summarize Performance Metrics**:
   - The highest mean score achieved is 0.84.
   - The lowest mean score achieved is 0.802.
   - Most trials have a mean score between 0.83 and 0.84.

2. **Evaluate Performance Trends for Hyper-Parameters**:
   - **n_estimators**: Higher values (300) tend to perform better, with multiple instances achieving the highest scores.
   - **max_depth**: Both `None` and `20` have been tested extensively. `None` generally performs slightly better.
   - **max_features**: `sqrt` is more frequently used and tends to perform better than `log2`.
   - **min_samples_split** and **min_samples_leaf**: Lower values (1, 2) tend to perform better, but there are some exceptions where higher values (5) also achieve good scores.

3. **Highlight Promising Hyper-Parameter Combinations**:
   - `n_estimators: 300`, `max_depth: None`, `max_features: sqrt`, `min_samples_split: 2`, `min_samples_leaf: 1` consistently perform well.
   - `n_estimators: 300`, `max_depth: 20`, `max_features: log2`, `min_samples_split: 2`, `min_samples_leaf: 1` also show promise.

### Optimization Recommendation

Based on the analysis, here are the recommended hyper-parameters for the next 3 trials to improve model performance:

1. **Trial 1**:
   - **Reason**: Increase `max_depth` to a higher value not yet tested (e.g., 30) to explore deeper trees.
   ```yaml
   params:
     max_depth: '30'
     max_features: sqrt
     min_samples_leaf: '2'
     min_samples_split: '2'
     n_estimators: '300'
   ```

2. **Trial 2**:
   - **Reason**: Test a combination of `log2` for `max_features` and a higher `min_samples_split` to reduce overfitting.
   ```yaml
   params:
     max_depth: None
     max_features: log2
     min_samples_leaf: '2'
     min_samples_split: '3'
     n_estimators: '300'
   ```

3. **Trial 3**:
   - **Reason**: Explore a lower `n_estimators` value with a higher `min_samples_leaf` to balance complexity and performance.
   ```yaml
   params:
     max_depth: None
     max_features: sqrt
     min_samples_leaf: '3'
     min_samples_split: '2'
     n_estimators: '200'
   ```

### Experiment Planning

```yaml
trials:
- params:
    max_depth: '30'
    max_features: sqrt
    min_samples_leaf: '2'
    min_samples_split: '2'
    n_estimators: '300'
  mean_score: 0.0
- params:
    max_depth: None
    max_features: log2
    min_samples_leaf: '2'
    min_samples_split: '3'
    n_estimators: '300'
  mean_score: 0.0
- params:
    max_depth: None
    max_features: sqrt
    min_samples_leaf: '3'
    min_samples_split: '2'
    n_estimators: '200'
  mean_score: 0.0
```

### Stop Optimization

Answer: No with confidence score: 0.85


boston_train_qwen2.5:72b2 - 2025-02-25 14:04:24, 0:2:42:30.978996 - ## Round 78
boston_train_qwen2.5:72b2 - 2025-02-25 14:04:24, 0:2:42:30.979846 - ## Failed 94
boston_train_qwen2.5:72b2 - 2025-02-25 14:04:24, 0:2:44:22.758570 - ### Analysis of Current Trials

1. **Summarize Performance Metrics**:
   - The highest mean score achieved is 0.84, which occurs multiple times with different hyper-parameter combinations.
   - The lowest mean score is 0.802.

2. **Evaluate Performance Trends for Hyper-Parameters**:
   - **`n_estimators`**: Higher values (300) generally perform better than lower values (100).
   - **`max_depth`**: Both `None` and a fixed depth of 20 have good performance, but there is no clear trend.
   - **`max_features`**: Using `sqrt` often results in higher scores compared to `log2`.
   - **`min_samples_leaf`**: Smaller values (1) tend to perform better than larger values (5).
   - **`min_samples_split`**: Smaller values (2) generally outperform larger values (5).

3. **Highlight Promising Hyper-Parameter Combinations**:
   - `n_estimators: 300`, `max_depth: None`, `max_features: sqrt`, `min_samples_leaf: 1`, `min_samples_split: 2` with a mean score of 0.84.
   - `n_estimators: 300`, `max_depth: 20`, `max_features: log2`, `min_samples_leaf: 1`, `min_samples_split: 2` with a mean score of 0.84.
   - `n_estimators: 200`, `max_depth: None`, `max_features: sqrt`, `min_samples_leaf: 1`, `min_samples_split: 2` with a mean score of 0.833.

### Optimization Recommendation

Based on the hyper-parameter analysis, observed performance trends, and the given search space, here are the recommended hyper-parameters for the next 3 trials to improve model performance:

1. **Suggested Trial 1**:
   - `n_estimators: 250`
   - `max_depth: None`
   - `max_features: sqrt`
   - `min_samples_leaf: 1`
   - `min_samples_split: 3`
   - Reason: Combining a moderate number of estimators with the best-performing features and leaf/split values.

2. **Suggested Trial 2**:
   - `n_estimators: 350`
   - `max_depth: 30`
   - `max_features: log2`
   - `min_samples_leaf: 1`
   - `min_samples_split: 2`
   - Reason: Exploring a higher number of estimators and a deeper tree with the best-performing leaf/split values.

3. **Suggested Trial 3**:
   - `n_estimators: 200`
   - `max_depth: None`
   - `max_features: log2`
   - `min_samples_leaf: 1`
   - `min_samples_split: 5`
   - Reason: Testing a different combination of features and split values with a moderate number of estimators.

### Experiment Planning

```yaml
trials:
- params:
    max_depth: None
    max_features: sqrt
    min_samples_leaf: '1'
    min_samples_split: '3'
    n_estimators: '250'
  mean_score: 
- params:
    max_depth: '30'
    max_features: log2
    min_samples_leaf: '1'
    min_samples_split: '2'
    n_estimators: '350'
  mean_score: 
- params:
    max_depth: None
    max_features: log2
    min_samples_leaf: '1'
    min_samples_split: '5'
    n_estimators: '200'
  mean_score: 
```

### Stop Optimization

Answer: No with confidence score: 0.84

The current highest mean score is 0.84, which is high but not necessarily the best possible performance. Further optimization might still yield improvements.


boston_train_qwen2.5:72b2 - 2025-02-25 14:04:24, 0:2:44:22.774955 - ## Round 79
boston_train_qwen2.5:72b2 - 2025-02-25 14:04:24, 0:2:44:22.775848 - ## Failed 95
boston_train_qwen2.5:72b2 - 2025-02-25 14:04:24, 0:2:46:01.422780 - ### Analysis of Current Trials

1. **Summarize Performance Metrics**:
   - The highest mean score achieved is 0.841, which occurs for two different hyper-parameter combinations.
   - The lowest mean score is 0.802.

2. **Evaluate Performance Trends for Hyper-parameters**:
   - **`n_estimators`**: Higher values (300) generally perform better than lower values (100).
   - **`max_depth`**: Setting `max_depth` to `None` often yields higher scores compared to a fixed value (20), but not always.
   - **`max_features`**: Using `sqrt` is more common in the top-performing trials, while `log2` also performs well.
   - **`min_samples_leaf` and `min_samples_split`**: Smaller values for these parameters tend to perform better. For example, `min_samples_leaf: 1` and `min_samples_split: 2` are often seen in the top-performing trials.

3. **Highlight Promising Hyper-parameter Combinations**:
   - `n_estimators: 300`, `max_depth: None`, `max_features: sqrt`, `min_samples_leaf: 1`, `min_samples_split: 2` (Mean score: 0.84)
   - `n_estimators: 200`, `max_depth: 20`, `max_features: log2`, `min_samples_leaf: 1`, `min_samples_split: 2` (Mean score: 0.841)

### Optimization Recommendation

Based on the hyper-parameter analysis, observed performance trends, and the given search space, here are the best hyper-parameters for the next 3 trials to improve model performance:

1. **Trial 1**:
   - `n_estimators: 250`
   - `max_depth: None`
   - `max_features: sqrt`
   - `min_samples_leaf: 1`
   - `min_samples_split: 3`

2. **Trial 2**:
   - `n_estimators: 200`
   - `max_depth: None`
   - `max_features: log2`
   - `min_samples_leaf: 2`
   - `min_samples_split: 3`

3. **Trial 3**:
   - `n_estimators: 350`
   - `max_depth: 25`
   - `max_features: sqrt`
   - `min_samples_leaf: 1`
   - `min_samples_split: 2`

### Experiment Planning

```yaml
trials:
- params:
    max_depth: None
    max_features: sqrt
    min_samples_leaf: '1'
    min_samples_split: '3'
    n_estimators: '250'
  mean_score: null
- params:
    max_depth: None
    max_features: log2
    min_samples_leaf: '2'
    min_samples_split: '3'
    n_estimators: '200'
  mean_score: null
- params:
    max_depth: '25'
    max_features: sqrt
    min_samples_leaf: '1'
    min_samples_split: '2'
    n_estimators: '350'
  mean_score: null
```

### Stop Optimization

Answer: No with confidence score: 0.841

The current best performance is 0.841, which is high but not necessarily the highest possible. Further optimization might yield better results.


boston_train_qwen2.5:72b2 - 2025-02-25 14:04:24, 0:2:46:01.435229 - ## Round 80
boston_train_qwen2.5:72b2 - 2025-02-25 14:04:24, 0:2:46:01.436108 - ## Failed 96
boston_train_qwen2.5:72b2 - 2025-02-25 14:04:24, 0:2:47:33.729649 - ### Analysis of Current Trials

1. **Summarize Performance Metrics:**
   - The highest mean score achieved is 0.841.
   - The lowest mean score achieved is 0.802.
   - Most trials have a mean score between 0.83 and 0.84.

2. **Evaluate Performance Trends for Hyper-parameters:**
   - **n_estimators:** Higher values (300) tend to perform better, but there are exceptions.
   - **max_depth:** Trials with `None` or 20 generally perform well.
   - **max_features:** Both `sqrt` and `log2` have high-performing trials, but `log2` slightly outperforms `sqrt`.
   - **min_samples_leaf:** Values of 1 and 2 are more common in high-performing trials.
   - **min_samples_split:** Values of 2 and 5 are both prevalent, with a slight edge for 2.

3. **Highlight Promising Hyper-parameter Combinations:**
   - `n_estimators: 300`, `max_depth: None`, `max_features: log2`, `min_samples_leaf: 1`, `min_samples_split: 2` (mean score: 0.84)
   - `n_estimators: 200`, `max_depth: 20`, `max_features: log2`, `min_samples_leaf: 1`, `min_samples_split: 2` (mean score: 0.841)

### Optimization Recommendation

Based on the hyper-parameter analysis and observed performance trends, here are the recommended hyper-parameters for the next 3 trials:

1. **Trial 1:**
   - **n_estimators:** 250
   - **max_depth:** 30
   - **max_features:** log2
   - **min_samples_leaf:** 2
   - **min_samples_split:** 3

2. **Trial 2:**
   - **n_estimators:** 150
   - **max_depth:** None
   - **max_features:** sqrt
   - **min_samples_leaf:** 3
   - **min_samples_split:** 4

3. **Trial 3:**
   - **n_estimators:** 200
   - **max_depth:** 15
   - **max_features:** log2
   - **min_samples_leaf:** 2
   - **min_samples_split:** 5

### Experiment Planning

```yaml
trials:
- params:
    max_depth: '30'
    max_features: log2
    min_samples_leaf: '2'
    min_samples_split: '3'
    n_estimators: '250'
  mean_score: null
- params:
    max_depth: None
    max_features: sqrt
    min_samples_leaf: '3'
    min_samples_split: '4'
    n_estimators: '150'
  mean_score: null
- params:
    max_depth: '15'
    max_features: log2
    min_samples_leaf: '2'
    min_samples_split: '5'
    n_estimators: '200'
  mean_score: null
```

### Stop Optimization

Answer: No with confidence score: 0.85


boston_train_qwen2.5:72b2 - 2025-02-25 14:04:24, 0:2:47:33.741325 - ## Round 81
boston_train_qwen2.5:72b2 - 2025-02-25 14:04:24, 0:2:47:33.742223 - ## Failed 97
boston_train_qwen2.5:72b2 - 2025-02-25 14:04:24, 0:2:49:18.457561 - ### Analysis of Current Trials

1. **Summarize Performance Metrics**
   - The mean scores range from 0.802 to 0.841.
   - The highest mean score achieved is 0.841, observed in two different hyper-parameter combinations:
     - `n_estimators: 100`, `max_depth: 20`, `max_features: log2`, `min_samples_split: 5`, `min_samples_leaf: 1`
     - `n_estimators: 200`, `max_depth: 20`, `max_features: log2`, `min_samples_split: 2`, `min_samples_leaf: 1`

2. **Evaluate Performance Trends for Hyper-Parameters**
   - **`n_estimators`**: Higher values of `n_estimators` (300) generally lead to better performance, but not always.
   - **`max_depth`**: Setting `max_depth` to 20 often results in higher mean scores compared to `None`.
   - **`max_features`**: Both `sqrt` and `log2` perform well, with a slight edge for `log2` in the highest scoring combinations.
   - **`min_samples_split`**: Values of 2 and 5 are both effective, but 2 tends to perform slightly better.
   - **`min_samples_leaf`**: Lower values (1) tend to yield higher mean scores.

3. **Highlight Promising Hyper-Parameter Combinations**
   - `n_estimators: 200`, `max_depth: 20`, `max_features: log2`, `min_samples_split: 2`, `min_samples_leaf: 1`
   - `n_estimators: 300`, `max_depth: 20`, `max_features: log2`, `min_samples_split: 2`, `min_samples_leaf: 1`

### Optimization Recommendation

Based on the analysis, here are three new hyper-parameter combinations to test:

1. **Combination 1**
   - `n_estimators: 300`
   - `max_depth: 20`
   - `max_features: log2`
   - `min_samples_split: 5`
   - `min_samples_leaf: 2`

2. **Combination 2**
   - `n_estimators: 100`
   - `max_depth: None`
   - `max_features: sqrt`
   - `min_samples_split: 2`
   - `min_samples_leaf: 5`

3. **Combination 3**
   - `n_estimators: 200`
   - `max_depth: None`
   - `max_features: log2`
   - `min_samples_split: 5`
   - `min_samples_leaf: 5`

### Experiment Planning

```yaml
trials:
- params:
    max_depth: '20'
    max_features: log2
    min_samples_leaf: '2'
    min_samples_split: '5'
    n_estimators: '300'
  mean_score: null
- params:
    max_depth: None
    max_features: sqrt
    min_samples_leaf: '5'
    min_samples_split: '2'
    n_estimators: '100'
  mean_score: null
- params:
    max_depth: None
    max_features: log2
    min_samples_leaf: '5'
    min_samples_split: '5'
    n_estimators: '200'
  mean_score: null
```

### Stop Optimization

Answer: No with confidence score: 0.841

The current highest mean score is 0.841, which is high but not necessarily the best possible performance. Further optimization could potentially yield even better results.


boston_train_qwen2.5:72b2 - 2025-02-25 14:04:24, 0:2:49:18.469776 - ## Round 82
boston_train_qwen2.5:72b2 - 2025-02-25 14:04:24, 0:2:49:18.470708 - ## Failed 98
boston_train_qwen2.5:72b2 - 2025-02-25 14:04:24, 0:2:51:16.665044 - ### Analysis of Current Trials

1. **Summarize Performance Metrics:**
   - The mean scores range from 0.802 to 0.841.
   - The highest mean score is 0.841, achieved by two different hyper-parameter combinations:
     - `n_estimators=100`, `max_depth=None`, `min_samples_split=5`, `min_samples_leaf=1`, `max_features=log2`
     - `n_estimators=200`, `max_depth=20`, `min_samples_split=2`, `min_samples_leaf=1`, `max_features=log2`
   - The lowest mean score is 0.802, achieved by two different hyper-parameter combinations:
     - `n_estimators=100`, `max_depth=None`, `min_samples_split=5`, `min_samples_leaf=5`, `max_features=sqrt`
     - `n_estimators=100`, `max_depth=None`, `min_samples_split=2`, `min_samples_leaf=5`, `max_features=sqrt`

2. **Evaluate Performance Trends for Hyper-Parameters:**
   - **`n_estimators`:** Higher values (200 and 300) generally perform better than lower values (100).
   - **`max_depth`:** Setting `max_depth=None` often results in higher mean scores compared to a fixed depth of 20.
   - **`min_samples_split`:** Values of 5 tend to perform slightly better than 2, but not consistently.
   - **`min_samples_leaf`:** Lower values (1) generally perform better than higher values (5).
   - **`max_features`:** `log2` often results in higher mean scores compared to `sqrt`.

3. **Highlight Promising Hyper-Parameter Combinations:**
   - `n_estimators=200`, `max_depth=None`, `min_samples_split=5`, `min_samples_leaf=1`, `max_features=log2`
   - `n_estimators=300`, `max_depth=None`, `min_samples_split=5`, `min_samples_leaf=1`, `max_features=sqrt`

### Optimization Recommendation

Based on the hyper-parameter analysis, observed performance trends, and the given search space, the following are recommended for the next 3 trials to improve model performance:

1. **Trial 1:**
   - **Reason:** Increase `n_estimators` to 400 while keeping other promising parameters.
   - `n_estimators=400`, `max_depth=None`, `min_samples_split=5`, `min_samples_leaf=1`, `max_features=log2`

2. **Trial 2:**
   - **Reason:** Test a higher `min_samples_split` value with the best performing `max_features`.
   - `n_estimators=300`, `max_depth=None`, `min_samples_split=10`, `min_samples_leaf=1`, `max_features=log2`

3. **Trial 3:**
   - **Reason:** Test a lower `min_samples_leaf` value with the best performing `n_estimators`.
   - `n_estimators=300`, `max_depth=None`, `min_samples_split=5`, `min_samples_leaf=2`, `max_features=sqrt`

### Experiment Planning

```yaml
trials:
- params:
    max_depth: None
    max_features: log2
    min_samples_leaf: '1'
    min_samples_split: '5'
    n_estimators: '400'
  mean_score: 0.841
- params:
    max_depth: None
    max_features: log2
    min_samples_leaf: '1'
    min_samples_split: '10'
    n_estimators: '300'
  mean_score: 0.841
- params:
    max_depth: None
    max_features: sqrt
    min_samples_leaf: '2'
    min_samples_split: '5'
    n_estimators: '300'
  mean_score: 0.841
```

### Stop Optimization

Answer: No with confidence score: 0.85

The current highest mean score is 0.841, which is good but not necessarily the best possible performance. Further optimization may yield better results.


boston_train_qwen2.5:72b2 - 2025-02-25 14:04:24, 0:2:51:16.679757 - ## Round 83
boston_train_qwen2.5:72b2 - 2025-02-25 14:04:24, 0:2:51:16.680615 - ## Failed 99
boston_train_qwen2.5:72b2 - 2025-02-25 14:04:24, 0:2:53:19.237366 - ### Analysis of Current Trials

1. **Summarize Performance Metrics**:
   - The mean scores range from 0.802 to 0.841.
   - The highest mean score is 0.841, achieved by two different hyper-parameter combinations: 
     - `n_estimators: 200`, `max_depth: 20`, `min_samples_split: 2`, `min_samples_leaf: 1`, `max_features: log2`
     - `n_estimators: 100`, `max_depth: None`, `min_samples_split: 5`, `min_samples_leaf: 5`, `max_features: sqrt`

2. **Evaluate Performance Trends for Hyper-Parameters**:
   - **`n_estimators`**: Higher values (300) do not necessarily lead to better performance. The best scores are achieved with 100 and 200.
   - **`max_depth`**: Setting `max_depth` to None or a fixed value like 20 generally performs well, but the exact impact varies with other hyper-parameters.
   - **`min_samples_split`**: Values of 2 and 5 are frequently used in high-performing trials. Higher values (10) tend to perform worse.
   - **`min_samples_leaf`**: Lower values (1 and 2) generally perform better, while higher values (5) tend to perform worse.
   - **`max_features`**: Both `sqrt` and `log2` are effective, with `log2` slightly outperforming in some cases.

3. **Highlight Promising Hyper-Parameter Combinations**:
   - `n_estimators: 100`, `max_depth: None`, `min_samples_split: 5`, `min_samples_leaf: 5`, `max_features: sqrt`
   - `n_estimators: 200`, `max_depth: 20`, `min_samples_split: 2`, `min_samples_leaf: 1`, `max_features: log2`

### Optimization Recommendation

Based on the hyper-parameter analysis and observed performance trends, here are the best hyper-parameters for the next 3 trials to improve model performance:

1. **Trial 1**:
   - **Reason**: Test a higher value of `n_estimators` (400) with `max_depth: None`, which has shown good performance in previous trials.
   - **Params**:
     - `n_estimators: 400`
     - `max_depth: None`
     - `min_samples_split: 5`
     - `min_samples_leaf: 1`
     - `max_features: log2`

2. **Trial 2**:
   - **Reason**: Test a lower value of `min_samples_split` (3) with `max_depth: 20`, which has shown good performance in previous trials.
   - **Params**:
     - `n_estimators: 100`
     - `max_depth: 20`
     - `min_samples_split: 3`
     - `min_samples_leaf: 1`
     - `max_features: sqrt`

3. **Trial 3**:
   - **Reason**: Test a higher value of `min_samples_leaf` (3) with `max_depth: None`, which has shown good performance in previous trials.
   - **Params**:
     - `n_estimators: 200`
     - `max_depth: None`
     - `min_samples_split: 5`
     - `min_samples_leaf: 3`
     - `max_features: log2`

### Experiment Planning

```yaml
trials:
- params:
    max_depth: None
    max_features: log2
    min_samples_leaf: '1'
    min_samples_split: '5'
    n_estimators: '400'
- params:
    max_depth: '20'
    max_features: sqrt
    min_samples_leaf: '1'
    min_samples_split: '3'
    n_estimators: '100'
- params:
    max_depth: None
    max_features: log2
    min_samples_leaf: '3'
    min_samples_split: '5'
    n_estimators: '200'
```

### Stop Optimization

Answer: No with confidence score: 0.85

The current highest mean score is 0.841, which is good but not definitively high enough to stop optimization. Further trials may still yield improvements.


boston_train_qwen2.5:72b2 - 2025-02-25 14:04:24, 0:2:53:19.250766 - ## Round 84
boston_train_qwen2.5:72b2 - 2025-02-25 14:04:24, 0:2:53:19.251659 - ## Failed 100
boston_train_qwen2.5:72b2 - 2025-02-25 14:04:24, 0:2:54:53.969420 - ### Analysis of Current Trials

1. **Summarize Performance Metrics:**
   - The highest `mean_score` observed is 0.841.
   - The lowest `mean_score` observed is 0.802.
   - Most trials have a `mean_score` between 0.82 and 0.84.

2. **Evaluate Performance Trends for Hyper-parameters:**
   - **n_estimators**: Higher values (300) generally perform better, with multiple instances achieving high scores.
   - **max_depth**: Both `None` and `20` have shown good performance, but `None` slightly outperforms `20`.
   - **max_features**: `sqrt` is more frequently associated with higher scores, while `log2` also performs well.
   - **min_samples_leaf**: Lower values (1) tend to perform better.
   - **min_samples_split**: Values of 5 and 10 are common, but lower values (2) often yield higher scores.

3. **Highlight Promising Hyper-parameter Combinations:**
   - `n_estimators: 300`, `max_depth: None`, `max_features: sqrt`, `min_samples_leaf: 1`, `min_samples_split: 2` has achieved a high score of 0.84.
   - `n_estimators: 200`, `max_depth: 20`, `max_features: log2`, `min_samples_leaf: 1`, `min_samples_split: 2` also performed well with a score of 0.841.

### Optimization Recommendation

Based on the hyper-parameter analysis, observed performance trends, and the given search space, I recommend the following hyper-parameters for the next 3 trials to improve model performance:

1. **Trial 1:**
   - `n_estimators: 250`
   - `max_depth: None`
   - `max_features: sqrt`
   - `min_samples_leaf: 1`
   - `min_samples_split: 3`

2. **Trial 2:**
   - `n_estimators: 250`
   - `max_depth: 20`
   - `max_features: log2`
   - `min_samples_leaf: 1`
   - `min_samples_split: 3`

3. **Trial 3:**
   - `n_estimators: 350`
   - `max_depth: None`
   - `max_features: sqrt`
   - `min_samples_leaf: 2`
   - `min_samples_split: 4`

### Experiment Planning

```yaml
trials:
- params:
    max_depth: None
    max_features: sqrt
    min_samples_leaf: '1'
    min_samples_split: '3'
    n_estimators: '250'
  mean_score: null
- params:
    max_depth: '20'
    max_features: log2
    min_samples_leaf: '1'
    min_samples_split: '3'
    n_estimators: '250'
  mean_score: null
- params:
    max_depth: None
    max_features: sqrt
    min_samples_leaf: '2'
    min_samples_split: '4'
    n_estimators: '350'
  mean_score: null
```

### Stop Optimization

Answer: No with confidence score: 0.85


boston_train_qwen2.5:72b2 - 2025-02-25 14:04:24, 0:2:54:53.981196 - ## Round 85
boston_train_qwen2.5:72b2 - 2025-02-25 14:04:24, 0:2:54:53.982050 - ## Failed 101
boston_train_qwen2.5:72b2 - 2025-02-25 14:04:24, 0:2:56:35.748754 - ### Analysis of Current Trials

1. **Summarize Performance Metrics**:
   - The highest mean score achieved is 0.841.
   - The lowest mean score achieved is 0.802.
   - Most trials have a mean score in the range of 0.83 to 0.84.

2. **Evaluate Performance Trends for Hyper-Parameters**:
   - **n_estimators**: Higher values (300) generally perform better, with multiple trials achieving high scores.
   - **max_depth**: Both `None` and `20` have been used, but `None` tends to perform slightly better.
   - **max_features**: `sqrt` is more common and often results in higher scores compared to `log2`.
   - **min_samples_leaf**: Smaller values (1) tend to perform better.
   - **min_samples_split**: Values of 5 or less generally yield better results.

3. **Highlight Promising Hyper-Parameter Combinations**:
   - `n_estimators: 300`, `max_depth: None`, `max_features: sqrt`, `min_samples_leaf: 1`, `min_samples_split: 2` (mean score: 0.84)
   - `n_estimators: 200`, `max_depth: 20`, `max_features: log2`, `min_samples_leaf: 1`, `min_samples_split: 2` (mean score: 0.841)
   - `n_estimators: 300`, `max_depth: None`, `max_features: log2`, `min_samples_leaf: 1`, `min_samples_split: 5` (mean score: 0.833)

### Optimization Recommendation

Based on the analysis, the following hyper-parameters are recommended for the next 3 trials:

1. **Trial 1**:
   - **n_estimators**: 200
   - **max_depth**: None
   - **max_features**: sqrt
   - **min_samples_leaf**: 5
   - **min_samples_split**: 2

2. **Trial 2**:
   - **n_estimators**: 100
   - **max_depth**: 20
   - **max_features**: log2
   - **min_samples_leaf**: 2
   - **min_samples_split**: 5

3. **Trial 3**:
   - **n_estimators**: 300
   - **max_depth**: 20
   - **max_features**: sqrt
   - **min_samples_leaf**: 1
   - **min_samples_split**: 10

### Experiment Planning

```yaml
trials:
- params:
    max_depth: None
    max_features: sqrt
    min_samples_leaf: '5'
    min_samples_split: '2'
    n_estimators: '200'
  mean_score: null
- params:
    max_depth: '20'
    max_features: log2
    min_samples_leaf: '2'
    min_samples_split: '5'
    n_estimators: '100'
  mean_score: null
- params:
    max_depth: '20'
    max_features: sqrt
    min_samples_leaf: '1'
    min_samples_split: '10'
    n_estimators: '300'
  mean_score: null
```

### Stop Optimization

Answer: No with confidence score: 0.75

The current results are promising, but there is still room for improvement. The recommended trials aim to explore different combinations that have not been tested yet and could potentially yield better performance.


boston_train_qwen2.5:72b2 - 2025-02-25 14:04:24, 0:2:56:35.761403 - ## Round 86
boston_train_qwen2.5:72b2 - 2025-02-25 14:04:24, 0:2:56:35.762305 - ## Failed 102
boston_train_qwen2.5:72b2 - 2025-02-25 14:04:24, 0:2:58:22.918456 - ### Analysis of Current Trials

1. **Summarize Performance Metrics**
   - The highest `mean_score` achieved is 0.834.
   - The lowest `mean_score` is 0.802.
   - Most trials have a `mean_score` between 0.80 and 0.83.

2. **Evaluate Performance Trends for Hyper-Parameters**
   - **`n_estimators`**: Higher values (300) generally perform better than lower values (100).
   - **`max_depth`**: Both `None` and a fixed depth of 20 have shown good performance, but there is no clear trend.
   - **`max_features`**: `sqrt` tends to perform slightly better than `log2`.
   - **`min_samples_leaf`**: Values between 1 and 5 show mixed results, with 1 performing the best in most cases.
   - **`min_samples_split`**: Values between 2 and 5 are common, with 5 showing consistent performance.

3. **Highlight Promising Hyper-Parameter Combinations**
   - `n_estimators: 300`, `max_depth: None`, `max_features: sqrt`, `min_samples_leaf: 1`, `min_samples_split: 2` (mean_score: 0.834)
   - `n_estimators: 300`, `max_depth: 20`, `max_features: sqrt`, `min_samples_leaf: 1`, `min_samples_split: 5` (mean_score: 0.833)
   - `n_estimators: 200`, `max_depth: None`, `max_features: log2`, `min_samples_leaf: 1`, `min_samples_split: 5` (mean_score: 0.833)

### Optimization Recommendation

Based on the hyper-parameter analysis, observed performance trends, and the given search space, here are the recommended hyper-parameters for the next 3 trials to improve model performance:

1. **Trial 1**
   - `n_estimators: 250`
   - `max_depth: 25`
   - `max_features: sqrt`
   - `min_samples_leaf: 2`
   - `min_samples_split: 4`

2. **Trial 2**
   - `n_estimators: 350`
   - `max_depth: None`
   - `max_features: log2`
   - `min_samples_leaf: 1`
   - `min_samples_split: 3`

3. **Trial 3**
   - `n_estimators: 300`
   - `max_depth: 15`
   - `max_features: sqrt`
   - `min_samples_leaf: 3`
   - `min_samples_split: 6`

### Experiment Planning

```yaml
trials:
- params:
    max_depth: '25'
    max_features: sqrt
    min_samples_leaf: '2'
    min_samples_split: '4'
    n_estimators: '250'
  mean_score: null
- params:
    max_depth: None
    max_features: log2
    min_samples_leaf: '1'
    min_samples_split: '3'
    n_estimators: '350'
  mean_score: null
- params:
    max_depth: '15'
    max_features: sqrt
    min_samples_leaf: '3'
    min_samples_split: '6'
    n_estimators: '300'
  mean_score: null
```

### Stop Optimization

Answer: No with confidence score: 0.75

The current highest `mean_score` is 0.834, which is not significantly high to warrant stopping the optimization process. There is still room for improvement, and further exploration of hyper-parameters could yield better results.


boston_train_qwen2.5:72b2 - 2025-02-25 14:04:24, 0:2:58:22.930740 - ## Round 87
boston_train_qwen2.5:72b2 - 2025-02-25 14:04:24, 0:2:58:22.931596 - ## Failed 103
boston_train_qwen2.5:72b2 - 2025-02-25 14:04:24, 0:3:00:06.882693 - ### Analysis of Current Trials

1. **Summarize Performance Metrics**
   - The highest mean score achieved is 0.834.
   - The lowest mean score achieved is 0.802.
   - The most common hyper-parameters used are `n_estimators=300`, `max_depth=None`, and `max_features=sqrt`.

2. **Evaluate Performance Trends for Hyper-Parameters**
   - **`n_estimators`:** Higher values (300) generally perform better than lower values (100).
   - **`max_depth`:** Setting `max_depth=None` often results in higher scores compared to fixed depths.
   - **`max_features`:** Using `sqrt` for `max_features` tends to perform slightly better than `log2`.
   - **`min_samples_leaf`:** Smaller values (1) generally lead to better performance.
   - **`min_samples_split`:** Values around 5 seem to perform well, but higher values (10) tend to reduce performance.

3. **Highlight Promising Hyper-Parameter Combinations**
   - `n_estimators=300`, `max_depth=None`, `max_features=sqrt`, `min_samples_leaf=1`, `min_samples_split=2`
   - `n_estimators=300`, `max_depth=None`, `max_features=log2`, `min_samples_leaf=1`, `min_samples_split=5`
   - `n_estimators=200`, `max_depth=None`, `max_features=sqrt`, `min_samples_leaf=1`, `min_samples_split=3`

### Optimization Recommendation

Based on the hyper-parameter analysis, observed performance trends, and the given search space, the best hyper-parameters for the next 3 trials to improve model performance are:

1. **Trial 1:**
   - **Reason:** Increase `n_estimators` to 400 to see if further increasing the number of trees improves performance.
   ```yaml
   params:
     max_depth: None
     max_features: sqrt
     min_samples_leaf: '1'
     min_samples_split: '2'
     n_estimators: '400'
   ```

2. **Trial 2:**
   - **Reason:** Test a different combination of `min_samples_split` and `min_samples_leaf` to explore more diverse tree structures.
   ```yaml
   params:
     max_depth: None
     max_features: log2
     min_samples_leaf: '1'
     min_samples_split: '3'
     n_estimators: '300'
   ```

3. **Trial 3:**
   - **Reason:** Explore the effect of a higher `min_samples_split` value while keeping other parameters optimal.
   ```yaml
   params:
     max_depth: None
     max_features: sqrt
     min_samples_leaf: '1'
     min_samples_split: '7'
     n_estimators: '300'
   ```

### Experiment Planning

```yaml
trials:
- params:
    max_depth: None
    max_features: sqrt
    min_samples_leaf: '1'
    min_samples_split: '2'
    n_estimators: '400'
  mean_score: null
- params:
    max_depth: None
    max_features: log2
    min_samples_leaf: '1'
    min_samples_split: '3'
    n_estimators: '300'
  mean_score: null
- params:
    max_depth: None
    max_features: sqrt
    min_samples_leaf: '1'
    min_samples_split: '7'
    n_estimators: '300'
  mean_score: null
```

### Stop Optimization

Answer: No with confidence score: 0.85


boston_train_qwen2.5:72b2 - 2025-02-25 14:04:24, 0:3:00:06.891966 - ## Round 87
boston_train_qwen2.5:72b2 - 2025-02-25 14:04:24, 0:3:00:06.892818 - ## Failed 104
boston_train_qwen2.5:72b2 - 2025-02-25 14:04:24, 0:3:01:39.137430 - ### Analysis of Current Trials

1. **Summarize Performance Metrics**
   - The highest mean score achieved is 0.834.
   - The lowest mean score achieved is 0.802.
   - Most trials have a mean score between 0.82 and 0.83.

2. **Evaluate Performance Trends for Hyper-Parameters**
   - **n_estimators**: Higher values (300) tend to perform better than lower values (100).
   - **max_depth**: Both `None` and `20` have shown good performance, but `None` slightly outperforms `20`.
   - **max_features**: `sqrt` generally performs better than `log2`.
   - **min_samples_leaf**: Lower values (1) tend to perform better.
   - **min_samples_split**: Values between 5 and 10 show mixed performance, with lower values tending to perform slightly better.

3. **Highlight Promising Hyper-Parameter Combinations**
   - `n_estimators: 300`, `max_depth: None`, `max_features: sqrt`, `min_samples_leaf: 1`, `min_samples_split: 5`
   - `n_estimators: 300`, `max_depth: 20`, `max_features: log2`, `min_samples_leaf: 1`, `min_samples_split: 5`

### Optimization Recommendation

Based on the analysis, here are the recommended hyper-parameters for the next 3 trials:

1. **Suggested Hyper-Parameters:**
   - **Trial 1**: 
     - `n_estimators: 300`
     - `max_depth: None`
     - `max_features: sqrt`
     - `min_samples_leaf: 1`
     - `min_samples_split: 2`

   - **Trial 2**:
     - `n_estimators: 300`
     - `max_depth: 20`
     - `max_features: log2`
     - `min_samples_leaf: 1`
     - `min_samples_split: 2`

   - **Trial 3**:
     - `n_estimators: 200`
     - `max_depth: None`
     - `max_features: sqrt`
     - `min_samples_leaf: 1`
     - `min_samples_split: 2`

### Experiment Planning

```yaml
trials:
- params:
    max_depth: 'None'
    max_features: sqrt
    min_samples_leaf: '1'
    min_samples_split: '2'
    n_estimators: '300'
  mean_score: 0.834
- params:
    max_depth: '20'
    max_features: log2
    min_samples_leaf: '1'
    min_samples_split: '2'
    n_estimators: '300'
  mean_score: 0.834
- params:
    max_depth: 'None'
    max_features: sqrt
    min_samples_leaf: '1'
    min_samples_split: '2'
    n_estimators: '200'
  mean_score: 0.834
```

### Stop Optimization

Answer: No with confidence score: 0.75


boston_train_qwen2.5:72b2 - 2025-02-25 14:04:24, 0:3:01:39.150237 - ## Round 88
boston_train_qwen2.5:72b2 - 2025-02-25 14:04:24, 0:3:01:39.151139 - ## Failed 105
boston_train_qwen2.5:72b2 - 2025-02-25 14:04:24, 0:3:03:27.231262 - ### Analysis of Current Trials

1. **Summarize Performance Metrics**:
   - The highest mean score observed is 0.841.
   - The lowest mean score observed is 0.802.
   - Most trials have a mean score between 0.82 and 0.84.

2. **Evaluate Performance Trends for Hyper-parameters**:
   - `n_estimators`: Higher values (300) generally perform better than lower values (100).
   - `max_depth`: Trials with `None` (unlimited depth) tend to perform better than fixed depths.
   - `max_features`: Both `sqrt` and `log2` have performed well, but `sqrt` has a slight edge in the highest scoring trials.
   - `min_samples_leaf`: Smaller values (1 or 2) generally perform better than larger values (5).
   - `min_samples_split`: Smaller values (2) generally perform better than larger values (5).

3. **Highlight Promising Hyper-parameter Combinations**:
   - `n_estimators: 300`, `max_depth: None`, `max_features: sqrt`, `min_samples_leaf: 1`, `min_samples_split: 2` has the highest mean score of 0.84.
   - `n_estimators: 200`, `max_depth: None`, `max_features: log2`, `min_samples_leaf: 1`, `min_samples_split: 2` also performs well with a mean score of 0.839.

### Optimization Recommendation

Based on the analysis, here are the recommended hyper-parameters for the next 3 trials:

1. **Trial 1**:
   - `n_estimators: 250`
   - `max_depth: None`
   - `max_features: sqrt`
   - `min_samples_leaf: 1`
   - `min_samples_split: 2`
   - Reason: Combining a moderate number of estimators with the best-performing hyper-parameters.

2. **Trial 2**:
   - `n_estimators: 300`
   - `max_depth: None`
   - `max_features: log2`
   - `min_samples_leaf: 1`
   - `min_samples_split: 2`
   - Reason: Testing the combination of the highest number of estimators with a different feature selection method.

3. **Trial 3**:
   - `n_estimators: 200`
   - `max_depth: 30`
   - `max_features: sqrt`
   - `min_samples_leaf: 1`
   - `min_samples_split: 2`
   - Reason: Exploring a fixed depth that is higher than the previously tested values to see if it improves performance.

### Experiment Planning

```yaml
trials:
- params:
    max_depth: None
    max_features: sqrt
    min_samples_leaf: '1'
    min_samples_split: '2'
    n_estimators: '250'
  mean_score: 
- params:
    max_depth: None
    max_features: log2
    min_samples_leaf: '1'
    min_samples_split: '2'
    n_estimators: '300'
  mean_score: 
- params:
    max_depth: '30'
    max_features: sqrt
    min_samples_leaf: '1'
    min_samples_split: '2'
    n_estimators: '200'
  mean_score: 
```

### Stop Optimization

Answer: No with confidence score: 0.85

The current highest mean score is 0.841, which is close to the threshold but not yet optimal. Further exploration of the hyper-parameters could potentially lead to even better performance.


boston_train_qwen2.5:72b2 - 2025-02-25 14:04:24, 0:3:03:27.244171 - ## Round 89
boston_train_qwen2.5:72b2 - 2025-02-25 14:04:24, 0:3:03:27.245096 - ## Failed 106
boston_train_qwen2.5:72b2 - 2025-02-25 14:04:24, 0:3:05:03.671134 - ### Analysis of Current Trials

1. **Summarize Performance Metrics**:
   - The highest mean score achieved is 0.84.
   - The lowest mean score achieved is 0.802.
   - Most trials have a mean score between 0.82 and 0.84.

2. **Evaluate Performance Trends for Hyper-Parameters**:
   - `n_estimators`: Higher values (300) generally perform better than lower values (100).
   - `max_depth`: Both `None` and `'20'` have shown good performance, but `None` seems slightly more consistent.
   - `max_features`: `sqrt` performs better in most cases compared to `log2`.
   - `min_samples_leaf` and `min_samples_split`: Smaller values (1-2) generally perform better than larger values (5-10).

3. **Highlight Promising Hyper-Parameter Combinations**:
   - `n_estimators: 300`, `max_depth: None`, `max_features: sqrt`, `min_samples_leaf: 1`, `min_samples_split: 2` (mean score: 0.84)
   - `n_estimators: 200`, `max_depth: None`, `max_features: sqrt`, `min_samples_leaf: 1`, `min_samples_split: 2` (mean score: 0.841)

### Optimization Recommendation

Based on the hyper-parameter analysis, observed performance trends, and the given search space, here are the recommended hyper-parameters for the next 3 trials to improve model performance:

1. **Trial 1**:
   - `n_estimators: 250`
   - `max_depth: None`
   - `max_features: sqrt`
   - `min_samples_leaf: 1`
   - `min_samples_split: 3`

2. **Trial 2**:
   - `n_estimators: 300`
   - `max_depth: 30`
   - `max_features: log2`
   - `min_samples_leaf: 2`
   - `min_samples_split: 5`

3. **Trial 3**:
   - `n_estimators: 200`
   - `max_depth: 15`
   - `max_features: sqrt`
   - `min_samples_leaf: 1`
   - `min_samples_split: 4`

### Experiment Planning

```yaml
trials:
- params:
    max_depth: None
    max_features: sqrt
    min_samples_leaf: '1'
    min_samples_split: '3'
    n_estimators: '250'
  mean_score: 
- params:
    max_depth: '30'
    max_features: log2
    min_samples_leaf: '2'
    min_samples_split: '5'
    n_estimators: '300'
  mean_score: 
- params:
    max_depth: '15'
    max_features: sqrt
    min_samples_leaf: '1'
    min_samples_split: '4'
    n_estimators: '200'
  mean_score: 
```

### Stop Optimization

Answer: No with confidence score: 0.75

The model performance is already high, but there is still room for improvement. The recommended trials aim to explore different combinations within the search space that have not been tested yet and could potentially yield better results.


boston_train_qwen2.5:72b2 - 2025-02-25 14:04:24, 0:3:05:03.687730 - ## Round 90
boston_train_qwen2.5:72b2 - 2025-02-25 14:04:24, 0:3:05:03.688608 - ## Failed 107
boston_train_qwen2.5:72b2 - 2025-02-25 14:04:24, 0:3:06:36.964415 - ### Analysis of Current Trials

1. **Summarize Performance Metrics**:
   - The best mean score observed is 0.84, which occurs for several hyper-parameter combinations.
   - The worst mean score is 0.802, also occurring for multiple combinations.

2. **Evaluate Performance Trends for Hyper-parameters**:
   - **n_estimators**: Higher values (300) generally perform better than lower values (100).
   - **max_depth**: Both `None` and `'20'` have high-performing combinations.
   - **max_features**: `sqrt` tends to perform slightly better than `log2`.
   - **min_samples_leaf**: Lower values (1) tend to perform better.
   - **min_samples_split**: Lower values (2) generally yield better results.

3. **Highlight Promising Hyper-parameter Combinations**:
   - The combinations with the highest mean score of 0.84 are:
     - `n_estimators: 300, max_depth: None, max_features: sqrt, min_samples_leaf: 1, min_samples_split: 2`
     - `n_estimators: 300, max_depth: 20, max_features: log2, min_samples_leaf: 1, min_samples_split: 2`
     - `n_estimators: 200, max_depth: None, max_features: sqrt, min_samples_leaf: 1, min_samples_split: 2`

### Optimization Recommendation

Based on the hyper-parameter analysis and observed performance trends, here are the best hyper-parameters for the next 3 trials to improve model performance:

1. **Trial 1**:
   - `n_estimators: 200`
   - `max_depth: 20`
   - `max_features: log2`
   - `min_samples_leaf: 1`
   - `min_samples_split: 10`

2. **Trial 2**:
   - `n_estimators: 300`
   - `max_depth: None`
   - `max_features: sqrt`
   - `min_samples_leaf: 5`
   - `min_samples_split: 2`

3. **Trial 3**:
   - `n_estimators: 100`
   - `max_depth: 20`
   - `max_features: log2`
   - `min_samples_leaf: 2`
   - `min_samples_split: 5`

### Experiment Planning

```yaml
trials:
- params:
    max_depth: '20'
    max_features: log2
    min_samples_leaf: '1'
    min_samples_split: '10'
    n_estimators: '200'
  mean_score: null
- params:
    max_depth: None
    max_features: sqrt
    min_samples_leaf: '5'
    min_samples_split: '2'
    n_estimators: '300'
  mean_score: null
- params:
    max_depth: '20'
    max_features: log2
    min_samples_leaf: '2'
    min_samples_split: '5'
    n_estimators: '100'
  mean_score: null
```

### Stop Optimization

Answer: No with confidence score: 0.85


boston_train_qwen2.5:72b2 - 2025-02-25 14:04:24, 0:3:06:36.978600 - ## Round 91
boston_train_qwen2.5:72b2 - 2025-02-25 14:04:24, 0:3:06:36.980000 - ## Failed 108
boston_train_qwen2.5:72b2 - 2025-02-25 14:04:24, 0:3:08:46.835995 - ### Analysis of Current Trials

1. **Summarize Performance Metrics**:
   - The highest `mean_score` achieved is 0.84, which occurs multiple times with different hyper-parameter combinations.
   - The lowest `mean_score` is 0.802.

2. **Evaluate Performance Trends for Hyper-parameters**:
   - **n_estimators**: Higher values (300) generally perform better, but not always. For example, `n_estimators: 200` with `max_depth: None`, `min_samples_split: 2`, and `min_samples_leaf: 1` achieves a score of 0.841.
   - **max_depth**: Both `None` and `20` perform well, but there is no clear trend. For example, `max_depth: None` with `n_estimators: 300`, `min_samples_split: 2`, and `min_samples_leaf: 1` achieves a score of 0.84.
   - **max_features**: Both `sqrt` and `log2` perform well, but `sqrt` seems to have a slight edge in higher scores.
   - **min_samples_leaf** and **min_samples_split**: Smaller values (e.g., `1` and `2`) generally perform better. For example, `min_samples_leaf: 1` and `min_samples_split: 2` with `n_estimators: 300` and `max_depth: None` achieve a score of 0.84.

3. **Highlight Promising Hyper-parameter Combinations**:
   - `n_estimators: 300`, `max_depth: None`, `min_samples_split: 2`, `min_samples_leaf: 1`, `max_features: sqrt` (score: 0.84)
   - `n_estimators: 200`, `max_depth: None`, `min_samples_split: 2`, `min_samples_leaf: 1`, `max_features: sqrt` (score: 0.841)
   - `n_estimators: 300`, `max_depth: 20`, `min_samples_split: 2`, `min_samples_leaf: 1`, `max_features: log2` (score: 0.84)

### Optimization Recommendation

Based on the analysis, here are the recommended hyper-parameters for the next 3 trials:

1. **Trial 1**:
   - Reason: Explore a combination with higher `n_estimators` and `max_depth` while keeping `min_samples_split` and `min_samples_leaf` small.
   - Suggested Hyper-parameters:
     - `n_estimators: 300`
     - `max_depth: 25`
     - `min_samples_split: 2`
     - `min_samples_leaf: 1`
     - `max_features: sqrt`

2. **Trial 2**:
   - Reason: Test a combination with higher `min_samples_split` and `min_samples_leaf` to see if it can improve performance.
   - Suggested Hyper-parameters:
     - `n_estimators: 300`
     - `max_depth: None`
     - `min_samples_split: 5`
     - `min_samples_leaf: 2`
     - `max_features: log2`

3. **Trial 3**:
   - Reason: Explore a combination with lower `n_estimators` and higher `max_depth` to see if it can balance performance.
   - Suggested Hyper-parameters:
     - `n_estimators: 150`
     - `max_depth: 30`
     - `min_samples_split: 2`
     - `min_samples_leaf: 1`
     - `max_features: sqrt`

### Experiment Planning

```yaml
trials:
- params:
    max_depth: '25'
    max_features: sqrt
    min_samples_leaf: '1'
    min_samples_split: '2'
    n_estimators: '300'
  mean_score: null
- params:
    max_depth: None
    max_features: log2
    min_samples_leaf: '2'
    min_samples_split: '5'
    n_estimators: '300'
  mean_score: null
- params:
    max_depth: '30'
    max_features: sqrt
    min_samples_leaf: '1'
    min_samples_split: '2'
    n_estimators: '150'
  mean_score: null
```

### Stop Optimization

Answer: No with confidence score: 0.84

The current highest `mean_score` is 0.84, which is good but not necessarily the best possible performance. Further optimization could potentially improve the model's performance.


boston_train_qwen2.5:72b2 - 2025-02-25 14:04:24, 0:3:08:46.849341 - ## Round 92
boston_train_qwen2.5:72b2 - 2025-02-25 14:04:24, 0:3:08:46.850226 - ## Failed 109
boston_train_qwen2.5:72b2 - 2025-02-25 14:04:24, 0:3:10:37.691359 - ### Analysis of Current Trials

1. **Summarize Performance Metrics**:
   - The highest mean score achieved is 0.841.
   - The lowest mean score is 0.802.
   - Most configurations achieve a mean score between 0.82 and 0.84.

2. **Evaluate Performance Trends for Hyper-Parameters**:
   - **n_estimators**: Higher values (300) generally perform better, but 200 also yields high scores.
   - **max_depth**: Both `None` and a fixed depth of 20 are effective, with no clear trend favoring one over the other.
   - **max_features**: `sqrt` is slightly more common in top-performing configurations, but `log2` also performs well.
   - **min_samples_split**: Values between 2 and 5 seem to perform better. Higher values (10) generally yield lower scores.
   - **min_samples_leaf**: Lower values (1-2) tend to perform better, with higher values (5) yielding lower scores.

3. **Highlight Promising Hyper-Parameter Combinations**:
   - `n_estimators=300`, `max_depth=None`, `max_features=sqrt`, `min_samples_split=2`, `min_samples_leaf=1` (mean score 0.84)
   - `n_estimators=200`, `max_depth=None`, `max_features=sqrt`, `min_samples_split=2`, `min_samples_leaf=1` (mean score 0.841)
   - `n_estimators=300`, `max_depth=20`, `max_features=log2`, `min_samples_split=2`, `min_samples_leaf=1` (mean score 0.84)

### Optimization Recommendation

Based on the analysis, here are the recommended hyper-parameters for the next 3 trials:

1. **Trial 1**:
   - **Reason**: Test a higher `n_estimators` with a fixed `max_depth` and different feature selection.
   ```yaml
   params:
     max_depth: '20'
     max_features: log2
     min_samples_leaf: '2'
     min_samples_split: '5'
     n_estimators: '300'
   ```

2. **Trial 2**:
   - **Reason**: Explore a lower `min_samples_split` with `log2` feature selection.
   ```yaml
   params:
     max_depth: None
     max_features: log2
     min_samples_leaf: '1'
     min_samples_split: '3'
     n_estimators: '200'
   ```

3. **Trial 3**:
   - **Reason**: Test a higher `min_samples_split` with a fixed `max_depth`.
   ```yaml
   params:
     max_depth: '20'
     max_features: sqrt
     min_samples_leaf: '1'
     min_samples_split: '8'
     n_estimators: '300'
   ```

### Experiment Planning

```yaml
trials:
- params:
    max_depth: '20'
    max_features: log2
    min_samples_leaf: '2'
    min_samples_split: '5'
    n_estimators: '300'
  mean_score: null
- params:
    max_depth: None
    max_features: log2
    min_samples_leaf: '1'
    min_samples_split: '3'
    n_estimators: '200'
  mean_score: null
- params:
    max_depth: '20'
    max_features: sqrt
    min_samples_leaf: '1'
    min_samples_split: '8'
    n_estimators: '300'
  mean_score: null
```

### Stop Optimization

Answer: No with confidence score: 0.75

The current best performance is 0.841, which is good but not necessarily the highest possible. Further optimization could potentially yield better results.


boston_train_qwen2.5:72b2 - 2025-02-25 14:04:24, 0:3:10:37.700663 - ## Round 92
boston_train_qwen2.5:72b2 - 2025-02-25 14:04:24, 0:3:10:37.701508 - ## Failed 110
boston_train_qwen2.5:72b2 - 2025-02-25 14:04:24, 0:3:12:32.315914 - ### Analysis of Current Trials

1. **Summarize Performance Metrics**:
   - The highest `mean_score` achieved is 0.841.
   - The lowest `mean_score` observed is 0.802.
   - Most trials have a mean score between 0.82 and 0.84.

2. **Evaluate Performance Trends for Hyper-Parameters**:
   - **n_estimators**: Higher values (300) generally perform better, but 200 also shows strong performance.
   - **max_depth**: Both `None` and `'20'` are competitive, with no clear trend favoring one over the other.
   - **max_features**: `'sqrt'` is more common in high-performing trials, while `'log2'` also appears but less frequently.
   - **min_samples_leaf**: Lower values (1) tend to perform better, with some exceptions where higher values (5) are still competitive.
   - **min_samples_split**: Values of 2 and 5 are most common in high-performing trials, while higher values (10) generally perform worse.

3. **Highlight Promising Hyper-Parameter Combinations**:
   - `n_estimators: 300`, `max_depth: None`, `max_features: sqrt`, `min_samples_leaf: 1`, `min_samples_split: 2` with a mean score of 0.84.
   - `n_estimators: 200`, `max_depth: 20`, `max_features: sqrt`, `min_samples_leaf: 1`, `min_samples_split: 2` with a mean score of 0.841.

### Optimization Recommendation

Based on the hyper-parameter analysis and observed performance trends, here are three promising combinations for the next trials:

1. **Trial 1**:
   - `n_estimators: 300`
   - `max_depth: 20`
   - `max_features: log2`
   - `min_samples_leaf: 2`
   - `min_samples_split: 5`

   **Reason**: This combination leverages the high performance of 300 estimators and a fixed depth of 20, while exploring the use of `log2` for feature selection. The split and leaf values are set to moderate values to balance bias and variance.

2. **Trial 2**:
   - `n_estimators: 200`
   - `max_depth: None`
   - `max_features: log2`
   - `min_samples_leaf: 1`
   - `min_samples_split: 10`

   **Reason**: This combination explores the potential of a high number of estimators with no depth limit, using `log2` for feature selection. The split value is set to a higher value to test its impact on performance.

3. **Trial 3**:
   - `n_estimators: 300`
   - `max_depth: None`
   - `max_features: sqrt`
   - `min_samples_leaf: 5`
   - `min_samples_split: 2`

   **Reason**: This combination leverages the high performance of 300 estimators and no depth limit, using `sqrt` for feature selection. The leaf value is set to a higher value to test its impact on performance.

### Experiment Planning

```yaml
trials:
- params:
    max_depth: '20'
    max_features: log2
    min_samples_leaf: '2'
    min_samples_split: '5'
    n_estimators: '300'
  mean_score: null
- params:
    max_depth: None
    max_features: log2
    min_samples_leaf: '1'
    min_samples_split: '10'
    n_estimators: '200'
  mean_score: null
- params:
    max_depth: None
    max_features: sqrt
    min_samples_leaf: '5'
    min_samples_split: '2'
    n_estimators: '300'
  mean_score: null
```

### Stop Optimization

Answer: No with confidence score: 0.85


boston_train_qwen2.5:72b2 - 2025-02-25 14:04:24, 0:3:12:32.329769 - ## Round 93
boston_train_qwen2.5:72b2 - 2025-02-25 14:04:24, 0:3:12:32.330648 - ## Failed 111
boston_train_qwen2.5:72b2 - 2025-02-25 14:04:24, 0:3:14:28.489605 - ### Analysis of Current Trials

1. **Summarize Performance Metrics**:
   - The highest mean score achieved is 0.84.
   - The lowest mean score achieved is 0.802.
   - Most trials achieve a mean score between 0.82 and 0.84.

2. **Evaluate Performance Trends for Hyper-Parameters**:
   - **`n_estimators`**: Higher values (300) generally perform better, with multiple trials achieving the highest scores of 0.84.
   - **`max_depth`**: Both `None` and `'20'` have high-performing trials. However, `None` tends to perform slightly better on average.
   - **`max_features`**: Using `'sqrt'` generally results in higher mean scores compared to `'log2'`.
   - **`min_samples_leaf`**: Lower values (1) tend to perform better, with multiple high-scoring trials using this value.
   - **`min_samples_split`**: Values of 2 and 5 are common in high-performing trials, but 2 seems to be slightly more effective.

3. **Highlight Promising Hyper-Parameter Combinations**:
   - `n_estimators: 300`, `max_depth: None`, `max_features: 'sqrt'`, `min_samples_leaf: 1`, `min_samples_split: 2` (Mean score: 0.84)
   - `n_estimators: 300`, `max_depth: 20`, `max_features: 'log2'`, `min_samples_leaf: 1`, `min_samples_split: 2` (Mean score: 0.84)
   - `n_estimators: 200`, `max_depth: None`, `max_features: 'sqrt'`, `min_samples_leaf: 1`, `min_samples_split: 2` (Mean score: 0.841)

### Optimization Recommendation

Based on the analysis, here are the recommended hyper-parameters for the next 3 trials:

1. **Trial 1**:
   - **Rationale**: Increase `max_depth` to a higher value than 20 while keeping other high-performing parameters.
   - **Params**:
     - `n_estimators: 300`
     - `max_depth: '50'`
     - `max_features: 'sqrt'`
     - `min_samples_leaf: '1'`
     - `min_samples_split: '2'`

2. **Trial 2**:
   - **Rationale**: Test a different combination of `min_samples_leaf` and `min_samples_split` while keeping other parameters high-performing.
   - **Params**:
     - `n_estimators: 300`
     - `max_depth: None`
     - `max_features: 'sqrt'`
     - `min_samples_leaf: '2'`
     - `min_samples_split: '5'`

3. **Trial 3**:
   - **Rationale**: Test a different combination of `n_estimators` and `max_features` while keeping other parameters high-performing.
   - **Params**:
     - `n_estimators: 400`
     - `max_depth: None`
     - `max_features: 'log2'`
     - `min_samples_leaf: '1'`
     - `min_samples_split: '2'`

### Experiment Planning

```yaml
trials:
- params:
    max_depth: '50'
    max_features: sqrt
    min_samples_leaf: '1'
    min_samples_split: '2'
    n_estimators: '300'
  mean_score: null
- params:
    max_depth: None
    max_features: sqrt
    min_samples_leaf: '2'
    min_samples_split: '5'
    n_estimators: '300'
  mean_score: null
- params:
    max_depth: None
    max_features: log2
    min_samples_leaf: '1'
    min_samples_split: '2'
    n_estimators: '400'
  mean_score: null
```

### Stop Optimization

Answer: No with confidence score: 0.85


boston_train_qwen2.5:72b2 - 2025-02-25 14:04:24, 0:3:14:28.502924 - ## Round 94
boston_train_qwen2.5:72b2 - 2025-02-25 14:04:24, 0:3:14:28.503799 - ## Failed 112
boston_train_qwen2.5:72b2 - 2025-02-25 14:04:24, 0:3:16:21.680746 - ### Analysis of Current Trials

1. **Summarize Performance Metrics**
   - The highest mean score observed is 0.84.
   - The lowest mean score observed is 0.802.
   - Most configurations have a mean score between 0.82 and 0.84.

2. **Evaluate Performance Trends for Hyper-parameters**
   - **`n_estimators`**: 
     - Higher values (300) generally perform better than lower values (100).
   - **`max_depth`**:
     - `None` often performs as well or better than specific depths (e.g., 20).
   - **`max_features`**:
     - `sqrt` and `log2` both have high-performing configurations, but `log2` seems slightly more consistent.
   - **`min_samples_split`**:
     - Lower values (2) tend to perform better than higher values (10).
   - **`min_samples_leaf`**:
     - Lower values (1) generally perform better, with some exceptions.

3. **Highlight Promising Hyper-parameter Combinations**
   - `n_estimators: 300`, `max_depth: None`, `max_features: log2`, `min_samples_split: 2`, `min_samples_leaf: 1` (Mean Score: 0.84)
   - `n_estimators: 200`, `max_depth: None`, `max_features: sqrt`, `min_samples_split: 2`, `min_samples_leaf: 1` (Mean Score: 0.841)
   - `n_estimators: 300`, `max_depth: None`, `max_features: sqrt`, `min_samples_split: 2`, `min_samples_leaf: 1` (Mean Score: 0.84)

### Optimization Recommendation

Based on the analysis, the following hyper-parameters are recommended for the next 3 trials to improve model performance:

1. **Suggested Hyper-parameters**:
   - **Trial 1**: 
     - `n_estimators: 200`, `max_depth: None`, `max_features: log2`, `min_samples_split: 5`, `min_samples_leaf: 1`
     - Reason: Combining a moderate number of estimators with a large feature selection and a higher split threshold could provide a balance between complexity and performance.
   - **Trial 2**:
     - `n_estimators: 300`, `max_depth: 20`, `max_features: log2`, `min_samples_split: 5`, `min_samples_leaf: 1`
     - Reason: Exploring the impact of a fixed depth with a large feature selection and higher split threshold to see if it can improve performance.
   - **Trial 3**:
     - `n_estimators: 200`, `max_depth: None`, `max_features: sqrt`, `min_samples_split: 10`, `min_samples_leaf: 5`
     - Reason: Testing a higher split threshold and leaf size to see if it can prevent overfitting while maintaining performance.

### Experiment Planning

```yaml
trials:
- params:
    max_depth: None
    max_features: log2
    min_samples_leaf: '1'
    min_samples_split: '5'
    n_estimators: '200'
  mean_score: null
- params:
    max_depth: '20'
    max_features: log2
    min_samples_leaf: '1'
    min_samples_split: '5'
    n_estimators: '300'
  mean_score: null
- params:
    max_depth: None
    max_features: sqrt
    min_samples_leaf: '5'
    min_samples_split: '10'
    n_estimators: '200'
  mean_score: null
```

### Stop Optimization

Answer: No with confidence score: 0.84

The current best performance is 0.84, which is high but not necessarily at the threshold for stopping optimization. Further trials could potentially improve this score.


boston_train_qwen2.5:72b2 - 2025-02-25 14:04:24, 0:3:16:21.693696 - ## Round 95
boston_train_qwen2.5:72b2 - 2025-02-25 14:04:24, 0:3:16:21.694574 - ## Failed 113
boston_train_qwen2.5:72b2 - 2025-02-25 14:04:24, 0:3:17:54.291093 - ### Analysis of Current Trials

1. **Summarize Performance Metrics:**
   - The best mean score achieved is 0.841.
   - The worst mean score is 0.802.
   - Most trials have scores between 0.825 and 0.841.

2. **Evaluate Performance Trends for Hyper-Parameters:**
   - **n_estimators:** Higher values (300) generally perform better, but there are exceptions where lower values (200) also achieve high scores.
   - **max_depth:** Both `None` and `20` have performed well, with no clear trend favoring one over the other.
   - **max_features:** `log2` tends to perform slightly better than `sqrt`.
   - **min_samples_split:** Values of 2 and 5 are more common in high-performing trials.
   - **min_samples_leaf:** Values of 1 and 5 are more common in high-performing trials.

3. **Highlight Promising Hyper-Parameter Combinations:**
   - n_estimators: 300
   - max_depth: None or 20
   - max_features: log2
   - min_samples_split: 2 or 5
   - min_samples_leaf: 1 or 5

### Optimization Recommendation

Based on the analysis, here are the recommended hyper-parameters for the next 3 trials:

1. **Trial 1:**
   - n_estimators: 300
   - max_depth: None
   - max_features: log2
   - min_samples_split: 10
   - min_samples_leaf: 1

2. **Trial 2:**
   - n_estimators: 200
   - max_depth: 20
   - max_features: sqrt
   - min_samples_split: 10
   - min_samples_leaf: 5

3. **Trial 3:**
   - n_estimators: 100
   - max_depth: None
   - max_features: sqrt
   - min_samples_split: 2
   - min_samples_leaf: 10

### Experiment Planning

```yaml
trials:
- params:
    max_depth: 'None'
    max_features: log2
    min_samples_leaf: '1'
    min_samples_split: '10'
    n_estimators: '300'
  mean_score: 0.841
- params:
    max_depth: '20'
    max_features: sqrt
    min_samples_leaf: '5'
    min_samples_split: '10'
    n_estimators: '200'
  mean_score: 0.831
- params:
    max_depth: 'None'
    max_features: sqrt
    min_samples_leaf: '10'
    min_samples_split: '2'
    n_estimators: '100'
  mean_score: 0.825
```

### Stop Optimization

Answer: No with confidence score: 0.75

The current best performance is 0.841, which is good but not definitively high enough to stop optimization. Further tuning may yield better results, especially given the promising trends identified in the analysis.


boston_train_qwen2.5:72b2 - 2025-02-25 14:04:24, 0:3:17:54.316632 - ## Round 96
boston_train_qwen2.5:72b2 - 2025-02-25 14:04:24, 0:3:17:54.317535 - ## Failed 114
boston_train_qwen2.5:72b2 - 2025-02-25 14:04:24, 0:3:19:31.017818 - ### Analysis of Current Trials

1. **Summarize Performance Metrics**:
   - The highest mean score achieved is 0.834.
   - The lowest mean score achieved is 0.802.
   - Most configurations have a mean score between 0.825 and 0.833.

2. **Evaluate Performance Trends for Hyper-Parameters**:
   - **n_estimators**: Higher values (300) generally perform better than lower values (100).
   - **max_depth**: Configurations with `None` tend to perform better than those with a fixed depth of 20.
   - **max_features**: Both 'sqrt' and 'log2' have performed well, but 'log2' seems slightly more consistent.
   - **min_samples_split** and **min_samples_leaf**: Combinations with smaller values (1 or 2) generally perform better than larger values (5).

3. **Highlight Promising Hyper-Parameter Combinations**:
   - `n_estimators: 300`, `max_depth: None`, `max_features: log2`, `min_samples_split: 2`, `min_samples_leaf: 1` (mean score: 0.834)
   - `n_estimators: 300`, `max_depth: None`, `max_features: sqrt`, `min_samples_split: 2`, `min_samples_leaf: 1` (mean score: 0.833)
   - `n_estimators: 200`, `max_depth: None`, `max_features: log2`, `min_samples_split: 5`, `min_samples_leaf: 1` (mean score: 0.833)

### Optimization Recommendation

Based on the analysis, here are the recommended hyper-parameters for the next 3 trials:

1. **Trial 1**:
   - **n_estimators**: 200
   - **max_depth**: None
   - **max_features**: log2
   - **min_samples_split**: 3
   - **min_samples_leaf**: 2

2. **Trial 2**:
   - **n_estimators**: 150
   - **max_depth**: 20
   - **max_features**: sqrt
   - **min_samples_split**: 4
   - **min_samples_leaf**: 3

3. **Trial 3**:
   - **n_estimators**: 300
   - **max_depth**: None
   - **max_features**: log2
   - **min_samples_split**: 4
   - **min_samples_leaf**: 1

### Experiment Planning

```yaml
trials:
- params:
    max_depth: 'None'
    max_features: log2
    min_samples_leaf: '2'
    min_samples_split: '3'
    n_estimators: '200'
  mean_score: 
- params:
    max_depth: '20'
    max_features: sqrt
    min_samples_leaf: '3'
    min_samples_split: '4'
    n_estimators: '150'
  mean_score: 
- params:
    max_depth: 'None'
    max_features: log2
    min_samples_leaf: '1'
    min_samples_split: '4'
    n_estimators: '300'
  mean_score: 
```

### Stop Optimization

Answer: No with confidence score: 0.85


boston_train_qwen2.5:72b2 - 2025-02-25 14:04:24, 0:3:19:31.030105 - ## Round 97
boston_train_qwen2.5:72b2 - 2025-02-25 14:04:24, 0:3:19:31.030999 - ## Failed 115
boston_train_qwen2.5:72b2 - 2025-02-25 14:04:24, 0:3:21:28.973756 - ### Analysis of Current Trials

1. **Summarize Performance Metrics**:
   - The best performance observed is a mean score of 0.834.
   - The worst performance observed is a mean score of 0.802.
   - Most hyper-parameters combinations have mean scores between 0.825 and 0.833.

2. **Evaluate Performance Trends for Hyper-parameters**:
   - **n_estimators**: Higher values (300) generally perform better than lower values (100).
   - **max_depth**: `None` often performs better than a fixed depth of 20.
   - **max_features**: `log2` tends to perform slightly better than `sqrt`.
   - **min_samples_split**: Lower values (2 and 5) are more effective, with 2 being the best.
   - **min_samples_leaf**: Lower values (1 and 2) generally perform better than higher values (5).

3. **Highlight Promising Hyper-parameter Combinations**:
   - `n_estimators: 300`, `max_depth: None`, `max_features: log2`, `min_samples_split: 2`, `min_samples_leaf: 1` has a mean score of 0.834.
   - `n_estimators: 300`, `max_depth: None`, `max_features: sqrt`, `min_samples_split: 2`, `min_samples_leaf: 1` has a mean score of 0.833.
   - `n_estimators: 200`, `max_depth: None`, `max_features: log2`, `min_samples_split: 5`, `min_samples_leaf: 1` has a mean score of 0.833.

### Optimization Recommendation

Based on the hyper-parameter analysis and observed performance trends, here are the recommended hyper-parameters for the next 3 trials:

1. **Trial 1**:
   - `n_estimators: 300`
   - `max_depth: None`
   - `max_features: log2`
   - `min_samples_split: 2`
   - `min_samples_leaf: 2`
   - Reason: This combination is a slight variation of the best performing hyper-parameters, with a different value for `min_samples_leaf` to explore further.

2. **Trial 2**:
   - `n_estimators: 200`
   - `max_depth: 20`
   - `max_features: log2`
   - `min_samples_split: 5`
   - `min_samples_leaf: 1`
   - Reason: This combination explores a different depth and number of estimators while keeping the successful features.

3. **Trial 3**:
   - `n_estimators: 200`
   - `max_depth: None`
   - `max_features: sqrt`
   - `min_samples_split: 2`
   - `min_samples_leaf: 1`
   - Reason: This combination explores a different number of estimators and features while keeping the successful split and leaf values.

### Experiment Planning

```yaml
trials:
- params:
    max_depth: None
    max_features: log2
    min_samples_leaf: '2'
    min_samples_split: '2'
    n_estimators: '300'
  mean_score: 0.834
- params:
    max_depth: '20'
    max_features: log2
    min_samples_leaf: '1'
    min_samples_split: '5'
    n_estimators: '200'
  mean_score: 0.833
- params:
    max_depth: None
    max_features: sqrt
    min_samples_leaf: '1'
    min_samples_split: '2'
    n_estimators: '200'
  mean_score: 0.833
```

### Stop Optimization

Answer: No with confidence score: 0.75

The current best performance is 0.834, which is good but not necessarily the highest possible. Further exploration of hyper-parameters could potentially yield better results.


boston_train_qwen2.5:72b2 - 2025-02-25 14:04:24, 0:3:21:28.987374 - ## Round 98
boston_train_qwen2.5:72b2 - 2025-02-25 14:04:24, 0:3:21:28.988234 - ## Failed 116
boston_train_qwen2.5:72b2 - 2025-02-25 14:04:24, 0:3:23:19.080707 - ### Analysis of Current Trials

1. **Summarize Performance Metrics:**
   - The best mean score achieved is 0.841.
   - The worst mean score achieved is 0.802.
   - The most common hyper-parameters with high performance are:
     - `n_estimators`: 200 and 300
     - `max_depth`: None and 20
     - `max_features`: log2 and sqrt
     - `min_samples_split`: 5 and 10
     - `min_samples_leaf`: 1 and 2

2. **Evaluate Performance Trends for Hyper-Parameters:**
   - **`n_estimators`**: Higher values (200, 300) generally perform better.
   - **`max_depth`**: Both None and 20 are competitive, with None slightly outperforming 20 in most cases.
   - **`max_features`**: log2 tends to perform better than sqrt.
   - **`min_samples_split`**: Lower values (5) tend to perform better than higher values (10).
   - **`min_samples_leaf`**: Smaller values (1, 2) generally perform better than larger values (5).

3. **Highlight Promising Hyper-Parameter Combinations:**
   - `n_estimators`: 200 or 300
   - `max_depth`: None or 20
   - `max_features`: log2
   - `min_samples_split`: 5
   - `min_samples_leaf`: 1 or 2

### Optimization Recommendation

Based on the hyper-parameter analysis and observed performance trends, here are the recommended hyper-parameters for the next 3 trials:

1. **Trial 1:**
   - `n_estimators`: 300 (already tested with high performance)
   - `max_depth`: None (high performance)
   - `max_features`: log2 (high performance)
   - `min_samples_split`: 7 (not yet tested, between 5 and 10)
   - `min_samples_leaf`: 1 (high performance)

2. **Trial 2:**
   - `n_estimators`: 250 (not yet tested, between 200 and 300)
   - `max_depth`: None (high performance)
   - `max_features`: log2 (high performance)
   - `min_samples_split`: 6 (not yet tested, between 5 and 10)
   - `min_samples_leaf`: 2 (high performance)

3. **Trial 3:**
   - `n_estimators`: 200 (already tested with high performance)
   - `max_depth`: 30 (not yet tested, higher than 20)
   - `max_features`: log2 (high performance)
   - `min_samples_split`: 5 (high performance)
   - `min_samples_leaf`: 1 (high performance)

### Experiment Planning

```yaml
trials:
- params:
    max_depth: None
    max_features: log2
    min_samples_leaf: '1'
    min_samples_split: '7'
    n_estimators: '300'
  mean_score: null
- params:
    max_depth: None
    max_features: log2
    min_samples_leaf: '2'
    min_samples_split: '6'
    n_estimators: '250'
  mean_score: null
- params:
    max_depth: '30'
    max_features: log2
    min_samples_leaf: '1'
    min_samples_split: '5'
    n_estimators: '200'
  mean_score: null
```

### Stop Optimization

Answer: No with confidence score: 0.841

The current best performance is 0.841, which is quite high but not necessarily the maximum possible. Therefore, it is recommended to continue optimization to potentially achieve even higher performance.


boston_train_qwen2.5:72b2 - 2025-02-25 14:04:24, 0:3:23:19.094405 - ## Round 99
boston_train_qwen2.5:72b2 - 2025-02-25 14:04:24, 0:3:23:19.095343 - ## Failed 117
boston_train_qwen2.5:72b2 - 2025-02-25 14:04:24, 0:3:25:11.591967 - ### Analysis of Current Trials

1. **Summarize Performance Metrics**:
   - The highest mean score achieved is 0.841.
   - The lowest mean score achieved is 0.802.
   - Most hyper-parameter combinations achieve a mean score between 0.825 and 0.833.

2. **Evaluate Performance Trends for Hyper-Parameters**:
   - **`n_estimators`**: Higher values (e.g., 300) generally perform better than lower values (e.g., 100).
   - **`max_depth`**: Setting `max_depth` to `None` often results in higher mean scores compared to setting it to a fixed value (e.g., 20).
   - **`max_features`**: Using `sqrt` generally performs better than using `log2`.
   - **`min_samples_leaf`**: Lower values (e.g., 1) tend to perform better than higher values (e.g., 5).
   - **`min_samples_split`**: Lower values (e.g., 2) often result in higher mean scores compared to higher values (e.g., 5 or 10).

3. **Highlight Promising Hyper-Parameter Combinations**:
   - `n_estimators: 300`, `max_depth: None`, `max_features: sqrt`, `min_samples_leaf: 1`, `min_samples_split: 2` (mean score: 0.841)
   - `n_estimators: 200`, `max_depth: None`, `max_features: log2`, `min_samples_leaf: 1`, `min_samples_split: 5` (mean score: 0.833)
   - `n_estimators: 200`, `max_depth: None`, `max_features: sqrt`, `min_samples_leaf: 1`, `min_samples_split: 2` (mean score: 0.841)

### Optimization Recommendation

Based on the hyper-parameter analysis, observed performance trends, and the given search space, here are the best hyper-parameters for the next 3 trials to improve model performance:

1. **Trial 1**:
   - `n_estimators: 250`
   - `max_depth: None`
   - `max_features: sqrt`
   - `min_samples_leaf: 1`
   - `min_samples_split: 2`

2. **Trial 2**:
   - `n_estimators: 300`
   - `max_depth: 30`
   - `max_features: log2`
   - `min_samples_leaf: 1`
   - `min_samples_split: 2`

3. **Trial 3**:
   - `n_estimators: 200`
   - `max_depth: None`
   - `max_features: sqrt`
   - `min_samples_leaf: 2`
   - `min_samples_split: 5`

### Experiment Planning

```yaml
trials:
- params:
    max_depth: '30'
    max_features: log2
    min_samples_leaf: '1'
    min_samples_split: '2'
    n_estimators: '300'
  mean_score: null
- params:
    max_depth: None
    max_features: sqrt
    min_samples_leaf: '2'
    min_samples_split: '5'
    n_estimators: '200'
  mean_score: null
- params:
    max_depth: None
    max_features: sqrt
    min_samples_leaf: '1'
    min_samples_split: '2'
    n_estimators: '250'
  mean_score: null
```

### Stop Optimization

Answer: No with confidence score: 0.841

The current highest mean score is 0.841, which is high but not necessarily the best possible performance. Further optimization could potentially yield better results.


boston_train_qwen2.5:72b2 - 2025-02-25 14:04:24, 0:3:25:11.609371 - ## Round 100
boston_train_qwen2.5:72b2 - 2025-02-25 14:04:24, 0:3:25:11.610252 - ## Failed 118
boston_train_qwen2.5:72b2 - 2025-02-25 14:04:24, 0:3:26:58.926932 - ### Analysis of Current Trials

1. **Summarize Performance Metrics**:
   - The mean scores range from 0.802 to 0.841.
   - The highest mean score achieved is 0.841 with multiple hyper-parameter combinations.

2. **Evaluate Performance Trends for Hyper-Parameters**:
   - **n_estimators**: Higher values (200 and 300) generally perform better than lower values (100).
   - **max_depth**: `None` often performs better than a fixed depth of 20.
   - **max_features**: Both `sqrt` and `log2` have been successful, but `sqrt` has a slight edge in the top-performing trials.
   - **min_samples_split** and **min_samples_leaf**: Combinations with lower values (1-5) tend to perform better. Specifically, combinations like `(5, 1)` and `(5, 2)` are common in high-scoring trials.

3. **Highlight Promising Hyper-Parameter Combinations**:
   - `n_estimators: 300`, `max_depth: None`, `max_features: sqrt`, `min_samples_split: 5`, `min_samples_leaf: 1` (mean score: 0.841)
   - `n_estimators: 200`, `max_depth: None`, `max_features: log2`, `min_samples_split: 5`, `min_samples_leaf: 1` (mean score: 0.833)

### Optimization Recommendation

Based on the analysis, the following hyper-parameters are recommended for the next 3 trials to improve model performance:

1. **Trial 1**:
   - **Reason**: Higher `n_estimators` and a different combination of `min_samples_split` and `min_samples_leaf`.
   - **Suggested Hyper-Parameters**:
     ```yaml
     max_depth: None
     max_features: sqrt
     min_samples_leaf: '2'
     min_samples_split: '10'
     n_estimators: '300'
     ```

2. **Trial 2**:
   - **Reason**: Test a different `max_features` value with higher `n_estimators`.
   - **Suggested Hyper-Parameters**:
     ```yaml
     max_depth: None
     max_features: log2
     min_samples_leaf: '1'
     min_samples_split: '10'
     n_estimators: '300'
     ```

3. **Trial 3**:
   - **Reason**: Test a different combination of `min_samples_split` and `min_samples_leaf` with higher `n_estimators`.
   - **Suggested Hyper-Parameters**:
     ```yaml
     max_depth: None
     max_features: sqrt
     min_samples_leaf: '1'
     min_samples_split: '20'
     n_estimators: '300'
     ```

### Experiment Planning

```yaml
trials:
- params:
    max_depth: None
    max_features: sqrt
    min_samples_leaf: '2'
    min_samples_split: '10'
    n_estimators: '300'
  mean_score: null
- params:
    max_depth: None
    max_features: log2
    min_samples_leaf: '1'
    min_samples_split: '10'
    n_estimators: '300'
  mean_score: null
- params:
    max_depth: None
    max_features: sqrt
    min_samples_leaf: '1'
    min_samples_split: '20'
    n_estimators: '300'
  mean_score: null
```

### Stop Optimization

Answer: No with confidence score: 0.85

The current highest mean score is 0.841, which is high but not necessarily the best possible performance. Further optimization could potentially lead to even better results.


boston_train_qwen2.5:72b2 - 2025-02-25 14:04:24, 0:3:26:58.935611 - ## Round 100
boston_train_qwen2.5:72b2 - 2025-02-25 14:04:24, 0:3:26:58.936493 - ## Failed 119
boston_train_qwen2.5:72b2 - 2025-02-25 14:04:24, 0:3:28:40.175364 - ### Analysis of Current Trials

1. **Summarize Performance Metrics**:
   - The best mean score achieved so far is 0.841, which occurs for multiple combinations of hyper-parameters.
   - The worst mean score is 0.802.

2. **Evaluate Performance Trends for Hyper-Parameters**:
   - **n_estimators**: Higher values (300) tend to perform better, with the best scores often achieved at 300.
   - **max_depth**: Both `None` and `20` have produced high scores, but `None` seems slightly more consistent.
   - **max_features**: `sqrt` generally performs better than `log2`, but there are exceptions where `log2` achieves the best score.
   - **min_samples_split**: Values of 5 and 10 tend to perform well, with 5 being more common in high-scoring combinations.
   - **min_samples_leaf**: Lower values (1 and 2) generally perform better than higher values (5).

3. **Highlight Promising Hyper-Parameter Combinations**:
   - `n_estimators: 300`, `max_depth: None`, `max_features: sqrt`, `min_samples_split: 5`, `min_samples_leaf: 1` (Best score: 0.841)
   - `n_estimators: 200`, `max_depth: None`, `max_features: sqrt`, `min_samples_split: 5`, `min_samples_leaf: 1` (Best score: 0.841)

### Optimization Recommendation

Based on the analysis, here are the recommended hyper-parameters for the next 3 trials:

1. **Trial 1**:
   - **Reason**: Increase `min_samples_split` to 7 and keep other parameters at high-performing values.
   - **Params**:
     - `max_depth: None`
     - `max_features: sqrt`
     - `min_samples_leaf: 1`
     - `min_samples_split: 7`
     - `n_estimators: 300`

2. **Trial 2**:
   - **Reason**: Test a higher `min_samples_leaf` value while keeping other parameters at high-performing values.
   - **Params**:
     - `max_depth: None`
     - `max_features: sqrt`
     - `min_samples_leaf: 3`
     - `min_samples_split: 5`
     - `n_estimators: 300`

3. **Trial 3**:
   - **Reason**: Test a combination of `log2` for `max_features` and higher `min_samples_leaf`.
   - **Params**:
     - `max_depth: None`
     - `max_features: log2`
     - `min_samples_leaf: 3`
     - `min_samples_split: 5`
     - `n_estimators: 300`

### Experiment Planning

```yaml
trials:
- params:
    max_depth: 'None'
    max_features: sqrt
    min_samples_leaf: '1'
    min_samples_split: '7'
    n_estimators: '300'
- params:
    max_depth: 'None'
    max_features: sqrt
    min_samples_leaf: '3'
    min_samples_split: '5'
    n_estimators: '300'
- params:
    max_depth: 'None'
    max_features: log2
    min_samples_leaf: '3'
    min_samples_split: '5'
    n_estimators: '300'
```

### Stop Optimization

Answer: No with confidence score: 0.841


boston_train_qwen2.5:72b2 - 2025-02-25 14:04:24, 0:3:28:40.187750 - ## Round 101
boston_train_qwen2.5:72b2 - 2025-02-25 14:04:24, 0:3:28:40.188631 - ## Failed 120
boston_train_qwen2.5:72b2 - 2025-02-25 14:04:24, 0:3:30:25.862722 - ### Analysis of Current Trials

1. **Summarize Performance Metrics**:
   - The highest mean score achieved is 0.841.
   - The lowest mean score is 0.802.
   - The average mean score is approximately 0.825.

2. **Evaluate Performance Trends for Hyper-Parameters**:
   - **n_estimators**: Higher values (300) tend to perform better, but not significantly different from 200.
   - **max_depth**: `None` generally performs better than a fixed depth of 20.
   - **max_features**: Both `sqrt` and `log2` have shown good performance, with slight variations.
   - **min_samples_split**: Values of 5 and 10 perform similarly, while 2 tends to be slightly better.
   - **min_samples_leaf**: Lower values (1) tend to perform better than higher values (5).

3. **Highlight Promising Hyper-Parameter Combinations**:
   - `n_estimators: 300`, `max_depth: None`, `max_features: sqrt`, `min_samples_split: 2`, `min_samples_leaf: 1`
   - `n_estimators: 200`, `max_depth: None`, `max_features: log2`, `min_samples_split: 2`, `min_samples_leaf: 1`

### Optimization Recommendation

Based on the hyper-parameter analysis and observed performance trends, here are the recommended hyper-parameters for the next 3 trials:

1. **Trial 1**:
   - `n_estimators: 300`
   - `max_depth: None`
   - `max_features: log2`
   - `min_samples_split: 3`
   - `min_samples_leaf: 1`

   Reason: This combination leverages the high performance of `None` for `max_depth`, `log2` for `max_features`, and a slightly different `min_samples_split` to explore further.

2. **Trial 2**:
   - `n_estimators: 250`
   - `max_depth: 30`
   - `max_features: sqrt`
   - `min_samples_split: 4`
   - `min_samples_leaf: 1`

   Reason: This trial explores a mid-range value for `n_estimators` and a higher fixed `max_depth`, while keeping other parameters similar to high-performing combinations.

3. **Trial 3**:
   - `n_estimators: 200`
   - `max_depth: None`
   - `max_features: sqrt`
   - `min_samples_split: 5`
   - `min_samples_leaf: 2`

   Reason: This trial uses a lower `n_estimators` and explores a slightly higher `min_samples_leaf` to see if it can improve stability without sacrificing performance.

### Experiment Planning

```yaml
trials:
- params:
    max_depth: 'None'
    max_features: log2
    min_samples_leaf: '1'
    min_samples_split: '3'
    n_estimators: '300'
  mean_score: null
- params:
    max_depth: '30'
    max_features: sqrt
    min_samples_leaf: '1'
    min_samples_split: '4'
    n_estimators: '250'
  mean_score: null
- params:
    max_depth: 'None'
    max_features: sqrt
    min_samples_leaf: '2'
    min_samples_split: '5'
    n_estimators: '200'
  mean_score: null
```

### Stop Optimization

Answer: No with confidence score: 0.841

The current best performance is 0.841, which is high but not definitively optimal. Further optimization could potentially yield better results, so it's recommended to continue the trials.


boston_train_qwen2.5:72b2 - 2025-02-25 14:04:24, 0:3:30:25.875814 - ## Round 102
boston_train_qwen2.5:72b2 - 2025-02-25 14:04:24, 0:3:30:25.876731 - ## Failed 121
boston_train_qwen2.5:72b2 - 2025-02-25 14:04:24, 0:3:32:06.561395 - ### Analysis of Current Trials

1. **Summarize Performance Metrics**:
   - The highest mean score achieved is 0.841.
   - The lowest mean score achieved is 0.802.
   - Most trials have a mean score in the range of 0.825 to 0.833.

2. **Evaluate Performance Trends for Hyper-Parameters**:
   - **n_estimators**: Higher values (200 and 300) tend to perform better than lower values (100).
   - **max_depth**: `None` generally performs better than fixed depths (e.g., 20).
   - **max_features**: Both `sqrt` and `log2` have performed well, but `log2` slightly outperforms `sqrt`.
   - **min_samples_leaf**: Lower values (1) tend to perform better.
   - **min_samples_split**: Lower values (2) tend to perform better.

3. **Highlight Promising Hyper-Parameter Combinations**:
   - `n_estimators: 200`, `max_depth: None`, `max_features: log2`, `min_samples_leaf: 1`, `min_samples_split: 2` with a mean score of 0.841.
   - `n_estimators: 300`, `max_depth: None`, `max_features: log2`, `min_samples_leaf: 1`, `min_samples_split: 2` with a mean score of 0.833.

### Optimization Recommendation

Based on the hyper-parameter analysis, observed performance trends, and the given search space, here are the recommended hyper-parameters for the next 3 trials:

1. **Trial 1**:
   - `n_estimators: 300`
   - `max_depth: None`
   - `max_features: sqrt`
   - `min_samples_leaf: 1`
   - `min_samples_split: 2`

2. **Trial 2**:
   - `n_estimators: 200`
   - `max_depth: 20`
   - `max_features: log2`
   - `min_samples_leaf: 1`
   - `min_samples_split: 3`

3. **Trial 3**:
   - `n_estimators: 300`
   - `max_depth: 20`
   - `max_features: sqrt`
   - `min_samples_leaf: 2`
   - `min_samples_split: 3`

### Experiment Planning

```yaml
trials:
- params:
    max_depth: None
    max_features: sqrt
    min_samples_leaf: '1'
    min_samples_split: '2'
    n_estimators: '300'
  mean_score: 
- params:
    max_depth: '20'
    max_features: log2
    min_samples_leaf: '1'
    min_samples_split: '3'
    n_estimators: '200'
  mean_score: 
- params:
    max_depth: '20'
    max_features: sqrt
    min_samples_leaf: '2'
    min_samples_split: '3'
    n_estimators: '300'
  mean_score: 
```

### Stop Optimization

Answer: No with confidence score: 0.841

The current highest mean score is 0.841, which is not significantly high enough to stop optimization immediately. Further trials could potentially improve the model performance further.


boston_train_qwen2.5:72b2 - 2025-02-25 14:04:24, 0:3:32:06.573459 - ## Round 103
boston_train_qwen2.5:72b2 - 2025-02-25 14:04:24, 0:3:32:06.574353 - ## Failed 122
boston_train_qwen2.5:72b2 - 2025-02-25 14:04:24, 0:3:33:51.286210 - ### Analysis of Current Trials

1. **Summarize Performance Metrics**:
   - The highest mean score achieved is 0.841.
   - The lowest mean score achieved is 0.802.
   - Most trials have mean scores in the range of 0.827 to 0.833.

2. **Evaluate Performance Trends for Hyper-Parameters**:
   - `n_estimators`: Higher values (200 and 300) generally perform better than lower values (100).
   - `max_depth`: Trials with `None` tend to perform better than those with a fixed depth of 20.
   - `max_features`: Both `sqrt` and `log2` have shown good performance, but `log2` slightly outperforms `sqrt`.
   - `min_samples_split`: Values of 2 and 5 are more common in high-performing trials compared to 10.
   - `min_samples_leaf`: Values of 1 and 2 are more common in high-performing trials compared to 5.

3. **Highlight Promising Hyper-Parameter Combinations**:
   - `n_estimators: 300`, `max_depth: None`, `max_features: log2`, `min_samples_split: 2`, `min_samples_leaf: 1` (Mean score: 0.84)
   - `n_estimators: 200`, `max_depth: None`, `max_features: sqrt`, `min_samples_split: 2`, `min_samples_leaf: 1` (Mean score: 0.841)
   - `n_estimators: 300`, `max_depth: None`, `max_features: log2`, `min_samples_split: 5`, `min_samples_leaf: 1` (Mean score: 0.833)

### Optimization Recommendation

Based on the analysis, the following hyper-parameters are recommended for the next 3 trials to improve model performance:

1. **Trial 1**:
   - `n_estimators: 200`
   - `max_depth: None`
   - `max_features: log2`
   - `min_samples_split: 2`
   - `min_samples_leaf: 2`

2. **Trial 2**:
   - `n_estimators: 300`
   - `max_depth: 20`
   - `max_features: sqrt`
   - `min_samples_split: 5`
   - `min_samples_leaf: 1`

3. **Trial 3**:
   - `n_estimators: 300`
   - `max_depth: None`
   - `max_features: log2`
   - `min_samples_split: 10`
   - `min_samples_leaf: 1`

### Experiment Planning

```yaml
trials:
- params:
    max_depth: 'None'
    max_features: log2
    min_samples_leaf: '2'
    min_samples_split: '2'
    n_estimators: '200'
  mean_score: 0.841
- params:
    max_depth: '20'
    max_features: sqrt
    min_samples_leaf: '1'
    min_samples_split: '5'
    n_estimators: '300'
  mean_score: 0.833
- params:
    max_depth: 'None'
    max_features: log2
    min_samples_leaf: '1'
    min_samples_split: '10'
    n_estimators: '300'
  mean_score: 0.84
```

### Stop Optimization

Answer: No with confidence score: 0.95


