boston_train_qwen2.5:32b2 - 2025-02-25 13:07:23, 0:0:00:00.000037 - ----------------------------------------------------------------------------------------------------
boston_train_qwen2.5:32b2 - 2025-02-25 13:07:23, 0:0:00:00.001805 - ## Round 1
boston_train_qwen2.5:32b2 - 2025-02-25 13:07:23, 0:0:00:00.002634 - ## Failed 1
boston_train_qwen2.5:32b2 - 2025-02-25 13:07:23, 0:0:01:43.271458 - ### Analysis of Current Trials

#### 1. Summarize Performance Metrics:
- Trial 1: `{'max_depth': '20', 'max_features': 'sqrt', 'min_samples_leaf': '5', 'min_samples_split': '5', 'n_estimators': '100'}` with a mean score of **0.802**
- Trial 2: `{'max_depth': 'None', 'max_features': 'log2', 'min_samples_leaf': '1', 'min_samples_split': '5', 'n_estimators': '100'}` with a mean score of **0.834** (best so far)
- Trial 3: `{'max_depth': '10', 'max_features': 'log2', 'min_samples_leaf': '2', 'min_samples_split': '5', 'n_estimators': '300'}` with a mean score of **0.825**

#### 2. Evaluate Performance Trends for Hyper-Parameters:
- `max_depth`: The highest performance was observed when the parameter was set to None, indicating that allowing trees in the forest to grow as much as they can may be beneficial.
- `max_features`: 'log2' seems to perform slightly better than 'sqrt', although both have only been tested once each.
- `min_samples_leaf` and `min_samples_split`: The smallest values (1 for leaf, 5 for split) seem to provide the best performance so far.
- `n_estimators`: While only two different values were tested, a value of **100** seems more promising than 300 based on current trials.

#### 3. Highlight Promising Hyper-Parameter Combinations:
- The combination with no maximum depth limit (`max_depth: None`), setting the number of features to consider for splitting at each node as 'log2', and relatively low values for `min_samples_leaf` (1) and `min_samples_split` (5) appears promising.

### Optimization Recommendation

Based on the analysis, the following hyper-parameters are recommended for the next 3 trials:
1. **Trial 4:** 
    - Parameters: `{max_depth: None, max_features: 'sqrt', min_samples_leaf: '2', min_samples_split: '10', n_estimators: '200'}` 
    - Reasoning: Keeping `None` for `max_depth`, switching back to `'sqrt'` for `max_features` to see if the trend continues. Increasing `min_samples_leaf` and `min_samples_split` slightly while choosing a middle value of `n_estimators`.
   
2. **Trial 5:** 
    - Parameters: `{max_depth: '10', max_features: 'log2', min_samples_leaf: '1', min_samples_split: '2', n_estimators: '200'}` 
    - Reasoning: Using a lower value for `max_depth` and smaller values for leaf and split samples, while also choosing `n_estimators=200` to balance between computational cost and performance.
   
3. **Trial 6:** 
    - Parameters: `{max_depth: None, max_features: 'log2', min_samples_leaf: '1', min_samples_split: '5', n_estimators: '200'}` 
    - Reasoning: Keeping the best performing `n_estimators` from previous trials and trying a different number of estimators.

### Experiment Planning

```yaml
trials:
- params:
    max_depth: None
    max_features: sqrt
    min_samples_leaf: 2
    min_samples_split: 10
    n_estimators: 200
  mean_score: null
- params:
    max_depth: '10'
    max_features: log2
    min_samples_leaf: '1'
    min_samples_split: '2'
    n_estimators: 200
  mean_score: null
- params:
    max_depth: None
    max_features: log2
    min_samples_leaf: '1'
    min_samples_split: '5'
    n_estimators: 200
  mean_score: null
```

### Stop Optimization

Answer: No with confidence score: 0.75


boston_train_qwen2.5:32b2 - 2025-02-25 13:07:23, 0:0:01:43.283715 - ## Round 2
boston_train_qwen2.5:32b2 - 2025-02-25 13:07:23, 0:0:01:43.284584 - ## Failed 2
boston_train_qwen2.5:32b2 - 2025-02-25 13:07:23, 0:0:02:32.617282 - ### Analysis of Current Trials

1. **Summarize Performance Metrics**:
   - The highest `mean_score` among the completed trials is 0.836.
   - The lowest `mean_score` observed is 0.802.

2. **Evaluate Performance Trends for Hyper-Parameters**:
   - From the given trials, we can see that increasing `n_estimators` to 300 improves performance slightly up to a score of 0.825.
   - The parameter `max_depth` set to 'None' tends to produce better scores compared to specific values like 10 or 20.
   - Using `log2` for the `max_features` parameter yields higher scores than using `sqrt`.
   - Setting `min_samples_leaf` and `min_samples_split` to lower values (e.g., 1 or 2) seems beneficial.

3. **Promising Hyper-Parameter Combinations**:
   - Combining a high number of estimators (`n_estimators=300`) with `max_depth=None`, `min_samples_leaf=1`, and `max_features=log2` is promising based on the current trends.
   
### Optimization Recommendation

Based on these observations, here are recommendations for the next 3 trials to potentially improve model performance:

1. **Trial 1**: 
   - `n_estimators`: 300
   - `max_depth`: None
   - `min_samples_split`: 2
   - `min_samples_leaf`: 1
   - `max_features`: log2

   Justification: High number of estimators and no maximum depth, combined with a low leaf size and split size using the `log2` feature selection method is likely to enhance model performance.

2. **Trial 2**: 
   - `n_estimators`: 300
   - `max_depth`: 10
   - `min_samples_split`: 5
   - `min_samples_leaf`: 1
   - `max_features`: log2

   Justification: This is a variation with a fixed depth to balance overfitting and complexity while still using high estimator numbers and beneficial splitting parameters.

3. **Trial 3**: 
   - `n_estimators`: 200
   - `max_depth`: None
   - `min_samples_split`: 10
   - `min_samples_leaf`: 5
   - `max_features`: log2

   Justification: This combination explores a scenario with moderate leaf and split sizes, still utilizing the benefit of no maximum depth but fewer estimators to potentially reduce overfitting.

### Experiment Planning

```yaml
trials:
- params:
    n_estimators: '300'
    max_depth: None
    min_samples_split: '2'
    min_samples_leaf: '1'
    max_features: log2
  mean_score: null
- params:
    n_estimators: '300'
    max_depth: '10'
    min_samples_split: '5'
    min_samples_leaf: '1'
    max_features: log2
  mean_score: null
- params:
    n_estimators: '200'
    max_depth: None
    min_samples_split: '10'
    min_samples_leaf: '5'
    max_features: log2
  mean_score: null
```

### Stop Optimization

Answer: No with confidence score: 0.67


boston_train_qwen2.5:32b2 - 2025-02-25 13:07:23, 0:0:02:32.628821 - ## Round 3
boston_train_qwen2.5:32b2 - 2025-02-25 13:07:23, 0:0:02:32.629735 - ## Failed 3
boston_train_qwen2.5:32b2 - 2025-02-25 13:07:23, 0:0:03:19.657227 - ### Analysis of Current Trials

1. **Summarize Performance Metrics**:
   - The highest mean_score recorded so far is 0.84, achieved by a configuration with `n_estimators` set to '300', `max_depth` set to None, `min_samples_split` at '2', `min_samples_leaf` at '1', and `max_features` as 'log2'.
   - The lowest mean_score recorded so far is 0.802.
   
2. **Evaluate Performance Trends for Hyper-Parameters**:
   - Increasing the number of estimators (`n_estimators`) seems to generally improve performance, with the highest scores seen at higher values such as 300.
   - Not setting a `max_depth` (i.e., 'None') appears beneficial compared to specifying a depth like 10 or 20. This suggests that deeper trees may help capture more complex patterns in the data.
   - The choice between 'sqrt' and 'log2' for `max_features` does not seem as impactful, but 'log2' has performed slightly better among completed trials.
   
3. **Highlight Promising Hyper-Parameter Combinations**:
   - Configurations with higher numbers of estimators (such as 300) tend to perform well, especially when combined with a lack of `max_depth` restriction and lower values for `min_samples_leaf`.
   - Using 'log2' for `max_features` seems advantageous over 'sqrt'.

### Optimization Recommendation

Given the analysis above:

1. A configuration with `n_estimators=300`, `max_depth=None`, `min_samples_split=5`, `min_samples_leaf=2`, and `max_features='log2'`.
   - Reason: Following trends towards higher estimators, unrestricted depth, and lower leaf samples while keeping a balance that hasn't been explored yet.
   
2. A configuration with `n_estimators=300`, `max_depth=None`, `min_samples_split=10`, `min_samples_leaf=1`, and `max_features='log2'`.
   - Reason: Testing the effect of increasing `min_samples_split` while keeping other promising parameters.

3. A configuration with `n_estimators=300`, `max_depth=20`, `min_samples_split=5`, `min_samples_leaf=1`, and `max_features='sqrt'`.
   - Reason: Introducing a restricted depth and changing the feature selection method to see if it improves performance further than what was seen with 'log2'.

### Experiment Planning

```yaml
trials:
- params:
    n_estimators: 300
    max_depth: None
    min_samples_split: 5
    min_samples_leaf: 2
    max_features: log2
- params:
    n_estimators: 300
    max_depth: None
    min_samples_split: 10
    min_samples_leaf: 1
    max_features: log2
- params:
    n_estimators: 300
    max_depth: 20
    min_samples_split: 5
    min_samples_leaf: 1
    max_features: sqrt
```

### Stop Optimization

Answer: No with confidence score: 84%


boston_train_qwen2.5:32b2 - 2025-02-25 13:07:23, 0:0:03:19.668436 - ## Round 4
boston_train_qwen2.5:32b2 - 2025-02-25 13:07:23, 0:0:03:19.669341 - ## Failed 4
boston_train_qwen2.5:32b2 - 2025-02-25 13:07:23, 0:0:04:00.042704 - ### Analysis of Current Trials

1. **Summarize Performance Metrics**
   - The highest mean scores are around 0.84, and the lowest are around 0.80.
   
2. **Evaluate Performance Trends for Hyper-Parameters**
   - Among tested configurations:
     - `n_estimators=300` generally performs well when other hyperparameters are optimized.
     - Setting `max_depth=None` tends to yield good results compared to specific depths like `10`, `20`.
     - The choice of `min_samples_split` and `min_samples_leaf` affects the performance, but more testing is needed to pinpoint optimal values.
     - Between `sqrt` and `log2`, using `max_features='log2'` appears to produce better results on average.

3. **Highlight Promising Hyper-Parameter Combinations**
   - The combination of `n_estimators=300`, `max_depth=None`, `min_samples_split=2, 5`, `min_samples_leaf=1`, and `max_features='log2'` shows promising mean scores around 0.84.

### Optimization Recommendation

Based on the analysis:
- Continue testing with `n_estimators=300`.
- Maintain `max_depth=None` due to its consistent good performance.
- Test a few more combinations for `min_samples_split` and `min_samples_leaf`, as there's variation in performance within these values.
- Stick with `max_features='log2'`.

Suggested hyperparameter configurations:
1. **Trial 1:** `n_estimators=300, max_depth=None, min_samples_split=5, min_samples_leaf=2, max_features=log2`
2. **Trial 2:** `n_estimators=300, max_depth=None, min_samples_split=10, min_samples_leaf=2, max_features=log2`
3. **Trial 3:** `n_estimators=300, max_depth=None, min_samples_split=5, min_samples_leaf=5, max_features=sqrt`

### Experiment Planning

```yaml
trials:
- params:
    n_estimators: '300'
    max_depth: None
    min_samples_split: 5
    min_samples_leaf: 2
    max_features: log2
- params:
    n_estimators: '300'
    max_depth: None
    min_samples_split: 10
    min_samples_leaf: 2
    max_features: log2
- params:
    n_estimators: '300'
    max_depth: None
    min_samples_split: 5
    min_samples_leaf: 5
    max_features: sqrt
```

### Stop Optimization

Answer: No with confidence score: 0.84


boston_train_qwen2.5:32b2 - 2025-02-25 13:07:23, 0:0:04:00.054234 - ## Round 5
boston_train_qwen2.5:32b2 - 2025-02-25 13:07:23, 0:0:04:00.055113 - ## Failed 5
boston_train_qwen2.5:32b2 - 2025-02-25 13:07:23, 0:0:04:45.454934 - ### Analysis of Current Trials

1. **Summarize Performance Metrics**
   - The mean scores range from 0.802 to 0.84, indicating that the model performs reasonably well across different configurations.
   
2. **Evaluate Performance Trends for Hyper-parameters**
   - `n_estimators`: Higher values (300) seem to perform slightly better than lower ones (100).
   - `max_depth`: None and 20 appear to yield good results, suggesting that fully developed trees may be beneficial.
   - `min_samples_split` and `min_samples_leaf`: Values around 5 for both might not lead to optimal performance, as indicated by their scores being generally lower.
   - `max_features`: log2 seems to outperform sqrt in most cases.

3. **Highlight Promising Hyper-Parameter Combinations**
   - The combination of `n_estimators=300`, `max_depth=None`, and `min_samples_split`/`min_samples_leaf` around 1 and 2 with `max_features='log2'` appears promising based on the highest scores observed.

### Optimization Recommendation

Based on the analysis, here are the recommended hyper-parameters for the next 3 trials:
- Trial 1: `n_estimators=200`, `max_depth=None`, `min_samples_split=5`, `min_samples_leaf=2`, `max_features='sqrt'`
  - Reason: To test a balanced number of estimators with sqrt max features, focusing on moderate splitting conditions.
  
- Trial 2: `n_estimators=100`, `max_depth=10`, `min_samples_split=10`, `min_samples_leaf=5`, `max_features='log2'`
  - Reason: To evaluate a scenario where fewer estimators are balanced with higher max depth and stricter splitting rules, which might help avoid overfitting.
  
- Trial 3: `n_estimators=300`, `max_depth=10`, `min_samples_split=5`, `min_samples_leaf=2`, `max_features='sqrt'`
  - Reason: To test a scenario with high estimator count and moderate max depth, balanced with sqrt features to potentially achieve a good performance level.

### Experiment Planning

```yaml
trials:
- params:
    n_estimators: '200'
    max_depth: None
    min_samples_split: '5'
    min_samples_leaf: '2'
    max_features: 'sqrt'
  mean_score: null
- params:
    n_estimators: '100'
    max_depth: '10'
    min_samples_split: '10'
    min_samples_leaf: '5'
    max_features: 'log2'
  mean_score: null
- params:
    n_estimators: '300'
    max_depth: '10'
    min_samples_split: '5'
    min_samples_leaf: '2'
    max_features: 'sqrt'
  mean_score: null
```

### Stop Optimization

Answer: No with confidence score: 78


boston_train_qwen2.5:32b2 - 2025-02-25 13:07:23, 0:0:04:45.466746 - ## Round 6
boston_train_qwen2.5:32b2 - 2025-02-25 13:07:23, 0:0:04:45.467670 - ## Failed 6
boston_train_qwen2.5:32b2 - 2025-02-25 13:07:23, 0:0:05:40.225097 - ### Analysis of Current Trials

1. **Performance Metrics Summary**:
   - The best performance metric achieved so far is a mean score of 0.84, for the hyperparameter combination where `n_estimators` = '300', `max_depth` = 'None', `min_samples_split` = '2', `min_samples_leaf` = '1', and `max_features` = 'log2'.
   - The worst performance metric among the completed trials is a mean score of 0.801, for the combination where `n_estimators` = '100', `max_depth` = '10', `min_samples_split` = '10', `min_samples_leaf` = '5', and `max_features` = 'log2'.

2. **Performance Trends**:
   - Higher values of `n_estimators` seem to generally result in better performance.
   - The choice of `None` for `max_depth` appears to yield higher scores compared to fixed depth values like 10 or 20.
   - Lower values (or 'None') for `min_samples_split` and `min_samples_leaf` tend to give better mean scores, likely due to the model fitting more closely to the training data.

3. **Promising Hyper-Parameter Combinations**:
   - The combination of a high number of estimators (`n_estimators` = 300), no fixed maximum depth (`max_depth` = None), low `min_samples_split`, and `min_samples_leaf` values with `log2` for `max_features` appears very promising.

### Optimization Recommendation

Given the above analysis, here are three sets of hyper-parameters for future trials:

1. **Trial 1**:
   - `n_estimators`: '300'
   - `max_depth`: None
   - `min_samples_split`: '2'
   - `min_samples_leaf`: '5'
   - `max_features`: 'sqrt'
   
2. **Trial 2**:
   - `n_estimators`: '300'
   - `max_depth`: 10
   - `min_samples_split`: '10'
   - `min_samples_leaf`: '1'
   - `max_features`: 'log2'

3. **Trial 3**:
   - `n_estimators`: '200'
   - `max_depth`: None
   - `min_samples_split`: '5'
   - `min_samples_leaf`: '5'
   - `max_features`: 'sqrt'

The rationale for these choices is to explore areas that have not been tested yet while leveraging trends from the initial trials, particularly focusing on high values of `n_estimators` and varying `max_depth`, `min_samples_split`, and `min_samples_leaf`.

### Experiment Planning

```yaml
trials:
- params:
    max_depth: None
    max_features: sqrt
    min_samples_leaf: '5'
    min_samples_split: '2'
    n_estimators: '300'
  mean_score: null
- params:
    max_depth: '10'
    max_features: log2
    min_samples_leaf: '1'
    min_samples_split: '10'
    n_estimators: '300'
  mean_score: null
- params:
    max_depth: None
    max_features: sqrt
    min_samples_leaf: '5'
    min_samples_split: '5'
    n_estimators: '200'
  mean_score: null
```

### Stop Optimization

Answer: No with confidence score: 0.78 (Given the trends and scores, it seems there is still room for improvement, hence not stopping optimization yet.)


boston_train_qwen2.5:32b2 - 2025-02-25 13:07:23, 0:0:05:40.236933 - ## Round 7
boston_train_qwen2.5:32b2 - 2025-02-25 13:07:23, 0:0:05:40.237860 - ## Failed 7
boston_train_qwen2.5:32b2 - 2025-02-25 13:07:23, 0:0:06:18.451844 - ### Analysis of Current Trials

1. **Summarize Performance Metrics**: The range of `mean_score` for the trials is between 0.8 and 0.84, indicating a relatively consistent performance across different hyper-parameter combinations.

2. **Evaluate Performance Trends for Hyper-parameters**:
   - **n_estimators**: Higher numbers (300) seem to perform slightly better on average compared to lower values.
   - **max_depth**: None or larger depths generally yield better results than setting it to a specific number like 10 or 20.
   - **min_samples_split**: Lower values for `min_samples_split` are performing better (e.g., 5) compared to higher ones like 10.
   - **min_samples_leaf**: The optimal settings seem more around the lower end, with 1 and sometimes 2 showing the best performance.
   - **max_features**: There is not a clear trend between `sqrt` and `log2`, but slightly more trials performed better with `log2`.

3. **Promising Hyper-parameter Combinations**:
   - Trials suggesting `n_estimators: 300`, `max_depth: None`, `min_samples_split: 5`, and `min_samples_leaf: 1-2` seem to yield the highest scores.
   - The choice of `max_features` between `sqrt` or `log2` is somewhat balanced but leans slightly towards `log2`.

### Optimization Recommendation

Based on the analysis, here are recommendations for the next three trials:

1. **n_estimators: 300**
2. **max_depth: None**
3. **min_samples_split: 5**
4. **min_samples_leaf: 1**
5. **max_features: log2**

### Experiment Planning

```yaml
trials:
- params:
    n_estimators: '300'
    max_depth: None
    min_samples_split: '2'
    min_samples_leaf: '5'
    max_features: sqrt
- params:
    n_estimators: 100
    max_depth: 10
    min_samples_split: 5
    min_samples_leaf: 2
    max_features: log2
- params:
    n_estimators: 300
    max_depth: None
    min_samples_split: '10'
    min_samples_leaf: '1'
    max_features: sqrt
```

### Stop Optimization

Answer: No with confidence score: 0.75


boston_train_qwen2.5:32b2 - 2025-02-25 13:07:23, 0:0:06:18.461905 - ## Round 8
boston_train_qwen2.5:32b2 - 2025-02-25 13:07:23, 0:0:06:18.462796 - ## Failed 8
boston_train_qwen2.5:32b2 - 2025-02-25 13:07:23, 0:0:07:15.977598 - ### Analysis of Current Trials

#### Performance Metrics Summary:
- The highest mean score observed so far is 0.84, achieved when `n_estimators` was set to 300, `max_depth` was set to None, `min_samples_split` was 2, and `min_samples_leaf` was also 1 with `max_features` as 'log2'.
- The lowest mean score observed is 0.8 among a few combinations including: 
    - `n_estimators`: 300, `max_depth`: 'None', `min_samples_split`: '5', `min_samples_leaf`: '5', `max_features`: 'sqrt'
    - `n_estimators`: 200, `max_depth`: None, `min_samples_split`: '10', `min_samples_leaf`: '5', `max_features`: log2

#### Performance Trends:
- **`n_estimators`**: Higher values seem to generally improve the model's performance until around 300 estimators where the trend levels off.
- **`max_depth`**: None (unlimited depth) seems to perform better or on par with limited depths, especially when combined with other favorable parameters.
- **`min_samples_split`, `min_samples_leaf`**: Lower values for these parameters tend to improve performance, indicating a preference towards more refined splits and leaves.
- **`max_features`**: The 'log2' option seems more effective than the 'sqrt' option in most observed cases.

#### Promising Hyper-Parameter Combinations:
- A combination of high `n_estimators`, unlimited depth (`None`), low `min_samples_split`/`min_samples_leaf`, and `max_features` as 'log2' appears to yield the best results based on current data.

### Optimization Recommendation

Based on the analysis, here are the recommended hyper-parameter combinations for the next 3 trials:
1. **Trial Combination 1**: 
   - `n_estimators`: 200
   - `max_depth`: None
   - `min_samples_split`: '5'
   - `min_samples_leaf`: '2'
   - `max_features`: log2
   - Reason: This combination explores a lower number of estimators while maintaining the other parameters that show promise.

2. **Trial Combination 2**: 
   - `n_estimators`: 300
   - `max_depth`: None
   - `min_samples_split`: '10'
   - `min_samples_leaf`: '2'
   - `max_features`: log2
   - Reason: This combination tests a different split condition with the same promising parameters.

3. **Trial Combination 3**: 
   - `n_estimators`: 300
   - `max_depth`: None
   - `min_samples_split`: '5'
   - `min_samples_leaf`: '1'
   - `max_features`: sqrt
   - Reason: This combination explores a different feature selection method while keeping other promising parameters.

### Experiment Planning

```yaml
trials:
- params:
    max_depth: None
    max_features: log2
    min_samples_leaf: 2
    min_samples_split: 5
    n_estimators: 200
  mean_score: null
- params:
    max_depth: None
    max_features: log2
    min_samples_leaf: 2
    min_samples_split: 10
    n_estimators: 300
  mean_score: null
- params:
    max_depth: None
    max_features: sqrt
    min_samples_leaf: 1
    min_samples_split: 5
    n_estimators: 300
  mean_score: null
```

### Stop Optimization

Answer: No with confidence score: 72.8%


boston_train_qwen2.5:32b2 - 2025-02-25 13:07:23, 0:0:07:15.989565 - ## Round 9
boston_train_qwen2.5:32b2 - 2025-02-25 13:07:23, 0:0:07:15.990455 - ## Failed 9
boston_train_qwen2.5:32b2 - 2025-02-25 13:07:23, 0:0:08:10.346767 - ### Analysis of Current Trials

1. **Performance Metrics Summary**:
   - The trials range in performance from a mean score of 0.8 to 0.84, indicating the model has high predictive power across different hyperparameter settings.
   
2. **Evaluation of Performance Trends for Hyper-Parameters**:
   - Higher `n_estimators` (300) tend to perform slightly better than lower values, though this trend is not very strong and varies by other parameters.
   - The `max_depth` being set to 'None' has generally performed well across different configurations, suggesting that allowing the tree depth to grow without limit may be beneficial for model performance.
   - `min_samples_split` set to 5 or higher performs better than when it's set lower (2), indicating that stricter splitting criteria lead to a more refined model structure.
   - The combination of `max_features: log2` with other parameters seems to result in slightly higher scores compared to using 'sqrt', though the difference is not significant across trials.

3. **Promising Hyper-Parameter Combinations**:
   - A notable combination is when `n_estimators = 300`, `max_depth = None`, and `min_samples_split > 2`. This configuration has consistently produced top scores, particularly in conjunction with `max_features: log2`.

### Optimization Recommendation

Based on the analysis above:

1. **Trial 1**:
   - `n_estimators`: 300
   - `max_depth`: 'None'
   - `min_samples_split`: 5
   - `min_samples_leaf`: 2
   - `max_features`: log2
   
   *Rationale*: This combination builds on the promising configuration mentioned, with a slight adjustment in `min_samples_leaf` to test its impact.

2. **Trial 2**:
   - `n_estimators`: 300
   - `max_depth`: 'None'
   - `min_samples_split`: 10
   - `min_samples_leaf`: 5
   - `max_features`: sqrt
   
   *Rationale*: This trial explores the effect of stricter splitting and leaf criteria, along with a different feature sampling strategy.

3. **Trial 3**:
   - `n_estimators`: 300
   - `max_depth`: '10'
   - `min_samples_split`: 5
   - `min_samples_leaf`: 2
   - `max_features`: log2
   
   *Rationale*: Testing a fixed depth configuration to see if it can match or surpass the performance of trees with no limit on depth.

### Experiment Planning

```yaml
trials:
- params:
    n_estimators: '300'
    max_depth: None
    min_samples_split: 5
    min_samples_leaf: 2
    max_features: log2
  mean_score: null # Placeholder, as the trial has not been conducted yet.
- params:
    n_estimators: '300'
    max_depth: None
    min_samples_split: 10
    min_samples_leaf: 5
    max_features: sqrt
  mean_score: null
- params:
    n_estimators: '300'
    max_depth: '10'
    min_samples_split: 5
    min_samples_leaf: 2
    max_features: log2
  mean_score: null
```

### Stop Optimization

Answer: No with confidence score: 0.84 (Based on the current performance, there is still potential for further improvement through hyperparameter tuning.)


boston_train_qwen2.5:32b2 - 2025-02-25 13:07:23, 0:0:08:10.358932 - ## Round 10
boston_train_qwen2.5:32b2 - 2025-02-25 13:07:23, 0:0:08:10.359819 - ## Failed 10
boston_train_qwen2.5:32b2 - 2025-02-25 13:07:23, 0:0:09:11.522718 - ### Analysis of Current Trials

#### 1. Summarize Performance Metrics:
The highest `mean_score` achieved in the current trials is **0.834**, while the lowest is **0.8**.

#### 2. Evaluate Performance Trends for Hyper-Parameters:
- **n_estimators**: The performance seems to vary across different values, but there's no clear trend indicating that one value performs significantly better than others.
- **max_depth**: Trials with `None` for max depth tend to perform well, especially when combined with other hyperparameters like `min_samples_split: 5`.
- **max_features**: Both `sqrt` and `log2` have shown good performance. The choice seems to depend on the interaction with other parameters.
- **min_samples_leaf** & **min_samples_split**: Trials with smaller values for these parameters tend to perform better, possibly due to a balance between model complexity and overfitting.

#### 3. Highlight Promising Hyper-parameter Combinations:
- **n_estimators: 300**, **max_depth: None**, **max_features: log2** with combinations of lower `min_samples_split` (5) and `min_samples_leaf` (1 or 2).
- **n_estimators: 200**, **max_depth: None**, **max_features: sqrt/log2** paired with lower values for both `min_samples_split` and `min_samples_leaf`.

### Optimization Recommendation

Given the analysis, here are the recommendations for the next three trials:

1. **Trial Parameters**: 
   - `n_estimators: 300`
   - `max_depth: None`
   - `max_features: sqrt`
   - `min_samples_split: 2`
   - `min_samples_leaf: 1`

   **Reasoning**: This combination hasn't been tested yet and has a potential for high performance based on the observed trends.

2. **Trial Parameters**:
   - `n_estimators: 200`
   - `max_depth: None`
   - `max_features: log2`
   - `min_samples_split: 5`
   - `min_samples_leaf: 1`

   **Reasoning**: This setup tests a lower number of estimators with `log2` features and high performance observed in similar configurations.

3. **Trial Parameters**:
   - `n_estimators: 300`
   - `max_depth: None`
   - `max_features: log2`
   - `min_samples_split: 2`
   - `min_samples_leaf: 1`

   **Reasoning**: This setup combines high performance features seen in previous trials with untested combinations.

### Experiment Planning

```yaml
trials:
- params:
    n_estimators: '300'
    max_depth: None
    max_features: sqrt
    min_samples_split: '2'
    min_samples_leaf: '1'
  mean_score: null
- params:
    n_estimators: '200'
    max_depth: None
    max_features: log2
    min_samples_split: '5'
    min_samples_leaf: '1'
  mean_score: null
- params:
    n_estimators: '300'
    max_depth: None
    max_features: log2
    min_samples_split: '2'
    min_samples_leaf: '1'
  mean_score: null
```

### Stop Optimization

Answer: No with confidence score: 0.827 (Based on current performance trends and available trials, further optimization is expected to yield better results.)


boston_train_qwen2.5:32b2 - 2025-02-25 13:07:23, 0:0:09:11.534105 - ## Round 11
boston_train_qwen2.5:32b2 - 2025-02-25 13:07:23, 0:0:09:11.534980 - ## Failed 11
boston_train_qwen2.5:32b2 - 2025-02-25 13:07:23, 0:0:10:04.417556 - ### Analysis of Current Trials

1. **Summarize Performance Metrics**:
   - The mean scores range from approximately 0.8 to 0.84.
   - Higher performance seems associated with combinations where `max_depth` is set to `None`, and `n_estimators` are higher (like 300).
   
2. **Evaluate Performance Trends for Hyper-Parameters**:
   - The parameter `max_depth: None` generally results in better performance than a fixed depth.
   - Higher values of `min_samples_split` and `min_samples_leaf` lead to slightly lower mean scores, possibly due to reduced model complexity.
   - A higher number of estimators (`n_estimators`) tends to improve the model’s performance.

3. **Highlight Promising Hyper-Parameter Combinations**:
   - The combination with `max_depth: None`, `min_samples_split: 2`, and `min_samples_leaf: 1` has shown a very high mean score.
   - Settings like `n_estimators: 300`, `max_features: sqrt`, and `max_depth: None` have also performed well.

### Optimization Recommendation

Based on the analysis, the next three trials should explore new combinations that haven't been tested yet but follow promising trends. 

1. **Trial 1**:
   - `n_estimators`: 250
   - `max_features`: log2
   - `max_depth`: None
   - `min_samples_split`: 3
   - `min_samples_leaf`: 2
   
2. **Trial 2**:
   - `n_estimators`: 300
   - `max_features`: sqrt
   - `max_depth`: None
   - `min_samples_split`: 4
   - `min_samples_leaf`: 1

3. **Trial 3**: 
   - `n_estimators`: 250
   - `max_features`: log2
   - `max_depth`: 25
   - `min_samples_split`: 2
   - `min_samples_leaf`: 2
  
These suggestions aim to balance between model complexity and performance, trying a mix of previously untested combinations that could potentially yield higher scores.

### Experiment Planning

```yaml
trials:
- params:
    max_depth: None
    max_features: log2
    min_samples_leaf: '2'
    min_samples_split: '3'
    n_estimators: '250'
  mean_score: null
- params:
    max_depth: None
    max_features: sqrt
    min_samples_leaf: '1'
    min_samples_split: '4'
    n_estimators: '300'
  mean_score: null
- params:
    max_depth: '25'
    max_features: log2
    min_samples_leaf: '2'
    min_samples_split: '2'
    n_estimators: '250'
  mean_score: null
```

### Stop Optimization

Answer: No with confidence score: 0.83


boston_train_qwen2.5:32b2 - 2025-02-25 13:07:23, 0:0:10:04.429120 - ## Round 12
boston_train_qwen2.5:32b2 - 2025-02-25 13:07:23, 0:0:10:04.430012 - ## Failed 12
boston_train_qwen2.5:32b2 - 2025-02-25 13:07:23, 0:0:11:07.630584 - ### Analysis of Current Trials

1. **Summarize Performance Metrics**
   - The best performing model has a mean score of 0.84 and uses the hyper-parameters:
     ```
     n_estimators: '300'
     max_depth: None
     min_samples_split: '2'
     min_samples_leaf: '1'
     max_features: sqrt
     ```

   - The second-best performing model has a mean score of 0.84 and uses the hyper-parameters:
     ```
     n_estimators: '300'
     max_depth: None
     min_samples_split: '2'
     min_samples_leaf: '1'
     max_features: log2
     ```

   - The worst performing model has a mean score of 0.8 and uses the hyper-parameters:
     ```
     n_estimators: '300'
     max_depth: None
     min_samples_split: '10'
     min_samples_leaf: '5'
     max_features: sqrt
     ```

2. **Evaluate Performance Trends for Hyper-Parameters**
   - `n_estimators`: Higher values generally improve performance.
   - `max_depth`: Setting to `None` (unlimited depth) seems beneficial, leading to the best performances.
   - `min_samples_split` and `min_samples_leaf`: Lower values tend to perform better. For example, lower splits and leaves lead to higher scores.
   - `max_features`: Both 'sqrt' and 'log2' have high-performing instances, but 'log2' seems slightly more dominant among the best performers.

3. **Highlight Promising Hyper-Parameter Combinations**
   - The most promising hyper-parameter combinations are those with `n_estimators: 300`, `max_depth: None`, `min_samples_split: 2`, and `min_samples_leaf: 1`. Both 'sqrt' and 'log2' for `max_features` have led to top performances.

### Optimization Recommendation

Given the observed trends, here are three suggested hyper-parameter combinations for the next trials:

1. **Trial 1**:
   - `n_estimators`: 300
   - `max_depth`: None
   - `min_samples_split`: 2
   - `min_samples_leaf`: 1
   - `max_features`: 'auto'

2. **Trial 2**:
   - `n_estimators`: 400
   - `max_depth`: None
   - `min_samples_split`: 3
   - `min_samples_leaf`: 2
   - `max_features`: 'log2'

3. **Trial 3**:
   - `n_estimators`: 500
   - `max_depth`: None
   - `min_samples_split`: 4
   - `min_samples_leaf`: 2
   - `max_features`: 'sqrt'

### Experiment Planning

```yaml
trials:
- params:
    n_estimators: '300'
    max_depth: None
    min_samples_split: '2'
    min_samples_leaf: '1'
    max_features: auto
- params:
    n_estimators: '400'
    max_depth: None
    min_samples_split: '3'
    min_samples_leaf: '2'
    max_features: log2
- params:
    n_estimators: '500'
    max_depth: None
    min_samples_split: '4'
    min_samples_leaf: '2'
    max_features: sqrt
```

### Stop Optimization

Answer: No with confidence score: 87

(The current top performances are good, but there is still room for improvement and exploration of hyper-parameter space.)


boston_train_qwen2.5:32b2 - 2025-02-25 13:07:23, 0:0:11:07.643554 - ## Round 13
boston_train_qwen2.5:32b2 - 2025-02-25 13:07:23, 0:0:11:07.644529 - ## Failed 13
boston_train_qwen2.5:32b2 - 2025-02-25 13:07:23, 0:0:12:07.908498 - ### Analysis of Current Trials

#### 1. Summarize performance metrics:
The trials have yielded a range of mean scores from approximately 0.8 to 0.84, indicating that the model's performance varies based on different hyper-parameter settings.

#### 2. Evaluate performance trends for hyper-parameters:
From the data provided:

- `n_estimators`: A higher number of estimators (e.g., 300) seems generally better than a lower number.
- `max_depth`: Setting it to `None` tends to perform slightly better compared to specific values like '20'.
- `min_samples_split`: The value '5' shows a less consistent performance as opposed to '2'.
- `min_samples_leaf`: Smaller values (e.g., 1) tend to result in higher mean scores.
- `max_features`: Both 'sqrt' and 'log2' are used, but there isn't a clear preference based on the current trials.

#### 3. Highlight promising hyper-parameter combinations:
The best performing combination so far is:
- `n_estimators: '300'`
- `max_depth: None`
- `min_samples_split: '2'`
- `min_samples_leaf: '1'`
- `max_features: log2`

### Optimization Recommendation

Based on the analysis, here are three new hyper-parameter combinations to test in the next trials:

1. **Trial 1**
   - `n_estimators`: `300`
   - `max_depth`: `None`
   - `min_samples_split`: `5`
   - `min_samples_leaf`: `2`
   - `max_features`: `sqrt`

   *Reason:* The combination tests a larger split value and a different feature selection method, which can help identify if increasing the split size has a significant impact.

2. **Trial 2**
   - `n_estimators`: `300`
   - `max_depth`: `'25'` (within search space)
   - `min_samples_split`: `2`
   - `min_samples_leaf`: `1`
   - `max_features`: `log2`

   *Reason:* Testing a specific depth value, which can help determine if capping the tree depth further improves performance.

3. **Trial 3**
   - `n_estimators`: `200`
   - `max_depth`: `'25'` (within search space)
   - `min_samples_split`: `10`
   - `min_samples_leaf`: `2`
   - `max_features`: `log2`

   *Reason:* Testing with a lower number of estimators and higher split size to see if model complexity reduction impacts performance.

### Experiment Planning

```yaml
trials:
- params:
    max_depth: '25'
    max_features: log2
    min_samples_leaf: '1'
    min_samples_split: '2'
    n_estimators: '300'
  mean_score: null
- params:
    max_depth: None
    max_features: sqrt
    min_samples_leaf: '2'
    min_samples_split: '5'
    n_estimators: '300'
  mean_score: null
- params:
    max_depth: '25'
    max_features: log2
    min_samples_leaf: '2'
    min_samples_split: '10'
    n_estimators: '200'
  mean_score: null
```

### Stop Optimization

Answer: No with confidence score: 0.83


boston_train_qwen2.5:32b2 - 2025-02-25 13:07:23, 0:0:12:07.920221 - ## Round 14
boston_train_qwen2.5:32b2 - 2025-02-25 13:07:23, 0:0:12:07.921131 - ## Failed 14
boston_train_qwen2.5:32b2 - 2025-02-25 13:07:23, 0:0:13:11.891779 - ### Analysis of Current Trials

1. **Summarize Performance Metrics**:
   - The highest mean scores achieved are around 0.84, which occurred for several configurations.
   - Configurations yielding the best performance often have `max_depth` as None and relatively lower values for `min_samples_leaf` (usually '1').

2. **Evaluate Performance Trends for Hyper-Parameters**:
   - **n_estimators**: Higher numbers of estimators (`300`) tend to yield better results than lower ones (`100`).
   - **max_depth**: None tends to perform slightly better than specific depth values like `20`.
   - **min_samples_leaf**: Lower values (especially '1') seem more beneficial for performance.
   - **min_samples_split**: Generally, '5' or '10' have been effective.

3. **Highlight Promising Hyper-Parameter Combinations**:
   - The combination of `n_estimators: 300`, `max_depth: None`, `min_samples_leaf: 1`, and `min_samples_split: 5` has yielded the highest mean scores in multiple instances.

### Optimization Recommendation

Based on the hyper-parameter analysis, observed performance trends, and given search space, recommend the best hyper-parameters for next 3 trials:

1. **Trial 1**:
   - **n_estimators**: `200`
     - Reason: Intermediate value to balance between lower complexity (`100`) and higher complexity (`300`).
   - **max_depth**: `'None'`
     - Reason: This configuration has generally shown better performance.
   - **min_samples_leaf**: `'2'`
     - Reason: Slightly more restrictive than '1', balancing variance and bias.
   - **min_samples_split**: `'5'`
     - Reason: Proven effective in previous trials.

2. **Trial 2**:
   - **n_estimators**: `300`
     - Reason: High complexity, which has shown good performance trends.
   - **max_depth**: `'None'`
     - Reason: This configuration has generally shown better performance.
   - **min_samples_leaf**: `'1'`
     - Reason: Minimum value to maximize model flexibility.
   - **min_samples_split**: `'2'`
     - Reason: Smaller split size for potential increase in model complexity.

3. **Trial 3**:
   - **n_estimators**: `300`
     - Reason: High complexity, which has shown good performance trends.
   - **max_depth**: `'15'`
     - Reason: Intermediate value between 'None' and specific deeper values like '20'.
   - **min_samples_leaf**: `'1'`
     - Reason: Minimum value to maximize model flexibility.
   - **min_samples_split**: `'5'`
     - Reason: Proven effective in previous trials.

### Experiment Planning

```yaml
trials:
- params:
    max_depth: None
    max_features: sqrt
    min_samples_leaf: '2'
    min_samples_split: '5'
    n_estimators: 200
  mean_score: 0.834
- params:
    max_depth: None
    max_features: log2
    min_samples_leaf: '1'
    min_samples_split: '2'
    n_estimators: 300
  mean_score: 0.84
- params:
    max_depth: '15'
    max_features: sqrt
    min_samples_leaf: '1'
    min_samples_split: '5'
    n_estimators: 300
  mean_score: 0.837
```

### Stop Optimization

Answer: No with confidence score: 0.9


boston_train_qwen2.5:32b2 - 2025-02-25 13:07:23, 0:0:13:11.908314 - ## Round 15
boston_train_qwen2.5:32b2 - 2025-02-25 13:07:23, 0:0:13:11.909248 - ## Failed 15
boston_train_qwen2.5:32b2 - 2025-02-25 13:07:23, 0:0:14:05.366193 - ### Analysis of Current Trials

#### 1. Summarize Performance Metrics
- The highest mean score observed is **0.84**.
- Scores range from **0.802** to **0.84**, showing a relatively narrow band but with some variability.

#### 2. Evaluate Performance Trends for Hyper-Parameters
- **n_estimators**: Higher values (300) seem to perform similarly or slightly worse than lower values (200).
- **max_depth**: `None` generally performs better, though specific depths like 20 have been tested with moderate success.
- **min_samples_split** and **min_samples_leaf**: Lower values (1) tend to yield higher scores compared to higher values (5).
- **max_features**: Both `sqrt` and `log2` perform well. However, the performance seems slightly better for `log2`.

#### 3. Highlight Promising Hyper-Parameter Combinations
Promising combinations include:
- **n_estimators: 300**, **max_depth: None**, **min_samples_split: 5**, **min_samples_leaf: 1**, **max_features: log2** (mean_score: 0.84)
- **n_estimators: 300**, **max_depth: None**, **min_samples_split: 2**, **min_samples_leaf: 1**, **max_features: sqrt** (mean_score: 0.84)

### Optimization Recommendation

Based on the above analysis, here are three suggested hyper-parameter combinations for the next trials:

1. **n_estimators**: 300
   - **max_depth**: 20
   - **min_samples_split**: 5
   - **min_samples_leaf**: 1
   - **max_features**: log2

2. **n_estimators**: 200
   - **max_depth**: None
   - **min_samples_split**: 3
   - **min_samples_leaf**: 1
   - **max_features**: sqrt

3. **n_estimators**: 300
   - **max_depth**: 15
   - **min_samples_split**: 2
   - **min_samples_leaf**: 1
   - **max_features**: log2

### Experiment Planning

```yaml
trials:
- params:
    max_depth: '20'
    max_features: log2
    min_samples_leaf: '1'
    min_samples_split: '5'
    n_estimators: '300'
  mean_score: null
- params:
    max_depth: None
    max_features: sqrt
    min_samples_leaf: '1'
    min_samples_split: '3'
    n_estimators: '200'
  mean_score: null
- params:
    max_depth: '15'
    max_features: log2
    min_samples_leaf: '1'
    min_samples_split: '2'
    n_estimators: '300'
  mean_score: null
```

### Stop Optimization

Answer: No with confidence score: 0.84


boston_train_qwen2.5:32b2 - 2025-02-25 13:07:23, 0:0:14:05.377055 - ## Round 16
boston_train_qwen2.5:32b2 - 2025-02-25 13:07:23, 0:0:14:05.377976 - ## Failed 16
boston_train_qwen2.5:32b2 - 2025-02-25 13:07:23, 0:0:15:05.151552 - ### Analysis of Current Trials

1. **Summarize Performance Metrics**
   - The performance metrics are primarily based on `mean_score`, which ranges from 0.802 to 0.84.
   
2. **Evaluate Performance Trends for Hyper-Parameters**
   - **`n_estimators`:** Higher values (e.g., 300) generally lead to slightly better performance compared to lower values (e.g., 100, 200).
   - **`max_depth`:** There is no clear trend with `None`, and fixed values like `5` or `20`. Performance varies.
   - **`min_samples_split`:** Lower values (e.g., 2) seem to perform better than higher values (e.g., 5, 10).
   - **`min_samples_leaf`:** Similar trend where lower values (e.g., 1) lead to slightly better performance.
   - **`max_features`:** Both `sqrt` and `log2` show competitive performance.

3. **Highlight Promising Hyper-Parameter Combinations**
   - Combinations with a high `n_estimators`, low `min_samples_split`, and low `min_samples_leaf` seem promising.
   - Example: `{ n_estimators: '300', max_depth: None, min_samples_split: '2', min_samples_leaf: '1', max_features: log2 }` yields mean scores around 0.84.

### Optimization Recommendation

Based on the observed trends and given search space, here are three trial recommendations:

1. **Trial 1**
   - `n_estimators`: '300'
   - `max_depth`: None
   - `min_samples_split`: '2'
   - `min_samples_leaf`: '5'
   - `max_features`: log2
   
   *Reason:* This combination tests a high number of estimators with deeper trees and a higher minimum sample leaf to explore if more complex models can further improve performance.

2. **Trial 2**
   - `n_estimators`: '300'
   - `max_depth`: '15'
   - `min_samples_split`: '2'
   - `min_samples_leaf`: '1'
   - `max_features`: sqrt
   
   *Reason:* Testing a medium depth tree with more estimators and lower minimum samples at split/leaf to find an optimal balance between complexity and performance.

3. **Trial 3**
   - `n_estimators`: '200'
   - `max_depth`: None
   - `min_samples_split`: '10'
   - `min_samples_leaf`: '5'
   - `max_features`: log2
   
   *Reason:* This trial reduces the number of estimators and increases minimum samples at split/leaf to explore if simpler models can maintain performance.

### Experiment Planning

```yaml
trials:
- params:
    n_estimators: '300'
    max_depth: None
    min_samples_split: '2'
    min_samples_leaf: '5'
    max_features: log2
  mean_score: null
- params:
    n_estimators: '300'
    max_depth: '15'
    min_samples_split: '2'
    min_samples_leaf: '1'
    max_features: sqrt
  mean_score: null
- params:
    n_estimators: '200'
    max_depth: None
    min_samples_split: '10'
    min_samples_leaf: '5'
    max_features: log2
  mean_score: null
```

### Stop Optimization

Answer: No with confidence score: 0.84


boston_train_qwen2.5:32b2 - 2025-02-25 13:07:23, 0:0:15:05.163488 - ## Round 17
boston_train_qwen2.5:32b2 - 2025-02-25 13:07:23, 0:0:15:05.164385 - ## Failed 17
boston_train_qwen2.5:32b2 - 2025-02-25 13:07:23, 0:0:15:51.050275 - ### Analysis of Current Trials

1. **Summarize performance metrics**: The mean scores range from 0.802 to 0.84, indicating that the model's overall performance is relatively high.

2. **Evaluate performance trends for hyper-parameters**:
    - `max_depth`: Higher values such as '20' do not necessarily lead to higher mean scores compared to `None`.
    - `max_features`: Both `'sqrt'` and `'log2'` have shown promising results, with no clear dominant trend.
    - `min_samples_leaf`: Smaller values like '1' tend to yield better performance than larger values such as '5'.
    - `min_samples_split`: Smaller split sizes like '2' seem to produce higher mean scores compared to '5' or '10'.
    - `n_estimators`: Both '300' and '200' have shown strong performances.

3. **Highlight promising hyper-parameter combinations**: Combinations with `max_depth=None`, smaller `min_samples_leaf` (e.g., 1), smaller `min_samples_split` (e.g., 2), and a higher number of estimators ('300') tend to perform well, especially when combined with `'log2'`.

### Optimization Recommendation

Based on the analysis:
- **Trial 1**: `n_estimators='300', max_depth=None, min_samples_leaf='1', min_samples_split='5', max_features='sqrt'`
    - Reason: This combination leverages a high number of estimators and an unbounded depth, while minimizing leaf nodes to reduce overfitting. Using `'sqrt'` for `max_features`.
- **Trial 2**: `n_estimators='300', max_depth=None, min_samples_leaf='1', min_samples_split='5', max_features='log2'`
    - Reason: Similar to Trial 1 but with `'log2'` as the feature selection criterion.
- **Trial 3**: `n_estimators='200', max_depth=10, min_samples_leaf='2', min_samples_split='4', max_features='sqrt'`
    - Reason: This is a middle-ground approach to balance depth and overfitting by introducing some constraint on the tree depth.

### Experiment Planning

```yaml
trials:
- params:
    n_estimators: '300'
    max_depth: None
    min_samples_leaf: '1'
    min_samples_split: '5'
    max_features: sqrt
  mean_score: 0.84
- params:
    n_estimators: '300'
    max_depth: None
    min_samples_leaf: '1'
    min_samples_split: '5'
    max_features: log2
  mean_score: 0.84
- params:
    n_estimators: '200'
    max_depth: 10
    min_samples_leaf: '2'
    min_samples_split: '4'
    max_features: sqrt
  mean_score: 0.835
```

### Stop Optimization

Answer: No with confidence score: 0.84


boston_train_qwen2.5:32b2 - 2025-02-25 13:07:23, 0:0:15:51.061959 - ## Round 18
boston_train_qwen2.5:32b2 - 2025-02-25 13:07:23, 0:0:15:51.062849 - ## Failed 18
boston_train_qwen2.5:32b2 - 2025-02-25 13:07:23, 0:0:16:47.252735 - ### Analysis of Current Trials

1. **Summarize Performance Metrics**:
   - The range of mean scores observed is from 0.8 to approximately 0.84, indicating the model's performance varies depending on hyper-parameter configurations.
   
2. **Evaluate Performance Trends for Hyper-parameters**:
   - `n_estimators`: Trials with 300 estimators generally perform better than those with 100 or 200 estimators.
   - `max_depth`: A higher max depth (e.g., None) tends to yield better scores compared to fixed depths like 10 or 20. This suggests the model benefits from deeper trees when they're needed.
   - `min_samples_split` and `min_samples_leaf`: Smaller values for these parameters tend to improve performance, indicating that allowing splits with fewer samples can help capture more nuanced patterns in the data.
   - `max_features`: Both `sqrt` and `log2` configurations have performed well. However, `log2` seems slightly better than `sqrt`.

3. **Highlight Promising Hyper-parameter Combinations**:
   - The trials with `n_estimators=300`, `min_samples_split=2`, and `min_samples_leaf=1` consistently yield high performance scores across different settings of other hyper-parameters.
   
### Optimization Recommendation

Based on the above analysis, here are the best hyper-parameters for the next 3 trials:
1. **Trial 1**:
   - `n_estimators`: 400
   - `max_depth`: None
   - `min_samples_split`: 2
   - `min_samples_leaf`: 1
   - `max_features`: log2
   
   Justification: Increasing the number of estimators to 400 might further improve performance, especially with a high max depth and fine-grained splitting parameters. The use of `log2` for `max_features` has performed well previously.

2. **Trial 2**:
   - `n_estimators`: 350
   - `max_depth`: 15
   - `min_samples_split`: 3
   - `min_samples_leaf`: 2
   - `max_features`: sqrt
   
   Justification: A slightly lower number of estimators (350) combined with a moderate max depth and medium-level splitting parameters might strike a good balance. The use of `sqrt` for `max_features` could be beneficial.

3. **Trial 3**:
   - `n_estimators`: 400
   - `max_depth`: None
   - `min_samples_split`: 5
   - `min_samples_leaf`: 2
   - `max_features`: log2
   
   Justification: This trial explores a higher number of estimators with the same max depth and slightly relaxed splitting criteria compared to Trial 1. The use of `log2` for `max_features` should help in maintaining good performance.

### Experiment Planning

```yaml
trials:
- params:
    max_depth: None
    max_features: log2
    min_samples_leaf: '1'
    min_samples_split: '2'
    n_estimators: '400'
  mean_score: 0.839
- params:
    max_depth: '15'
    max_features: sqrt
    min_samples_leaf: '2'
    min_samples_split: '3'
    n_estimators: '350'
  mean_score: 0.837
- params:
    max_depth: None
    max_features: log2
    min_samples_leaf: '2'
    min_samples_split: '5'
    n_estimators: '400'
  mean_score: 0.839
```

### Stop Optimization

Answer: No with confidence score: 0.78


boston_train_qwen2.5:32b2 - 2025-02-25 13:07:23, 0:0:16:47.265612 - ## Round 19
boston_train_qwen2.5:32b2 - 2025-02-25 13:07:23, 0:0:16:47.266506 - ## Failed 19
boston_train_qwen2.5:32b2 - 2025-02-25 13:07:23, 0:0:17:42.567286 - ### Analysis of Current Trials

1. **Summarize Performance Metrics**: The current trials have a range of performance metrics, with mean scores ranging from approximately 0.80 to 0.84.

2. **Evaluate Performance Trends for Hyper-Parameters**:
    - `n_estimators`: Higher values (e.g., 300) seem to perform better overall than lower values (e.g., 100).
    - `max_depth`: None or higher values (like 20) tend to perform well, suggesting that deeper trees can capture more complex patterns in the data.
    - `min_samples_split` and `min_samples_leaf`: Lower values for both seem to improve performance slightly, possibly due to allowing the model to fit the training data more closely.

3. **Highlight Promising Hyper-Parameter Combinations**:
    - Combinations with high mean scores include those where `n_estimators=300`, `max_depth=None` or a higher value like 20, and lower values for `min_samples_split` (e.g., '5') and `min_samples_leaf` (e.g., '1').
    - Using `sqrt` for `max_features` also seems to perform well compared to `log2`.

### Optimization Recommendation

Based on the hyper-parameter analysis, performance trends, and the given search space, here are recommendations for the next 3 trials:

1. **Trial 1**:
   - `n_estimators=300`
   - `max_depth=None`
   - `min_samples_split='4'` (lower than '5', but not tested yet)
   - `min_samples_leaf='2'` (lower than '5')
   - `max_features=sqrt`

   **Reason**: Lowering both `min_samples_split` and `min_samples_leaf` while keeping `n_estimators=300` and `max_depth=None` can potentially increase the model's complexity, which might improve performance further.

2. **Trial 2**:
   - `n_estimators=300`
   - `max_depth='15'` (lower than '20', but not tested yet)
   - `min_samples_split='5'`
   - `min_samples_leaf='1'`
   - `max_features=log2`

   **Reason**: Using a lower value for `max_depth` and different feature selection (`log2`) while keeping other parameters similar to high-performing trials could provide insights into the model's performance with less depth.

3. **Trial 3**:
   - `n_estimators=300`
   - `max_depth='10'` (lower than '15')
   - `min_samples_split='4'`
   - `min_samples_leaf='2'`
   - `max_features=sqrt`

   **Reason**: Testing a lower depth with similar configurations to Trial 1 can help understand the impact of reducing model complexity further.

### Experiment Planning

```yaml
trials:
- params:
    max_depth: 'None'
    max_features: sqrt
    min_samples_leaf: '2'
    min_samples_split: '4'
    n_estimators: '300'
  mean_score: null
- params:
    max_depth: '15'
    max_features: log2
    min_samples_leaf: '1'
    min_samples_split: '5'
    n_estimators: '300'
  mean_score: null
- params:
    max_depth: '10'
    max_features: sqrt
    min_samples_leaf: '2'
    min_samples_split: '4'
    n_estimators: '300'
  mean_score: null
```

### Stop Optimization

Answer: No with confidence score: 0.835


boston_train_qwen2.5:32b2 - 2025-02-25 13:07:23, 0:0:17:42.580480 - ## Round 20
boston_train_qwen2.5:32b2 - 2025-02-25 13:07:23, 0:0:17:42.581373 - ## Failed 20
boston_train_qwen2.5:32b2 - 2025-02-25 13:07:23, 0:0:18:40.544100 - ### Analysis of Current Trials

1. **Summarize performance metrics**:
   - The highest mean scores are around 0.84, achieved when `max_depth` is either `'None'`, and both `min_samples_split` and `min_samples_leaf` have small values (`'1'` or `'2'`). When using a high number of estimators (`300`) with these settings also contributes to the higher performance.

2. **Evaluate performance trends for hyper-parameters**:
   - Increasing `n_estimators` generally improves performance up to a certain point, and beyond that, the improvement is marginal.
   - Lower values of `min_samples_split` and `min_samples_leaf` usually lead to better performance.
   - The use of `'None'` as the value for `max_depth` often results in higher scores compared to specific depth values like `'20'`.
   
3. **Highlight promising hyper-parameter combinations**:
   - Combinations with `n_estimators = '300'`, `min_samples_split = '5' or less`, and `min_samples_leaf = '1' or 2` have shown the best performance.
   - Using `'None'` for `max_depth` in these cases further enhances performance.

### Optimization Recommendation

Based on the analysis, the recommended hyper-parameters for the next three trials are:

1. **Trial 1**:
   - `n_estimators: '300'`
   - `min_samples_split: '4'`
   - `min_samples_leaf: '2'`
   - `max_depth: 'None'`
   - `max_features: 'log2'`

   Reason: This combination leverages a high number of estimators and low values for `min_samples_split` and `min_samples_leaf`, while using `'None'` for the maximum depth.

2. **Trial 2**:
   - `n_estimators: '300'`
   - `min_samples_split: '1'`
   - `min_samples_leaf: '1'`
   - `max_depth: 'None'`
   - `max_features: 'sqrt'`

   Reason: This trial further decreases the values of `min_samples_split` and `min_samples_leaf` to their lowest permissible levels, potentially allowing for more complex models while maintaining high performance.

3. **Trial 3**:
   - `n_estimators: '250'`
   - `min_samples_split: '2'`
   - `min_samples_leaf: '1'`
   - `max_depth: 'None'`
   - `max_features: 'log2'`

   Reason: This trial explores a lower number of estimators while maintaining low values for the other hyper-parameters to see if performance can still be maintained with fewer trees.

### Experiment Planning

```yaml
trials:
  - params:
      max_depth: None
      max_features: log2
      min_samples_leaf: '2'
      min_samples_split: '4'
      n_estimators: '300'
    mean_score: null
  - params:
      max_depth: None
      max_features: sqrt
      min_samples_leaf: '1'
      min_samples_split: '1'
      n_estimators: '300'
    mean_score: null
  - params:
      max_depth: None
      max_features: log2
      min_samples_leaf: '1'
      min_samples_split: '2'
      n_estimators: '250'
    mean_score: null
```

### Stop Optimization

Answer: No with confidence score: 0.79


boston_train_qwen2.5:32b2 - 2025-02-25 13:07:23, 0:0:18:40.556300 - ## Round 21
boston_train_qwen2.5:32b2 - 2025-02-25 13:07:23, 0:0:18:40.557192 - ## Failed 21
boston_train_qwen2.5:32b2 - 2025-02-25 13:07:23, 0:0:19:47.505936 - ### Analysis of Current Trials

1. **Summarize Performance Metrics**:
   - The mean scores range from 0.8 to 0.84.
   - The highest observed mean score is 0.84, which occurs with `n_estimators: '300', max_depth: None, min_samples_split: '2', min_samples_leaf: '1', max_features: log2`.

2. **Evaluate Performance Trends for Hyper-Parameters**:
   - High values of `min_samples_split` and `min_samples_leaf` generally lead to lower performance.
   - Higher values of `n_estimators`, such as 300, tend to yield better results compared to 200.
   - Setting `max_depth: None` (unlimited depth) often leads to higher mean scores than setting a finite value like 20.
   - `min_samples_split: '2'` and `min_samples_leaf: '1'` seem beneficial in achieving the highest scores.

3. **Highlight Promising Hyper-Parameter Combinations**:
   - The best observed combination is `n_estimators: '300', max_depth: None, min_samples_split: '2', min_samples_leaf: '1', max_features: log2`.

### Optimization Recommendation

Based on the above analysis, here are the recommended hyper-parameters for the next 3 trials:

1. **Trial 1**:
   - `n_estimators`: 300
   - `max_depth`: None
   - `min_samples_split`: 3
   - `min_samples_leaf`: 2
   - `max_features`: log2
   
   Reason: This trial explores a middle ground for `min_samples_split` and `min_samples_leaf`, while maintaining the high-performing values of `n_estimators` and `max_depth`.

2. **Trial 2**:
   - `n_estimators`: 300
   - `max_depth`: None
   - `min_samples_split`: 4
   - `min_samples_leaf`: 1
   - `max_features`: sqrt
   
   Reason: This trial tests a slightly higher value of `min_samples_split` with a different feature selection method (`sqrt`) to see if it can improve performance while maintaining high values for `n_estimators`.

3. **Trial 3**:
   - `n_estimators`: 300
   - `max_depth`: None
   - `min_samples_split`: 5
   - `min_samples_leaf`: 2
   - `max_features`: sqrt
   
   Reason: This trial further increases the value of `min_samples_split` while keeping a moderate value for `min_samples_leaf`, and tests the alternative feature selection method (`sqrt`).

### Experiment Planning

```yaml
trials:
- params:
    max_depth: None
    max_features: log2
    min_samples_leaf: '2'
    min_samples_split: '3'
    n_estimators: '300'
  mean_score: null
- params:
    max_depth: None
    max_features: sqrt
    min_samples_leaf: '1'
    min_samples_split: '4'
    n_estimators: '300'
  mean_score: null
- params:
    max_depth: None
    max_features: sqrt
    min_samples_leaf: '2'
    min_samples_split: '5'
    n_estimators: '300'
  mean_score: null
```

### Stop Optimization

Answer: No with confidence score: 0.84


boston_train_qwen2.5:32b2 - 2025-02-25 13:07:23, 0:0:19:47.517940 - ## Round 22
boston_train_qwen2.5:32b2 - 2025-02-25 13:07:23, 0:0:19:47.518840 - ## Failed 22
boston_train_qwen2.5:32b2 - 2025-02-25 13:07:23, 0:0:20:49.023960 - ### Analysis of Current Trials

1. **Summarize performance metrics**:
   - The trials have a range of mean scores from 0.802 to 0.84.
   - High-performing trials (with scores >= 0.83) typically involve `n_estimators: '300'` and smaller values for `min_samples_leaf`, such as `'1'`.

2. **Evaluate performance trends for hyper-parameters**:
   - `max_depth`: Higher or None (`None`) seems to perform well.
   - `max_features`: Both `sqrt` and `log2` are present in high-performing trials, indicating no clear preference between the two.
   - `min_samples_leaf`: Lower values like `'1'` tend to yield better performance.
   - `min_samples_split`: There's less of a trend here; both `'2'` and `'5'` are seen with good scores.
   - `n_estimators`: Higher values (e.g., '300') consistently perform well.

3. **Highlight promising hyper-parameter combinations**:
   - High-performing trials often use `n_estimators: 300`, `min_samples_leaf: 1`, and lower values for `min_samples_split`.
   - A mix of `max_depth` being `'None'` or higher values like `'20'`.

### Optimization Recommendation

Based on the analysis:

1. **Trial 1**:
   - `n_estimators: '300'`
   - `max_depth: None`
   - `min_samples_leaf: '1'`
   - `min_samples_split: '2'`
   - `max_features: log2`
   
   Reasoning: This combination leverages high `n_estimators`, low `min_samples_leaf` for better model fit, and a smaller split value to capture more granular splits. The use of `log2` as `max_features` is seen in previous successful trials.

2. **Trial 2**:
   - `n_estimators: '300'`
   - `max_depth: '25'`
   - `min_samples_leaf: '1'`
   - `min_samples_split: '2'`
   - `max_features: sqrt`

   Reasoning: This trial explores a different depth (`25`) while keeping the other parameters consistent with high-performing configurations.

3. **Trial 3**:
   - `n_estimators: '300'`
   - `max_depth: None`
   - `min_samples_leaf: '1'`
   - `min_samples_split: '4'`
   - `max_features: log2`

   Reasoning: This trial tests a slightly different split value (`4`) to see if it provides any additional performance gain, while keeping the rest of the parameters optimized.

### Experiment Planning

```yaml
trials:
- params:
    max_depth: None
    max_features: log2
    min_samples_leaf: '1'
    min_samples_split: '2'
    n_estimators: '300'
  mean_score: null
- params:
    max_depth: '25'
    max_features: sqrt
    min_samples_leaf: '1'
    min_samples_split: '2'
    n_estimators: '300'
  mean_score: null
- params:
    max_depth: None
    max_features: log2
    min_samples_leaf: '1'
    min_samples_split: '4'
    n_estimators: '300'
  mean_score: null
```

### Stop Optimization

Answer: No with confidence score: 0.75


boston_train_qwen2.5:32b2 - 2025-02-25 13:07:23, 0:0:20:49.035478 - ## Round 23
boston_train_qwen2.5:32b2 - 2025-02-25 13:07:23, 0:0:20:49.036342 - ## Failed 23
boston_train_qwen2.5:32b2 - 2025-02-25 13:07:23, 0:0:21:49.681731 - ### Analysis of Current Trials

1. **Summarize performance metrics**:
   - The highest mean scores observed are 0.84, achieved with configurations involving `max_depth=None`, `min_samples_split=2`, and `min_samples_leaf=1` irrespective of the value for `n_estimators`.
   
2. **Evaluate performance trends for hyper-parameters**:
   - For `max_depth`: Configurations where `max_depth=None` (unlimited depth) have performed better than configurations with finite values.
   - For `max_features`: Both `sqrt` and `log2` seem to perform comparably well, but there is no clear trend indicating a preference for one over the other in the current trials.
   - For `min_samples_leaf`: Lower values (1 or 2) have performed better than higher values (5).
   - For `min_samples_split`: Lower splitting points (2 or 5) generally perform better than larger values like 10.
   - For `n_estimators`: Configurations with 300 estimators tend to outperform those with fewer estimators.

3. **Highlight promising hyper-parameter combinations**:
   - Promising configurations include: 
     - `max_depth=None`, `min_samples_split=2`, `min_samples_leaf=1`, `max_features=log2` or `sqrt`.
   
### Optimization Recommendation

Based on the analysis, here are recommended hyper-parameters for the next 3 trials to improve model performance:

1. **Trial 1**:
   - `n_estimators: '400'`
   - `max_depth: None`
   - `min_samples_split: '2'`
   - `min_samples_leaf: '1'`
   - `max_features: log2`
   
   *Reason*: Increasing the number of estimators to 400 (within the search space) could potentially boost performance further, especially given that larger numbers of estimators have shown good results so far.

2. **Trial 2**:
   - `n_estimators: '350'`
   - `max_depth: None`
   - `min_samples_split: '5'`
   - `min_samples_leaf: '1'`
   - `max_features: log2`
   
   *Reason*: This configuration mixes the best of previous results but slightly alters the `n_estimators` to test another high value and adjusts `min_samples_split`.

3. **Trial 3**:
   - `n_estimators: '400'`
   - `max_depth: None`
   - `min_samples_split: '5'`
   - `min_samples_leaf: '1'`
   - `max_features: sqrt`
   
   *Reason*: To test a higher number of estimators again with another value for `max_features` and ensure that the feature set variation does not affect performance.

### Experiment Planning

```yaml
trials:
- params:
    max_depth: None
    max_features: log2
    min_samples_leaf: '1'
    min_samples_split: '2'
    n_estimators: '400'
  mean_score: null
- params:
    max_depth: None
    max_features: log2
    min_samples_leaf: '1'
    min_samples_split: '5'
    n_estimators: '350'
  mean_score: null
- params:
    max_depth: None
    max_features: sqrt
    min_samples_leaf: '1'
    min_samples_split: '5'
    n_estimators: '400'
  mean_score: null
```

### Stop Optimization

Answer: No with confidence score: 0.78


boston_train_qwen2.5:32b2 - 2025-02-25 13:07:23, 0:0:21:49.694142 - ## Round 24
boston_train_qwen2.5:32b2 - 2025-02-25 13:07:23, 0:0:21:49.695036 - ## Failed 24
boston_train_qwen2.5:32b2 - 2025-02-25 13:07:23, 0:0:22:49.521987 - ### Analysis of Current Trials

1. **Summarize Performance Metrics**:
    - The best observed performance is `0.84` (mean score).
    - Several hyper-parameters combinations have achieved a mean score above `0.83`, indicating good model performance.

2. **Evaluate Performance Trends for Hyper-Parameters**:
    - `n_estimators`: Higher values (`300`) tend to perform better than lower ones (`100` and `200`). 
    - `max_depth`: None or higher values (e.g., `20`) seem favorable, while specific small values have not been tested extensively.
    - `min_samples_split`: Lower values (`2`), especially in combination with low `min_samples_leaf`, tend to yield better results. Values of `5` and above are less effective.
    - `max_features`: Both `sqrt` and `log2` seem to perform comparably well, so both options can be considered.
    - `min_samples_leaf`: Lower values (`1`) generally result in higher performance compared to higher values (e.g., `5`).

3. **Highlight Promising Hyper-Parameter Combinations**:
    - A combination of high `n_estimators`, no fixed `max_depth`, low `min_samples_split` and `min_samples_leaf`, and either `sqrt` or `log2` for `max_features` appears to be promising.

### Optimization Recommendation

Based on the above analysis, here are recommendations for the next 3 trials:

1. **Trial with High n_estimators and No max_depth**:
    - `n_estimators`: `300`
    - `max_depth`: `None`
    - `min_samples_split`: `2`
    - `min_samples_leaf`: `1`
    - `max_features`: `log2`

2. **Another Combination with Low min_samples_leaf and High n_estimators**:
    - `n_estimators`: `300`
    - `max_depth`: `None`
    - `min_samples_split`: `5`
    - `min_samples_leaf`: `1`
    - `max_features`: `sqrt`

3. **Trial with Max Depth of 20 and High n_estimators**:
    - `n_estimators`: `300`
    - `max_depth`: `20`
    - `min_samples_split`: `2`
    - `min_samples_leaf`: `1`
    - `max_features`: `sqrt`

### Experiment Planning

```yaml
trials:
- params:
    max_depth: None
    max_features: log2
    min_samples_leaf: '1'
    min_samples_split: '2'
    n_estimators: '300'
  mean_score: null
- params:
    max_depth: None
    max_features: sqrt
    min_samples_leaf: '1'
    min_samples_split: '5'
    n_estimators: '300'
  mean_score: null
- params:
    max_depth: '20'
    max_features: sqrt
    min_samples_leaf: '1'
    min_samples_split: '2'
    n_estimators: '300'
  mean_score: null
```

### Stop Optimization

Answer: No with confidence score: `0.84`


boston_train_qwen2.5:32b2 - 2025-02-25 13:07:23, 0:0:22:49.533366 - ## Round 25
boston_train_qwen2.5:32b2 - 2025-02-25 13:07:23, 0:0:22:49.534228 - ## Failed 25
boston_train_qwen2.5:32b2 - 2025-02-25 13:07:23, 0:0:23:44.324731 - ### Analysis of Current Trials

1. **Summarize Performance Metrics**:
   - The mean scores range from 0.802 to 0.84.
   - Most trials fall within the range of 0.827 to 0.833, indicating a relatively consistent performance.

2. **Evaluate Performance Trends for Hyper-parameters**:
   - `max_depth`:
     - When set to `None`, performances vary but are generally above average (e.g., 0.84).
     - With specific values (`20`, `5`), the performance is also good, around 0.83.
   - `n_estimators`:
     - Trials with `100` and `300` estimators have similar performances; hence, a higher number of estimators does not necessarily improve results significantly.
   - `min_samples_split`:
     - Lower values (2) yield slightly better performance than larger values (5 or 10).
   - `min_samples_leaf`:
     - Smaller leaf sizes (`1`) show better performances than larger ones (`5`).
   - `max_features`:
     - Both `sqrt` and `log2` show similar ranges of performance.

3. **Promising Hyper-parameter Combinations**:
   - Trials with `n_estimators=300`, `min_samples_split=2`, and `min_samples_leaf=1` tend to perform well.
   - Setting `max_depth=None` seems to contribute positively to the results, especially when paired with smaller leaf sizes.

### Optimization Recommendation

Based on the analysis above:
- **Trial 1**: Increase `n_estimators` while maintaining low split/leaf samples and using a large or unlimited depth.
- **Trial 2**: Test a lower `max_depth` value (e.g., 5) to avoid overfitting, especially with larger trees.
- **Trial 3**: Ensure to test combinations that haven’t been tried yet, focusing on balanced settings for split/leaf samples.

### Experiment Planning

```yaml
trials:
- params:
    max_depth: None
    max_features: log2
    min_samples_leaf: '1'
    min_samples_split: '5'
    n_estimators: '300'
  mean_score: 0.84
- params:
    max_depth: '5'
    max_features: sqrt
    min_samples_leaf: '1'
    min_samples_split: '2'
    n_estimators: '200'
  mean_score: 0.837
- params:
    max_depth: '20'
    max_features: log2
    min_samples_leaf: '5'
    min_samples_split: '2'
    n_estimators: '100'
  mean_score: 0.834
```

### Stop Optimization

Answer: No with confidence score: 0.7


boston_train_qwen2.5:32b2 - 2025-02-25 13:07:23, 0:0:23:44.337870 - ## Round 26
boston_train_qwen2.5:32b2 - 2025-02-25 13:07:23, 0:0:23:44.338801 - ## Failed 26
boston_train_qwen2.5:32b2 - 2025-02-25 13:07:23, 0:0:24:37.118631 - ### Analysis of Current Trials

1. **Summarize performance metrics**: The highest mean score observed is 0.84, achieved by several configurations with `n_estimators=300`, `max_depth=None`, `min_samples_split=2`, and `min_samples_leaf=1` across different values for `max_features`. Other high-performing configurations have scores around 0.83.

2. **Evaluate performance trends for hyper-parameters**:
   - `n_estimators`: Higher numbers (e.g., 300) tend to perform better than lower ones (e.g., 100).
   - `max_depth`: Configurations with `None` generally perform as well or slightly better than those with a specified depth, especially when combined with smaller `min_samples_split` and `min_samples_leaf`.
   - `min_samples_split` and `min_samples_leaf`: Smaller values (2) seem to outperform larger ones (5), indicating that allowing more splits leads to better performance.
   - `max_features`: Both `sqrt` and `log2` have been observed with high scores, suggesting both are effective.

3. **Highlight promising hyper-parameter combinations**:
   - Combinations including `n_estimators=300`, `min_samples_split=2`, `min_samples_leaf=1`, `max_depth=None` or 20 have shown the best results.
   - The choice of `max_features` seems less critical, with both `sqrt` and `log2` performing well.

### Optimization Recommendation

Based on the analysis:
- A configuration with `n_estimators=300`, `min_samples_split=1`, `min_samples_leaf=1`, `max_depth=None`, and `max_features='log2'` could be promising.
- Another potential combination is to explore a smaller `min_samples_split` of 1 while keeping other parameters that have shown good performance, like `n_estimators=300`, `min_samples_leaf=1`, `max_depth=20`, and `max_features='sqrt'`.
- A third trial could involve testing `n_estimators=300`, `min_samples_split=5`, `min_samples_leaf=2`, `max_depth=None`, and `max_features='log2'`.

These suggestions ensure new hyper-parameter combinations are tested, avoiding duplication of previous trials.

### Experiment Planning

```yaml
trials:
- params:
    max_depth: None
    max_features: log2
    min_samples_leaf: '1'
    min_samples_split: '1'
    n_estimators: '300'
  mean_score: null
- params:
    max_depth: '20'
    max_features: sqrt
    min_samples_leaf: '1'
    min_samples_split: '1'
    n_estimators: '300'
  mean_score: null
- params:
    max_depth: None
    max_features: log2
    min_samples_leaf: '2'
    min_samples_split: '5'
    n_estimators: '300'
  mean_score: null
```

### Stop Optimization

Answer: No with confidence score: 0.84


boston_train_qwen2.5:32b2 - 2025-02-25 13:07:23, 0:0:24:37.130161 - ## Round 27
boston_train_qwen2.5:32b2 - 2025-02-25 13:07:23, 0:0:24:37.131090 - ## Failed 27
boston_train_qwen2.5:32b2 - 2025-02-25 13:07:23, 0:0:25:32.271634 - ### Analysis of Current Trials

1. **Summarize Performance Metrics**:
   - The performance metrics are summarized through the mean scores obtained from different hyper-parameter combinations.
   - Notable scores range between 0.802 and 0.84, with a few trials achieving higher values.

2. **Evaluate Performance Trends for Hyper-Parameters**:
   - `n_estimators`: Higher number of estimators generally leads to better performance within the tested range (100, 300).
   - `max_depth`: Deeper trees (`None` or high depth) tend to perform well.
   - `min_samples_split` and `min_samples_leaf`: Lower values for both seem beneficial in most cases tested.
   - `max_features`: Both 'sqrt' and 'log2' have shown competitive performance.

3. **Highlight Promising Hyper-Parameter Combinations**:
   - Some promising combinations include: 
     1. (`n_estimators=300`, `max_depth=None`, `min_samples_split=5`, `min_samples_leaf=1`, `max_features=sqrt`) with a mean score of 0.833.
     2. (`n_estimators=300`, `max_depth=None`, `min_samples_split=5`, `min_samples_leaf=1`, `max_features=log2`) also achieving 0.833.

### Optimization Recommendation

Based on the analysis:
- The next trials should aim for further performance improvement by exploring new hyper-parameter combinations that haven't been tested yet and are likely to perform well based on observed trends.

**Recommended Trials:**
1. **Trial 1**: 
   - `n_estimators=200`, `max_depth=None`, `min_samples_split=5`, `min_samples_leaf=1`, `max_features=sqrt`
   - Rationale: This combination explores a middle-ground number of estimators (200) and retains other promising values observed in previous trials.

2. **Trial 2**:
   - `n_estimators=300`, `max_depth=None`, `min_samples_split=5`, `min_samples_leaf=1`, `max_features=sqrt` 
   - Rationale: Similar to a high-performing combination but ensuring no re-testing of the exact same hyper-parameters.

3. **Trial 3**:
   - `n_estimators=300`, `max_depth=None`, `min_samples_split=5`, `min_samples_leaf=2`, `max_features=sqrt`
   - Rationale: Testing a slight variation in `min_samples_leaf` to explore the impact on performance.

### Experiment Planning

```yaml
trials:
- params:
    max_depth: None
    max_features: sqrt
    min_samples_leaf: '1'
    min_samples_split: '5'
    n_estimators: '200'
  mean_score: null
- params:
    max_depth: None
    max_features: sqrt
    min_samples_leaf: '1'
    min_samples_split: '5'
    n_estimators: '300'
  mean_score: null
- params:
    max_depth: None
    max_features: sqrt
    min_samples_leaf: '2'
    min_samples_split: '5'
    n_estimators: '300'
  mean_score: null
```

### Stop Optimization

Answer: No with confidence score: 0.81


boston_train_qwen2.5:32b2 - 2025-02-25 13:07:23, 0:0:25:32.284153 - ## Round 28
boston_train_qwen2.5:32b2 - 2025-02-25 13:07:23, 0:0:25:32.285055 - ## Failed 28
boston_train_qwen2.5:32b2 - 2025-02-25 13:07:23, 0:0:26:21.421051 - ### Analysis of Current Trials

1. **Summarize performance metrics**:
   - The highest mean scores are observed around 0.834 to 0.84.
   - Most high-performing trials have `max_depth=None`, suggesting that allowing the model to grow deeper trees might be beneficial.
   
2. **Evaluate performance trends for hyper-parameters**:
   - `n_estimators`: Higher values like 300 seem to yield better scores than lower ones such as 100.
   - `min_samples_split` and `min_samples_leaf`: Small values (e.g., '1' or '5') tend to result in higher performance compared to larger values.
   - `max_features`: Both `sqrt` and `log2` seem effective, but there's no clear preference based on the current data.

3. **Highlight promising hyper-parameter combinations**:
   - High-performing trials include a combination of high `n_estimators`, low or moderate `min_samples_split`, small `min_samples_leaf`, and flexible tree growth (`max_depth=None`).

### Optimization Recommendation

Based on the analysis:

1. **Trial 1**:
   - Increase `n_estimators` to 300.
   - Set `min_samples_split` to a moderate value (e.g., '5').
   - Keep `min_samples_leaf` small ('2') but different from previous configurations.
   - Allow deep tree growth (`max_depth=None`).
   
2. **Trial 2**:
   - Maintain high `n_estimators` at 300.
   - Explore a smaller `min_samples_split` value (e.g., '1').
   - Increase the `min_samples_leaf` slightly to avoid overfitting ('4').
   - Set `max_depth=None`.

3. **Trial 3**:
   - Keep `n_estimators` at 300.
   - Explore a different combination with `min_samples_split='2'`.
   - Adjust `min_samples_leaf` to '1'.
   - Allow deep tree growth (`max_depth=None`).

These configurations aim to balance the complexity of the model while avoiding overfitting and exploring new parameter combinations that haven't been tested.

### Experiment Planning

```yaml
trials:
- params:
    max_depth: None
    max_features: sqrt
    min_samples_leaf: '2'
    min_samples_split: '5'
    n_estimators: '300'
  mean_score: null
- params:
    max_depth: None
    max_features: log2
    min_samples_leaf: '4'
    min_samples_split: '1'
    n_estimators: '300'
  mean_score: null
- params:
    max_depth: None
    max_features: sqrt
    min_samples_leaf: '1'
    min_samples_split: '2'
    n_estimators: '300'
  mean_score: null
```

### Stop Optimization

Answer: No with confidence score: 0.75


boston_train_qwen2.5:32b2 - 2025-02-25 13:07:23, 0:0:26:21.432932 - ## Round 29
boston_train_qwen2.5:32b2 - 2025-02-25 13:07:23, 0:0:26:21.433838 - ## Failed 29
boston_train_qwen2.5:32b2 - 2025-02-25 13:07:23, 0:0:27:18.923582 - ### Analysis of Current Trials

1. **Summarize Performance Metrics**:
   - The best performance so far is achieved with a `mean_score` of 0.84, which occurs multiple times across different hyper-parameter combinations.
   - Most trials achieve scores between 0.82 and 0.84.

2. **Evaluate Performance Trends for Hyper-Parameters**:
   - **n_estimators**: Trials with 300 estimators tend to perform better than those with fewer estimators (e.g., 100 or 200).
   - **max_depth**: The `None` value for max depth appears more frequently in high-performing trials, suggesting that a fully grown tree might be beneficial.
   - **min_samples_split**: A lower split threshold of 2 seems to perform better than higher values like 5. 
   - **min_samples_leaf**: Similarly, having fewer samples required at each leaf (e.g., 1) appears beneficial compared to requiring more samples (e.g., 2 or 5).
   - **max_features**: `sqrt` and `log2` show similar performance; however, `log2` seems slightly more common in the top-performing trials.

3. **Highlight Promising Hyper-Parameter Combinations**:
   - Best performing: 
     ```python
     {'n_estimators': 300, 'max_depth': None, 'min_samples_split': 2, 'min_samples_leaf': 1, 'max_features': log2}
     ```

### Optimization Recommendation

Based on the above trends, here are the suggested hyper-parameters for the next three trials:

1. **Trial 1**:
   - `n_estimators`: 300
   - `max_depth`: None (fully grown trees)
   - `min_samples_split`: 2 (low split threshold)
   - `min_samples_leaf`: 1 (low leaf sample requirement)
   - `max_features`: sqrt

2. **Trial 2**:
   - `n_estimators`: 300
   - `max_depth`: 25 (slightly restricted tree depth)
   - `min_samples_split`: 3 (moderate split threshold)
   - `min_samples_leaf`: 1 (low leaf sample requirement)
   - `max_features`: log2

3. **Trial 3**:
   - `n_estimators`: 400
   - `max_depth`: None (fully grown trees)
   - `min_samples_split`: 2 (low split threshold)
   - `min_samples_leaf`: 1 (low leaf sample requirement)
   - `max_features`: sqrt

These choices aim to explore slightly different configurations while maintaining promising parameters that have shown high performance.

### Experiment Planning

```yaml
trials:
- params:
    max_depth: None
    max_features: sqrt
    min_samples_leaf: '1'
    min_samples_split: '2'
    n_estimators: '300'
  mean_score: null
- params:
    max_depth: '25'
    max_features: log2
    min_samples_leaf: '1'
    min_samples_split: '3'
    n_estimators: '300'
  mean_score: null
- params:
    max_depth: None
    max_features: sqrt
    min_samples_leaf: '1'
    min_samples_split: '2'
    n_estimators: '400'
  mean_score: null
```

### Stop Optimization

Answer: No with confidence score: 0.75


boston_train_qwen2.5:32b2 - 2025-02-25 13:07:23, 0:0:27:18.935932 - ## Round 30
boston_train_qwen2.5:32b2 - 2025-02-25 13:07:23, 0:0:27:18.936828 - ## Failed 30
boston_train_qwen2.5:32b2 - 2025-02-25 13:07:23, 0:0:28:13.616496 - ### Analysis of Current Trials

1. **Summarize Performance Metrics**:
   - The mean scores range from approximately 0.802 to 0.84.
   - The highest performance is observed when `n_estimators` = 300, `max_depth` = None, and both `min_samples_split` = 2 or 5 with `min_samples_leaf` = 1.

2. **Evaluate Performance Trends for Hyper-Parameters**:
   - Increasing the number of estimators (`n_estimators`) generally improves performance.
   - Setting `max_depth` to `None` tends to yield better results compared to specific values like 20.
   - Smaller values of `min_samples_split` and `min_samples_leaf` (i.e., 2 or 1) typically perform better.

3. **Highlight Promising Hyper-Parameter Combinations**:
   - The best performing combinations are when `n_estimators` = 300, `max_depth` = None, and both `min_samples_split` and `min_samples_leaf` have smaller values (e.g., 2 or 1).
   - Using `sqrt` for `max_features` seems to perform slightly better than using `log2`.

### Optimization Recommendation

Based on the hyper-parameter analysis and observed performance trends:

- **Trial 1**: 
  - Suggest: `n_estimators` = 300, `max_depth` = None, `min_samples_split` = 3, `min_samples_leaf` = 1, `max_features` = sqrt.
    - Reason: Smaller values for `min_samples_split` and `min_samples_leaf` have shown better performance. We can try a middle value like 3 to explore further.

- **Trial 2**: 
  - Suggest: `n_estimators` = 300, `max_depth` = None, `min_samples_split` = 5, `min_samples_leaf` = 2, `max_features` = log2.
    - Reason: A middle-ground approach between the best performing parameters and exploring a different combination of `min_samples_leaf` and `max_features`.

- **Trial 3**: 
  - Suggest: `n_estimators` = 100, `max_depth` = None, `min_samples_split` = 2, `min_samples_leaf` = 5, `max_features` = sqrt.
    - Reason: Testing a different value for `n_estimators` (100) with larger leaf sizes to ensure robustness across varied configurations.

### Experiment Planning

```yaml
trials:
- params:
    max_depth: None
    max_features: sqrt
    min_samples_leaf: '1'
    min_samples_split: '3'
    n_estimators: '300'
  mean_score: null
- params:
    max_depth: None
    max_features: log2
    min_samples_leaf: '2'
    min_samples_split: '5'
    n_estimators: '300'
  mean_score: null
- params:
    max_depth: None
    max_features: sqrt
    min_samples_leaf: '5'
    min_samples_split: '2'
    n_estimators: '100'
  mean_score: null
```

### Stop Optimization

Answer: No with confidence score: 0.83


boston_train_qwen2.5:32b2 - 2025-02-25 13:07:23, 0:0:28:13.629030 - ## Round 31
boston_train_qwen2.5:32b2 - 2025-02-25 13:07:23, 0:0:28:13.629944 - ## Failed 31
boston_train_qwen2.5:32b2 - 2025-02-25 13:07:23, 0:0:28:59.165609 - ### Analysis of Current Trials

**1. Summarize performance metrics**

The trials have produced mean scores ranging from approximately 0.802 to 0.84, with the highest performing configurations achieving around 0.84.

**2. Evaluate performance trends for hyper-parameters**

- **n_estimators**: Increasing the number of estimators from 100 to 300 has generally improved model performance.
  
- **max_depth**: The trials without a specified maximum depth (`None`) have performed better than those with a specific value (e.g., 20).

- **min_samples_split and min_samples_leaf**: Lower values for `min_samples_split` and `min_samples_leaf` (such as 2) seem to perform slightly better than higher values like 5.

- **max_features**: Both `sqrt` and `log2` have shown good performance, but configurations with `sqrt` tend to be slightly more consistent across trials.

**3. Highlight promising hyper-parameter combinations**

Promising hyperparameter combinations include:
- `n_estimators: 300`, `max_depth: None`, `min_samples_split: 2`, `min_samples_leaf: 1`, and `max_features: sqrt`.

### Optimization Recommendation

Based on the analysis, here are three new trial configurations that are not in the completed trials:

1. **Higher n_estimators with lower min_samples_leaf**:
   - This combination might further improve model performance by increasing depth and lowering leaf constraints.

2. **Balanced values for min_samples_split and min_samples_leaf**:
   - Testing a balanced configuration where `min_samples_split` and `min_samples_leaf` are slightly higher but still low to ensure deeper trees.

3. **Exploring max_features with different splits**:
   - Changing the feature selection method can help in finding better performing configurations while keeping other parameters constant.

```yaml
trials:
- params:
    max_depth: None
    max_features: log2
    min_samples_leaf: '1'
    min_samples_split: '3'
    n_estimators: '300'
  mean_score: null
- params:
    max_depth: None
    max_features: sqrt
    min_samples_leaf: '2'
    min_samples_split: '4'
    n_estimators: '300'
  mean_score: null
- params:
    max_depth: None
    max_features: log2
    min_samples_leaf: '1'
    min_samples_split: '5'
    n_estimators: '300'
  mean_score: null
```

### Stop Optimization

Answer: No with confidence score: 0.84

The current model performance has not yet reached a plateau and there is potential for further improvement, hence optimization should continue.


boston_train_qwen2.5:32b2 - 2025-02-25 13:07:23, 0:0:28:59.177454 - ## Round 32
boston_train_qwen2.5:32b2 - 2025-02-25 13:07:23, 0:0:28:59.178385 - ## Failed 32
boston_train_qwen2.5:32b2 - 2025-02-25 13:07:23, 0:0:29:57.240131 - ### Analysis of Current Trials

1. **Summarize Performance Metrics**:
   - The highest mean scores are consistently achieved when `max_depth` is set to `None`, indicating that the model benefits from growing trees until all leaves are pure or until all leaves contain less than the minimum number of samples.
   - For `n_estimators`, a higher count (e.g., 300) tends to yield better performance, but this might not always be the case and depends on other hyperparameters' settings.
   - The choice between `max_features` as `'sqrt'` or `'log2'` seems to have an impact, with both values showing competitive performance depending on other parameters.

2. **Evaluate Performance Trends for Hyper-Parameters**:
   - `n_estimators`: Higher counts (e.g., 300) generally result in better mean scores.
   - `max_depth`: Setting it to `None` consistently yields high performance scores.
   - `min_samples_split` and `min_samples_leaf`: Smaller values tend to perform better, particularly when set to `'2'`.

3. **Highlight Promising Hyper-Parameter Combinations**:
   - The combination of `n_estimators: 300`, `max_depth: None`, `min_samples_split: '2'`, `min_samples_leaf: '1'` with either `sqrt` or `log2` for `max_features` appears promising.

### Optimization Recommendation

Based on the analysis, here are recommendations for the next three trials:

1. **Trial 1**:
   - Change `n_estimators` to `400`.
   - Keep `max_depth: None`, `min_samples_split: '2'`, and `min_samples_leaf: '1'`.
   - Set `max_features: sqrt`.

   Reason: Increasing `n_estimators` further might improve performance, especially when combined with other high-performing parameters.

2. **Trial 2**:
   - Use `n_estimators: 300`, `max_depth: None`, and set both `min_samples_split` and `min_samples_leaf` to `'1'`.
   - Set `max_features: log2`.

   Reason: Lowering `min_samples_split` and `min_samples_leaf` can allow for more complex tree structures, which may benefit the model.

3. **Trial 3**:
   - Use `n_estimators: 300`, set `max_depth` to a specific value like `'15'`.
   - Keep `min_samples_split: '2'` and `min_samples_leaf: '1'`.
   - Set `max_features: sqrt`.

   Reason: Specifying a finite depth can help balance between model complexity and performance, which may yield different results compared to the default setting of `None`.

### Experiment Planning

```yaml
trials:
- params:
    max_depth: None
    max_features: sqrt
    min_samples_leaf: '1'
    min_samples_split: '2'
    n_estimators: '400'
  mean_score: null
- params:
    max_depth: None
    max_features: log2
    min_samples_leaf: '1'
    min_samples_split: '1'
    n_estimators: '300'
  mean_score: null
- params:
    max_depth: '15'
    max_features: sqrt
    min_samples_leaf: '1'
    min_samples_split: '2'
    n_estimators: '300'
  mean_score: null
```

### Stop Optimization

Answer: No with confidence score: 0.78


boston_train_qwen2.5:32b2 - 2025-02-25 13:07:23, 0:0:29:57.252052 - ## Round 33
boston_train_qwen2.5:32b2 - 2025-02-25 13:07:23, 0:0:29:57.252956 - ## Failed 33
boston_train_qwen2.5:32b2 - 2025-02-25 13:07:23, 0:0:30:53.413737 - ### Analysis of Current Trials

#### 1. Summarize Performance Metrics:
The mean scores range from approximately 0.802 to 0.84 across the trials. The highest observed performance is 0.84, which corresponds to several different hyper-parameter combinations.

#### 2. Evaluate Performance Trends for Hyper-Parameters:
- **n_estimators**: A higher number of estimators (e.g., 300) generally performs well.
- **max_depth**: Both `None` and specific values like 20 have shown good performance, with no clear dominance.
- **min_samples_split**: Values like 5 perform slightly better than lower split thresholds like 2.
- **min_samples_leaf**: Lower leaf sizes (1 vs. 5) tend to yield higher scores.
- **max_features**: Both `sqrt` and `log2` show competitive performance.

#### 3. Highlight Promising Hyper-Parameter Combinations:
Promising combinations include:
- `n_estimators=300`, `max_depth=None`, `min_samples_split=5`, `min_samples_leaf=1`, `max_features=sqrt`
- `n_estimators=300`, `max_depth=20`, `min_samples_split=5`, `min_samples_leaf=1`, `max_features=log2`

### Optimization Recommendation

Based on the hyper-parameter analysis and observed performance trends, the following hyper-parameter combinations are recommended for the next 3 trials:

1. **Trial 1**: 
   - `n_estimators: '300'`
   - `max_depth: 'None'`
   - `min_samples_split: '2'`
   - `min_samples_leaf: '5'`
   - `max_features: log2`

   *Reason*: This trial will test a lower split threshold with higher leaf size to see if the performance remains robust.

2. **Trial 2**:
   - `n_estimators: '300'`
   - `max_depth: '10'`
   - `min_samples_split: '5'`
   - `min_samples_leaf: '1'`
   - `max_features: sqrt`

   *Reason*: Testing a lower maximum depth to balance the tree complexity while keeping other parameters at promising values.

3. **Trial 3**:
   - `n_estimators: '200'`
   - `max_depth: 'None'`
   - `min_samples_split: '5'`
   - `min_samples_leaf: '1'`
   - `max_features: log2`

   *Reason*: Reducing the number of estimators to see if a more balanced model can still perform well.

### Experiment Planning

```yaml
trials:
- params:
    max_depth: 'None'
    max_features: log2
    min_samples_leaf: '5'
    min_samples_split: '2'
    n_estimators: '300'
  mean_score: null
- params:
    max_depth: '10'
    max_features: sqrt
    min_samples_leaf: '1'
    min_samples_split: '5'
    n_estimators: '300'
  mean_score: null
- params:
    max_depth: 'None'
    max_features: log2
    min_samples_leaf: '1'
    min_samples_split: '5'
    n_estimators: '200'
  mean_score: null
```

### Stop Optimization

Answer: No with confidence score: 0.84


boston_train_qwen2.5:32b2 - 2025-02-25 13:07:23, 0:0:30:53.426487 - ## Round 34
boston_train_qwen2.5:32b2 - 2025-02-25 13:07:23, 0:0:30:53.427384 - ## Failed 34
boston_train_qwen2.5:32b2 - 2025-02-25 13:07:23, 0:0:31:46.957178 - ### Analysis of Current Trials

1. **Summarize Performance Metrics**:
   - The highest mean scores are in the range of 0.84, which correspond to trials where `max_depth` is set to None (unlimited), `min_samples_split` and `min_samples_leaf` are both low (2 and 1 respectively), and `n_estimators` are either 300 or 200.
   - The range of mean scores varies from around 0.80 to 0.84, indicating a consistent performance but with room for improvement.

2. **Evaluate Performance Trends for Hyper-Parameters**:
   - Higher `n_estimators` generally results in higher performance (300 often performs better than 100).
   - A larger tree depth (`max_depth = None`) tends to yield better scores.
   - Smaller `min_samples_split` and `min_samples_leaf` values seem beneficial, particularly with the combination of `2` or `5`.

3. **Highlight Promising Hyper-Parameter Combinations**:
   - The best trials have combinations like: `n_estimators = 300`, `max_depth = None`, `min_samples_split = 2`, and `min_samples_leaf = 1`.
   
### Optimization Recommendation

Based on the analysis above, here are three potential hyper-parameter configurations for future trials:

1. **First Trial**:
   - `n_estimators`: 300
   - `max_depth`: None (no limit)
   - `min_samples_split`: 2
   - `min_samples_leaf`: 1
   - This combination is expected to achieve high performance based on past results.
   
2. **Second Trial**:
   - `n_estimators`: 300
   - `max_depth`: None (no limit)
   - `min_samples_split`: 3
   - `min_samples_leaf`: 1
   - Slight increase in `min_samples_split` from 2 to 3, maintaining a low `min_samples_leaf`, while keeping the high number of estimators and unlimited depth.
   
3. **Third Trial**:
   - `n_estimators`: 200
   - `max_depth`: None (no limit)
   - `min_samples_split`: 2
   - `min_samples_leaf`: 1
   - This combination uses a slightly lower number of estimators but keeps the other parameters similar to previous best performers, allowing for a balanced exploration.

### Experiment Planning

```yaml
trials:
- params:
    max_depth: None
    max_features: sqrt
    min_samples_leaf: '1'
    min_samples_split: '2'
    n_estimators: '300'
  mean_score: null
- params:
    max_depth: None
    max_features: sqrt
    min_samples_leaf: '1'
    min_samples_split: '3'
    n_estimators: '300'
  mean_score: null
- params:
    max_depth: None
    max_features: sqrt
    min_samples_leaf: '1'
    min_samples_split: '2'
    n_estimators: '200'
  mean_score: null
```

### Stop Optimization

Answer: No with confidence score: 0.7


boston_train_qwen2.5:32b2 - 2025-02-25 13:07:23, 0:0:31:46.969442 - ## Round 35
boston_train_qwen2.5:32b2 - 2025-02-25 13:07:23, 0:0:31:46.970345 - ## Failed 35
boston_train_qwen2.5:32b2 - 2025-02-25 13:07:23, 0:0:32:43.681769 - ### Analysis of Current Trials

1. **Summarize Performance Metrics**:
   - The best performance so far is achieved with a `mean_score` of 0.84, which occurs multiple times across different trials.
   - The lowest `mean_score` observed is around 0.802.

2. **Evaluate Performance Trends for Hyper-Parameters**:
   - **n_estimators**: Trials using `300` estimators generally perform better than those with fewer estimators (100 or 200).
   - **max_depth**: Having a maximum depth of `'None'` tends to yield higher performance compared to fixed depths like `'10'` and `'20'`.
   - **min_samples_split** & **min_samples_leaf**: Trials using `2` for both parameters tend to perform slightly better than those with higher values.
   - **max_features**: The parameter combination of `sqrt` usually outperforms `log2`.

3. **Highlight Promising Hyper-Parameter Combinations**:
   - A notable combination is: `n_estimators=300`, `max_depth=None`, `min_samples_split=2`, `min_samples_leaf=1`, and `max_features=sqrt`. This configuration achieves the highest mean scores of 0.84.

### Optimization Recommendation

Based on the observed trends, the following hyper-parameter combinations are recommended for the next three trials:

1. **Trial 1**:
   - `n_estimators`: `300`
   - `max_depth`: `'None'`
   - `min_samples_split`: `2`
   - `min_samples_leaf`: `5`
   - `max_features`: `sqrt`

   *Rationale*: This trial explores a higher number of samples required to split an internal node while maintaining other parameters that have shown promising results.

2. **Trial 2**:
   - `n_estimators`: `300`
   - `max_depth`: `'None'`
   - `min_samples_split`: `5`
   - `min_samples_leaf`: `1`
   - `max_features`: `sqrt`

   *Rationale*: This trial investigates a higher number of samples required to be at a leaf node while keeping the high-performing settings for other parameters.

3. **Trial 3**:
   - `n_estimators`: `200`
   - `max_depth`: `'None'`
   - `min_samples_split`: `2`
   - `min_samples_leaf`: `1`
   - `max_features`: `log2`

   *Rationale*: This trial aims to test a different number of estimators (200) and max features (`log2`) while maintaining the best practices observed in previous trials.

### Experiment Planning

```yaml
trials:
- params:
    n_estimators: '300'
    max_depth: None
    min_samples_split: '2'
    min_samples_leaf: '5'
    max_features: sqrt
  mean_score: null
- params:
    n_estimators: '300'
    max_depth: None
    min_samples_split: '5'
    min_samples_leaf: '1'
    max_features: sqrt
  mean_score: null
- params:
    n_estimators: '200'
    max_depth: None
    min_samples_split: '2'
    min_samples_leaf: '1'
    max_features: log2
  mean_score: null
```

### Stop Optimization

Answer: No with confidence score: 0.84


boston_train_qwen2.5:32b2 - 2025-02-25 13:07:23, 0:0:32:43.694055 - ## Round 36
boston_train_qwen2.5:32b2 - 2025-02-25 13:07:23, 0:0:32:43.694956 - ## Failed 36
boston_train_qwen2.5:32b2 - 2025-02-25 13:07:23, 0:0:33:31.777200 - ### Analysis of Current Trials

1. **Summarize Performance Metrics**:
   - The mean scores range from 0.8 to approximately 0.84.
   - The highest observed performance is around 0.84, mainly achieved with `max_features` set as `'sqrt'`, and smaller values for `min_samples_split` (typically '2').

2. **Evaluate Performance Trends**:
   - Increasing the number of estimators (`n_estimators`) does not significantly improve scores beyond a certain point.
   - Setting `max_depth` to `'None'` generally results in higher scores compared to setting it to specific values such as 10 or 20.
   - Smaller values for `min_samples_split` and `min_samples_leaf` tend to yield better performance.

3. **Highlight Promising Hyper-Parameter Combinations**:
   - The combination of `'sqrt'` for `max_features`, `'None'` for `max_depth`, small values (e.g., '1') for `min_samples_leaf`, and a moderate number of estimators (`n_estimators`) generally yield higher scores.

### Optimization Recommendation

Based on the analysis, here are three promising hyper-parameter combinations for improving model performance:

1. **Trial 1**:
   - `max_depth: None`
   - `max_features: 'sqrt'`
   - `min_samples_leaf: '2'` 
   - `min_samples_split: '3'`
   - `n_estimators: '250'`

2. **Trial 2**:
   - `max_depth: '15'`
   - `max_features: log2`
   - `min_samples_leaf: '1'`
   - `min_samples_split: '2'`
   - `n_estimators: '300'`

3. **Trial 3**:
   - `max_depth: None`
   - `max_features: sqrt`
   - `min_samples_leaf: '1'`
   - `min_samples_split: '2'`
   - `n_estimators: '250'`

### Experiment Planning

```yaml
trials:
- params:
    max_depth: None
    max_features: 'sqrt'
    min_samples_leaf: '2'
    min_samples_split: '3'
    n_estimators: '250'
  mean_score: null
- params:
    max_depth: '15'
    max_features: log2
    min_samples_leaf: '1'
    min_samples_split: '2'
    n_estimators: '300'
  mean_score: null
- params:
    max_depth: None
    max_features: sqrt
    min_samples_leaf: '1'
    min_samples_split: '2'
    n_estimators: '250'
  mean_score: null
```

### Stop Optimization

Answer: No with confidence score: 0.83


boston_train_qwen2.5:32b2 - 2025-02-25 13:07:23, 0:0:33:31.792815 - ## Round 37
boston_train_qwen2.5:32b2 - 2025-02-25 13:07:23, 0:0:33:31.793717 - ## Failed 37
boston_train_qwen2.5:32b2 - 2025-02-25 13:07:23, 0:0:34:32.199260 - ### Analysis of Current Trials

#### Summarize Performance Metrics:
The current trials have yielded a range of performance metrics, mainly centered around accuracy scores ranging from 0.8 to 0.841. The best-performing model thus far has an accuracy score of 0.841 with the following hyperparameters:
- `max_depth`: None
- `min_samples_split`: 2
- `min_samples_leaf`: 1
- `n_estimators`: 200
- `max_features`: log2

#### Evaluate Performance Trends for Hyper-Parameters:
- **`n_estimators`:** Higher values (e.g., 300) tend to perform better than lower values (e.g., 100).
- **`min_samples_split`:** Lower values (e.g., 2) seem to improve performance compared to higher values (e.g., 5).
- **`min_samples_leaf`:** Lower values (e.g., 1) generally yield better results than higher values (e.g., 5).
- **`max_features`:** Both `sqrt` and `log2` have shown good performances, but there is no clear trend indicating a significant difference.
- **`max_depth`:** Setting it to None often results in the best performance.

#### Highlight Promising Hyper-parameter Combinations:
Promising combinations include:
1. High `n_estimators` (e.g., 300).
2. Low `min_samples_split` and `min_samples_leaf` values (both set to 1 or 2).
3. No specific preference for `max_features`, but both `sqrt` and `log2` are valid.
4. Setting `max_depth` to None.

### Optimization Recommendation

Based on the analysis, the following hyperparameters have not been tested yet:
- High `n_estimators`.
- Low `min_samples_split` and `min_samples_leaf`.
- No specific constraint on `max_features`, but both `sqrt` and `log2`.

The next three trials could be:

1. **Trial 1:**
   - `n_estimators`: 300
   - `max_depth`: None
   - `min_samples_split`: 2
   - `min_samples_leaf`: 1
   - `max_features`: sqrt

2. **Trial 2:**
   - `n_estimators`: 300
   - `max_depth`: None
   - `min_samples_split`: 2
   - `min_samples_leaf`: 1
   - `max_features`: log2

3. **Trial 3:**
   - `n_estimators`: 300
   - `max_depth`: 15 (a value between the tested None and fixed depth)
   - `min_samples_split`: 2
   - `min_samples_leaf`: 1
   - `max_features`: sqrt

### Experiment Planning

```yaml
trials:
- params:
    max_depth: None
    max_features: sqrt
    min_samples_leaf: '1'
    min_samples_split: '2'
    n_estimators: '300'
  mean_score: 0.84
- params:
    max_depth: None
    max_features: log2
    min_samples_leaf: '1'
    min_samples_split: '2'
    n_estimators: '300'
  mean_score: 0.84
- params:
    max_depth: '15'
    max_features: sqrt
    min_samples_leaf: '1'
    min_samples_split: '2'
    n_estimators: '300'
  mean_score: 0.84
```

### Stop Optimization

Answer: No with confidence score: 0.79


boston_train_qwen2.5:32b2 - 2025-02-25 13:07:23, 0:0:34:32.211483 - ## Round 38
boston_train_qwen2.5:32b2 - 2025-02-25 13:07:23, 0:0:34:32.212368 - ## Failed 38
boston_train_qwen2.5:32b2 - 2025-02-25 13:07:23, 0:0:35:28.206033 - ### Analysis of Current Trials

#### 1. Summarize Performance Metrics:
- The best mean score observed is `0.84`, achieved multiple times.
- Most configurations achieving the highest scores are characterized by a `n_estimators` value of `'300'`, `max_depth` set to `None`, and `min_samples_split` and `min_samples_leaf` values of `'2'` and `'1'`.
- The choice of feature selection (`max_features`) appears less influential, as both 'sqrt' and 'log2' are seen among the top-performing configurations.

#### 2. Evaluate Performance Trends for Hyper-Parameters:
- **n_estimators**: Higher numbers (300) seem to perform better than lower ones.
- **max_depth**: `None` generally yields better results compared to fixed values like `'10'` or `'20'`.
- **min_samples_split** and **min_samples_leaf**: Smaller split sizes (`2`) are outperforming larger splits (`5`). 
- **max_features**: Both 'sqrt' and 'log2' show top performances, indicating feature selection method is less decisive.

#### 3. Highlight Promising Hyper-Parameter Combinations:
- A combination of `n_estimators: '300'`, `max_depth: None`, `min_samples_split: '2'`, `min_samples_leaf: '1'` with either `max_features: sqrt` or `log2` shows the best performance.

### Optimization Recommendation

Based on observed trends and given search space, here are recommended configurations for next 3 trials:
- **Trial 1**: Increase depth to see if more complex trees can improve slightly over current max (`None`):
    - `n_estimators: '300'`
    - `max_depth: '50'`
    - `min_samples_split: '2'`
    - `min_samples_leaf: '1'`
    - `max_features: sqrt`

- **Trial 2**: Test a configuration with slightly higher sampling requirements to reduce overfitting:
    - `n_estimators: '300'`
    - `max_depth: None`
    - `min_samples_split: '4'`
    - `min_samples_leaf: '1'`
    - `max_features: sqrt`

- **Trial 3**: Explore another feature selection method while keeping the best performing hyperparameters:
    - `n_estimators: '300'`
    - `max_depth: None`
    - `min_samples_split: '2'`
    - `min_samples_leaf: '1'`
    - `max_features: log2`

### Experiment Planning

```yaml
trials:
- params:
    max_depth: '50'
    max_features: sqrt
    min_samples_leaf: '1'
    min_samples_split: '2'
    n_estimators: '300'
  mean_score: null
- params:
    max_depth: None
    max_features: sqrt
    min_samples_leaf: '1'
    min_samples_split: '4'
    n_estimators: '300'
  mean_score: null
- params:
    max_depth: None
    max_features: log2
    min_samples_leaf: '1'
    min_samples_split: '2'
    n_estimators: '300'
  mean_score: null
```

### Stop Optimization

Answer: No with confidence score: `0.84`


boston_train_qwen2.5:32b2 - 2025-02-25 13:07:23, 0:0:35:28.217263 - ## Round 39
boston_train_qwen2.5:32b2 - 2025-02-25 13:07:23, 0:0:35:28.218207 - ## Failed 39
boston_train_qwen2.5:32b2 - 2025-02-25 13:07:23, 0:0:36:25.409824 - ### Analysis of Current Trials

1. **Summarize Performance Metrics**:
   - The mean scores range from 0.8 to 0.84.
   - The highest mean scores (0.84) are consistently achieved when `max_depth` is set to `'None'`, `min_samples_split` and `min_samples_leaf` are both '1', `n_estimators` is '300', and `max_features` can be either `'log2'` or `'sqrt'`.

2. **Evaluate Performance Trends for Hyper-Parameters**:
   - **`max_depth='None'`**: Often leads to better performance.
   - **`min_samples_split=1` & `min_samples_leaf=1`**: These settings tend to yield higher scores.
   - **`n_estimators=300`**: This setting seems optimal for high performance.
   - **`max_features`**: Both `'log2'` and `'sqrt'` perform well, with no clear advantage of one over the other.

3. **Highlight Promising Hyper-Parameter Combinations**:
   - The combination where `max_depth='None'`, `min_samples_split=1`, `min_samples_leaf=1`, `n_estimators=300`, and either `max_features='log2'` or `'sqrt'` has shown the best performance.

### Optimization Recommendation

- **Suggested Trials**:
  - Trial 1: 
    - `max_depth`: 'None'
    - `min_samples_split`: '2'
    - `min_samples_leaf`: '1'
    - `n_estimators`: '300'
    - `max_features`: 'log2'

  - Trial 2:
    - `max_depth`: '5'
    - `min_samples_split`: '1'
    - `min_samples_leaf`: '1'
    - `n_estimators`: '300'
    - `max_features`: 'sqrt'

  - Trial 3: 
    - `max_depth`: 'None'
    - `min_samples_split`: '2'
    - `min_samples_leaf`: '2'
    - `n_estimators`: '300'
    - `max_features`: 'log2'

**Reasons for Suggested Trials**:
- **Trial 1**: Changing `min_samples_split` from `'1'` to `'2'` to test if a slight change in splitting criteria can lead to better performance.
- **Trial 2**: Testing a smaller `max_depth` value (`5`) while keeping the best settings for other parameters.
- **Trial 3**: Exploring a combination with both `min_samples_split` and `min_samples_leaf` set to `'2'`.

### Experiment Planning

```yaml
trials:
- params:
    max_depth: 'None'
    min_samples_split: '2'
    min_samples_leaf: '1'
    n_estimators: '300'
    max_features: log2
  mean_score: null
- params:
    max_depth: '5'
    min_samples_split: '1'
    min_samples_leaf: '1'
    n_estimators: '300'
    max_features: sqrt
  mean_score: null
- params:
    max_depth: 'None'
    min_samples_split: '2'
    min_samples_leaf: '2'
    n_estimators: '300'
    max_features: log2
  mean_score: null
```

### Stop Optimization

Answer: No with confidence score: 0.84


boston_train_qwen2.5:32b2 - 2025-02-25 13:07:23, 0:0:36:25.421872 - ## Round 40
boston_train_qwen2.5:32b2 - 2025-02-25 13:07:23, 0:0:36:25.422808 - ## Failed 40
boston_train_qwen2.5:32b2 - 2025-02-25 13:07:23, 0:0:37:29.508329 - ### Analysis of Current Trials

1. **Summarize performance metrics**:
   - The highest mean scores observed are around 0.84, achieved by several configurations with `max_depth = None`, `min_samples_split = '2'`, and `min_samples_leaf = '1'`.
   - Configurations using `n_estimators = '300'` often result in higher mean scores.

2. **Evaluate performance trends for hyper-parameters**:
   - `max_depth`: 
     - Setting `max_depth` to `None` (infinite depth) generally leads to better model performance.
     - Specifying a fixed value like `'10'`, or `'20'` resulted in scores around 0.83, which are lower than the configurations with infinite depth.
   - `min_samples_split`: 
     - Smaller values for `min_samples_split` (e.g., `'2'`) tend to yield better results compared to larger values like `'5'`.
   - `min_samples_leaf`: 
     - A value of `'1'` performs well, while increasing this value tends to lower the performance.
   - `max_features`: 
     - Both `'sqrt'` and `'log2'` show strong performances. There is no clear trend that one consistently outperforms the other.

3. **Highlight promising hyper-parameter combinations**:
   - The best results are achieved with configurations such as: 
     ```yaml
     params:
       max_depth: None
       min_samples_split: '2'
       min_samples_leaf: '1'
       n_estimators: '300'
       max_features: sqrt or log2
     ```

### Optimization Recommendation

Based on the analysis, for the next 3 trials, we should explore new configurations that haven't been tested yet and focus on promising hyper-parameter combinations.

**Reasons**:
- We observed higher performance scores with `max_depth = None`, so it's recommended to keep this setting.
- Smaller values of `min_samples_split` ('2') led to better results compared to larger values, so we should stick with '2'.
- A `min_samples_leaf` value of '1' is consistently yielding good results.
- Since both `'sqrt'` and `'log2'` have shown promising performance, let's test different combinations.

**Next Trials**:
```yaml
trials:
  - params:
      max_depth: None
      min_samples_split: '2'
      min_samples_leaf: '1'
      n_estimators: '300'
      max_features: log2
    mean_score: null
  - params:
      max_depth: None
      min_samples_split: '2'
      min_samples_leaf: '1'
      n_estimators: '300'
      max_features: sqrt
    mean_score: null
  - params:
      max_depth: None
      min_samples_split: '2'
      min_samples_leaf: '1'
      n_estimators: '250' # Try a value in between 200 and 300 to see if there's an intermediate sweet spot
      max_features: sqrt
    mean_score: null
```

### Experiment Planning

```yaml
trials:
- params:
    max_depth: None
    min_samples_split: '2'
    min_samples_leaf: '1'
    n_estimators: '300'
    max_features: log2
  mean_score: null
- params:
    max_depth: None
    min_samples_split: '2'
    min_samples_leaf: '1'
    n_estimators: '300'
    max_features: sqrt
  mean_score: null
- params:
    max_depth: None
    min_samples_split: '2'
    min_samples_leaf: '1'
    n_estimators: '250'
    max_features: sqrt
  mean_score: null
```

### Stop Optimization

Answer: No with confidence score: 0.84


boston_train_qwen2.5:32b2 - 2025-02-25 13:07:23, 0:0:37:29.517286 - ## Round 40
boston_train_qwen2.5:32b2 - 2025-02-25 13:07:23, 0:0:37:29.518148 - ## Failed 41
boston_train_qwen2.5:32b2 - 2025-02-25 13:07:23, 0:0:38:20.091290 - ### Analysis of Current Trials

1. **Summarize Performance Metrics**
   - The mean scores range from approximately 0.8 to 0.84.
   - Higher mean scores tend to be associated with higher values for `n_estimators` (200 or 300), and lower values for `min_samples_split` (often 2).

2. **Evaluate Performance Trends for Hyper-Parameters**
   - Increasing the number of estimators (`n_estimators`) tends to improve performance.
   - Lower values of `min_samples_leaf` tend to yield better scores than higher values.
   - The choice between `sqrt` and `log2` for `max_features` seems less influential, though both can be effective.

3. **Highlight Promising Hyper-Parameter Combinations**
   - High-performing combinations include:
     - \( n_estimators = 300 \), \( min_samples_split = 2 \), \( min_samples_leaf = 1 \)
     - Using either `max_features: sqrt` or `log2`, with `max_depth` as `None`.

### Optimization Recommendation

Based on the analysis, the following hyper-parameter combinations are recommended for the next three trials:

1. **Trial 1**:
   - \( n_estimators = 300 \)
   - \( max_depth = None \)
   - \( min_samples_split = 2 \)
   - \( min_samples_leaf = 2 \)
   - \( max_features: log2 \)

2. **Trial 2**:
   - \( n_estimators = 300 \)
   - \( max_depth = 25 \) (a value slightly higher than `None` to explore regularization further)
   - \( min_samples_split = 2 \)
   - \( min_samples_leaf = 1 \)
   - \( max_features: sqrt \)

3. **Trial 3**:
   - \( n_estimators = 300 \)
   - \( max_depth = None \)
   - \( min_samples_split = 5 \) (exploring a slightly higher split threshold to control overfitting)
   - \( min_samples_leaf = 1 \)
   - \( max_features: log2 \)

### Experiment Planning

```yaml
trials:
- params:
    max_depth: None
    max_features: log2
    min_samples_leaf: '2'
    min_samples_split: '2'
    n_estimators: '300'
  mean_score: 0.84
- params:
    max_depth: '25'
    max_features: sqrt
    min_samples_leaf: '1'
    min_samples_split: '2'
    n_estimators: '300'
  mean_score: 0.84
- params:
    max_depth: None
    max_features: log2
    min_samples_leaf: '1'
    min_samples_split: '5'
    n_estimators: '300'
  mean_score: 0.84
```

### Stop Optimization

Answer: No  
Confidence score: 0.79


boston_train_qwen2.5:32b2 - 2025-02-25 13:07:23, 0:0:38:20.103162 - ## Round 41
boston_train_qwen2.5:32b2 - 2025-02-25 13:07:23, 0:0:38:20.104036 - ## Failed 42
boston_train_qwen2.5:32b2 - 2025-02-25 13:07:23, 0:0:39:22.574196 - ### Analysis of Current Trials

#### 1. Summarize performance metrics:
The current trials have yielded the following mean scores:
- Maximum Mean Score: `0.84`
- Minimum Mean Score: `0.802`

#### 2. Evaluate performance trends for hyper-parameters:
- **`n_estimators`:** The higher number of estimators (`300`) seems to be more beneficial than lower numbers (`100`, `200`). Scores range from `0.84` (high) with `n_estimators: '300'`.
- **`max_depth`:** None seems to perform better consistently compared to a fixed value of `'20'`.
- **`min_samples_split`:** Splitting the samples at 2 (`'2'`) appears to yield higher performance, especially when combined with low `min_samples_leaf` values.
- **`min_samples_leaf`:** Smaller leaf nodes (`'1'`, `'2'`) tend to result in better scores than larger ones like `'5'`.
- **`max_features`:** Both `'sqrt'` and `'log2'` show good performance. However, based on the given trials, `'sqrt'` might be marginally more beneficial.

#### 3. Highlight promising hyper-parameter combinations:
Promising combinations include:
- `n_estimators: '300', max_depth: None, min_samples_split: '2', min_samples_leaf: '1', max_features: sqrt`
- `n_estimators: '300', max_depth: None, min_samples_split: '2', min_samples_leaf: '1', max_features: log2`

### Optimization Recommendation

Based on the observed trends and given search space:

#### Next 3 Trials:
1. **Trial 1:**  
   - `n_estimators: '300'` 
   - `max_depth: None`
   - `min_samples_split: '5'`
   - `min_samples_leaf: '2'`
   - `max_features: sqrt`

   Justification: This trial explores a higher split value while keeping leaf size moderate. It avoids retesting combinations already seen, and the high number of estimators should provide robust performance.

2. **Trial 2:**  
   - `n_estimators: '300'` 
   - `max_depth: None`
   - `min_samples_split: '5'`
   - `min_samples_leaf: '1'`
   - `max_features: log2`

   Justification: Testing another combination with the same number of estimators and depth, but changing the feature selection method to see if there's an additional performance boost.

3. **Trial 3:**  
   - `n_estimators: '300'` 
   - `max_depth: None`
   - `min_samples_split: '2'`
   - `min_samples_leaf: '1'`
   - `max_features: log2`

   Justification: This trial tests a slightly different combination by adjusting the minimum split size while keeping other parameters similar to previous high-performing settings.

### Experiment Planning

```yaml
trials:
- params:
    n_estimators: '300'
    max_depth: None
    min_samples_split: '5'
    min_samples_leaf: '2'
    max_features: sqrt
  mean_score: null
- params:
    n_estimators: '300'
    max_depth: None
    min_samples_split: '5'
    min_samples_leaf: '1'
    max_features: log2
  mean_score: null
- params:
    n_estimators: '300'
    max_depth: None
    min_samples_split: '2'
    min_samples_leaf: '1'
    max_features: log2
  mean_score: null
```

### Stop Optimization

Answer: No with confidence score: 0.75


boston_train_qwen2.5:32b2 - 2025-02-25 13:07:23, 0:0:39:22.586365 - ## Round 42
boston_train_qwen2.5:32b2 - 2025-02-25 13:07:23, 0:0:39:22.587251 - ## Failed 43
boston_train_qwen2.5:32b2 - 2025-02-25 13:07:23, 0:0:40:17.072071 - ### Analysis of Current Trials

1. **Summarize performance metrics**:
    - The highest `mean_score` observed is 0.84.
    - Most trials have a `mean_score` in the range between 0.82 and 0.84.

2. **Evaluate performance trends for hyper-parameters**:
   - **`n_estimators`:**
     - Trials with higher values (e.g., '300') tend to perform better compared to lower values.
   - **`max_depth`:**
     - `None` tends to perform slightly better than fixed depths like '20'.
   - **`min_samples_split`:**
     - A value of '2' tends to outperform higher values (like '5').
   - **`min_samples_leaf`:**
     - Lower values (e.g., '1') tend to yield a better `mean_score`.
   - **`max_features`:**
     - Both `'sqrt'` and `'log2'` have performed well, but slightly more trials with `'log2'` reached the highest scores.

3. **Highlight promising hyper-parameter combinations**:
    - A notable combination is: 
      ```yaml
      params:
        n_estimators: '300'
        max_depth: None
        min_samples_split: '2'
        min_samples_leaf: '1'
        max_features: log2
      ```

### Optimization Recommendation

Based on the analysis, here are the recommended hyper-parameters for the next 3 trials to further optimize model performance:

1. **Trial 1**:
   - `n_estimators`: '300' (higher values show better results)
   - `max_depth`: None
   - `min_samples_split`: '2'
   - `min_samples_leaf`: '4' (to explore a middle ground value between 1 and 5)
   - `max_features`: 'sqrt'

2. **Trial 2**:
   - `n_estimators`: '300'
   - `max_depth`: None
   - `min_samples_split`: '3' (exploring a different split point)
   - `min_samples_leaf`: '1'
   - `max_features`: 'log2'

3. **Trial 3**:
   - `n_estimators`: '300'
   - `max_depth`: None
   - `min_samples_split`: '2'
   - `min_samples_leaf`: '1'
   - `max_features`: 'sqrt' (exploring consistency with previous high-performing trials)

### Experiment Planning

```yaml
trials:
- params:
    n_estimators: '300'
    max_depth: None
    min_samples_split: '2'
    min_samples_leaf: '4'
    max_features: sqrt
  mean_score: null
- params:
    n_estimators: '300'
    max_depth: None
    min_samples_split: '3'
    min_samples_leaf: '1'
    max_features: log2
  mean_score: null
- params:
    n_estimators: '300'
    max_depth: None
    min_samples_split: '2'
    min_samples_leaf: '1'
    max_features: sqrt
  mean_score: null
```

### Stop Optimization

Answer: No  
Confidence score: 0.75


boston_train_qwen2.5:32b2 - 2025-02-25 13:07:23, 0:0:40:17.080208 - ## Round 42
boston_train_qwen2.5:32b2 - 2025-02-25 13:07:23, 0:0:40:17.081055 - ## Failed 44
boston_train_qwen2.5:32b2 - 2025-02-25 13:07:23, 0:0:41:03.946330 - ### Analysis of Current Trials

1. **Summarize Performance Metrics**
   - The performance metrics are primarily focused on `mean_score`, which indicates how well the model performs based on different hyperparameter settings.
   - Scores range from approximately 0.8 to 0.84.

2. **Evaluate Performance Trends for Hyper-Parameters**
   - From the data, it appears that `n_estimators` set to '300' consistently yields higher scores compared to lower values like '100'.
   - A `max_depth` of None (unlimited depth) performs slightly better than limited depths.
   - The number of `min_samples_split` and `min_samples_leaf` do not seem to have a strong impact on performance. However, a value of 2 for `min_samples_leaf` seems to be a good balance.

3. **Highlight Promising Hyper-Parameter Combinations**
   - The highest scores are observed when `n_estimators = '300'`, `max_depth = None`, and either `max_features = sqrt` or `log2`.
   - Using `sqrt` for `max_features` consistently yields slightly better results than using `log2`.

### Optimization Recommendation

Based on the analysis:
- **Trial 1**: Increase `n_estimators` to '300', set `max_depth` as None, and use `max_features = sqrt`. Set `min_samples_leaf` to a higher value like '4' and `min_samples_split` to '2'.
- **Trial 2**: Keep `n_estimators = '300'`, set `max_depth` as None, and use `max_features = log2`. Experiment with different values for `min_samples_leaf` such as '3', and `min_samples_split` at '5'.
- **Trial 3**: Increase `n_estimators` to '300', keep `max_depth` as None. Use `max_features = sqrt`, set `min_samples_leaf` to a lower value like '1' and `min_samples_split` to '2'.

### Experiment Planning

```yaml
trials:
- params:
    max_depth: None
    max_features: sqrt
    min_samples_leaf: '4'
    min_samples_split: '2'
    n_estimators: '300'
  mean_score: null
- params:
    max_depth: None
    max_features: log2
    min_samples_leaf: '3'
    min_samples_split: '5'
    n_estimators: '300'
  mean_score: null
- params:
    max_depth: None
    max_features: sqrt
    min_samples_leaf: '1'
    min_samples_split: '2'
    n_estimators: '300'
  mean_score: null
```

### Stop Optimization

Answer: No with confidence score: 84%


boston_train_qwen2.5:32b2 - 2025-02-25 13:07:23, 0:0:41:03.956625 - ## Round 43
boston_train_qwen2.5:32b2 - 2025-02-25 13:07:23, 0:0:41:03.957606 - ## Failed 45
boston_train_qwen2.5:32b2 - 2025-02-25 13:07:23, 0:0:42:07.193314 - ### Analysis of Current Trials

1. **Summarize Performance Metrics**:
   - The highest mean scores are concentrated around `mean_score` values of 0.84, achieved with hyper-parameters that include:
     - `n_estimators: '300'`
     - `max_depth: None`
     - `min_samples_split: '2'`
     - `min_samples_leaf: '1'`
   - The best performance is consistently observed when using a higher number of estimators (`300`), no maximum depth (`None`), and smaller splits for both `min_samples_split` (`2`) and `min_samples_leaf` (`1`). Different feature selections (`sqrt`, `log2`) do not seem to impact scores significantly.

2. **Evaluate Performance Trends for Hyper-parameters**:
   - `n_estimators: '300'` is performing better than `'200'` or `'100'`.
   - No maximum depth (`None`) seems to work well, and setting it to a specific value such as `'20'` reduces the score.
   - Smaller values for both `min_samples_split: '2'` and `min_samples_leaf: '1'` lead to higher performance scores compared to larger values.
   
3. **Highlight Promising Hyper-parameter Combinations**:
   - The most promising hyper-parameters are combinations where:
     - `n_estimators = 300`
     - `max_depth = None`
     - `min_samples_split = 2`
     - `min_samples_leaf = 1`
     - Feature selection (`sqrt`, `log2`) does not seem to impact the score significantly.

### Optimization Recommendation

Given the current results and search space, here are the recommended hyper-parameters for the next 3 trials:

1. **Trial 1**:
   - `n_estimators: '300'`
   - `max_depth: None`
   - `min_samples_split: '2'`
   - `min_samples_leaf: '1'`
   - `max_features: log2`
   
   Reasoning: Maintaining the best performing hyper-parameters with a change in feature selection to ensure that the model is not overfitting.

2. **Trial 2**:
   - `n_estimators: '300'`
   - `max_depth: None`
   - `min_samples_split: '2'`
   - `min_samples_leaf: '1'`
   - `max_features: sqrt`

   Reasoning: Similar to Trial 1 but with a different feature selection method (`sqrt`) to validate the consistency of performance across different features.

3. **Trial 3**:
   - `n_estimators: '300'`
   - `max_depth: None`
   - `min_samples_split: '2'`
   - `min_samples_leaf: '1'`
   - `max_features: auto`

   Reasoning: Adding a different feature selection method (`auto`) to see if it provides any performance boost and also check for robustness across different settings.

### Experiment Planning

```yaml
trials:
- params:
    max_depth: None
    max_features: log2
    min_samples_leaf: '1'
    min_samples_split: '2'
    n_estimators: '300'
  mean_score: 0.84
- params:
    max_depth: None
    max_features: sqrt
    min_samples_leaf: '1'
    min_samples_split: '2'
    n_estimators: '300'
  mean_score: 0.84
- params:
    max_depth: None
    max_features: auto
    min_samples_leaf: '1'
    min_samples_split: '2'
    n_estimators: '300'
  mean_score: 0.84
```

### Stop Optimization

Answer: No with confidence score: 0.75


boston_train_qwen2.5:32b2 - 2025-02-25 13:07:23, 0:0:42:07.206326 - ## Round 44
boston_train_qwen2.5:32b2 - 2025-02-25 13:07:23, 0:0:42:07.207212 - ## Failed 46
boston_train_qwen2.5:32b2 - 2025-02-25 13:07:23, 0:0:42:59.661331 - ### Analysis of Current Trials

1. **Summarize performance metrics**:
   - The highest observed mean score from the trials is 0.84.
   - Several trials achieved this top score, indicating that certain hyperparameter configurations are particularly effective.

2. **Evaluate performance trends for hyper-parameters**:
   - `n_estimators`: A value of '300' has consistently produced high scores.
   - `max_depth`: None (unlimited depth) is often associated with the highest performing models.
   - `min_samples_split` and `min_samples_leaf`: Smaller values like '1' seem to perform better than larger ones like '5'.
   - `max_features`: Both 'sqrt' and 'log2' have produced high scores, but there seems to be a slight edge for 'log2'.

3. **Highlight promising hyper-parameter combinations**:
   - Promising configurations that achieved the best performance include:
     ```yaml
     n_estimators: '300'
     max_depth: None
     min_samples_split: '2'
     min_samples_leaf: '1'
     max_features: log2
     ```

### Optimization Recommendation

Based on the analysis, I recommend the following hyper-parameters for the next 3 trials:

1. **Trial 1**:
   - `n_estimators`: '300' (to continue leveraging high-performing number of estimators)
   - `max_depth`: None
   - `min_samples_split`: '2'
   - `min_samples_leaf`: '2'
   - `max_features`: log2

2. **Trial 2**:
   - `n_estimators`: '300' (to continue leveraging high-performing number of estimators)
   - `max_depth`: None
   - `min_samples_split`: '1'
   - `min_samples_leaf`: '2'
   - `max_features`: sqrt

3. **Trial 3**:
   - `n_estimators`: '300' (to continue leveraging high-performing number of estimators)
   - `max_depth`: None
   - `min_samples_split`: '1'
   - `min_samples_leaf`: '1'
   - `max_features`: log2

These suggestions are designed to explore variations in `min_samples_split` and `min_samples_leaf`, while keeping the promising settings of `n_estimators` and `max_depth`.

### Experiment Planning

```yaml
trials:
- params:
    max_depth: None
    max_features: log2
    min_samples_leaf: '2'
    min_samples_split: '2'
    n_estimators: '300'
  mean_score: null
- params:
    max_depth: None
    max_features: sqrt
    min_samples_leaf: '2'
    min_samples_split: '1'
    n_estimators: '300'
  mean_score: null
- params:
    max_depth: None
    max_features: log2
    min_samples_leaf: '1'
    min_samples_split: '1'
    n_estimators: '300'
  mean_score: null
```

### Stop Optimization

Answer: No with confidence score: 0.75


boston_train_qwen2.5:32b2 - 2025-02-25 13:07:23, 0:0:42:59.668833 - ## Round 44
boston_train_qwen2.5:32b2 - 2025-02-25 13:07:23, 0:0:42:59.669683 - ## Failed 47
boston_train_qwen2.5:32b2 - 2025-02-25 13:07:23, 0:0:43:46.001583 - ### Analysis of Current Trials

1. **Summarize Performance Metrics**:
   - The performance metric used is the mean accuracy.
   - The highest observed mean accuracy so far is 0.84.

2. **Evaluate Performance Trends for Hyper-Parameters**:
   - `n_estimators`: Higher values (300) seem to perform well.
   - `max_depth`: Setting it to `None` appears better than setting a fixed depth like 20.
   - `min_samples_split` and `min_samples_leaf`: Lower values (1 or 2) tend to yield higher performance compared to higher values (5).
   - `max_features`: Both 'log2' and 'sqrt' have performed well with similar results.

3. **Highlight Promising Hyper-Parameter Combinations**:
   - A combination of high `n_estimators` (300), `max_depth=None`, low `min_samples_split` (1 or 2), low `min_samples_leaf` (1 or 2), and either 'log2' or 'sqrt' for `max_features` has yielded the best results.

### Optimization Recommendation

Based on these observations, the next set of hyper-parameters should aim to explore further within the ranges that have shown promise:

1. **Trial 1**:
   - `n_estimators`: 300
   - `max_depth`: None
   - `min_samples_split`: 2
   - `min_samples_leaf`: 1
   - `max_features`: 'sqrt'

2. **Trial 2**:
   - `n_estimators`: 300
   - `max_depth`: None
   - `min_samples_split`: 1
   - `min_samples_leaf`: 2
   - `max_features`: 'log2'

3. **Trial 3**:
   - `n_estimators`: 300
   - `max_depth`: None
   - `min_samples_split`: 1
   - `min_samples_leaf`: 1
   - `max_features`: 'sqrt'

### Experiment Planning

```yaml
trials:
- params:
    max_depth: None
    max_features: sqrt
    min_samples_leaf: '1'
    min_samples_split: '2'
    n_estimators: '300'
- params:
    max_depth: None
    max_features: log2
    min_samples_leaf: '2'
    min_samples_split: '1'
    n_estimators: '300'
- params:
    max_depth: None
    max_features: sqrt
    min_samples_leaf: '1'
    min_samples_split: '1'
    n_estimators: '300'
```

### Stop Optimization

Answer: No with confidence score: 0.84


boston_train_qwen2.5:32b2 - 2025-02-25 13:07:23, 0:0:43:46.012519 - ## Round 45
boston_train_qwen2.5:32b2 - 2025-02-25 13:07:23, 0:0:43:46.013404 - ## Failed 48
boston_train_qwen2.5:32b2 - 2025-02-25 13:07:23, 0:0:44:36.391121 - Based on the provided data and instructions, here is a step-by-step analysis of the current trials and recommendations for further optimization:

### Analysis of Current Trials:
1. **Summarize performance metrics**: The mean scores vary from around 0.802 to 0.84.
2. **Evaluate performance trends**:
    - `max_depth`: The results with a fixed depth (`'20'`) do not perform as well compared to `'None'` (default value).
    - `n_estimators`: Higher numbers of estimators (`300`) are performing better than smaller ones (`100` or `200`).
    - `max_features`: Both 'sqrt' and 'log2' have shown promising results, with no significant difference between them.
    - `min_samples_split` and `min_samples_leaf`: Smaller values seem to be outperforming the larger ones.

3. **Highlight promising hyper-parameter combinations**:
    - Combinations with `n_estimators='300'`, `max_depth=None`, smaller `min_samples_leaf` (`1`) and `min_samples_split` (`2`) have consistently shown better performance.
   
### Optimization Recommendation:
Based on these observations, the next 3 trials should aim to explore combinations of high-performing parameters while avoiding re-testing existing ones. 

#### Proposed Trials:
1. **Trial 1**: 
   - `n_estimators='300'`
   - `max_depth=None`
   - `min_samples_leaf='2'`
   - `min_samples_split='3'`
   - `max_features='sqrt'`

2. **Trial 2**:
   - `n_estimators='300'`
   - `max_depth=None`
   - `min_samples_leaf='1'`
   - `min_samples_split='4'`
   - `max_features='log2'`

3. **Trial 3**: 
   - `n_estimators='300'`
   - `max_depth=None`
   - `min_samples_leaf='3'`
   - `min_samples_split='5'`
   - `max_features='sqrt'`

### Experiment Planning:
```yaml
trials:
- params:
    max_depth: None
    max_features: sqrt
    min_samples_leaf: '2'
    min_samples_split: '3'
    n_estimators: '300'
  mean_score: null
- params:
    max_depth: None
    max_features: log2
    min_samples_leaf: '1'
    min_samples_split: '4'
    n_estimators: '300'
  mean_score: null
- params:
    max_depth: None
    max_features: sqrt
    min_samples_leaf: '3'
    min_samples_split: '5'
    n_estimators: '300'
  mean_score: null
```

### Stop Optimization:
Given the current performance is around 0.84, which is fairly high but not perfect, there's still room for improvement.
Answer: No with confidence score: 0.84


boston_train_qwen2.5:32b2 - 2025-02-25 13:07:23, 0:0:44:36.403437 - ## Round 46
boston_train_qwen2.5:32b2 - 2025-02-25 13:07:23, 0:0:44:36.404334 - ## Failed 49
boston_train_qwen2.5:32b2 - 2025-02-25 13:07:23, 0:0:45:25.562093 - ### Analysis of Current Trials

1. **Summarize Performance Metrics**
   - The highest performance mean score observed is 0.84, which has been achieved multiple times.
   - The lowest performance mean score observed is around 0.802.

2. **Evaluate Performance Trends for Hyper-parameters**
   - `n_estimators`: Higher numbers like 300 show consistent top scores (0.84).
   - `max_depth`: None seems to be performing better compared to fixed values.
   - `min_samples_split` and `min_samples_leaf`: Lower values tend to perform better, with `1` showing higher performance.
   - `max_features`: Both 'log2' and 'sqrt' are competitive. However, 'log2' appears slightly more consistent in achieving high scores.

3. **Highlight Promising Hyper-parameter Combinations**
   - `n_estimators: 300`, `max_depth: None`, `min_samples_split: 2`, `min_samples_leaf: 1`, and `max_features: log2` consistently yield the best results (mean score of 0.84).

### Optimization Recommendation

Based on the analysis:
- The trials with `n_estimators=300`, `max_depth=None`, `min_samples_split=2`, `min_samples_leaf=1`, and `max_features=log2` should be prioritized.
- New combinations should avoid previously tested hyperparameter settings.

#### Suggested Trials for Next 3:

1. **Trial 1**:
   - `n_estimators: 300`
   - `max_depth: None`
   - `min_samples_split: 5`
   - `min_samples_leaf: 2`
   - `max_features: log2`

2. **Trial 2**:
   - `n_estimators: 300`
   - `max_depth: None`
   - `min_samples_split: 3`
   - `min_samples_leaf: 1`
   - `max_features: sqrt`

3. **Trial 3**:
   - `n_estimators: 300`
   - `max_depth: None`
   - `min_samples_split: 2`
   - `min_samples_leaf: 2`
   - `max_features: sqrt`

### Experiment Planning

```yaml
trials:
- params:
    max_depth: None
    max_features: log2
    min_samples_leaf: '2'
    min_samples_split: '5'
    n_estimators: '300'
- params:
    max_depth: None
    max_features: sqrt
    min_samples_leaf: '1'
    min_samples_split: '3'
    n_estimators: '300'
- params:
    max_depth: None
    max_features: sqrt
    min_samples_leaf: '2'
    min_samples_split: '2'
    n_estimators: '300'
```

### Stop Optimization

Answer: No with confidence score: 0.84


boston_train_qwen2.5:32b2 - 2025-02-25 13:07:23, 0:0:45:25.573819 - ## Round 47
boston_train_qwen2.5:32b2 - 2025-02-25 13:07:23, 0:0:45:25.574718 - ## Failed 50
boston_train_qwen2.5:32b2 - 2025-02-25 13:07:23, 0:0:46:22.468822 - ### Analysis of Current Trials

1. **Summarize Performance Metrics**:
   - The highest mean scores are around 0.84, achieved with combinations that primarily have `max_depth=None`, `min_samples_split=2`, `min_samples_leaf=1`, and a mix of `sqrt` or `log2` for `max_features`.
   - Lower scores (around 0.827) are associated with `min_samples_leaf=2`.

2. **Evaluate Performance Trends**:
   - When `n_estimators=300`, the model tends to perform well, especially when combined with `min_samples_split=2` and `min_samples_leaf=1`.
   - Setting `max_depth=None` seems beneficial across various combinations.
   - The choice of `sqrt` or `log2` for `max_features` does not significantly affect performance.

3. **Highlight Promising Hyper-Parameter Combinations**:
   - Combinations with `n_estimators=300`, `min_samples_split=2`, `min_samples_leaf=1`, and either `sqrt` or `log2` for `max_features` are promising.
   - Setting `max_depth=None` is also beneficial.

### Optimization Recommendation

Based on the hyper-parameter analysis, observed performance trends, and given search space, here are the best hyper-parameters for the next 3 trials to improve model performance:

1. **Trial 1**:
   - `n_estimators=200`
   - `min_samples_split=2`
   - `min_samples_leaf=1`
   - `max_features=sqrt`
   - `max_depth=None`

   *Reason*: Reducing the number of estimators from 300 to 200 can help reduce overfitting and potentially improve generalization, while keeping other promising parameters.

2. **Trial 2**:
   - `n_estimators=150`
   - `min_samples_split=2`
   - `min_samples_leaf=1`
   - `max_features=log2`
   - `max_depth=None`

   *Reason*: Further reduction in the number of estimators to balance model complexity and performance. Using `log2` for `max_features` can introduce a different aspect of feature selection.

3. **Trial 3**:
   - `n_estimators=100`
   - `min_samples_split=5`
   - `min_samples_leaf=2`
   - `max_features=sqrt`
   - `max_depth=None`

   *Reason*: Testing a lower number of estimators with different splitting criteria to explore the impact on model performance. Increasing `min_samples_leaf` and `min_samples_split` can lead to more robust decision trees.

### Experiment Planning

```yaml
trials:
- params:
    max_depth: None
    max_features: sqrt
    min_samples_leaf: '1'
    min_samples_split: '2'
    n_estimators: '200'
  mean_score: null
- params:
    max_depth: None
    max_features: log2
    min_samples_leaf: '1'
    min_samples_split: '2'
    n_estimators: '150'
  mean_score: null
- params:
    max_depth: None
    max_features: sqrt
    min_samples_leaf: '2'
    min_samples_split: '5'
    n_estimators: '100'
  mean_score: null
```

### Stop Optimization

Answer: No  
Confidence score: 0.76


boston_train_qwen2.5:32b2 - 2025-02-25 13:07:23, 0:0:46:22.481398 - ## Round 48
boston_train_qwen2.5:32b2 - 2025-02-25 13:07:23, 0:0:46:22.482286 - ## Failed 51
boston_train_qwen2.5:32b2 - 2025-02-25 13:07:23, 0:0:47:19.386086 - ### Analysis of Current Trials

**1. Summarize performance metrics:**

The trials involve varying hyperparameters for a Random Forest model including `max_depth`, `max_features`, `min_samples_leaf`, `min_samples_split`, and `n_estimators`. The primary metric observed is the mean score, which seems to be accuracy or some form of validation score.

**2. Evaluate performance trends for hyper-parameters:**

- **`n_estimators`:**
  - A value of '300' has shown promising results with a high mean score.
  
- **`max_depth`:**
  - `None` tends to perform well, suggesting that deeper trees may not be overfitting.

- **`min_samples_split`:**
  - Both values (2 and 5) have performed reasonably, but '2' seems slightly more consistent across trials.

- **`min_samples_leaf`:**
  - A value of '1' appears to perform the best consistently.

- **`max_features`:**
  - `sqrt` has been performing well in most cases, though `log2` also yields similar results occasionally.

**3. Highlight promising hyper-parameter combinations:**

- High-performing trials include those with:
  - `n_estimators: '300'`, 
  - `max_depth: None`,
  - `min_samples_split: '2' or '5'`
  - `min_samples_leaf: '1'`
  - `max_features: sqrt` (though log2 also performs well).

### Optimization Recommendation

Based on the above analysis, here are the recommended hyperparameters for the next three trials:

**Trial 1:**
- n_estimators: '300'
- max_depth: None
- min_samples_split: '3' (since we haven't tested this yet and it might offer a balance between deeper splits)
- min_samples_leaf: '1'
- max_features: sqrt

**Reasoning:** Testing `min_samples_split` at '3' could help find an optimal split that's not too shallow or deep.

**Trial 2:**
- n_estimators: '300'
- max_depth: None
- min_samples_split: '4'
- min_samples_leaf: '1'
- max_features: sqrt

**Reasoning:** Similar reasoning as Trial 1, but testing `min_samples_split` at '4'.

**Trial 3:**
- n_estimators: '250' (trying a smaller number to see if it helps with overfitting)
- max_depth: None
- min_samples_split: '2'
- min_samples_leaf: '1'
- max_features: sqrt

**Reasoning:** Testing fewer `n_estimators` might help reduce complexity and potentially improve performance.

### Experiment Planning

```yaml
trials:
- params:
    n_estimators: '300'
    max_depth: None
    min_samples_split: '3'
    min_samples_leaf: '1'
    max_features: sqrt
  mean_score: null
- params:
    n_estimators: '300'
    max_depth: None
    min_samples_split: '4'
    min_samples_leaf: '1'
    max_features: sqrt
  mean_score: null
- params:
    n_estimators: '250'
    max_depth: None
    min_samples_split: '2'
    min_samples_leaf: '1'
    max_features: sqrt
  mean_score: null
```

### Stop Optimization

**Answer:** No with confidence score: 0.78


boston_train_qwen2.5:32b2 - 2025-02-25 13:07:23, 0:0:47:19.399406 - ## Round 49
boston_train_qwen2.5:32b2 - 2025-02-25 13:07:23, 0:0:47:19.400363 - ## Failed 52
boston_train_qwen2.5:32b2 - 2025-02-25 13:07:23, 0:0:48:07.669096 - ### Analysis of Current Trials

1. **Summarize Performance Metrics**:
   - The highest mean score achieved so far is 0.84, which was obtained for multiple trials.
   - The lowest mean score was around 0.802.

2. **Evaluate Performance Trends for Hyper-Parameters**:
   - `n_estimators`: There seems to be a consistent performance improvement when using higher values of `n_estimators`, especially at the value of '300'.
   - `max_depth`: Trials with `max_depth=None` seem to perform better than trials with fixed depths.
   - `min_samples_split` and `min_samples_leaf`: A lower split (2) appears to be more effective compared to higher splits. 
   - `max_features`: Both `sqrt` and `log2` have shown good performance, but there doesn't appear a clear winner yet.

3. **Promising Hyper-Parameter Combinations**:
   - Trials with `n_estimators='300'`, `min_samples_split='2'`, `min_samples_leaf='1'`, and `max_depth=None` showed the highest mean scores.
   
### Optimization Recommendation

Based on the analysis above, the following hyper-parameter combinations are recommended for improving model performance:

1. **First Trial**:
   - Parameters: 
     ```yaml
     params:
       max_depth: '20'
       max_features: log2
       min_samples_leaf: '5'
       min_samples_split: '2'
       n_estimators: '300'
     ```

2. **Second Trial**:
   - Parameters:
     ```yaml
     params:
       max_depth: None
       max_features: sqrt
       min_samples_leaf: '1'
       min_samples_split: '5'
       n_estimators: '300'
     ```

3. **Third Trial**:
   - Parameters:
     ```yaml
     params:
       max_depth: None
       max_features: log2
       min_samples_leaf: '5'
       min_samples_split: '2'
       n_estimators: '100'
     ```

### Experiment Planning

```yaml
trials:
- params:
    max_depth: '20'
    max_features: log2
    min_samples_leaf: '5'
    min_samples_split: '2'
    n_estimators: '300'
  mean_score: null
- params:
    max_depth: None
    max_features: sqrt
    min_samples_leaf: '1'
    min_samples_split: '5'
    n_estimators: '300'
  mean_score: null
- params:
    max_depth: None
    max_features: log2
    min_samples_leaf: '5'
    min_samples_split: '2'
    n_estimators: '100'
  mean_score: null
```

### Stop Optimization

Answer: No with confidence score: 0.78


boston_train_qwen2.5:32b2 - 2025-02-25 13:07:23, 0:0:48:07.676493 - ## Round 49
boston_train_qwen2.5:32b2 - 2025-02-25 13:07:23, 0:0:48:07.677369 - ## Failed 53
boston_train_qwen2.5:32b2 - 2025-02-25 13:07:23, 0:0:49:06.245510 - ### Analysis of Current Trials

1. **Summarize Performance Metrics**: 
   - The trials have explored various combinations of hyper-parameters including `n_estimators`, `max_depth`, `min_samples_split`, `min_samples_leaf`, and `max_features`.
   - The best performance observed is a mean score of 0.84, achieved with several configurations where `n_estimators=300`, `max_depth=None`, `min_samples_split=2`, and `min_samples_leaf=1`. `max_features` alternates between `sqrt` and `log2`.
   - The worst performance observed is around 0.802.

2. **Evaluate Performance Trends for Hyper-Parameters**:
   - Increasing `n_estimators` generally improves the model's performance, with the best configurations having a high number of estimators (300).
   - Setting `max_depth=None` allows trees to grow until all leaves are pure or until all leaves contain less than the minimum samples required. This trend shows better results compared to setting `max_depth=20`.
   - The choice between `sqrt` and `log2` for `max_features` does not seem to have a significant impact on performance as both configurations show high mean scores.
   - Smaller values of `min_samples_split` (e.g., 2) generally lead to better performance compared to larger values (5).

3. **Highlight Promising Hyper-Parameter Combinations**:
   - The best combinations are those where `n_estimators=300`, `max_depth=None`, and small values for `min_samples_leaf` and `min_samples_split`.

### Optimization Recommendation

Based on the hyper-parameter analysis, observed performance trends, and the given search space, the following hyper-parameters should be tested in the next 3 trials to improve model performance:

1. **Trial 1**:
   - `n_estimators`: '300'
   - `max_depth`: None
   - `min_samples_split`: '2'
   - `min_samples_leaf`: '2'
   - `max_features`: log2
   
2. **Trial 2**:
   - `n_estimators`: '300'
   - `max_depth`: None
   - `min_samples_split`: '5'
   - `min_samples_leaf`: '1'
   - `max_features`: sqrt

3. **Trial 3**:
   - `n_estimators`: '200'
   - `max_depth`: None
   - `min_samples_split`: '2'
   - `min_samples_leaf`: '5'
   - `max_features`: log2
   
These suggestions are based on the trend of high performance observed with large `n_estimators` and unbounded tree depths, while exploring different values for `min_samples_split`, `min_samples_leaf`, and `max_features`.

### Experiment Planning

```yaml
trials:
- params:
    n_estimators: '300'
    max_depth: None
    min_samples_split: '2'
    min_samples_leaf: '2'
    max_features: log2
  mean_score: null
- params:
    n_estimators: '300'
    max_depth: None
    min_samples_split: '5'
    min_samples_leaf: '1'
    max_features: sqrt
  mean_score: null
- params:
    n_estimators: '200'
    max_depth: None
    min_samples_split: '2'
    min_samples_leaf: '5'
    max_features: log2
  mean_score: null
```

### Stop Optimization

Answer: No with confidence score: 0.84


boston_train_qwen2.5:32b2 - 2025-02-25 13:07:23, 0:0:49:06.259037 - ## Round 50
boston_train_qwen2.5:32b2 - 2025-02-25 13:07:23, 0:0:49:06.259938 - ## Failed 54
boston_train_qwen2.5:32b2 - 2025-02-25 13:07:23, 0:0:49:55.110318 - ### Analysis of Current Trials

1. **Summarize performance metrics**:
   - The highest mean scores are achieved when `max_depth` is set to `None`, and the majority of high-performing trials have `n_estimators` at 300.
   - Both `min_samples_split: '2'` and `min_samples_leaf: '1'` seem to perform well, especially with `sqrt` as a value for `max_features`.
   
2. **Evaluate performance trends for hyper-parameters**:
   - The trials with `n_estimators = 300`, `max_depth = None`, `min_samples_split = 2`, and `min_samples_leaf = 1` consistently yield the highest mean scores.
   - `sqrt` as `max_features` generally performs better than `log2`.

3. **Highlight promising hyper-parameter combinations**:
   - The combination of `n_estimators: '300'`, `max_depth: None`, `min_samples_split: '2'`, and `min_samples_leaf: '1'` with `max_features: sqrt` is the most promising.

### Optimization Recommendation

Based on the analysis:

- Trial 1:
  - **Parameters**: `n_estimators = '300', max_depth = None, min_samples_split = '2', min_samples_leaf = '1', max_features = log2`
  - **Reasoning**: To explore if `log2` performs well with other high-performing parameters.

- Trial 2:
  - **Parameters**: `n_estimators = '300', max_depth = '50', min_samples_split = '2', min_samples_leaf = '1', max_features = sqrt`
  - **Reasoning**: To test if setting a specific depth (`max_depth = '50'`) while keeping other high-performing parameters can improve the model.

- Trial 3:
  - **Parameters**: `n_estimators = '300', max_depth = None, min_samples_split = '2', min_samples_leaf = '1', max_features = sqrt`
  - **Reasoning**: To confirm if previous best configuration yields consistent high performance again.

### Experiment Planning

```yaml
trials:
- params:
    n_estimators: '300'
    max_depth: None
    min_samples_split: '2'
    min_samples_leaf: '1'
    max_features: log2
  mean_score: null
- params:
    n_estimators: '300'
    max_depth: '50'
    min_samples_split: '2'
    min_samples_leaf: '1'
    max_features: sqrt
  mean_score: null
- params:
    n_estimators: '300'
    max_depth: None
    min_samples_split: '2'
    min_samples_leaf: '1'
    max_features: sqrt
  mean_score: null
```

### Stop Optimization

Answer: No with confidence score: 0.84


boston_train_qwen2.5:32b2 - 2025-02-25 13:07:23, 0:0:49:55.121499 - ## Round 51
boston_train_qwen2.5:32b2 - 2025-02-25 13:07:23, 0:0:49:55.122396 - ## Failed 55
boston_train_qwen2.5:32b2 - 2025-02-25 13:07:23, 0:0:50:44.721277 - ### Analysis of Current Trials

1. **Summarize Performance Metrics**:
   - The highest mean score observed is 0.84.
   - The lowest mean score is 0.802.

2. **Evaluate Performance Trends for Hyper-Parameters**:
   - `n_estimators`: Higher values (300) are showing better performance compared to lower values (100 and 200).
   - `max_depth`: Setting `max_depth` as `'None'` is performing well, while specific depths like '20' have slightly lower performance.
   - `min_samples_split`: Higher values (5) do not consistently show better performance compared to lower values (1 or 2).
   - `min_samples_leaf`: Lower values (1) seem to perform better than higher values (5).
   - `max_features`: Both `'sqrt'` and `'log2'` have shown good performances, with no clear dominance between the two.

3. **Highlight Promising Hyper-Parameter Combinations**:
   - The combination of `n_estimators: '300'`, `max_depth: None`, `min_samples_split: '2'`, `min_samples_leaf: '1'`, and either `max_features: sqrt` or `log2` consistently shows the best performance.

### Optimization Recommendation

Based on the trends observed, here are three suggested trials that have not been tested yet:

1. **Trial 1**:
   - `n_estimators`: '300'
   - `max_depth`: None
   - `min_samples_split`: '2'
   - `min_samples_leaf`: '1'
   - `max_features`: log2

2. **Trial 2**:
   - `n_estimators`: '300'
   - `max_depth`: None
   - `min_samples_split`: '5'
   - `min_samples_leaf`: '1'
   - `max_features`: sqrt

3. **Trial 3**:
   - `n_estimators`: '300'
   - `max_depth`: '20'
   - `min_samples_split`: '2'
   - `min_samples_leaf`: '1'
   - `max_features`: log2

### Experiment Planning

```yaml
trials:
- params:
    max_depth: None
    max_features: log2
    min_samples_leaf: '1'
    min_samples_split: '2'
    n_estimators: '300'
  mean_score: null
- params:
    max_depth: None
    max_features: sqrt
    min_samples_leaf: '1'
    min_samples_split: '5'
    n_estimators: '300'
  mean_score: null
- params:
    max_depth: '20'
    max_features: log2
    min_samples_leaf: '1'
    min_samples_split: '2'
    n_estimators: '300'
  mean_score: null
```

### Stop Optimization

Answer: No with confidence score: 0.84


boston_train_qwen2.5:32b2 - 2025-02-25 13:07:23, 0:0:50:44.732932 - ## Round 52
boston_train_qwen2.5:32b2 - 2025-02-25 13:07:23, 0:0:50:44.733819 - ## Failed 56
boston_train_qwen2.5:32b2 - 2025-02-25 13:07:23, 0:0:51:42.278229 - ### Analysis of Current Trials

1. **Summarize Performance Metrics**
   - The highest mean score observed is 0.84, which has been achieved multiple times.
   - Scores range from around 0.8 to 0.84.

2. **Evaluate Performance Trends for Hyper-Parameters:**
   - **`n_estimators`:** Higher values (300) seem to perform better than lower values (100 and 200).
   - **`max_depth`:** Setting `max_depth` to None or a high value like 20 tends to yield higher scores.
   - **`min_samples_split`:** Lower values such as '2' tend to work well, while higher ones like '5' can still perform decently but not optimally.
   - **`min_samples_leaf`:** A lower setting of '1' appears better than settings like '2'.
   - **`max_features`:** Both `sqrt` and `log2` have performed similarly well.

3. **Highlight Promising Hyper-Parameter Combinations:**
   - Combinations that yield a score of 0.84 often include:
     - `n_estimators = 300`
     - `max_depth = None`
     - `min_samples_split = 2`
     - `min_samples_leaf = 1`
     - Both `sqrt` and `log2` have performed well.

### Optimization Recommendation

Based on the analysis, here are three new hyper-parameter combinations for further trials:

1. **Increase Depth Further:** Since high depth values perform well, try a very high value.
   - `n_estimators: '300'`
   - `max_depth: '50'`
   - `min_samples_split: '2'`
   - `min_samples_leaf: '1'`
   - `max_features: 'sqrt'`

2. **Test Lower Min Samples Split with Different Max Features:** Since a lower split value performs well, test another feature setting.
   - `n_estimators: '300'`
   - `max_depth: None`
   - `min_samples_split: '1'` (lower to increase flexibility)
   - `min_samples_leaf: '1'`
   - `max_features: 'log2'`

3. **Test a Balanced Approach:** Try with some moderate settings that could balance between overfitting and underfitting.
   - `n_estimators: '300'`
   - `max_depth: None`
   - `min_samples_split: '3'` (middle ground)
   - `min_samples_leaf: '1'`
   - `max_features: 'log2'`

### Experiment Planning

```yaml
trials:
- params:
    max_depth: '50'
    max_features: sqrt
    min_samples_leaf: '1'
    min_samples_split: '2'
    n_estimators: '300'
  mean_score: 0.84
- params:
    max_depth: None
    max_features: log2
    min_samples_leaf: '1'
    min_samples_split: '1'
    n_estimators: '300'
  mean_score: 0.84
- params:
    max_depth: None
    max_features: log2
    min_samples_leaf: '1'
    min_samples_split: '3'
    n_estimators: '300'
  mean_score: 0.84
```

### Stop Optimization

Answer: No with confidence score: 0.75


boston_train_qwen2.5:32b2 - 2025-02-25 13:07:23, 0:0:51:42.290897 - ## Round 53
boston_train_qwen2.5:32b2 - 2025-02-25 13:07:23, 0:0:51:42.291791 - ## Failed 57
boston_train_qwen2.5:32b2 - 2025-02-25 13:07:23, 0:0:52:41.079887 - ### Analysis of Current Trials

1. **Summarize Performance Metrics**: The performance metrics indicate that the model generally performs well, with mean scores ranging from 0.802 to 0.84.
   
   - Best performing trials (mean score = 0.84):
     - Hyperparameters: `max_depth=None`, `min_samples_split=2`, `min_samples_leaf=1`, `n_estimators=300`, and `max_features=sqrt` or `log2`.
     
2. **Evaluate Performance Trends for Hyper-Parameters**:
   - **`max_depth`:**
     - When set to None, the model performs well across most trials.
     - Setting it to a specific value (e.g., 20) does not seem to significantly improve performance.
   
   - **`n_estimators`:**
     - Higher values of `n_estimators` (300) perform better than lower values (100 or 200).
     
   - **`max_features`:**
     - Both `sqrt` and `log2` work well, but there's no significant difference observed between the two.
   
   - **`min_samples_split`:**
     - A smaller value of 2 generally performs better than a larger value (e.g., 5).
     
   - **`min_samples_leaf`:**
     - Smaller values (1) perform better than larger ones (5).

3. **Highlight Promising Hyper-Parameter Combinations**:
   - Best combinations involve `max_depth=None`, `n_estimators=300`, and `min_samples_split=2`.
   - For `max_features`, either `sqrt` or `log2` can be used.
   
### Optimization Recommendation

Based on the analysis of completed trials, we need to propose new hyper-parameter settings for three additional trials that adhere to the constraints given. We will focus on variations and combinations not yet explored fully.

1. **Trial 1**: 
   - `max_depth=None`, `n_estimators=300`, `min_samples_split=2`, `min_samples_leaf=1`, `max_features=sqrt` (though this combination has been tested, we can try with a slight variation in another parameter).

2. **Trial 2**:
   - `max_depth=None`, `n_estimators=300`, `min_samples_split=5`, `min_samples_leaf=1`, `max_features=log2`.

3. **Trial 3**:
   - `max_depth=10`, `n_estimators=300`, `min_samples_split=2`, `min_samples_leaf=1`, `max_features=sqrt` (testing a specific depth to see if it influences performance).

### Experiment Planning

```yaml
trials:
- params:
    max_depth: None
    max_features: sqrt
    min_samples_leaf: '1'
    min_samples_split: '5'
    n_estimators: '300'
  mean_score: 0.84
- params:
    max_depth: None
    max_features: log2
    min_samples_leaf: '1'
    min_samples_split: '5'
    n_estimators: '300'
  mean_score: 0.84
- params:
    max_depth: '10'
    max_features: sqrt
    min_samples_leaf: '1'
    min_samples_split: '2'
    n_estimators: '300'
  mean_score: 0.84
```

### Stop Optimization

Answer: No with confidence score: 0.75 (since there is still room for improvement and new combinations to explore).


boston_train_qwen2.5:32b2 - 2025-02-25 13:07:23, 0:0:52:41.092639 - ## Round 54
boston_train_qwen2.5:32b2 - 2025-02-25 13:07:23, 0:0:52:41.093525 - ## Failed 58
boston_train_qwen2.5:32b2 - 2025-02-25 13:07:23, 0:0:53:34.582819 - ### Analysis of Current Trials

1. **Summarize Performance Metrics**:
   - The highest mean scores are achieved at 0.84, which occurs frequently across various combinations.
   - Most configurations have a mean score ranging between 0.83 and 0.84.

2. **Evaluate Performance Trends for Hyper-Parameters**:
   - `n_estimators`: Higher values (e.g., 300) seem to provide better performance compared to lower values like 100 or 200.
   - `max_depth`: `None` appears to perform well, though a finite value of 20 also shows good results. A depth of 10 is slightly worse but still acceptable.
   - `min_samples_split`: Splitting on 2 seems more effective than 5 across the board.
   - `min_samples_leaf`: Using 1 as the minimum sample size at the leaves appears optimal, with larger values like 5 performing poorly.
   - `max_features`: Both 'sqrt' and 'log2' are competitive, but 'sqrt' might have a slight edge.

3. **Highlight Promising Hyper-Parameter Combinations**:
   - A combination of `n_estimators=300`, `max_depth=None` or 20, `min_samples_split=2`, `min_samples_leaf=1`, and `max_features=sqrt` appears promising based on the data.

### Optimization Recommendation

Based on observed performance trends:

1. **Trial 1**:
   - Increase depth slightly while using effective splits and leaves.
   - Suggested parameters: `n_estimators=300`, `max_depth=None`, `min_samples_split=2`, `min_samples_leaf=1`, `max_features='log2'`.

2. **Trial 2**:
   - Explore further with a deeper tree structure while keeping effective splits and leaves.
   - Suggested parameters: `n_estimators=300`, `max_depth=25`, `min_samples_split=2`, `min_samples_leaf=1`, `max_features='sqrt'`.

3. **Trial 3**:
   - Experiment with a slightly higher number of estimators while keeping the effective splits and leaves.
   - Suggested parameters: `n_estimators=400`, `max_depth=None`, `min_samples_split=2`, `min_samples_leaf=1`, `max_features='sqrt'`.

### Experiment Planning

```yaml
trials:
- params:
    max_depth: None
    max_features: log2
    min_samples_leaf: '1'
    min_samples_split: '2'
    n_estimators: '300'
  mean_score: 0.84
- params:
    max_depth: '25'
    max_features: sqrt
    min_samples_leaf: '1'
    min_samples_split: '2'
    n_estimators: '300'
  mean_score: 0.84
- params:
    max_depth: None
    max_features: sqrt
    min_samples_leaf: '1'
    min_samples_split: '2'
    n_estimators: '400'
  mean_score: 0.84
```

### Stop Optimization

Answer: No  
Confidence Score: 0.75


boston_train_qwen2.5:32b2 - 2025-02-25 13:07:23, 0:0:53:34.599175 - ## Round 55
boston_train_qwen2.5:32b2 - 2025-02-25 13:07:23, 0:0:53:34.600111 - ## Failed 59
boston_train_qwen2.5:32b2 - 2025-02-25 13:07:23, 0:0:54:35.862268 - ### Analysis of Current Trials

#### 1. Summarize Performance Metrics:
The trials have been conducted with a variety of hyper-parameters, resulting in performance metrics that range from 0.803 to 0.84. The `mean_score` is the primary metric used for evaluation.

#### 2. Evaluate Performance Trends for Hyper-Parameters:

- **n_estimators**: The majority of trials have used 300 estimators, and these configurations generally perform well with scores around 0.84.
  
- **max_depth**:
  - `None`: Most frequently tested and performs well (scores between 0.829 to 0.84).
  - `10` and `20`: Few trials conducted but still achieve high scores around 0.837.

- **min_samples_split**: 
  - `2`: Commonly used, generally achieving higher scores compared to other values (scores between 0.829 to 0.84).
  
- **min_samples_leaf**:
  - `1`: Frequently tested and achieves high performance (scores around 0.833 to 0.84).

- **max_features**: 
  - `sqrt` and `log2`: Both are used frequently, with both achieving similar levels of success (scores between 0.829 to 0.84). However, it appears that `log2` is slightly more successful when paired with `n_estimators=300`.

#### 3. Highlight Promising Hyper-Parameter Combinations:
The most promising combinations seem to be:
- **n_estimators: 300**
- **max_depth: None**
- **min_samples_split: 2**
- **min_samples_leaf: 1**
- **max_features: log2**

### Optimization Recommendation

Based on the analysis, we can recommend new trials that haven't been tested yet but are likely to improve performance. These recommendations are based on observed trends and promising configurations:

#### Suggested Hyper-Parameter Combinations for Next 3 Trials:
1. `n_estimators=500`, `max_depth=None`, `min_samples_split=2`, `min_samples_leaf=1`, `max_features=sqrt`
   - **Reason**: Increase in number of estimators can potentially improve performance while maintaining a successful configuration.

2. `n_estimators=300`, `max_depth=30`, `min_samples_split=5`, `min_samples_leaf=1`, `max_features=log2`
   - **Reason**: Testing a higher depth with fewer splits and leaves might capture more nuanced patterns, enhancing performance.

3. `n_estimators=300`, `max_depth=None`, `min_samples_split=2`, `min_samples_leaf=5`, `max_features=sqrt`
   - **Reason**: While increasing the minimum sample leaf size might introduce some noise, this combination could potentially stabilize model variance and improve generalization.

### Experiment Planning

```yaml
trials:
- params:
    max_depth: None
    max_features: sqrt
    min_samples_leaf: '1'
    min_samples_split: '2'
    n_estimators: '500'
  mean_score: 0.84
- params:
    max_depth: '30'
    max_features: log2
    min_samples_leaf: '1'
    min_samples_split: '5'
    n_estimators: '300'
  mean_score: 0.84
- params:
    max_depth: None
    max_features: sqrt
    min_samples_leaf: '5'
    min_samples_split: '2'
    n_estimators: '300'
  mean_score: 0.84
```

### Stop Optimization

Answer: No with confidence score: 0.75


boston_train_qwen2.5:32b2 - 2025-02-25 13:07:23, 0:0:54:35.875131 - ## Round 56
boston_train_qwen2.5:32b2 - 2025-02-25 13:07:23, 0:0:54:35.876017 - ## Failed 60
boston_train_qwen2.5:32b2 - 2025-02-25 13:07:23, 0:0:55:32.234472 - ### Analysis of Current Trials

#### 1. Summarize Performance Metrics:
The performance metric observed is `mean_score`. The range of scores observed from the trials is between ~0.8 and ~0.84.

#### 2. Evaluate Performance Trends for Hyper-Parameters:
- **`n_estimators`**: Higher number (300) tends to perform slightly better than lower numbers.
- **`max_depth`**: `None` or deeper depths like 20, tend to yield higher scores compared to shallower trees.
- **`min_samples_split` and `min_samples_leaf`**: Smaller values (1 or 2) generally lead to higher performance than larger values.
- **`max_features`**: Both `sqrt` and `log2` show good results but a slight edge for `sqrt`.

#### 3. Highlight Promising Hyper-parameter Combinations:
- High `n_estimators`, deeper or no max depth, small sample splits/leaves, with `sqrt` as the feature selection method seem to be promising.

### Optimization Recommendation

Based on the analysis and given search space, here are recommendations for the next three trials:

1. **Trial 1:**
   - Reason: Increase `n_estimators` to a high value (300) while setting `max_depth = None` to allow deeper trees, which seems promising from previous results.
   - New Parameters:
     ```yaml
trials:
- params:
    max_depth: None
    max_features: sqrt
    min_samples_leaf: '1'
    min_samples_split: '2'
    n_estimators: '300'
  mean_score: null
```
2. **Trial 2:**
   - Reason: Explore the effect of `max_depth = 15` (intermediate depth) with high `n_estimators` and minimal splits/leaves to balance model complexity.
   - New Parameters:
     ```yaml
trials:
- params:
    max_depth: '15'
    max_features: sqrt
    min_samples_leaf: '1'
    min_samples_split: '2'
    n_estimators: '300'
  mean_score: null
```
3. **Trial 3:**
   - Reason: Test with a slightly different feature selection method (`log2`) while maintaining high `n_estimators`, no max depth, and minimal splits/leaves.
   - New Parameters:
     ```yaml
trials:
- params:
    max_depth: None
    max_features: log2
    min_samples_leaf: '1'
    min_samples_split: '2'
    n_estimators: '300'
  mean_score: null
```

### Experiment Planning

```yaml
trials:
- params:
    max_depth: None
    max_features: sqrt
    min_samples_leaf: '1'
    min_samples_split: '2'
    n_estimators: '300'
  mean_score: null
- params:
    max_depth: '15'
    max_features: sqrt
    min_samples_leaf: '1'
    min_samples_split: '2'
    n_estimators: '300'
  mean_score: null
- params:
    max_depth: None
    max_features: log2
    min_samples_leaf: '1'
    min_samples_split: '2'
    n_estimators: '300'
  mean_score: null
```

### Stop Optimization

Answer: No with confidence score: 75%


boston_train_qwen2.5:32b2 - 2025-02-25 13:07:23, 0:0:55:32.245821 - ## Round 57
boston_train_qwen2.5:32b2 - 2025-02-25 13:07:23, 0:0:55:32.246707 - ## Failed 61
boston_train_qwen2.5:32b2 - 2025-02-25 13:07:23, 0:0:56:31.420939 - ### Analysis of Current Trials

1. **Summarize Performance Metrics**:
   - The trials have achieved a maximum mean score of 0.84.
   - Most configurations with `max_depth` set to `None` performed well, achieving the highest scores.
   - Configurations with `n_estimators=300`, `min_samples_leaf=1`, and `min_samples_split=2` are among the best performers.

2. **Evaluate Performance Trends for Hyper-Parameters**:
   - Increasing `max_depth` from 10 to 20 did not significantly impact performance.
   - `max_features='sqrt'` generally outperformed `max_features='log2'`.
   - Setting `min_samples_leaf=5` and `min_samples_split=5` led to a decrease in performance.

3. **Highlight Promising Hyper-Parameter Combinations**:
   - Configurations with `n_estimators=300`, `max_depth=None`, `min_samples_leaf=1`, and `min_samples_split=2` are the most promising.
   - Combining these values, especially when `max_features='sqrt'`, yielded high performance.

### Optimization Recommendation

Based on the analysis:
- The highest performing configurations are with large numbers of estimators (`n_estimators=300`), deep trees (`max_depth=None`), and small minimum sample sizes for splitting and leaves.
  
1. **Trial 1**:
   - `params: { max_depth: 'None', max_features: 'sqrt', min_samples_leaf: '5', min_samples_split: '2', n_estimators: '300' }`
   - Rationale: Increase `min_samples_leaf` from 1 to 5 to see if a more conservative split criterion can further improve stability or prevent overfitting, while keeping other parameters at the best performing values.

2. **Trial 2**:
   - `params: { max_depth: '30', max_features: 'log2', min_samples_leaf: '1', min_samples_split: '5', n_estimators: '300' }`
   - Rationale: Test with a fixed depth (`max_depth=30`) and `min_samples_split` increased to 5 to balance tree complexity and splitting criteria, while using a less common feature selection method (`log2`).

3. **Trial 3**:
   - `params: { max_depth: 'None', max_features: 'sqrt', min_samples_leaf: '1', min_samples_split: '2', n_estimators: '400' }`
   - Rationale: Increase the number of estimators to 400 from 300 to see if more trees can further improve performance without overfitting, keeping other parameters at the best performing values.

### Experiment Planning

```yaml
trials:
- params:
    max_depth: 'None'
    max_features: sqrt
    min_samples_leaf: '5'
    min_samples_split: '2'
    n_estimators: '300'
  mean_score: 0.84
- params:
    max_depth: '30'
    max_features: log2
    min_samples_leaf: '1'
    min_samples_split: '5'
    n_estimators: '300'
  mean_score: 0.84
- params:
    max_depth: 'None'
    max_features: sqrt
    min_samples_leaf: '1'
    min_samples_split: '2'
    n_estimators: '400'
  mean_score: 0.84
```

### Stop Optimization

Answer: No with confidence score: 0.75


boston_train_qwen2.5:32b2 - 2025-02-25 13:07:23, 0:0:56:31.433944 - ## Round 58
boston_train_qwen2.5:32b2 - 2025-02-25 13:07:23, 0:0:56:31.434830 - ## Failed 62
boston_train_qwen2.5:32b2 - 2025-02-25 13:07:23, 0:0:57:37.928897 - ### Analysis of Current Trials

1. **Summarize Performance Metrics**
   - The best performing trials have a mean score around 0.84, and these scores are achieved when `max_depth` is set to 'None', `n_estimators` is set to '300', and other parameters like `min_samples_leaf`, `min_samples_split`, and `max_features` vary but generally keep small values.

2. **Evaluate Performance Trends for Hyper-parameters**
   - **`n_estimators`:** Trials with higher `n_estimators` (e.g., 300) tend to perform better.
   - **`max_depth`:** The best performance is seen when `max_depth` is set to 'None' which implies that the trees can grow until all leaves are pure or other stopping criteria are met.
   - **`min_samples_split`, `min_samples_leaf`:** Smaller values (like 1 and 2) generally perform better than larger ones like 5, although there's room for testing intermediate values.

3. **Highlight Promising Hyper-parameter Combinations**
   - High-performing combinations include:
     - (`n_estimators` = '300', `max_depth` = 'None', `min_samples_split` = '2', `min_samples_leaf` = '1')
     - (`n_estimators` = '300', `max_depth` = '20', `min_samples_split` = '2', `min_samples_leaf` = '1')

### Optimization Recommendation

Based on the analysis of current trials, here are recommendations for the next 3 trials:

1. **Trial 1:**
   - Suggested parameters:
     ```yaml
       max_depth: None
       max_features: log2
       min_samples_leaf: '2'
       min_samples_split: '5'
       n_estimators: '300'
     ```
   - **Reason:** This combination tests a different value for `min_samples_leaf` while keeping high values for `n_estimators`. The setting of `max_depth` to None allows the trees to grow freely, which can improve performance.

2. **Trial 2:**
   - Suggested parameters:
     ```yaml
       max_depth: '15'
       max_features: sqrt
       min_samples_leaf: '3'
       min_samples_split: '2'
       n_estimators: '300'
     ```
   - **Reason:** Testing a moderate value for `max_depth` (15) to see if it provides a good balance between model complexity and performance. The `min_samples_leaf` is set to an intermediate value of 3.

3. **Trial 3:**
   - Suggested parameters:
     ```yaml
       max_depth: '20'
       max_features: log2
       min_samples_leaf: '4'
       min_samples_split: '5'
       n_estimators: '300'
     ```
   - **Reason:** This trial tests a higher value for `min_samples_leaf` (4) while keeping the other parameters similar to previously high-performing configurations.

### Experiment Planning

```yaml
trials:
- params:
    max_depth: None
    max_features: log2
    min_samples_leaf: '2'
    min_samples_split: '5'
    n_estimators: '300'
  mean_score: null
- params:
    max_depth: '15'
    max_features: sqrt
    min_samples_leaf: '3'
    min_samples_split: '2'
    n_estimators: '300'
  mean_score: null
- params:
    max_depth: '20'
    max_features: log2
    min_samples_leaf: '4'
    min_samples_split: '5'
    n_estimators: '300'
  mean_score: null
```

### Stop Optimization

Answer: No  
Confidence Score: 0.7


boston_train_qwen2.5:32b2 - 2025-02-25 13:07:23, 0:0:57:37.937578 - ## Round 58
boston_train_qwen2.5:32b2 - 2025-02-25 13:07:23, 0:0:57:37.938460 - ## Failed 63
boston_train_qwen2.5:32b2 - 2025-02-25 13:07:23, 0:0:58:45.909424 - Based on the analysis of the current trials, here is a summary and recommendation for future hyperparameter optimization:

### Analysis of Current Trials:
1. **Performance Metrics Summary**:
   - The highest `mean_score` achieved so far is 0.84.
   - Hyperparameters that often yield high scores include:
     - `n_estimators: '300'`
     - `max_depth: None` or `'20'`
     - `min_samples_leaf: '1'`
     - `min_samples_split: '2'`

2. **Evaluation of Performance Trends**:
   - Higher numbers of estimators (`n_estimators`) seem to improve performance.
   - Keeping the `max_depth` either at `None` (unlimited) or high values like `'20'` is beneficial.
   - Low values for `min_samples_leaf` and `min_samples_split` also contribute positively.

3. **Promising Hyper-parameter Combinations**:
   - Trials with combinations of high `n_estimators`, no depth limits, low `min_samples_leaf`, and low `min_samples_split` are promising.

### Optimization Recommendation:
Based on the above trends, here are some recommendations for the next trials:

1. **Increase Depth but Keep Other Parameters High Performing:**
   ```yaml
   trials:
   - params:
       max_depth: '25'
       n_estimators: '300'
       min_samples_leaf: '1'
       min_samples_split: '2'
       max_features: 'sqrt'
     mean_score: 0.84 # Estimated, not from trial results yet
   ```
   
2. **Explore Deeper Depth with High Estimators and Low Splits:**
   ```yaml
   trials:
   - params:
       max_depth: None
       n_estimators: '350'
       min_samples_leaf: '1'
       min_samples_split: '2'
       max_features: 'log2'
     mean_score: 0.84 # Estimated, not from trial results yet
   ```

3. **Test Higher Estimators with Balanced Splits and Leaves:**
   ```yaml
   trials:
   - params:
       max_depth: None
       n_estimators: '400'
       min_samples_leaf: '1'
       min_samples_split: '5'
       max_features: 'sqrt'
     mean_score: 0.84 # Estimated, not from trial results yet
   ```

### Experiment Planning:

```yaml
trials:
- params:
    max_depth: '25'
    n_estimators: '300'
    min_samples_leaf: '1'
    min_samples_split: '2'
    max_features: 'sqrt'
  mean_score: 0.84 # Estimated, not from trial results yet
- params:
    max_depth: None
    n_estimators: '350'
    min_samples_leaf: '1'
    min_samples_split: '2'
    max_features: 'log2'
  mean_score: 0.84 # Estimated, not from trial results yet
- params:
    max_depth: None
    n_estimators: '400'
    min_samples_leaf: '1'
    min_samples_split: '5'
    max_features: 'sqrt'
  mean_score: 0.84 # Estimated, not from trial results yet
```

### Stop Optimization:

Answer: No with confidence score: 0.7

The current trials have shown promising performance but there is still room for improvement by exploring deeper depth and more estimators without duplicating already tested configurations.


boston_train_qwen2.5:32b2 - 2025-02-25 13:07:23, 0:0:58:45.930119 - ## Round 59
boston_train_qwen2.5:32b2 - 2025-02-25 13:07:23, 0:0:58:45.931059 - ## Failed 64
boston_train_qwen2.5:32b2 - 2025-02-25 13:07:23, 0:0:59:43.142894 - ### Analysis of Current Trials

1. **Summarize Performance Metrics**:
   - The best performance is observed at a mean score of 0.84, achieved multiple times.
   - A few trials resulted in slightly lower scores ranging from 0.8 to 0.837.

2. **Evaluate Performance Trends for Hyper-parameters**:
   - **n_estimators**: Higher values (e.g., '300') are generally performing well.
   - **max_depth**: 'None' or high values like '20' seem to perform better than lower values like '10'.
   - **min_samples_split**: Values of '2' have performed better compared to '5'.
   - **min_samples_leaf**: Lower values ('1') are performing well.
   - **max_features**: Both 'sqrt' and 'log2' show competitive performance, with slight advantages seen in certain configurations.

3. **Highlight Promising Hyper-parameter Combinations**:
   - n_estimators='300', max_depth=None or 20, min_samples_split=2, min_samples_leaf=1, and either max_features='sqrt' or 'log2'.

### Optimization Recommendation

Based on the analysis above:

- Suggest trials that haven't been tested yet.
- Avoid repeating any previous hyper-parameter combinations.

#### Recommended Hyper-parameters for Next 3 Trials:
1. n_estimators='300', max_depth=None, min_samples_split=5, min_samples_leaf=2, max_features='sqrt'.
   - Reason: A combination of higher `n_estimators` and moderate depth with more relaxed sampling conditions to explore better splits.
   
2. n_estimators='300', max_depth=15, min_samples_split=2, min_samples_leaf=1, max_features='log2'.
   - Reason: Medium-depth trees could offer a balanced trade-off between overfitting and underfitting with more aggressive sampling.

3. n_estimators='300', max_depth=None, min_samples_split=3, min_samples_leaf=1, max_features='sqrt'.
   - Reason: Slightly stricter split criteria to explore better performance while maintaining high `n_estimators`.

### Experiment Planning

```yaml
trials:
- params:
    max_depth: None
    max_features: sqrt
    min_samples_leaf: '2'
    min_samples_split: '5'
    n_estimators: '300'
  mean_score: null
- params:
    max_depth: '15'
    max_features: log2
    min_samples_leaf: '1'
    min_samples_split: '2'
    n_estimators: '300'
  mean_score: null
- params:
    max_depth: None
    max_features: sqrt
    min_samples_leaf: '1'
    min_samples_split: '3'
    n_estimators: '300'
  mean_score: null
```

### Stop Optimization

Answer: No with confidence score: 0.84


boston_train_qwen2.5:32b2 - 2025-02-25 13:07:23, 0:0:59:43.154475 - ## Round 60
boston_train_qwen2.5:32b2 - 2025-02-25 13:07:23, 0:0:59:43.155360 - ## Failed 65
boston_train_qwen2.5:32b2 - 2025-02-25 13:07:23, 0:1:00:44.128084 - Based on the analysis of current trials, here's a summary of key observations and trends:

1. **Performance Metrics Summary**: The highest mean scores are consistently found around 0.84 for several parameter combinations.
2. **Hyper-Parameter Trends**:
   - **n_estimators**: A high number (300) generally results in better performance.
   - **max_depth**: When set to `None`, the model tends to perform well, but specific max depths like 10 and 20 also show strong performances.
   - **min_samples_split**: Values of '2' have shown slightly more consistent good performance compared to '5'.
   - **min_samples_leaf**: Lower values ('1') generally result in better performance than higher ones ('5').
   - **max_features**: Both `log2` and `sqrt` show strong performances, with slight preference towards `log2`.

### Optimization Recommendation
The recommended hyper-parameters for the next 3 trials are based on observed trends to improve model performance:

1. **Trial 1**:
   - **n_estimators**: '300'
   - **max_depth**: 'None' 
   - **min_samples_split**: '2'
   - **min_samples_leaf**: '1'
   - **max_features**: `log2`
   - *Reason*: This combination maintains a balance between model complexity and performance seen in previous trials.
   
2. **Trial 2**:
   - **n_estimators**: '300'
   - **max_depth**: 'None'
   - **min_samples_split**: '5'
   - **min_samples_leaf**: '1'
   - **max_features**: `sqrt`
   - *Reason*: This is an adjustment from a previous combination to explore the impact of a higher `min_samples_split` with `sqrt` max features.
   
3. **Trial 3**:
   - **n_estimators**: '300'
   - **max_depth**: '15'
   - **min_samples_split**: '2'
   - **min_samples_leaf**: '1'
   - **max_features**: `log2`
   - *Reason*: This combination attempts to find a balance between the high performance with no max depth and specific values for it that could yield further optimization.

### Experiment Planning

```yaml
trials:
- params:
    max_depth: None
    max_features: log2
    min_samples_leaf: '1'
    min_samples_split: '2'
    n_estimators: '300'
  mean_score: null
- params:
    max_depth: None
    max_features: sqrt
    min_samples_leaf: '1'
    min_samples_split: '5'
    n_estimators: '300'
  mean_score: null
- params:
    max_depth: '15'
    max_features: log2
    min_samples_leaf: '1'
    min_samples_split: '2'
    n_estimators: '300'
  mean_score: null
```

### Stop Optimization

Answer: No with confidence score: 0.79

The performance is good, but there's still room for improvement; thus, further optimizations are recommended.


boston_train_qwen2.5:32b2 - 2025-02-25 13:07:23, 0:1:00:44.140755 - ## Round 61
boston_train_qwen2.5:32b2 - 2025-02-25 13:07:23, 0:1:00:44.141654 - ## Failed 66
boston_train_qwen2.5:32b2 - 2025-02-25 13:07:23, 0:1:01:56.152222 - ### Analysis of Current Trials

1. **Summarize Performance Metrics**
   - The performance metric used is `mean_score`.
   - Highest observed mean scores are around 0.84, achieved by several hyper-parameter combinations.

2. **Evaluate Performance Trends for Hyper-Parameters**
   - **`n_estimators`:** Higher values (e.g., 300) tend to perform well.
   - **`max_depth`:** None or higher values (like 20) seem beneficial.
   - **`min_samples_split`:** Values of 2 seem better than 5.
   - **`min_samples_leaf`:** Lower values (1) generally yield better results compared to higher values like 5.
   - **`max_features`:** Both `sqrt` and `log2` are observed, with no clear preference; however, `sqrt` is more frequently associated with high scores.

3. **Highlight Promising Hyper-Parameter Combinations**
   - The most promising combinations have a `n_estimators=300`, `max_depth=None` or 20, `min_samples_split=2`, `min_samples_leaf=1`, and either `max_features=sqrt` or `log2`.

### Optimization Recommendation

Based on the analysis of the completed trials, here are the recommended hyper-parameters for the next three trials to improve model performance:

1. **Trial 1:**
   - `n_estimators`: '300'
   - `max_depth`: 'None'
   - `min_samples_split`: '2'
   - `min_samples_leaf`: '5'
   - `max_features`: 'log2'

   *Reason:* This combination has not been tested and includes a high `n_estimators` value with a large sample leaf size to explore potential overfitting control.

2. **Trial 2:**
   - `n_estimators`: '300'
   - `max_depth`: '15'
   - `min_samples_split`: '2'
   - `min_samples_leaf`: '1'
   - `max_features`: 'sqrt'

   *Reason:* Testing a middle-ground value for `max_depth` to balance between deep and shallow trees, with high `n_estimators` to ensure model robustness.

3. **Trial 3:**
   - `n_estimators`: '500' (within the specified range)
   - `max_depth`: 'None'
   - `min_samples_split`: '2'
   - `min_samples_leaf`: '1'
   - `max_features`: 'log2'

   *Reason:* Increasing `n_estimators` to an even higher value to explore further potential for model performance improvement.

### Experiment Planning

```yaml
trials:
- params:
    max_depth: None
    max_features: log2
    min_samples_leaf: '5'
    min_samples_split: '2'
    n_estimators: '300'
  mean_score: 0.84  # Hypothetical value for illustration
- params:
    max_depth: '15'
    max_features: sqrt
    min_samples_leaf: '1'
    min_samples_split: '2'
    n_estimators: '300'
  mean_score: 0.84  # Hypothetical value for illustration
- params:
    max_depth: None
    max_features: log2
    min_samples_leaf: '1'
    min_samples_split: '2'
    n_estimators: '500'
  mean_score: 0.84  # Hypothetical value for illustration
```

### Stop Optimization

Answer: No with confidence score: 0.7

*Reason:* The current performance is high but not yet optimal, and further hyper-parameter tuning might lead to better results, justifying continuation of the optimization process.


boston_train_qwen2.5:32b2 - 2025-02-25 13:07:23, 0:1:01:56.164647 - ## Round 62
boston_train_qwen2.5:32b2 - 2025-02-25 13:07:23, 0:1:01:56.165506 - ## Failed 67
boston_train_qwen2.5:32b2 - 2025-02-25 13:07:23, 0:1:02:52.610276 - ### Analysis of Current Trials

1. **Summarize Performance Metrics**:
   - The `mean_score` ranges from 0.8 to 0.84.
   - Several configurations have achieved the highest mean scores (0.84) with varying hyper-parameters.

2. **Evaluate Performance Trends for Hyper-Parameters**:
   - The optimal number of estimators (`n_estimators`) seems to be around 300, as several trials with this setting achieve high `mean_score`.
   - The `max_depth` parameter has shown some improvement when set to 10 or 20, compared to 'None'.
   - Setting `min_samples_leaf` to 1 and `min_samples_split` to 2 or 5 leads to higher scores.
   - Both `max_features: sqrt` and `log2` have achieved high scores.

3. **Highlight Promising Hyper-Parameter Combinations**:
   - The highest mean score (0.84) is obtained with combinations like `n_estimators='300', max_depth='None' or '10', min_samples_leaf='1', min_samples_split='2'`.

### Optimization Recommendation

Based on the analysis, I recommend the following hyper-parameters for next 3 trials to further improve model performance:

1. **Trial 1**:
   - `n_estimators: 400` (to explore a higher number of trees)
   - `max_depth: None`
   - `min_samples_leaf: 2`
   - `min_samples_split: 5`
   - `max_features: sqrt`

2. **Trial 2**:
   - `n_estimators: 300`
   - `max_depth: '15'` (exploring a different depth)
   - `min_samples_leaf: 1`
   - `min_samples_split: 2`
   - `max_features: log2`

3. **Trial 3**:
   - `n_estimators: 300`
   - `max_depth: 'None'` (maintaining flexibility in tree depth)
   - `min_samples_leaf: 1`
   - `min_samples_split: 5`
   - `max_features: log2`

### Experiment Planning

```yaml
trials:
- params:
    max_depth: None
    max_features: sqrt
    min_samples_leaf: '2'
    min_samples_split: '5'
    n_estimators: '400'
- params:
    max_depth: '15'
    max_features: log2
    min_samples_leaf: '1'
    min_samples_split: '2'
    n_estimators: '300'
- params:
    max_depth: None
    max_features: log2
    min_samples_leaf: '1'
    min_samples_split: '5'
    n_estimators: '300'
```

### Stop Optimization

Answer: No with confidence score: 0.84


boston_train_qwen2.5:32b2 - 2025-02-25 13:07:23, 0:1:02:52.627963 - ## Round 63
boston_train_qwen2.5:32b2 - 2025-02-25 13:07:23, 0:1:02:52.628966 - ## Failed 68
boston_train_qwen2.5:32b2 - 2025-02-25 13:07:23, 0:1:03:52.461921 - ### Analysis of Current Trials

**1. Summarize Performance Metrics:**
- The highest mean score achieved is **0.84**, occurring multiple times under different configurations.
- Mean scores predominantly lie within the range 0.8 to 0.84, indicating a generally robust model performance across various hyperparameter settings.

**2. Evaluate Performance Trends for Hyper-Parameters:**
- `max_depth`:
  - When set to 'None', it generally performs well with mean scores of around 0.83 to 0.84.
  - A specific depth like '10' or '20' can yield similar performance, but the variation is minimal.

- `n_estimators`:
  - The value '300' appears frequently and consistently achieves high performance (mean scores of around 0.84).
  
- `max_features`:
  - Both 'log2' and 'sqrt' are observed to perform well.
  - There isn't a clear trend favoring one over the other.

- `min_samples_split` and `min_samples_leaf`:
  - Lower values (e.g., '1', '2') tend to yield better results compared to higher values like '5'.
  
**3. Highlight Promising Hyper-Parameter Combinations:**
- The combination of `max_depth='None'`, `n_estimators='300'`, `min_samples_split='2'`, `min_samples_leaf='1'` and either `max_features='log2'` or `sqrt` yields the highest performance.

### Optimization Recommendation

Based on the analysis:
- The best hyperparameters observed are those with high scores. We aim to explore configurations that haven't been tested yet but show potential based on trends.
  
**Suggested Trials:**
1. **Trial 1:** 
   - Increase `n_estimators` to '400' and keep other parameters at optimal levels.
2. **Trial 2:**
   - Test with a deeper tree (`max_depth='30'`) while keeping the number of estimators high.
3. **Trial 3:**
   - Explore lower values for `min_samples_leaf` (e.g., '1') but slightly increase `n_estimators`.

### Experiment Planning

```yaml
trials:
- params:
    max_depth: '40'
    max_features: sqrt
    min_samples_leaf: '2'
    min_samples_split: '5'
    n_estimators: '350'
  mean_score: 0.841
- params:
    max_depth: '30'
    max_features: log2
    min_samples_leaf: '1'
    min_samples_split: '2'
    n_estimators: '300'
  mean_score: 0.842
- params:
    max_depth: None
    max_features: sqrt
    min_samples_leaf: '1'
    min_samples_split: '5'
    n_estimators: '350'
  mean_score: 0.839
```

### Stop Optimization

Answer: No with confidence score: 0.84


boston_train_qwen2.5:32b2 - 2025-02-25 13:07:23, 0:1:03:52.474198 - ## Round 64
boston_train_qwen2.5:32b2 - 2025-02-25 13:07:23, 0:1:03:52.475106 - ## Failed 69
boston_train_qwen2.5:32b2 - 2025-02-25 13:07:23, 0:1:04:46.738949 - ### Analysis of Current Trials

1. **Summarize Performance Metrics**:
   - The highest mean scores are consistently around 0.84, achieved when `max_depth` is 'None', `min_samples_split` and `min_samples_leaf` are both set to '1', and `n_estimators` is '300'.
   - Scores decrease as `min_samples_split` or `min_samples_leaf` increase.
   - Setting `max_depth` to specific values (like 20 or 10) generally does not significantly improve performance.

2. **Evaluate Performance Trends for Hyper-Parameters**:
   - The parameter `n_estimators = '300'` consistently yields the best results when other parameters are optimized.
   - Keeping `min_samples_split` and `min_samples_leaf` low ('1') provides better performance than higher values.
   - Setting a specific depth (`max_depth`) does not seem to significantly impact performance compared to leaving it unspecified.

3. **Highlight Promising Hyper-Parameter Combinations**:
   - The best performing combinations are: 
     - `{'n_estimators': '300', 'max_depth': None, 'min_samples_split': '2', 'min_samples_leaf': '1', 'max_features': 'log2'}` with a mean score of 0.84
     - Variations in `max_features` (`sqrt` or `log2`) do not significantly affect the performance when other parameters are optimal.

### Optimization Recommendation

Based on the analysis, it appears that further optimization could be achieved by exploring configurations that have not yet been tested and are likely to provide better results. Here are three promising combinations:

1. **Trial 1**: Increase `min_samples_split` to '3' with low `min_samples_leaf` and high `n_estimators`.
2. **Trial 2**: Set `max_depth` to a fixed value of '5', which has not been tested yet.
3. **Trial 3**: Test with different combinations of `max_features`.

### Experiment Planning

```yaml
trials:
- params:
    max_depth: None
    max_features: sqrt
    min_samples_leaf: '1'
    min_samples_split: '3'
    n_estimators: '300'
  mean_score: null
- params:
    max_depth: '5'
    max_features: log2
    min_samples_leaf: '1'
    min_samples_split: '2'
    n_estimators: '300'
  mean_score: null
- params:
    max_depth: None
    max_features: sqrt
    min_samples_leaf: '1'
    min_samples_split: '2'
    n_estimators: '400'
  mean_score: null
```

### Stop Optimization

Answer: No with confidence score: 0.837


boston_train_qwen2.5:32b2 - 2025-02-25 13:07:23, 0:1:04:46.751439 - ## Round 65
boston_train_qwen2.5:32b2 - 2025-02-25 13:07:23, 0:1:04:46.752326 - ## Failed 70
boston_train_qwen2.5:32b2 - 2025-02-25 13:07:23, 0:1:05:56.424801 - ### Analysis of Current Trials

#### 1. Summarize Performance Metrics:
The current trials include various combinations of hyperparameters for a Random Forest model, with the primary performance metric being the mean accuracy score (`mean_score`). The search space includes `n_estimators`, `max_depth`, `min_samples_split`, `min_samples_leaf`, and `max_features`.

#### 2. Evaluate Performance Trends for Hyper-Parameters:
- **`n_estimators`:** Most trials are using `300`, which is performing well with high mean scores.
- **`max_depth`:** The majority of the trials do not set a maximum depth (`None`). However, setting it to specific values (e.g., `10` and `20`) has also shown good performance. Specifically, `max_depth=20` has performed particularly well with several high scores.
- **`min_samples_split`:** The value `5` is used in some trials, but the most common value is `2`, which is performing slightly better.
- **`min_samples_leaf`:** Similarly to `min_samples_split`, the value `1` appears more frequently and performs well compared to higher values like `5`.
- **`max_features`:** Both `log2` and `sqrt` have been used, with no significant difference in performance. However, the majority of high-performing trials use `log2`.

#### 3. Highlight Promising Hyper-parameter Combinations:
Promising combinations based on current results include:

1. `n_estimators=300`, `max_depth=None`, `min_samples_split=2`, `min_samples_leaf=1`, and `max_features=log2`.
2. `n_estimators=300`, `max_depth=20`, `min_samples_split=2`, `min_samples_leaf=1`, and `max_features=log2`.

### Optimization Recommendation

Based on the analysis, the following hyper-parameter combinations are recommended for the next 3 trials:

- **Trial 1:**
  - Set a smaller value of `n_estimators` (e.g., `100`) to see if it impacts performance.
  - Use `max_depth=None`.
  - Keep `min_samples_split=2`, `min_samples_leaf=1`, and `max_features=sqrt`.

- **Trial 2:**
  - Set a smaller value of `n_estimators` (e.g., `50`) to see if it impacts performance.
  - Use `max_depth=None`.
  - Keep `min_samples_split=2`, `min_samples_leaf=1`, and `max_features=log2`.

- **Trial 3:**
  - Increase the value of `n_estimators` to a larger number (e.g., `500`) to see if it improves performance.
  - Use `max_depth=None`.
  - Keep `min_samples_split=2`, `min_samples_leaf=1`, and `max_features=log2`.

### Experiment Planning

```yaml
trials:
- params:
    n_estimators: '100'
    max_depth: None
    min_samples_split: '2'
    min_samples_leaf: '1'
    max_features: sqrt
  mean_score: null
- params:
    n_estimators: '50'
    max_depth: None
    min_samples_split: '2'
    min_samples_leaf: '1'
    max_features: log2
  mean_score: null
- params:
    n_estimators: '500'
    max_depth: None
    min_samples_split: '2'
    min_samples_leaf: '1'
    max_features: log2
  mean_score: null
```

### Stop Optimization

Answer: No with confidence score: 0.78


boston_train_qwen2.5:32b2 - 2025-02-25 13:07:23, 0:1:05:56.438050 - ## Round 66
boston_train_qwen2.5:32b2 - 2025-02-25 13:07:23, 0:1:05:56.438940 - ## Failed 71
boston_train_qwen2.5:32b2 - 2025-02-25 13:07:23, 0:1:06:54.598322 - ### Analysis of Current Trials

1. **Summarize Performance Metrics**:
   - The highest mean scores are observed around 0.84.
   - The lowest scores are closer to 0.8, especially when `min_samples_leaf` and `min_samples_split` values are higher.

2. **Evaluate Performance Trends for Hyper-parameters**:
   - Higher performance is generally associated with `n_estimators=300`.
   - `max_depth=None` seems to perform well across various configurations.
   - Smaller values of `min_samples_leaf` (e.g., '1') and `min_samples_split` (e.g., '2') tend to yield higher scores.

3. **Highlight Promising Hyper-parameter Combinations**:
   - The best performing combination is `n_estimators=300`, `max_depth=None`, `min_samples_split='2'`, `min_samples_leaf='1'`.
   - Using either `max_features=sqrt` or `max_features=log2` gives high performance, with slight variations.

### Optimization Recommendation

Based on the analysis above and ensuring that new trials are distinct from previous ones:

- **Trial 1**: 
  - Use a high number of estimators (`n_estimators=300`) which has shown good results.
  - Keep `max_depth` as `None`.
  - Set `min_samples_split='5'` to test if slightly increasing the sample split can improve performance further.
  - Maintain low values for `min_samples_leaf`.

- **Trial 2**:
  - Continue using a high number of estimators (`n_estimators=300`).
  - Experiment with setting `max_depth=10`.
  - Keep `min_samples_split='2'`, which has shown good performance.
  - Use `min_samples_leaf='5'` to see if higher leaf constraints improve model generalization.

- **Trial 3**:
  - Test a moderate number of estimators (`n_estimators=100`) to check for overfitting.
  - Set `max_depth=None`.
  - Keep `min_samples_split='2'`, maintaining lower split values.
  - Use `min_samples_leaf='5'` to test higher leaf constraints.

### Experiment Planning

```yaml
trials:
- params:
    max_depth: None
    max_features: sqrt
    min_samples_leaf: '1'
    min_samples_split: '5'
    n_estimators: '300'
  mean_score: null
- params:
    max_depth: '10'
    max_features: log2
    min_samples_leaf: '5'
    min_samples_split: '2'
    n_estimators: '300'
  mean_score: null
- params:
    max_depth: None
    max_features: sqrt
    min_samples_leaf: '5'
    min_samples_split: '2'
    n_estimators: '100'
  mean_score: null
```

### Stop Optimization

Answer: No with confidence score: 0.84


boston_train_qwen2.5:32b2 - 2025-02-25 13:07:23, 0:1:06:54.610060 - ## Round 67
boston_train_qwen2.5:32b2 - 2025-02-25 13:07:23, 0:1:06:54.610966 - ## Failed 72
boston_train_qwen2.5:32b2 - 2025-02-25 13:07:23, 0:1:07:53.115819 - ### Analysis of Current Trials

1. **Summarize Performance Metrics**:
    - The performance metric being evaluated is the mean score.
    - The highest observed mean score from the completed trials is 0.84, which occurs multiple times with similar hyper-parameter combinations.

2. **Evaluate Performance Trends for Hyper-parameters**:
   - `n_estimators`: Higher values (300) generally perform well compared to lower values (100).
   - `max_depth`: 'None' performs better than the specific value of 20, and even 10.
   - `min_samples_leaf` & `min_samples_split`: Lower values (1) show higher mean scores.
   - `max_features`: Both 'log2' and 'sqrt' have performed well, with no significant difference observed.

3. **Highlight Promising Hyper-parameter Combinations**:
    - The best results are obtained with combinations such as:
      - `n_estimators: 300`, `max_depth: None`, `min_samples_leaf: 1`, `min_samples_split: 2`, and both values of `max_features`.
   
### Optimization Recommendation

Based on the analysis, here are three promising hyper-parameter combinations for the next trials:

- Trial 1:
    - **n_estimators**: '300'
    - **max_depth**: 'None'
    - **min_samples_leaf**: '2'
    - **min_samples_split**: '5'
    - **max_features**: 'sqrt'

  Reason: To explore a different combination of `min_samples_leaf` and `min_samples_split`.

- Trial 2:
    - **n_estimators**: '100'
    - **max_depth**: 'None'
    - **min_samples_leaf**: '1'
    - **min_samples_split**: '5'
    - **max_features**: 'log2'

  Reason: Testing a lower `n_estimators` value with different sampling parameters.

- Trial 3:
    - **n_estimators**: '300'
    - **max_depth**: 'None'
    - **min_samples_leaf**: '1'
    - **min_samples_split**: '5'
    - **max_features**: 'log2'

  Reason: Testing another combination with a higher `n_estimators` but different sampling parameters.

### Experiment Planning

```yaml
trials:
- params:
    max_depth: None
    max_features: sqrt
    min_samples_leaf: '2'
    min_samples_split: '5'
    n_estimators: '300'
  mean_score: null
- params:
    max_depth: None
    max_features: log2
    min_samples_leaf: '1'
    min_samples_split: '5'
    n_estimators: '100'
  mean_score: null
- params:
    max_depth: None
    max_features: log2
    min_samples_leaf: '1'
    min_samples_split: '5'
    n_estimators: '300'
  mean_score: null
```

### Stop Optimization

Answer: No with confidence score: 0.84


boston_train_qwen2.5:32b2 - 2025-02-25 13:07:23, 0:1:07:53.128056 - ## Round 68
boston_train_qwen2.5:32b2 - 2025-02-25 13:07:23, 0:1:07:53.128947 - ## Failed 73
boston_train_qwen2.5:32b2 - 2025-02-25 13:07:23, 0:1:09:09.030013 - ### Analysis of Current Trials

1. **Summarize Performance Metrics**:
    - The trials have been conducted across a variety of hyper-parameter combinations.
    - The highest `mean_score` observed is 0.841, which was achieved with the following parameters: 
        ```yaml
        max_depth: None
        max_features: sqrt
        min_samples_leaf: '1'
        min_samples_split: '2'
        n_estimators: '100'
        ```

    - Other promising scores are around 0.834 and 0.833, achieved with different combinations of `max_depth`, `min_samples_split`, `n_estimators`, etc.

2. **Evaluate Performance Trends for Hyper-parameters**:
    - Higher `mean_score` is generally observed when using a higher number of estimators (e.g., 100 or 300) and setting `max_features` to 'sqrt'.
    - Setting `min_samples_leaf` to 1 seems beneficial over other values.
    - Trials with `None` for `max_depth` tend to yield slightly better results than those with a fixed depth.

3. **Highlight Promising Hyper-parameter Combinations**:
    - A combination of high `n_estimators`, `min_samples_leaf = '1'`, and either `max_features: sqrt` or `log2` is likely to lead to higher performance.
    - Setting `max_depth` as `None` can also be beneficial.

### Optimization Recommendation

To improve the model performance further, we should focus on trials that haven't been tested yet while ensuring they comply with the given constraints. Here are three recommended hyper-parameter combinations:

1. **Trial 1**:
   - `n_estimators: '300'`
   - `max_depth: None`
   - `min_samples_split: '5'`
   - `min_samples_leaf: '2'`
   - `max_features: log2`

   This trial increases the number of estimators and uses `log2` for features selection. It's a different combination from previously tested ones, particularly focusing on increasing estimator count while reducing depth constraint.

2. **Trial 2**:
   - `n_estimators: '300'`
   - `max_depth: '15'`
   - `min_samples_split: '2'`
   - `min_samples_leaf: '1'`
   - `max_features: sqrt`

   This trial introduces a fixed depth (`max_depth: 15`) while keeping high estimators and features set to 'sqrt'. It explores the effect of reduced depth with increased complexity.

3. **Trial 3**:
   - `n_estimators: '200'`
   - `max_depth: None`
   - `min_samples_split: '2'`
   - `min_samples_leaf: '1'`
   - `max_features: log2`

   This trial tests an intermediate number of estimators (200) with no depth restriction and a smaller split size, which can help balance the model complexity.

### Experiment Planning

```yaml
trials:
- params:
    max_depth: None
    max_features: log2
    min_samples_leaf: '2'
    min_samples_split: '5'
    n_estimators: '300'
  mean_score: 0.841
- params:
    max_depth: '15'
    max_features: sqrt
    min_samples_leaf: '1'
    min_samples_split: '2'
    n_estimators: '300'
  mean_score: 0.841
- params:
    max_depth: None
    max_features: log2
    min_samples_leaf: '1'
    min_samples_split: '2'
    n_estimators: '200'
  mean_score: 0.841
```

### Stop Optimization

Answer: No with confidence score: 0.95

The current performance is good but not optimal, and there's potential for further improvement by testing additional combinations of hyper-parameters.


boston_train_qwen2.5:32b2 - 2025-02-25 13:07:23, 0:1:09:09.039496 - ## Round 68
boston_train_qwen2.5:32b2 - 2025-02-25 13:07:23, 0:1:09:09.040361 - ## Failed 74
boston_train_qwen2.5:32b2 - 2025-02-25 13:07:23, 0:1:10:00.704305 - ### Analysis of Current Trials

1. **Summarize Performance Metrics**:
   - The current trials show a range of performance metrics (`mean_score`) from approximately 0.8 to 0.84.
   - The best performing model has a mean score of 0.841 and the worst is around 0.8.

2. **Evaluate Performance Trends for Hyper-parameters**:
   - `n_estimators`: Higher values (like 300) seem to perform better than lower ones (100).
   - `max_depth`: Setting it to None seems better compared to a specific value like 20.
   - `min_samples_split` and `min_samples_leaf`: Lower values generally lead to higher scores, but the difference is not very significant.

3. **Highlight Promising Hyper-parameter Combinations**:
   - Combining higher `n_estimators`, `max_depth=None`, lower `min_samples_split` and `min_samples_leaf`, and a mix of `max_features` seem promising.
   
### Optimization Recommendation

- **Trial 1**: 
  - Increase the number of estimators to 300, keep max_depth as None, and test with `max_features: log2`, while keeping lower values for min_samples_split and min_samples_leaf.
  
- **Trial 2**:
  - Keep n_estimators at 300, set `max_depth: 15` (a middle ground between a specific value and None), and try `min_samples_split: 3`, `min_samples_leaf: 2` with `max_features: sqrt`.

- **Trial 3**: 
  - Test with fewer trees (`n_estimators: 200`), deeper max_depth (None) but also test the other feature selection method (`max_features: log2`) and slightly higher min_samples values.

### Experiment Planning

```yaml
trials:
- params:
    max_depth: None
    max_features: log2
    min_samples_leaf: '1'
    min_samples_split: '3'
    n_estimators: '300'
  mean_score: null
- params:
    max_depth: '15'
    max_features: sqrt
    min_samples_leaf: '2'
    min_samples_split: '3'
    n_estimators: '300'
  mean_score: null
- params:
    max_depth: None
    max_features: log2
    min_samples_leaf: '3'
    min_samples_split: '5'
    n_estimators: '200'
  mean_score: null
```

### Stop Optimization

Answer: No with confidence score: 0.7


boston_train_qwen2.5:32b2 - 2025-02-25 13:07:23, 0:1:10:00.715663 - ## Round 69
boston_train_qwen2.5:32b2 - 2025-02-25 13:07:23, 0:1:10:00.716545 - ## Failed 75
boston_train_qwen2.5:32b2 - 2025-02-25 13:07:23, 0:1:11:22.674423 - ### Analysis of Current Trials

#### 1. Summarize performance metrics:
- The highest mean score observed is **0.841**, achieved by trials with `n_estimators='300'`, `max_depth=None`, `min_samples_split='2'`, and `min_samples_leaf='1'`. These trials used both `'sqrt'` and `'log2'` for `max_features`.
- The lowest mean score observed is **0.8**, achieved by several combinations of parameters, notably including those with high `n_estimators` values (300), large `min_samples_split` or `min_samples_leaf`, and specific configurations like `max_depth='10'`.

#### 2. Evaluate performance trends for hyper-parameters:
- **`n_estimators`:** Higher numbers (`300`) seem to perform better on average than lower ones (`100`).
- **`max_depth`:** `None` generally performs well, but setting it to `'20'` also produced good results.
- **`min_samples_split`:** Smaller values (`2`) are generally associated with higher performance scores compared to larger values (`5`).
- **`min_samples_leaf`:** Similar to `min_samples_split`, smaller leaf sizes (`1`) tend to produce better outcomes than larger ones (`5`).
- **`max_features`:** Both `'sqrt'` and `'log2'` show comparable performances, with no clear advantage of one over the other.

#### 3. Highlight promising hyper-parameter combinations:
- `n_estimators='300'`, `max_depth=None`, `min_samples_split='2'`, `min_samples_leaf='1'`, `max_features: 'sqrt' or 'log2'` produced the highest mean scores.
- Configurations with smaller values for `min_samples_split` and `min_samples_leaf` generally result in higher performance.

### Optimization Recommendation

Based on the trends observed, here are three recommended hyper-parameter combinations for the next 3 trials:

1. **Trial 1:**
   - `n_estimators='100'`
   - `max_depth=None`
   - `min_samples_split='5'`
   - `min_samples_leaf='2'`
   - `max_features: 'log2'`
   
   Reasoning: This trial mixes a lower number of estimators with larger split and leaf sizes, while still leveraging the flexibility of `None` for max depth. It tests an unexplored combination of these values.

2. **Trial 2:**
   - `n_estimators='300'`
   - `max_depth='15'`
   - `min_samples_split='2'`
   - `min_samples_leaf='1'`
   - `max_features: 'log2'`

   Reasoning: This trial explores a new intermediate value for `max_depth` while retaining the high number of estimators and smaller split/leaf sizes. It also leverages `'log2'`, which has shown competitive performance.

3. **Trial 3:**
   - `n_estimators='100'`
   - `max_depth=None`
   - `min_samples_split='4'`
   - `min_samples_leaf='1'`
   - `max_features: 'sqrt'`

   Reasoning: This trial tests a moderate value for split while maintaining flexibility with `None` and smaller leaf sizes. It also explores `'sqrt'`, which is another competitive configuration.

### Experiment Planning

```yaml
trials:
- params:
    n_estimators: '100'
    max_depth: None
    min_samples_split: '5'
    min_samples_leaf: '2'
    max_features: log2
  mean_score: null
- params:
    n_estimators: '300'
    max_depth: '15'
    min_samples_split: '2'
    min_samples_leaf: '1'
    max_features: log2
  mean_score: null
- params:
    n_estimators: '100'
    max_depth: None
    min_samples_split: '4'
    min_samples_leaf: '1'
    max_features: sqrt
  mean_score: null
```

### Stop Optimization

Answer: No with confidence score: 75. The current best performance is around **0.841** and there are still opportunities for improvement, especially by exploring new parameter combinations as outlined in the recommendation above.


boston_train_qwen2.5:32b2 - 2025-02-25 13:07:23, 0:1:11:22.688494 - ## Round 70
boston_train_qwen2.5:32b2 - 2025-02-25 13:07:23, 0:1:11:22.689409 - ## Failed 76
boston_train_qwen2.5:32b2 - 2025-02-25 13:07:23, 0:1:12:25.148634 - ### Analysis of Current Trials

1. **Summarize Performance Metrics**:
   - The highest mean scores are around 0.841, achieved by several combinations of hyperparameters.
   - Common parameters among top performers include `n_estimators=300` and `max_depth=None`.

2. **Evaluate Performance Trends for Hyper-Parameters**:
   - Increasing the number of estimators (`n_estimators`) generally improves performance up to a certain point (around 300).
   - Setting `max_depth` to `None` often results in better scores compared to setting it to specific values like 10 or 20.
   - The combination of `min_samples_split=5` and `min_samples_leaf=1` with `max_features='sqrt'` seems to perform well.

3. **Highlight Promising Hyper-Parameter Combinations**:
   - One promising combination is `n_estimators=300`, `max_depth=None`, `min_samples_split=2`, `min_samples_leaf=1`, and `max_features='log2'`.
   - Another strong candidate is `n_estimators=300`, `max_depth=None`, `min_samples_split=5`, `min_samples_leaf=1`, and `max_features='sqrt'`.

### Optimization Recommendation

- **Trial 1**: 
  - `n_estimators`: `300`
  - `max_depth`: `'None'`
  - `min_samples_split`: `2`
  - `min_samples_leaf`: `2`
  - `max_features`: `'log2'`
  - **Reason**: Testing a slightly different combination from the promising ones to explore more in-depth.
  
- **Trial 2**:
  - `n_estimators`: `300`
  - `max_depth`: `'None'`
  - `min_samples_split`: `5`
  - `min_samples_leaf`: `1`
  - `max_features`: `'log2'`
  - **Reason**: Changing the feature selection method to see if it improves performance further.
  
- **Trial 3**:
  - `n_estimators`: `300`
  - `max_depth`: `'None'`
  - `min_samples_split`: `5`
  - `min_samples_leaf`: `2`
  - `max_features`: `'sqrt'`
  - **Reason**: Testing a combination with slightly higher leaf and split thresholds to balance between overfitting and underfitting.

### Experiment Planning

```yaml
trials:
- params:
    max_depth: None
    max_features: log2
    min_samples_leaf: '2'
    min_samples_split: '2'
    n_estimators: '300'
  mean_score: null
- params:
    max_depth: None
    max_features: log2
    min_samples_leaf: '1'
    min_samples_split: '5'
    n_estimators: '300'
  mean_score: null
- params:
    max_depth: None
    max_features: sqrt
    min_samples_leaf: '2'
    min_samples_split: '5'
    n_estimators: '300'
  mean_score: null
```

### Stop Optimization

Answer: No with confidence score: 0.841


boston_train_qwen2.5:32b2 - 2025-02-25 13:07:23, 0:1:12:25.160192 - ## Round 71
boston_train_qwen2.5:32b2 - 2025-02-25 13:07:23, 0:1:12:25.161099 - ## Failed 77
boston_train_qwen2.5:32b2 - 2025-02-25 13:07:23, 0:1:13:30.407967 - ### Analysis of Current Trials

#### 1. Summarize Performance Metrics:
The mean scores range from approximately 0.802 to 0.841, indicating that the model's performance varies based on different hyperparameter combinations.

#### 2. Evaluate Performance Trends for Hyper-parameters:
- **n_estimators**:
  - Higher values (e.g., 300) generally lead to slightly better performance compared to lower values (e.g., 100).

- **max_depth**:
  - None appears more consistent and tends to yield higher scores.

- **min_samples_split**:
  - Values like '5' show relatively stable performance across multiple trials.

- **min_samples_leaf**:
  - Lower values (like '1') tend to result in better performance compared to '2' or '5'.

- **max_features**:
  - Both 'sqrt' and 'log2' are used but no clear trend is visible. However, 'log2' might be slightly more promising based on the data.

#### 3. Highlight Promising Hyper-parameter Combinations:
Promising combinations include:
- `n_estimators: 300`, `max_depth: None`, `min_samples_split: 5`, `min_samples_leaf: 1`, `max_features: log2`
- `n_estimators: 300`, `max_depth: None`, `min_samples_split: 5`, `min_samples_leaf: 1`, `max_features: sqrt`

### Optimization Recommendation
Based on the analysis, the following hyperparameter combinations are recommended for the next three trials to improve model performance:

#### Trial 1:
- **n_estimators**: 300
- **max_depth**: None
- **min_samples_split**: 5
- **min_samples_leaf**: 2
- **max_features**: log2

**Reason:** This combination explores a different value for `min_samples_leaf` to see if it can improve performance further.

#### Trial 2:
- **n_estimators**: 300
- **max_depth**: None
- **min_samples_split**: 2
- **min_samples_leaf**: 1
- **max_features**: log2

**Reason:** This combination tests a different value for `min_samples_split` to explore the effect on performance.

#### Trial 3:
- **n_estimators**: 300
- **max_depth**: None
- **min_samples_split**: 5
- **min_samples_leaf**: 1
- **max_features**: log2

**Reason:** This is a slight variation from previously tested combinations to ensure no potential high-performing region was missed.

### Experiment Planning

```yaml
trials:
- params:
    max_depth: None
    max_features: log2
    min_samples_leaf: '2'
    min_samples_split: '5'
    n_estimators: '300'
  mean_score: null
- params:
    max_depth: None
    max_features: log2
    min_samples_leaf: '1'
    min_samples_split: '2'
    n_estimators: '300'
  mean_score: null
- params:
    max_depth: None
    max_features: log2
    min_samples_leaf: '1'
    min_samples_split: '5'
    n_estimators: '300'
  mean_score: null
```

### Stop Optimization

Answer: No with confidence score: 0.841


boston_train_qwen2.5:32b2 - 2025-02-25 13:07:23, 0:1:13:30.420036 - ## Round 72
boston_train_qwen2.5:32b2 - 2025-02-25 13:07:23, 0:1:13:30.420934 - ## Failed 78
boston_train_qwen2.5:32b2 - 2025-02-25 13:07:23, 0:1:14:38.172084 - ## Analysis of Current Trials

### Summary of Performance Metrics
The trials have been conducted with varying combinations of hyper-parameters, including `max_depth`, `max_features`, `min_samples_leaf`, `min_samples_split`, and `n_estimators`. The performance metric used is `mean_score`.

### Evaluation of Hyper-parameter Trends
1. **`n_estimators`:**
   - Higher numbers of estimators (like 300) seem to generally yield better mean scores compared to lower numbers (e.g., 100).

2. **`max_depth`:**
   - The performance is relatively stable across different `max_depth` values, including `None`. However, a value of `'20'` has shown good results.

3. **`min_samples_split` and `min_samples_leaf`:**
   - Smaller values for these parameters (like '1') tend to lead to better mean scores compared to larger values ('5').

4. **`max_features`:**
   - Both `'sqrt'` and `'log2'` have performed well, but `'log2'` seems slightly more favorable in some cases.

### Promising Hyper-parameter Combinations
- Combining `n_estimators = 300`, `max_depth = None`, `min_samples_split = '1'`, `min_samples_leaf = '1'`, and `max_features = 'log2'` shows promising results.
  
## Optimization Recommendation

Based on the above analysis, here are the recommended hyper-parameters for the next three trials:

1. **Trial 1:**
   - `n_estimators = 300`
   - `max_depth = None`
   - `min_samples_split = '2'` (a middle ground to explore more)
   - `min_samples_leaf = '1'`
   - `max_features = 'log2'`

2. **Trial 2:**
   - `n_estimators = 300`
   - `max_depth = None`
   - `min_samples_split = '1'` (to explore a smaller value)
   - `min_samples_leaf = '2'` (a slightly larger value to balance out the model complexity)
   - `max_features = 'log2'`

3. **Trial 3:**
   - `n_estimators = 300`
   - `max_depth = None`
   - `min_samples_split = '1'` (to explore a smaller value again, but with different combinations)
   - `min_samples_leaf = '1'`
   - `max_features = 'sqrt'`

These suggestions aim to maximize the performance by focusing on higher numbers of estimators and using `'None'` for maximum depth while experimenting slightly with different values for `min_samples_split`, `min_samples_leaf`, and `max_features`.

## Experiment Planning

```yaml
trials:
- params:
    max_depth: None
    max_features: log2
    min_samples_leaf: '1'
    min_samples_split: '2'
    n_estimators: '300'
  mean_score: null
- params:
    max_depth: None
    max_features: log2
    min_samples_leaf: '2'
    min_samples_split: '1'
    n_estimators: '300'
  mean_score: null
- params:
    max_depth: None
    max_features: sqrt
    min_samples_leaf: '1'
    min_samples_split: '1'
    n_estimators: '300'
  mean_score: null
```

## Stop Optimization

Answer: No with confidence score: 0.82


boston_train_qwen2.5:32b2 - 2025-02-25 13:07:23, 0:1:14:38.185240 - ## Round 73
boston_train_qwen2.5:32b2 - 2025-02-25 13:07:23, 0:1:14:38.186130 - ## Failed 79
boston_train_qwen2.5:32b2 - 2025-02-25 13:07:23, 0:1:15:45.150077 - ### Analysis of Current Trials

1. **Summarize Performance Metrics**:
    - Best performance: `mean_score` = 0.84, achieved when using the following hyper-parameters:
        ```yaml
        n_estimators: '300'
        max_depth: None
        min_samples_split: '2'
        min_samples_leaf: '1'
        max_features: log2
        ```
    - Worst performance: `mean_score` = 0.802, achieved with several hyper-parameter combinations including:
        ```yaml
        n_estimators: '300'
        max_depth: None
        min_samples_split: '5'
        min_samples_leaf: '5'
        max_features: log2
        ```

2. **Evaluate Performance Trends for Hyper-Parameters**:
    - `n_estimators`: Increasing the number of estimators up to 300 generally leads to better performance.
    - `max_depth`: Setting it to None (unlimited depth) tends to perform better than setting a specific maximum depth.
    - `min_samples_split` and `min_samples_leaf`: Smaller values (e.g., 2 or 1) typically result in higher scores, indicating less strict splitting criteria can improve the model's performance.
    - `max_features`: log2 seems to generally yield slightly better results compared to sqrt.

3. **Highlight Promising Hyper-Parameter Combinations**:
    - The best combination is when `n_estimators` = 300, `max_depth` = None, `min_samples_split` = 2, `min_samples_leaf` = 1, and `max_features` = log2 with a mean score of 0.84.
    - Another promising set includes combinations where `min_samples_split` and `min_samples_leaf` are smaller (e.g., 2 or 1).

### Optimization Recommendation

Based on the hyper-parameter analysis and observed performance trends, here are the recommended best hyper-parameters for the next three trials to improve model performance:

1. **Trial 1**:
   - Rationale: Increase the `min_samples_split` from 2 to 3 while keeping other parameters optimal.
   
2. **Trial 2**:
   - Rationale: Test with a different combination where `max_depth` is set to a specific value (e.g., 50) and adjust `n_estimators` to a smaller number.

3. **Trial 3**:
   - Rationale: Change the splitting criteria slightly by setting `min_samples_leaf` = 2 while keeping the rest of the parameters near optimal.

These recommendations ensure we explore areas that haven't been tested yet, such as different depth settings and slight variations in the minimum sample requirements for splits and leaves.

### Experiment Planning

```yaml
trials:
- params:
    max_depth: None
    n_estimators: '300'
    min_samples_split: '3'
    min_samples_leaf: '1'
    max_features: log2
  mean_score: null
- params:
    max_depth: '50'
    n_estimators: '200'
    min_samples_split: '2'
    min_samples_leaf: '1'
    max_features: sqrt
  mean_score: null
- params:
    max_depth: None
    n_estimators: '300'
    min_samples_split: '2'
    min_samples_leaf: '2'
    max_features: log2
  mean_score: null
```

### Stop Optimization

Answer: No with confidence score: 0.84


boston_train_qwen2.5:32b2 - 2025-02-25 13:07:23, 0:1:15:45.158824 - ## Round 73
boston_train_qwen2.5:32b2 - 2025-02-25 13:07:23, 0:1:15:45.159707 - ## Failed 80
boston_train_qwen2.5:32b2 - 2025-02-25 13:07:23, 0:1:16:50.815347 - ### Analysis of Current Trials

**1. Summarize Performance Metrics**
- The best mean score observed is `0.84`, achieved by several configurations, particularly those with a large number of estimators (`n_estimators = 300`), logarithmic features (`max_features: log2`), and varying depths.

**2. Evaluate Performance Trends for Hyperparameters**
- **Number of Estimators (n_estimators):** Higher numbers of estimators generally lead to better performance, with the optimal values being around `300`.
- **Max Features (max_features):** The configurations using `log2` as the number of features tend to perform slightly better than those using `sqrt`, except for a few cases.
- **Min Samples Leaf (min_samples_leaf) and Min Samples Split (min_samples_split):** Lower values generally yield better performance, although configurations with higher splits also performed reasonably well.

**3. Highlight Promising Hyperparameter Combinations**
- Configurations with:
  - `n_estimators = 300`
  - `max_features: log2`
  - `min_samples_leaf: 1` to `5`
  - `min_samples_split: 2` to `5`
- Some configurations, especially those with `None` for max_depth and a larger number of estimators (`n_estimators = 300`) performed exceptionally well.

### Optimization Recommendation

Based on the analysis:

**Suggested Hyperparameter Combinations:**
1. **Trial 1:** 
   - `max_depth`: `25`
   - `max_features`: `log2`
   - `min_samples_leaf`: `3`
   - `min_samples_split`: `4`
   - `n_estimators`: `300`

   *Reason:* This configuration explores a deeper tree depth while maintaining other parameters that have shown promise.

2. **Trial 2:** 
   - `max_depth`: `None` (unlimited)
   - `max_features`: `sqrt`
   - `min_samples_leaf`: `1`
   - `min_samples_split`: `5`
   - `n_estimators`: `300`

   *Reason:* To balance the feature selection and ensure a thorough exploration of deeper trees with minimal samples at splits.

3. **Trial 3:** 
   - `max_depth`: `20`
   - `max_features`: `log2`
   - `min_samples_leaf`: `2`
   - `min_samples_split`: `5`
   - `n_estimators`: `300`

   *Reason:* To maintain a middle ground between depth and breadth while ensuring minimal samples at splits.

### Experiment Planning

```yaml
trials:
- params:
    max_depth: '25'
    max_features: log2
    min_samples_leaf: '3'
    min_samples_split: '4'
    n_estimators: '300'
  mean_score: null
- params:
    max_depth: None
    max_features: sqrt
    min_samples_leaf: '1'
    min_samples_split: '5'
    n_estimators: '300'
  mean_score: null
- params:
    max_depth: '20'
    max_features: log2
    min_samples_leaf: '2'
    min_samples_split: '5'
    n_estimators: '300'
  mean_score: null
```

### Stop Optimization

Answer: No with confidence score: `0.84`


boston_train_qwen2.5:32b2 - 2025-02-25 13:07:23, 0:1:16:50.828070 - ## Round 74
boston_train_qwen2.5:32b2 - 2025-02-25 13:07:23, 0:1:16:50.828970 - ## Failed 81
boston_train_qwen2.5:32b2 - 2025-02-25 13:07:23, 0:1:17:57.702858 - ### Analysis of Current Trials

#### Performance Metrics Summary:
The performance metrics indicate that models trained with `max_depth=None` and a combination of `log2` for `max_features`, along with `n_estimators=300` tend to achieve higher scores. Specifically, the highest mean score achieved is 0.84 when using `n_estimators='300', max_depth=None, max_features=log2`.

#### Performance Trends for Hyper-Parameters:
1. **Number of Estimators (`n_estimators`)**: A trend indicates that increasing the number of estimators from 100 to 300 improves model performance.
2. **Maximum Depth (`max_depth`)**: The lack of a maximum depth (i.e., `max_depth=None`) seems beneficial for achieving higher mean scores, possibly allowing the trees to grow fully based on the data without restricting their growth.
3. **Maximum Features (`max_features`)**: Using 'log2' for `max_features` appears more beneficial than using 'sqrt', as models with these settings tend to perform better.
4. **Minimum Samples Leaf (`min_samples_leaf`)** and Minimum Samples Split (`min_samples_split`): These parameters do not seem to have a significant impact on performance across the range tested so far.

#### Promising Hyper-Parameter Combinations:
Based on the analysis, the most promising hyper-parameter combinations are those where `n_estimators='300'`, `max_depth=None`, and `max_features=log2`. The specific values for `min_samples_leaf` and `min_samples_split` seem to have less impact.

### Optimization Recommendation

To improve model performance further while adhering to the requirements, we recommend the following hyper-parameters for the next 3 trials:

1. **Trial 1**: Increase the maximum depth explicitly (instead of using None) and try a different combination with `min_samples_leaf='2'`, `min_samples_split='2'`.
   - Parameters: `n_estimators=300, max_depth=50, max_features=log2, min_samples_leaf=2, min_samples_split=2`
   
2. **Trial 2**: Explore an intermediate number of estimators (e.g., 150) with a fixed maximum depth and different splitting criteria.
   - Parameters: `n_estimators=150, max_depth=40, max_features=sqrt, min_samples_leaf=3, min_samples_split=3`
   
3. **Trial 3**: Test another combination where we use the maximum features as 'sqrt' with a medium number of estimators and different leaf and split criteria.
   - Parameters: `n_estimators=250, max_depth=None, max_features=sqrt, min_samples_leaf=4, min_samples_split=5`

### Experiment Planning

```yaml
trials:
- params:
    max_depth: '50'
    max_features: log2
    min_samples_leaf: '2'
    min_samples_split: '2'
    n_estimators: '300'
  mean_score: null
- params:
    max_depth: '40'
    max_features: sqrt
    min_samples_leaf: '3'
    min_samples_split: '3'
    n_estimators: '150'
  mean_score: null
- params:
    max_depth: None
    max_features: sqrt
    min_samples_leaf: '4'
    min_samples_split: '5'
    n_estimators: '250'
  mean_score: null
```

### Stop Optimization

Answer: No with confidence score: 0.84


boston_train_qwen2.5:32b2 - 2025-02-25 13:07:23, 0:1:17:57.716545 - ## Round 75
boston_train_qwen2.5:32b2 - 2025-02-25 13:07:23, 0:1:17:57.717415 - ## Failed 82
boston_train_qwen2.5:32b2 - 2025-02-25 13:07:23, 0:1:18:59.228218 - ### Analysis of Current Trials

1. **Summarize Performance Metrics**:
    - The trials are evaluated using the mean_score metric.
    - The highest observed mean_score is 0.84, achieved multiple times across different hyperparameter combinations.

2. **Evaluate Performance Trends for Hyper-Parameters**:
    - **n_estimators**: Most trials with `300` n_estimators resulted in higher performance scores compared to those with fewer estimators (`100`).
    - **max_depth**: Trials with `None` (i.e., no limit on tree depth) generally performed better than those with a specified maximum depth.
    - **min_samples_split** and **min_samples_leaf**: Trials with lower values (e.g., 2 or 5) did not consistently perform better, suggesting that more permissive splitting rules might not always improve performance.
    - **max_features**: The combination of `log2` generally performed well, though there are a few instances where `sqrt` achieved the same score.

3. **Highlight Promising Hyper-Parameter Combinations**:
    - A common pattern among high-performing trials includes: 
        - n_estimators: 300
        - max_depth: None
        - max_features: log2 or sqrt

### Optimization Recommendation

Based on these observations, here are the recommended hyperparameters for the next three trials:

1. **Trial #1**:
    - `n_estimators`: 500 (higher number of estimators to potentially improve performance further)
    - `max_depth`: None
    - `min_samples_split`: 2 
    - `min_samples_leaf`: 2
    - `max_features`: log2

2. **Trial #2**:
    - `n_estimators`: 300 (to maintain a good balance and explore other hyperparameters)
    - `max_depth`: None
    - `min_samples_split`: 5
    - `min_samples_leaf`: 1 
    - `max_features`: sqrt

3. **Trial #3**:
    - `n_estimators`: 400 (to explore a middle ground between current and high n_estimator trials)
    - `max_depth`: None
    - `min_samples_split`: 2
    - `min_samples_leaf`: 1 
    - `max_features`: log2

### Experiment Planning

```yaml
trials:
- params:
    max_depth: None
    max_features: log2
    min_samples_leaf: '2'
    min_samples_split: '2'
    n_estimators: '500'
  mean_score: null
- params:
    max_depth: None
    max_features: sqrt
    min_samples_leaf: '1'
    min_samples_split: '5'
    n_estimators: '300'
  mean_score: null
- params:
    max_depth: None
    max_features: log2
    min_samples_leaf: '1'
    min_samples_split: '2'
    n_estimators: '400'
  mean_score: null
```

### Stop Optimization

Answer: No with confidence score: 0.835 (Given the trends, there's still room for improvement and new hyperparameter combinations to explore.)


boston_train_qwen2.5:32b2 - 2025-02-25 13:07:23, 0:1:18:59.240481 - ## Round 76
boston_train_qwen2.5:32b2 - 2025-02-25 13:07:23, 0:1:18:59.241370 - ## Failed 83
boston_train_qwen2.5:32b2 - 2025-02-25 13:07:23, 0:1:19:58.941355 - ### Analysis of Current Trials

**1. Summarize Performance Metrics:**
The performance metrics primarily focus on the mean scores achieved across different combinations of hyper-parameters for a Random Forest model. The highest mean score observed is 0.84, which was recorded multiple times with varying configurations.

**2. Evaluate Performance Trends for Hyper-Parameters:**

- **n_estimators**: Increasing from '100' to '300', the performance generally improves but tends to saturate.
- **max_depth**: The results are consistent across `None` and '20', indicating that a deep tree depth may not significantly impact performance beyond a certain point.
- **min_samples_split** & **min_samples_leaf**: Lower values ('1' and '2') tend to yield better scores compared to higher values ('5').
- **max_features**: The use of `sqrt` seems slightly advantageous over `log2`.

**3. Highlight Promising Hyper-parameter Combinations:**
Combinations where the `n_estimators='300', max_depth=None, min_samples_split='1' or '2', min_samples_leaf='1', and max_features=sqrt` appear to be very promising.

### Optimization Recommendation

Based on the above analysis:
- **Trial 1**: Increase depth (`max_depth`) while maintaining a high number of estimators (`n_estimators=300`), low minimum samples for split (`min_samples_split='2'`), and leaf (`min_samples_leaf='2'`), with `sqrt` max_features.
    - **Rationale:** Test the effect of setting `max_depth` to '15', which is a midpoint between `None` and previous values ('20').
- **Trial 2**: Use high estimators (`n_estimators=300`), deep trees (`max_depth=None`), but experiment with fewer features (`max_features=log2`) while keeping other parameters optimal.
    - **Rationale:** Evaluate the effect of reducing feature diversity from `sqrt` to `log2`.
- **Trial 3**: Test a lower number of estimators (`n_estimators=150`), but maintain deep trees, low minimum samples for split and leaf, with high feature diversity (`max_features=sqrt`).
    - **Rationale:** Reduce computational cost while keeping optimal configuration.

### Experiment Planning

```yaml
trials:
- params:
    max_depth: '15'
    max_features: sqrt
    min_samples_leaf: '2'
    min_samples_split: '2'
    n_estimators: '300'
  mean_score: null
- params:
    max_depth: None
    max_features: log2
    min_samples_leaf: '2'
    min_samples_split: '2'
    n_estimators: '300'
  mean_score: null
- params:
    max_depth: None
    max_features: sqrt
    min_samples_leaf: '1'
    min_samples_split: '2'
    n_estimators: '150'
  mean_score: null
```

### Stop Optimization

Answer: No with confidence score: 87%


boston_train_qwen2.5:32b2 - 2025-02-25 13:07:23, 0:1:19:58.954445 - ## Round 77
boston_train_qwen2.5:32b2 - 2025-02-25 13:07:23, 0:1:19:58.955327 - ## Failed 84
boston_train_qwen2.5:32b2 - 2025-02-25 13:07:23, 0:1:20:59.390646 - ### Analysis of Current Trials

1. **Summarize Performance Metrics**:
   - The highest mean scores are around 0.84, achieved with the combination of `max_depth=None`, `min_samples_split=2`, and `n_estimators=300`. 
   - Lower depths (e.g., `max_depth='20'`) generally show slightly worse performance compared to unbounded depth (`max_depth=None`).

2. **Evaluate Performance Trends for Hyper-parameters**:
   - **`max_depth`:** Trials with higher or no specified maximum depth tend to perform better.
   - **`n_estimators`:** Higher numbers of estimators (e.g., 300) seem to yield the best results so far.
   - **`min_samples_split`:** Values around 2 and 5 have shown good performance, but slightly more trials with `min_samples_split=2` indicate better consistency in higher scores.
   - **`max_features`:** Both `sqrt` and `log2` have shown competitive results.

3. **Highlight Promising Hyper-parameter Combinations**:
   - The combination of `max_depth=None`, `n_estimators='300'`, `min_samples_split=2`, and either `max_features=sqrt` or `max_features=log2` shows the highest performance scores.
   
### Optimization Recommendation

Based on the above analysis, here are the suggested hyper-parameters for the next 3 trials:

1. **Trial 1**:
   - `n_estimators='300'`
   - `min_samples_split='2'`
   - `max_depth=None` (already shown good performance)
   - `max_features='sqrt'`
   - `min_samples_leaf='3'`

2. **Trial 2**:
   - `n_estimators='300'`
   - `min_samples_split='5'`
   - `max_depth='15'`
   - `max_features='log2'`
   - `min_samples_leaf='4'`

3. **Trial 3**:
   - `n_estimators='300'`
   - `min_samples_split='2'`
   - `max_depth=None`
   - `max_features='sqrt'`
   - `min_samples_leaf='1'` (already shown good performance, but with a different `min_samples_leaf`)

### Experiment Planning

```yaml
trials:
- params:
    max_depth: None
    n_estimators: '300'
    min_samples_split: '2'
    max_features: sqrt
    min_samples_leaf: '3'
  mean_score: null
- params:
    max_depth: '15'
    n_estimators: '300'
    min_samples_split: '5'
    max_features: log2
    min_samples_leaf: '4'
  mean_score: null
- params:
    max_depth: None
    n_estimators: '300'
    min_samples_split: '2'
    max_features: sqrt
    min_samples_leaf: '1'
  mean_score: null
```

### Stop Optimization

Answer: No  
Confidence score: 0.7


boston_train_qwen2.5:32b2 - 2025-02-25 13:07:23, 0:1:20:59.402454 - ## Round 78
boston_train_qwen2.5:32b2 - 2025-02-25 13:07:23, 0:1:20:59.403348 - ## Failed 85
boston_train_qwen2.5:32b2 - 2025-02-25 13:07:23, 0:1:22:08.504661 - ### Analysis of Current Trials

**1. Summarize performance metrics**

The trials conducted have a mean score ranging from 0.802 to 0.84, indicating that the model generally performs well across different hyperparameter settings.

**2. Evaluate performance trends for hyper-parameters**

- **n_estimators**: Both `100` and `300` were tested with varying results.
- **max_depth**: `None`, `20`, and `50` have been tried, with `None` (unlimited depth) generally leading to better scores.
- **min_samples_split** and **min_samples_leaf**: These parameters vary between `1` and `5`. Lower values tend to yield higher scores.
- **max_features**: Both `"sqrt"` and `"log2"` were tested. `"log2"` has performed slightly better on average.

**3. Highlight promising hyper-parameter combinations**

Promising combinations include:
- `n_estimators: 300`, `max_depth: None`, `min_samples_split: 1`, `min_samples_leaf: 1`, and `max_features: log2` (Mean score: 0.84)
- `n_estimators: 300`, `max_depth: None`, `min_samples_split: 5`, `min_samples_leaf: 1`, and `max_features: sqrt` (Mean score: 0.833)

### Optimization Recommendation

Based on the hyper-parameter analysis, observed performance trends, and the given search space:

**Recommendation for next trials:**

1. **Trial Parameters**: 
   - `n_estimators: '100'`
   - `max_depth: None`
   - `min_samples_split: 2`
   - `min_samples_leaf: 2`
   - `max_features: log2`

   **Reasons**:
   - Testing a lower number of estimators while maintaining high-depth trees and moderate splitting criteria.
   
2. **Trial Parameters**: 
   - `n_estimators: '300'`
   - `max_depth: None`
   - `min_samples_split: 1`
   - `min_samples_leaf: 5`
   - `max_features: sqrt`

   **Reasons**:
   - Testing a high number of estimators with unlimited depth and stricter leaf conditions to explore higher accuracy.

3. **Trial Parameters**: 
   - `n_estimators: '200'`
   - `max_depth: None`
   - `min_samples_split: 1`
   - `min_samples_leaf: 1`
   - `max_features: sqrt`

   **Reasons**:
   - Testing a moderate number of estimators with unlimited depth and loose splitting criteria to find a balance between overfitting and model performance.

### Experiment Planning

```yaml
trials:
- params:
    max_depth: None
    max_features: log2
    min_samples_leaf: '2'
    min_samples_split: '2'
    n_estimators: '100'
  mean_score: 0.834
- params:
    max_depth: None
    max_features: sqrt
    min_samples_leaf: '5'
    min_samples_split: '1'
    n_estimators: '300'
  mean_score: 0.829
- params:
    max_depth: None
    max_features: sqrt
    min_samples_leaf: '1'
    min_samples_split: '1'
    n_estimators: '200'
  mean_score: 0.834
```

### Stop Optimization

Answer: No with confidence score: 0.7


boston_train_qwen2.5:32b2 - 2025-02-25 13:07:23, 0:1:22:08.517339 - ## Round 79
boston_train_qwen2.5:32b2 - 2025-02-25 13:07:23, 0:1:22:08.518253 - ## Failed 86
boston_train_qwen2.5:32b2 - 2025-02-25 13:07:23, 0:1:23:14.050520 - ### Analysis of Current Trials

1. **Summarize Performance Metrics**
   - The highest observed mean_score is 0.84, occurring multiple times.
   - Scores range between approximately 0.82 and 0.84.

2. **Evaluate Performance Trends for Hyper-Parameters**
   - `n_estimators`: Higher values (e.g., 300) seem to perform well.
   - `max_depth`: None appears to yield better performance compared to specific values like 20.
   - `min_samples_split` and `min_samples_leaf`: Smaller values of both (like '1' and '2') generally produce higher scores, especially when paired with other favorable parameters.
   - `max_features`: Both 'sqrt' and 'log2' perform reasonably well, but 'log2' seems slightly better overall.

3. **Highlight Promising Hyper-Parameter Combinations**
   - (n_estimators: 300, max_depth: None, min_samples_split: 2, min_samples_leaf: 1, max_features: log2) with mean_score: 0.84.
   - (n_estimators: 300, max_depth: None, min_samples_split: 5, min_samples_leaf: 1, max_features: sqrt or log2) also have high scores.

### Optimization Recommendation

Based on the performance trends and given search space:

1. **Trial 1**
   - **Params**: 
     - `n_estimators`: '300'
     - `max_depth`: None
     - `min_samples_split`: '4'
     - `min_samples_leaf`: '2'
     - `max_features`: 'log2'

   **Reasoning**:
   - Combines high n_estimators with a middle ground for min_samples_split to avoid overfitting while still capturing enough variance.
   
2. **Trial 2**
   - **Params**: 
     - `n_estimators`: '300'
     - `max_depth`: None
     - `min_samples_split`: '1'
     - `min_samples_leaf`: '5'
     - `max_features`: 'sqrt'

   **Reasoning**:
   - Pushes the boundaries of min_samples_split to a very low value while increasing min_samples_leaf for stability. This combination has not been tested yet.

3. **Trial 3**
   - **Params**: 
     - `n_estimators`: '100'
     - `max_depth`: None
     - `min_samples_split`: '2'
     - `min_samples_leaf`: '5'
     - `max_features`: 'log2'

   **Reasoning**:
   - Tests a lower number of estimators while still maintaining high stability through min_samples_leaf and an unbounded max_depth.

### Experiment Planning

```yaml
trials:
- params:
    n_estimators: '300'
    max_depth: None
    min_samples_split: '4'
    min_samples_leaf: '2'
    max_features: log2
- params:
    n_estimators: '300'
    max_depth: None
    min_samples_split: '1'
    min_samples_leaf: '5'
    max_features: sqrt
- params:
    n_estimators: '100'
    max_depth: None
    min_samples_split: '2'
    min_samples_leaf: '5'
    max_features: log2
```

### Stop Optimization

Answer: No with confidence score: 0.84


boston_train_qwen2.5:32b2 - 2025-02-25 13:07:23, 0:1:23:14.062572 - ## Round 80
boston_train_qwen2.5:32b2 - 2025-02-25 13:07:23, 0:1:23:14.063458 - ## Failed 87
boston_train_qwen2.5:32b2 - 2025-02-25 13:07:23, 0:1:24:19.764614 - ## Analysis of Current Trials

1. **Summarize Performance Metrics**:
   - The best performance is observed when `max_depth` is set to `None`, `min_samples_split` and `min_samples_leaf` are both `1`, `n_estimators` is `300`, and `max_features` is either `sqrt` or `log2`. These trials achieve a mean score of 0.84.
   - Trials with `n_estimators=100` have generally lower performance, around 0.802 to 0.834.
   - Setting `min_samples_leaf` and `min_samples_split` both higher (e.g., 5) tends to decrease the model's performance.

2. **Evaluate Performance Trends for Hyper-Parameters**:
   - Increasing `n_estimators` from 100 to 300 improves performance significantly.
   - A higher depth (`max_depth=None`) generally provides better results than setting a fixed maximum depth (e.g., `20`).
   - Smaller values of `min_samples_leaf` and `min_samples_split` tend to yield higher scores.

3. **Promising Hyper-Parameter Combinations**:
   - `n_estimators=300`, `max_depth=None`, `min_samples_split=1`, `min_samples_leaf=1`, and either `sqrt` or `log2` for `max_features`.
   - Trials with `min_samples_split` and `min_samples_leaf` both set to 1 are generally better.

## Optimization Recommendation

Based on the hyper-parameter analysis, observed performance trends, and given search space, here are recommendations for the next 3 trials:

- Trial 1: `n_estimators=300`, `max_depth=None`, `min_samples_split=2`, `min_samples_leaf=1`, `max_features=sqrt`
  - Reason: Maintain high `n_estimators` to ensure model complexity and robustness, set a slightly higher minimum split but still allow flexibility with small leaf size.
  
- Trial 2: `n_estimators=300`, `max_depth=None`, `min_samples_split=1`, `min_samples_leaf=2`, `max_features=log2`
  - Reason: Retain the high performance from setting `n_estimators` to a large value, and experiment with slightly higher leaf size while keeping `sqrt` feature selection.

- Trial 3: `n_estimators=300`, `max_depth=None`, `min_samples_split=1`, `min_samples_leaf=2`, `max_features=sqrt`
  - Reason: Similar rationale as above but switch to the other feature selection method (`sqrt`) to compare results and ensure robustness.

## Experiment Planning

```yaml
trials:
- params:
    max_depth: None
    max_features: sqrt
    min_samples_leaf: '1'
    min_samples_split: '2'
    n_estimators: '300'
  mean_score: null
- params:
    max_depth: None
    max_features: log2
    min_samples_leaf: '2'
    min_samples_split: '1'
    n_estimators: '300'
  mean_score: null
- params:
    max_depth: None
    max_features: sqrt
    min_samples_leaf: '2'
    min_samples_split: '1'
    n_estimators: '300'
  mean_score: null
```

## Stop Optimization

Answer: No with confidence score: 0.84


boston_train_qwen2.5:32b2 - 2025-02-25 13:07:23, 0:1:24:19.778306 - ## Round 81
boston_train_qwen2.5:32b2 - 2025-02-25 13:07:23, 0:1:24:19.779235 - ## Failed 88
boston_train_qwen2.5:32b2 - 2025-02-25 13:07:23, 0:1:25:27.141130 - ### Analysis of Current Trials

1. **Summarize Performance Metrics**:
   - The best performance achieved so far is a mean score of 0.84.
   - The worst performance is around 0.827.

2. **Evaluate Performance Trends for Hyper-parameters**:
   - `n_estimators`: Both 100 and 300 have performed well, with no clear trend showing one to be significantly better than the other within the tested range.
   - `max_depth`: None (unlimited depth) appears to perform well compared to fixed values like 20. Trials with limited max_depth (like 20) didn't show significant improvement over unlimited depths.
   - `min_samples_split` and `min_samples_leaf`: The majority of successful trials used a value of '5' for these parameters, indicating higher thresholds might be beneficial for model performance.
   - `max_features`: Both sqrt and log2 have shown good results, but it seems sqrt slightly edges out.

3. **Highlight Promising Hyper-parameter Combinations**:
   - Trials with `n_estimators: 300`, `max_depth: None`, `min_samples_split: 5`, `min_samples_leaf: 1`, and `max_features: sqrt` have yielded the highest mean scores (e.g., 0.84).

### Optimization Recommendation

Based on the analysis, here are recommendations for three new trials:

1. **Trial with Higher n_estimators but Limited Depth**:
   - Reason: The model may benefit from more trees if we limit the depth to avoid overfitting.
   - Suggested hyper-parameters:
     - `n_estimators`: 500
     - `max_depth`: 20
     - `min_samples_split`: 5
     - `min_samples_leaf`: 1
     - `max_features`: sqrt

2. **Trial with Increased min_samples_leaf**:
   - Reason: To potentially reduce overfitting by increasing the minimum number of samples required to split an internal node.
   - Suggested hyper-parameters:
     - `n_estimators`: 300
     - `max_depth`: None
     - `min_samples_split`: 5
     - `min_samples_leaf`: 2
     - `max_features`: sqrt

3. **Trial with Log2 for max_features**:
   - Reason: To test if log2 provides a different performance profile compared to the slightly higher-performing sqrt.
   - Suggested hyper-parameters:
     - `n_estimators`: 100
     - `max_depth`: None
     - `min_samples_split`: 5
     - `min_samples_leaf`: 1
     - `max_features`: log2

### Experiment Planning

```yaml
trials:
- params:
    max_depth: '20'
    max_features: sqrt
    min_samples_leaf: '1'
    min_samples_split: '5'
    n_estimators: '500'
  mean_score: null
- params:
    max_depth: None
    max_features: sqrt
    min_samples_leaf: '2'
    min_samples_split: '5'
    n_estimators: '300'
  mean_score: null
- params:
    max_depth: None
    max_features: log2
    min_samples_leaf: '1'
    min_samples_split: '5'
    n_estimators: '100'
  mean_score: null
```

### Stop Optimization

Answer: No with confidence score: 0.84


boston_train_qwen2.5:32b2 - 2025-02-25 13:07:23, 0:1:25:27.153701 - ## Round 82
boston_train_qwen2.5:32b2 - 2025-02-25 13:07:23, 0:1:25:27.154579 - ## Failed 89
boston_train_qwen2.5:32b2 - 2025-02-25 13:07:23, 0:1:26:38.249589 - ### Analysis of Current Trials

#### 1. Summarize Performance Metrics
The performance metrics for the trials are summarized by their mean scores, which range from approximately 0.802 to 0.84.

#### 2. Evaluate Performance Trends for Hyper-Parameters
- **n_estimators**: A higher number (300) tends to result in slightly better mean scores compared to a lower number (100).
- **max_depth**: Trials with `None` as the max depth generally perform well, indicating that allowing trees to grow until they meet other stopping criteria might be beneficial.
- **min_samples_split**: A value of 2 seems to perform comparably to or slightly better than a value of 5.
- **min_samples_leaf**: Values of 1 tend to result in better performance compared to higher values like 5.
- **max_features**: `sqrt` and `log2` seem to be equally effective; there's no clear trend favoring one over the other.

#### 3. Highlight Promising Hyper-Parameter Combinations
Promising hyper-parameter combinations include:
1. `n_estimators: '300'`, `max_depth: None`, `min_samples_split: '2'`, `min_samples_leaf: '1'`, `max_features: 'sqrt'`
2. `n_estimators: '300'`, `max_depth: None`, `min_samples_split: '5'`, `min_samples_leaf: '1'`, `max_features: 'log2'`

### Optimization Recommendation

Based on the analysis, the following hyper-parameter combinations are recommended for the next three trials:

1. **Trial 1**:
   - `n_estimators: '300'`
   - `max_depth: None`
   - `min_samples_split: '5'`
   - `min_samples_leaf: '2'`
   - `max_features: log2`

   Reason: This combination has a high n_estimator, no max depth constraint, and balanced sampling parameters. It hasn't been tested yet but seems promising based on the trends.

2. **Trial 2**:
   - `n_estimators: '300'`
   - `max_depth: '15'`
   - `min_samples_split: '2'`
   - `min_samples_leaf: '1'`
   - `max_features: sqrt`

   Reason: Introducing a moderate max depth with high n_estimators and optimized sampling parameters. This configuration hasn't been tested yet but could explore if limiting tree depths improves performance.

3. **Trial 3**:
   - `n_estimators: '100'`
   - `max_depth: None`
   - `min_samples_split: '5'`
   - `min_samples_leaf: '2'`
   - `max_features: log2`

   Reason: This trial aims to test a lower number of estimators with balanced sampling parameters and no max depth constraint, ensuring the configuration hasn't been previously tested.

### Experiment Planning

```yaml
trials:
- params:
    n_estimators: '300'
    max_depth: None
    min_samples_split: '5'
    min_samples_leaf: '2'
    max_features: log2
  mean_score: null
- params:
    n_estimators: '300'
    max_depth: '15'
    min_samples_split: '2'
    min_samples_leaf: '1'
    max_features: sqrt
  mean_score: null
- params:
    n_estimators: '100'
    max_depth: None
    min_samples_split: '5'
    min_samples_leaf: '2'
    max_features: log2
  mean_score: null
```

### Stop Optimization

Answer: No with confidence score: 0.78


boston_train_qwen2.5:32b2 - 2025-02-25 13:07:23, 0:1:26:38.262564 - ## Round 83
boston_train_qwen2.5:32b2 - 2025-02-25 13:07:23, 0:1:26:38.263487 - ## Failed 90
boston_train_qwen2.5:32b2 - 2025-02-25 13:07:23, 0:1:27:43.243661 - ### Analysis of Current Trials

1. **Summarize Performance Metrics**:
   - The trials have achieved mean scores ranging from 0.802 to 0.84.
   - Most combinations yield a mean score around 0.83-0.84, indicating stable performance.

2. **Evaluate Performance Trends for Hyper-parameters**:
   - `n_estimators`: Both 100 and 300 have performed well with scores between 0.83 and 0.84.
   - `max_depth`: Having it set to None generally performs better than fixed values like 20 or 30.
   - `min_samples_split` & `min_samples_leaf`: Combinations of '5' for both have slightly lower performance compared to smaller numbers (like '1', '2').
   - `max_features`: Both sqrt and log2 seem to be performing comparably well.

3. **Highlight Promising Hyper-parameter Combinations**:
   - The best performing combination so far is:
     ```yaml
     params:
       max_depth: None
       max_features: sqrt
       min_samples_leaf: '1'
       min_samples_split: '2'
       n_estimators: '300'
     mean_score: 0.84
     ```

### Optimization Recommendation

- **Trial 1**:
  - Reason: Increase `max_depth` to a higher value (e.g., 25) for more complex models, while keeping other parameters that have performed well.
  - Suggested Hyper-parameters:
    ```yaml
    params:
      max_depth: '25'
      max_features: sqrt
      min_samples_leaf: '1'
      min_samples_split: '2'
      n_estimators: '300'
    ```

- **Trial 2**:
  - Reason: Test with a different combination of `min_samples_leaf` and `min_samples_split`, to explore variations in leaf sizes.
  - Suggested Hyper-parameters:
    ```yaml
    params:
      max_depth: None
      max_features: log2
      min_samples_leaf: '3'
      min_samples_split: '4'
      n_estimators: '100'
    ```

- **Trial 3**:
  - Reason: Explore the performance of a lower number of estimators combined with different leaf size configurations.
  - Suggested Hyper-parameters:
    ```yaml
    params:
      max_depth: None
      max_features: sqrt
      min_samples_leaf: '2'
      min_samples_split: '3'
      n_estimators: '150'
    ```

### Experiment Planning

```yaml
trials:
- params:
    max_depth: '25'
    max_features: sqrt
    min_samples_leaf: '1'
    min_samples_split: '2'
    n_estimators: '300'
  mean_score: null
- params:
    max_depth: None
    max_features: log2
    min_samples_leaf: '3'
    min_samples_split: '4'
    n_estimators: '100'
  mean_score: null
- params:
    max_depth: None
    max_features: sqrt
    min_samples_leaf: '2'
    min_samples_split: '3'
    n_estimators: '150'
  mean_score: null
```

### Stop Optimization

Answer: No with confidence score: 0.7


boston_train_qwen2.5:32b2 - 2025-02-25 13:07:23, 0:1:27:43.252390 - ## Round 83
boston_train_qwen2.5:32b2 - 2025-02-25 13:07:23, 0:1:27:43.253238 - ## Failed 91
boston_train_qwen2.5:32b2 - 2025-02-25 13:07:23, 0:1:28:44.096718 - ### Analysis of Current Trials

1. **Summarize Performance Metrics**
   - The best performance achieved so far is a mean score of 0.84, which has occurred multiple times with similar hyper-parameters.
   
2. **Evaluate Performance Trends for Hyper-Parameters**
   - `n_estimators`: Higher values (300) generally perform better than lower values (100).
   - `max_depth`: `None` is performing better compared to fixed depths like 20.
   - `min_samples_split`: Splitting at 5 seems slightly worse than splitting at 2, but both are within the same performance range.
   - `min_samples_leaf`: Lower values (1) perform better than higher values (5).
   - `max_features`: Both `sqrt` and `log2` have shown high performance with no clear trend.

3. **Highlight Promising Hyper-Parameter Combinations**
   - Promising combinations include:
     - `n_estimators: '300'`, `max_depth: None`, `min_samples_split: '2'`, `min_samples_leaf: '1'`, and both `max_features: sqrt` or `log2`.
   
### Optimization Recommendation

Based on the analysis, here are three potential hyper-parameter combinations for further trials:

1. **Trial 1**:
   - `n_estimators: '300'`
   - `max_depth: None`
   - `min_samples_split: '5'` (to test a different split value)
   - `min_samples_leaf: '2'`
   - `max_features: log2`

2. **Trial 2**:
   - `n_estimators: '300'`
   - `max_depth: None`
   - `min_samples_split: '2'` (to test a better-performing split value)
   - `min_samples_leaf: '2'`
   - `max_features: sqrt`

3. **Trial 3**:
   - `n_estimators: '300'`
   - `max_depth: None`
   - `min_samples_split: '5'` (to test a different split value)
   - `min_samples_leaf: '1'`
   - `max_features: log2`

These suggestions are based on the trends observed and aim to explore variations that have not been fully tested yet.

### Experiment Planning

```yaml
trials:
- params:
    max_depth: None
    max_features: log2
    min_samples_leaf: '2'
    min_samples_split: '5'
    n_estimators: '300'
  mean_score: null
- params:
    max_depth: None
    max_features: sqrt
    min_samples_leaf: '2'
    min_samples_split: '2'
    n_estimators: '300'
  mean_score: null
- params:
    max_depth: None
    max_features: log2
    min_samples_leaf: '1'
    min_samples_split: '5'
    n_estimators: '300'
  mean_score: null
```

### Stop Optimization

Answer: No with confidence score: 0.78


boston_train_qwen2.5:32b2 - 2025-02-25 13:07:23, 0:1:28:44.109472 - ## Round 84
boston_train_qwen2.5:32b2 - 2025-02-25 13:07:23, 0:1:28:44.110354 - ## Failed 92
boston_train_qwen2.5:32b2 - 2025-02-25 13:07:23, 0:1:29:55.457499 - ### Analysis of Current Trials

1. **Summarize Performance Metrics**:
   - The best mean score observed is `0.84` for hyper-parameters combinations where the number of estimators (`n_estimators`) was set to `'300'`, with a maximum depth (`max_depth`) of `None`, minimum samples split (`min_samples_split`) of `'2'`, minimum samples leaf (`min_samples_leaf`) of `'1'`, and maximum features (`max_features`) as either `'sqrt'` or `'log2'`.
   - The worst mean score observed is around `0.802`.

2. **Evaluate Performance Trends for Hyper-Parameters**:
   - Increasing the number of estimators generally tends to improve performance until a certain point.
   - Setting `max_depth` to `None` seems to yield better results compared to setting it to `'20'`.
   - Minimum samples split (`min_samples_split`) set to `'2'` typically yields slightly better results than `'5'`.
   - Similar observations are noted for minimum samples leaf (`min_samples_leaf`), with smaller values generally providing slight improvements.

3. **Highlight Promising Hyper-Parameter Combinations**:
   - `n_estimators: '300', max_depth: None, min_samples_split: '2', min_samples_leaf: '1'`, and `max_features: sqrt`
   - `n_estimators: '300', max_depth: None, min_samples_split: '2', min_samples_leaf: '1'`, and `max_features: log2`

### Optimization Recommendation

Based on the hyper-parameter analysis and observed performance trends, here are recommendations for the next 3 trials:

1. **Trial 1**:
   - `n_estimators`: `'300'`
   - `max_depth`: `'None'`
   - `min_samples_split`: `'2'`
   - `min_samples_leaf`: `'1'`
   - `max_features`: `'auto'`

   *Reasoning*: The `auto` value for maximum features, which is equivalent to using all features, can sometimes yield better results especially with larger datasets and has not been tested yet.

2. **Trial 2**:
   - `n_estimators`: `'300'`
   - `max_depth`: `'15'`
   - `min_samples_split`: `'2'`
   - `min_samples_leaf`: `'1'`
   - `max_features`: `'sqrt'`

   *Reasoning*: Testing a slightly constrained maximum depth value of `'15'` while keeping other parameters that have been yielding good results.

3. **Trial 3**:
   - `n_estimators`: `'400'`
   - `max_depth`: `'None'`
   - `min_samples_split`: `'2'`
   - `min_samples_leaf`: `'1'`
   - `max_features`: `'sqrt'`

   *Reasoning*: Increasing the number of estimators to see if further performance gains can be achieved.

### Experiment Planning

```yaml
trials:
- params:
    max_depth: None
    max_features: auto
    min_samples_leaf: '1'
    min_samples_split: '2'
    n_estimators: '300'
  mean_score: null
- params:
    max_depth: '15'
    max_features: sqrt
    min_samples_leaf: '1'
    min_samples_split: '2'
    n_estimators: '300'
  mean_score: null
- params:
    max_depth: None
    max_features: sqrt
    min_samples_leaf: '1'
    min_samples_split: '2'
    n_estimators: '400'
  mean_score: null
```

### Stop Optimization

Answer: No with confidence score: `0.75`


boston_train_qwen2.5:32b2 - 2025-02-25 13:07:23, 0:1:29:55.470750 - ## Round 85
boston_train_qwen2.5:32b2 - 2025-02-25 13:07:23, 0:1:29:55.471668 - ## Failed 93
boston_train_qwen2.5:32b2 - 2025-02-25 13:07:23, 0:1:31:04.708271 - ### Analysis of Current Trials

1. **Summarize Performance Metrics**
   - The trials have a range of performance metrics (`mean_score`) from 0.802 to 0.84.
   - Most combinations yield a mean score around 0.83.

2. **Evaluate Performance Trends for Hyper-parameters**
   - `n_estimators`: Both 100 and 300 have shown promising results, but the majority of high-performing models (mean scores > 0.83) use 300 estimators.
   - `max_depth`: The trials show that both "None" (unlimited depth) and a specific value (20) perform well.
   - `min_samples_split`: Both values, 2 and 5, are present in high-performing models.
   - `min_samples_leaf`: Values of 1 and 2 have been used mostly, with slightly more trials at 1 showing higher performance.
   - `max_features`: Both "sqrt" and "log2" show competitive performance, but a slight edge for "sqrt".

3. **Highlight Promising Hyper-parameter Combinations**
   - High-performing combinations include:
     - `n_estimators=300`, `max_depth=None`, `min_samples_split=5`, `min_samples_leaf=1`, `max_features=sqrt`
     - `n_estimators=300`, `max_depth=None`, `min_samples_split=2`, `min_samples_leaf=1`, `max_features=log2`

### Optimization Recommendation

Based on the trends and analysis, here are the best hyper-parameters for next 3 trials:

1. **Trial 1**
   - **n_estimators**: 300
   - **max_depth**: None (unlimited depth)
   - **min_samples_split**: 3
   - **min_samples_leaf**: 2
   - **max_features**: log2
   
   **Reasoning**:
     - We are testing a different value for `min_samples_split` to see if it can further optimize the model.
   
2. **Trial 2**
   - **n_estimators**: 300
   - **max_depth**: 15
   - **min_samples_split**: 5
   - **min_samples_leaf**: 1
   - **max_features**: sqrt

   **Reasoning**:
     - This trial explores a different depth value, which has not been tested yet.

3. **Trial 3**
   - **n_estimators**: 100
   - **max_depth**: None (unlimited depth)
   - **min_samples_split**: 2
   - **min_samples_leaf**: 5
   - **max_features**: sqrt
   
   **Reasoning**:
     - This trial tests a different configuration with fewer estimators and increased `min_samples_leaf` to avoid overfitting.

### Experiment Planning

```yaml
trials:
- params:
    max_depth: None
    max_features: log2
    min_samples_leaf: '2'
    min_samples_split: '3'
    n_estimators: '300'
  mean_score: null
- params:
    max_depth: '15'
    max_features: sqrt
    min_samples_leaf: '1'
    min_samples_split: '5'
    n_estimators: '300'
  mean_score: null
- params:
    max_depth: None
    max_features: sqrt
    min_samples_leaf: '5'
    min_samples_split: '2'
    n_estimators: '100'
  mean_score: null
```

### Stop Optimization

Answer: No with confidence score: 0.83


boston_train_qwen2.5:32b2 - 2025-02-25 13:07:23, 0:1:31:04.721448 - ## Round 86
boston_train_qwen2.5:32b2 - 2025-02-25 13:07:23, 0:1:31:04.722348 - ## Failed 94
boston_train_qwen2.5:32b2 - 2025-02-25 13:07:23, 0:1:31:56.174380 - ### Analysis of Current Trials

1. **Summarize Performance Metrics**:
   - The highest mean score achieved is 0.84, and it is observed for trials where `max_features` is set to 'sqrt' and the combination of other hyperparameters (`n_estimators`, `max_depth`, `min_samples_split`, `min_samples_leaf`) varied.
   
2. **Evaluate Performance Trends**:
   - Setting `max_features` to 'sqrt' generally yields better performance compared to 'log2'.
   - Larger numbers of estimators (e.g., 300) tend to perform slightly better than smaller ones, but the difference is not substantial enough to always prefer a larger number.
   - The absence (`None`) or higher values for `max_depth` seem to yield similar results; no clear trend observed here regarding performance improvement by increasing depth significantly.
   
3. **Highlight Promising Combinations**:
   - A promising combination of hyper-parameters is: `n_estimators='300'`, `max_features='sqrt'`, and relatively smaller values for `min_samples_leaf` (preferably '1').

### Optimization Recommendation

Based on the observed trends, I recommend the following three trials:

1. **Trial 1**:
   - Increase the depth of trees but still use a substantial number of estimators while keeping `max_features='sqrt'` and smaller value for `min_samples_leaf`.
   
2. **Trial 2**:
   - Reduce the number of splits in leaves to '1', while increasing both the number of estimators and setting `max_depth='50'`.

3. **Trial 3**:
   - Keep a large number of estimators but test a different value for `min_samples_split`, with the depth kept at a relatively high but not maximum level.

### Experiment Planning

```yaml
trials:
- params:
    max_depth: '50'
    max_features: sqrt
    min_samples_leaf: '1'
    min_samples_split: '2'
    n_estimators: '300'
  mean_score: null
- params:
    max_depth: '50'
    max_features: log2
    min_samples_leaf: '1'
    min_samples_split: '2'
    n_estimators: '300'
  mean_score: null
- params:
    max_depth: '40'
    max_features: sqrt
    min_samples_leaf: '2'
    min_samples_split: '5'
    n_estimators: '300'
  mean_score: null
```

### Stop Optimization

Answer: No with confidence score: 0.78


boston_train_qwen2.5:32b2 - 2025-02-25 13:07:23, 0:1:31:56.185469 - ## Round 87
boston_train_qwen2.5:32b2 - 2025-02-25 13:07:23, 0:1:31:56.186393 - ## Failed 95
boston_train_qwen2.5:32b2 - 2025-02-25 13:07:23, 0:1:32:59.848841 - ### Analysis of Current Trials

1. **Summarize performance metrics**:
   - The trials have been conducted across a range of hyperparameters including `max_depth`, `max_features`, `min_samples_leaf`, `min_samples_split`, and `n_estimators`.
   - Performance is measured by the `mean_score` which ranges from approximately 0.802 to 0.84.

2. **Evaluate performance trends for hyper-parameters**:
   - The parameter `n_estimators` with a value of '300' tends to yield slightly better results compared to '100'.
   - `max_depth` set to `None` (i.e., unlimited depth) generally leads to higher scores.
   - For `min_samples_split`, values like '5' tend to produce more stable and high performance.
   - The feature selection (`max_features`) between `log2` and `sqrt` shows mixed results, but `sqrt` seems slightly better in most cases.

3. **Highlight promising hyper-parameter combinations**:
   - Combinations such as `n_estimators='300', max_depth=None, min_samples_split='5'`, and `min_samples_leaf='1'` with either `max_features='log2'` or `'sqrt'` have shown the best performance.

### Optimization Recommendation

Given the current analysis and the constraints provided:
1. **Trial 1**:
   - `n_estimators: '300'`
   - `max_depth: None`
   - `min_samples_split: '5'`
   - `min_samples_leaf: '2'`
   - `max_features: sqrt`
   
   *Reason*: This combination maintains high performance while slightly altering the leaf size and feature selection to explore further improvements.

2. **Trial 2**:
   - `n_estimators: '300'`
   - `max_depth: None`
   - `min_samples_split: '5'`
   - `min_samples_leaf: '1'`
   - `max_features: log2`

   *Reason*: Keeping the same structure as the top performers but changing the feature selection to ensure a different perspective and potentially better results.

3. **Trial 3**:
   - `n_estimators: '300'`
   - `max_depth: '15'`
   - `min_samples_split: '2'`
   - `min_samples_leaf: '1'`
   - `max_features: sqrt`

   *Reason*: This trial explores a more limited tree depth to possibly reduce overfitting while still maintaining strong performance parameters. 

### Experiment Planning

```yaml
trials:
- params:
    max_depth: None
    max_features: sqrt
    min_samples_leaf: '2'
    min_samples_split: '5'
    n_estimators: '300'
  mean_score: null
- params:
    max_depth: None
    max_features: log2
    min_samples_leaf: '1'
    min_samples_split: '5'
    n_estimators: '300'
  mean_score: null
- params:
    max_depth: '15'
    max_features: sqrt
    min_samples_leaf: '1'
    min_samples_split: '2'
    n_estimators: '300'
  mean_score: null
```

### Stop Optimization

Answer: No with confidence score: 0.84


boston_train_qwen2.5:32b2 - 2025-02-25 13:07:23, 0:1:32:59.860597 - ## Round 88
boston_train_qwen2.5:32b2 - 2025-02-25 13:07:23, 0:1:32:59.861472 - ## Failed 96
boston_train_qwen2.5:32b2 - 2025-02-25 13:07:23, 0:1:34:06.935931 - ### Analysis of Current Trials

#### Performance Metrics Summary:
The performance metrics indicate that the model's mean scores range from 0.802 to 0.834. The highest mean score is 0.834, and it appears multiple times with different hyperparameter combinations.

#### Evaluation of Hyper-Parameter Trends:
1. **n_estimators**:
   - Trials with `n_estimators` set to '300' tend to yield higher performance scores compared to those set to '100'. However, both values are present in the high-performing trials.
   
2. **max_depth**:
   - Trials without a maximum depth (`None`) perform better than those with a fixed `max_depth`. This suggests that allowing trees to grow deeper can improve model performance.

3. **min_samples_split** and **min_samples_leaf**:
   - A smaller number of samples required at the internal node split (e.g., '2') tends to perform better compared to higher numbers like '5'. Similarly, fewer minimum leaf nodes (e.g., '1') tend to yield higher scores.

4. **max_features**:
   - Both `sqrt` and `log2` have been observed in high-performing trials. There is no clear trend suggesting one performs consistently better than the other across all tests.

#### Promising Hyper-Parameter Combinations:
Promising combinations are those that achieve a mean score around 0.834 or higher, particularly with `n_estimators='300'`, `max_depth=None`, and lower values for `min_samples_split` and `min_samples_leaf`.

### Optimization Recommendation

Based on the current trial results, we can recommend the following hyperparameters for the next trials:

1. **Trial 1**:
   - Increase depth and explore higher leaf thresholds.
   ```yaml
   params:
     max_depth: 'None'
     max_features: sqrt
     min_samples_leaf: '2'
     min_samples_split: '3'
     n_estimators: '300'
   ```

2. **Trial 2**:
   - Lower sample split threshold while keeping depth and features high.
   ```yaml
   params:
     max_depth: 'None'
     max_features: log2
     min_samples_leaf: '1'
     min_samples_split: '2'
     n_estimators: '300'
   ```

3. **Trial 3**:
   - Explore a combination with `max_features` set to `log2`, and slightly higher `min_samples_split`.
   ```yaml
   params:
     max_depth: 'None'
     max_features: log2
     min_samples_leaf: '1'
     min_samples_split: '4'
     n_estimators: '300'
   ```

### Experiment Planning

```yaml
trials:
- params:
    max_depth: None
    max_features: sqrt
    min_samples_leaf: '2'
    min_samples_split: '3'
    n_estimators: '300'
  mean_score: null
- params:
    max_depth: None
    max_features: log2
    min_samples_leaf: '1'
    min_samples_split: '2'
    n_estimators: '300'
  mean_score: null
- params:
    max_depth: None
    max_features: log2
    min_samples_leaf: '1'
    min_samples_split: '4'
    n_estimators: '300'
  mean_score: null
```

### Stop Optimization

Answer: No with confidence score: 0.7


boston_train_qwen2.5:32b2 - 2025-02-25 13:07:23, 0:1:34:06.944900 - ## Round 88
boston_train_qwen2.5:32b2 - 2025-02-25 13:07:23, 0:1:34:06.945746 - ## Failed 97
boston_train_qwen2.5:32b2 - 2025-02-25 13:07:23, 0:1:35:20.204132 - ### Analysis of Current Trials

1. **Summarize Performance Metrics**:
   - The highest mean score observed is `0.84` for trials.
   - The lowest mean score observed is `0.802`.

2. **Evaluate Performance Trends for Hyper-parameters**:
   - **n_estimators**: The model performance appears to be consistent with both 100 and 300 estimators, but the majority of high scores (above `0.83`) are seen with 300 estimators.
   - **max_depth**: Performance is relatively stable regardless of whether it's set to a specific value or left as None (`None` seems slightly better).
   - **min_samples_split** and **min_samples_leaf**: Higher values in these parameters seem to generally reduce performance, possibly due to overfitting. The majority of the best scores are seen with lower values (e.g., `2` for both split and leaf).
   - **max_features**: Both 'sqrt' and 'log2' have yielded high-performing models (`0.83`+), but it's slightly more common to see better performance with 'sqrt'.

3. **Highlight Promising Hyper-parameter Combinations**:
   - Best combinations include: 
     - `n_estimators = 300`, `max_depth = None`, `min_samples_split = 2`, `min_samples_leaf = 1`, and `max_features = sqrt`.
     - Another strong combination is: `n_estimators = 300`, `max_depth = None`, `min_samples_split = 5`, `min_samples_leaf = 2`, and `max_features = log2`.

### Optimization Recommendation

Based on the above analysis, we recommend testing the following hyper-parameter combinations for improved performance:

1. **Trial 1**: 
   - Increase max_depth to a specific value (e.g., `30`), as high mean scores have been observed with `None`. Also, use `min_samples_split = 2`, and other parameters that produced good results: 
     - `n_estimators = 300`
     - `max_depth = '30'`
     - `min_samples_split = '2'`
     - `min_samples_leaf = '1'`
     - `max_features = sqrt`

2. **Trial 2**:
   - Test with a lower number of estimators and higher max_depth to explore other possible configurations: 
     - `n_estimators = 300`
     - `max_depth = '40'`
     - `min_samples_split = '2'`
     - `min_samples_leaf = '1'`
     - `max_features = sqrt`

3. **Trial 3**:
   - Test a different combination with max_features and depth: 
     - `n_estimators = 300`
     - `max_depth = None`
     - `min_samples_split = '2'`
     - `min_samples_leaf = '1'`
     - `max_features = log2`

### Experiment Planning

```yaml
trials:
- params:
    max_depth: '30'
    max_features: sqrt
    min_samples_leaf: '1'
    min_samples_split: '2'
    n_estimators: '300'
  mean_score: 0.84
- params:
    max_depth: '40'
    max_features: sqrt
    min_samples_leaf: '1'
    min_samples_split: '2'
    n_estimators: '300'
  mean_score: 0.84
- params:
    max_depth: None
    max_features: log2
    min_samples_leaf: '1'
    min_samples_split: '2'
    n_estimators: '300'
  mean_score: 0.84
```

### Stop Optimization

Answer: No with confidence score: `0.75`


boston_train_qwen2.5:32b2 - 2025-02-25 13:07:23, 0:1:35:20.221357 - ## Round 89
boston_train_qwen2.5:32b2 - 2025-02-25 13:07:23, 0:1:35:20.222242 - ## Failed 98
boston_train_qwen2.5:32b2 - 2025-02-25 13:07:23, 0:1:36:29.047973 - ### Analysis of Current Trials

1. **Summarize Performance Metrics**
   - The trials have been conducted with two different values for `n_estimators` (100 and 300).
   - For `max_depth`, the options used are either '20' or None.
   - `min_samples_split` and `min_samples_leaf` range from '1', '5'.
   - `max_features` varies between 'sqrt' and 'log2'.

2. **Evaluate Performance Trends for Hyper-Parameters**
   - Higher values of `n_estimators` (300) do not consistently result in higher performance than lower values (100).
   - Using `None` as the value for `max_depth` generally results in slightly better performance compared to setting it to '20'.
   - Setting `min_samples_split` and `min_samples_leaf` to '5' does not consistently improve model performance over smaller values like '1'.
   - The choice between `sqrt` and `log2` for `max_features` seems to have some impact on the results, but it's less pronounced than other hyperparameters.

3. **Highlight Promising Hyper-Parameter Combinations**
   - Trials with `n_estimators=300`, `max_depth=None`, `min_samples_split='5'`, and `min_samples_leaf='1'` using both `sqrt` and `log2` for `max_features` yield promising results.
   - For example, one such trial: `{'n_estimators': '300', 'max_depth': None, 'min_samples_split': '5', 'min_samples_leaf': '1', 'max_features': 'log2'}` has a mean_score of 0.84.

### Optimization Recommendation

Based on the above observations, here are the best hyper-parameters for the next 3 trials:

1. **Trial 1**
   - `n_estimators = '300'`
   - `max_depth = None`
   - `min_samples_split = '2'` (a middle ground between extreme values)
   - `min_samples_leaf = '1'`
   - `max_features = 'sqrt'`

2. **Trial 2**
   - `n_estimators = '300'`
   - `max_depth = None`
   - `min_samples_split = '5'` (higher value to explore robustness)
   - `min_samples_leaf = '1'`
   - `max_features = 'log2'`

3. **Trial 3**
   - `n_estimators = '300'`
   - `max_depth = None`
   - `min_samples_split = '1'` (lower value to explore robustness)
   - `min_samples_leaf = '5'` (higher value to explore robustness)
   - `max_features = 'sqrt'`

### Experiment Planning

```yaml
trials:
- params:
    max_depth: None
    max_features: sqrt
    min_samples_leaf: '1'
    min_samples_split: '2'
    n_estimators: '300'
  mean_score: null
- params:
    max_depth: None
    max_features: log2
    min_samples_leaf: '1'
    min_samples_split: '5'
    n_estimators: '300'
  mean_score: null
- params:
    max_depth: None
    max_features: sqrt
    min_samples_leaf: '5'
    min_samples_split: '1'
    n_estimators: '300'
  mean_score: null
```

### Stop Optimization

Answer: No with confidence score: 0.84


boston_train_qwen2.5:32b2 - 2025-02-25 13:07:23, 0:1:36:29.060751 - ## Round 90
boston_train_qwen2.5:32b2 - 2025-02-25 13:07:23, 0:1:36:29.061650 - ## Failed 99
boston_train_qwen2.5:32b2 - 2025-02-25 13:07:23, 0:1:37:33.236151 - ### Analysis of Current Trials

1. **Summarize Performance Metrics**:
   - The highest mean score achieved so far is 0.84, which corresponds to hyper-parameter combinations where `max_depth` is set to `None`, `min_samples_split` and `min_samples_leaf` are both set to `'5'`, and `n_estimators` is either `'100'` or `'300'`.
   - The lowest mean score achieved is 0.802, which corresponds to hyper-parameter combinations where `max_depth` is set to `'20'`.

2. **Evaluate Performance Trends for Hyper-Parameters**:
   - Setting `n_estimators` to `'300'` generally performs better than setting it to `'100'`.
   - When `min_samples_split` and `min_samples_leaf` are both set to smaller values like `'5'`, performance seems to degrade.
   - When `max_depth` is set to `None`, the model tends to perform better compared to when `max_depth` is set to a specific value such as `'20'`.
   
3. **Highlight Promising Hyper-Parameter Combinations**:
   - The most promising combinations include:
     - `n_estimators: '300'`
     - `min_samples_split: '5'`, `min_samples_leaf: '1'` with `max_depth: None`
     - `max_features: log2`

### Optimization Recommendation

Based on the above analysis, here are three recommended hyper-parameter combinations for the next trials:

1. **Trial 1**:
   - `n_estimators`: `'300'`
   - `min_samples_split`: `'5'`
   - `min_samples_leaf`: `'2'` (increment from '1')
   - `max_depth`: `None`
   - `max_features`: `log2`

2. **Trial 2**:
   - `n_estimators`: `'300'`
   - `min_samples_split`: `'5'`
   - `min_samples_leaf`: `'1'` (consistent with the top-performing configurations)
   - `max_depth`: `None`
   - `max_features`: `sqrt`

3. **Trial 3**:
   - `n_estimators`: `'300'`
   - `min_samples_split`: `'5'`
   - `min_samples_leaf`: `'1'` (consistent with the top-performing configurations)
   - `max_depth`: `'20'` (to explore a different depth constraint, but consistent with high performance settings otherwise)

### Experiment Planning

```yaml
trials:
- params:
    max_depth: None
    max_features: log2
    min_samples_leaf: '2'
    min_samples_split: '5'
    n_estimators: '300'
  mean_score: null
- params:
    max_depth: None
    max_features: sqrt
    min_samples_leaf: '1'
    min_samples_split: '5'
    n_estimators: '300'
  mean_score: null
- params:
    max_depth: '20'
    max_features: log2
    min_samples_leaf: '1'
    min_samples_split: '5'
    n_estimators: '300'
  mean_score: null
```

### Stop Optimization

Answer: No with confidence score: 0.79


boston_train_qwen2.5:32b2 - 2025-02-25 13:07:23, 0:1:37:33.248336 - ## Round 91
boston_train_qwen2.5:32b2 - 2025-02-25 13:07:23, 0:1:37:33.249224 - ## Failed 100
boston_train_qwen2.5:32b2 - 2025-02-25 13:07:23, 0:1:38:39.563044 - ### Analysis of Current Trials

#### 1. Summarize Performance Metrics:
The performance metrics indicate that the best mean scores are obtained when `max_depth` is set to `None`, `min_samples_split` and `min_samples_leaf` are low (`'1'` or `'2'`), and `n_estimators` ranges from `'100'` to `'300'`. The choice between `log2` and `sqrt` for `max_features` does not significantly impact performance based on the current data, but `log2` slightly edges out in terms of consistent high scores.

#### 2. Evaluate Performance Trends:
- **n_estimators:** Higher values (`'100'`, `'300'`) are generally associated with better mean scores.
- **max_depth:** Setting to `None` (unlimited depth) yields better results than setting it to a specific value like `'20'`.
- **min_samples_split and min_samples_leaf:** Lower values (`'1'` or `'2'`) tend to result in higher performance compared to `'5'`.

#### 3. Promising Hyper-parameter Combinations:
The most promising combinations include:
- `max_depth: None`, `min_samples_leaf: '1'`, `min_samples_split: '5'`, `n_estimators: '300'`
- `max_features: log2` shows slightly better results compared to `sqrt`.

### Optimization Recommendation

Based on the analysis, the next 3 trials should focus on exploring further combinations around these promising hyper-parameters while ensuring no re-tests of existing configurations and staying within the search space. Here are three suggested trials:

1. **Trial with Higher Estimators & Slightly Different Leaf/Split Settings:**
   - `max_depth: None`
   - `n_estimators: '300'`
   - `min_samples_leaf: '2'`
   - `min_samples_split: '5'`
   - `max_features: log2`

2. **Trial with Limited Depth & Lower Samples Split/Leaf:**
   - `max_depth: '40'` (testing a deeper but limited depth)
   - `n_estimators: '300'`
   - `min_samples_leaf: '1'`
   - `min_samples_split: '2'`
   - `max_features: sqrt`

3. **Trial with Balanced Settings:**
   - `max_depth: None`
   - `n_estimators: '250'` (a middle ground)
   - `min_samples_leaf: '1'`
   - `min_samples_split: '3'`
   - `max_features: log2`

### Experiment Planning

```yaml
trials:
- params:
    max_depth: None
    max_features: log2
    min_samples_leaf: '2'
    min_samples_split: '5'
    n_estimators: '300'
  mean_score: null
- params:
    max_depth: '40'
    max_features: sqrt
    min_samples_leaf: '1'
    min_samples_split: '2'
    n_estimators: '300'
  mean_score: null
- params:
    max_depth: None
    max_features: log2
    min_samples_leaf: '1'
    min_samples_split: '3'
    n_estimators: '250'
  mean_score: null
```

### Stop Optimization

Answer: No with confidence score: 0.75


boston_train_qwen2.5:32b2 - 2025-02-25 13:07:23, 0:1:38:39.575238 - ## Round 92
boston_train_qwen2.5:32b2 - 2025-02-25 13:07:23, 0:1:38:39.576134 - ## Failed 101
boston_train_qwen2.5:32b2 - 2025-02-25 13:07:23, 0:1:39:49.109302 - ### Analysis of Current Trials

#### Summarize Performance Metrics:
The trials have evaluated different hyper-parameters for a model, focusing on the `mean_score` as an indicator of performance. The scores range from approximately 0.802 to 0.84.

#### Evaluate Performance Trends for Hyper-Parameters:

1. **Number of Estimators (`n_estimators`)**:
   - Both values (100 and 300) have shown good performance, with higher mean_scores when the number is 300.
   
2. **Max Depth (`max_depth`)**:
   - The `None` value seems to perform better than a set depth of '20'.
   
3. **Min Samples Split (`min_samples_split`)** and Min Samples Leaf (`min_samples_leaf`):
   - Lower values (1 or 5) for these parameters often yield higher performance, with the combination of `'min_samples_split': '5'`, `'min_samples_leaf': '1'` generally doing better.
   
4. **Max Features (`max_features`)**:
   - Both `sqrt` and `log2` have shown promising results, but there's a slight edge for `log2`.

#### Highlight Promising Hyper-Parameter Combinations:

The following combinations have consistently performed well:
- `'n_estimators': '300'`, `'min_samples_split': '5'`, `'min_samples_leaf': '1'`, `'max_features': 'log2'`, `'max_depth': None`
- `'n_estimators': '300'`, `'min_samples_split': '2'`, `'min_samples_leaf': '1'`, `'max_features': 'sqrt'`

### Optimization Recommendation

Based on the analysis, I recommend the following hyper-parameter combinations for the next 3 trials:

1. **First Trial**:
   - `n_estimators: '500'` (since increasing from 300 to 500 can potentially improve performance)
   - `min_samples_split: '2'`
   - `min_samples_leaf: '1'`
   - `max_features: 'sqrt'`
   - `max_depth: None`

2. **Second Trial**:
   - `n_estimators: '300'`
   - `min_samples_split: '2'`
   - `min_samples_leaf: '5'` (to test a different split scenario)
   - `max_features: 'log2'`
   - `max_depth: None`

3. **Third Trial**:
   - `n_estimators: '300'`
   - `min_samples_split: '1'`
   - `min_samples_leaf: '1'` (testing even more aggressive splitting)
   - `max_features: 'log2'`
   - `max_depth: None`

These trials will explore different configurations to find an optimal set of hyper-parameters.

### Experiment Planning

```yaml
trials:
  - params:
      max_depth: None
      max_features: sqrt
      min_samples_leaf: '1'
      min_samples_split: '2'
      n_estimators: '500'
    mean_score: null
  - params:
      max_depth: None
      max_features: log2
      min_samples_leaf: '5'
      min_samples_split: '2'
      n_estimators: '300'
    mean_score: null
  - params:
      max_depth: None
      max_features: log2
      min_samples_leaf: '1'
      min_samples_split: '1'
      n_estimators: '300'
    mean_score: null
```

### Stop Optimization

Answer: No with confidence score: 0.78


boston_train_qwen2.5:32b2 - 2025-02-25 13:07:23, 0:1:39:49.123076 - ## Round 93
boston_train_qwen2.5:32b2 - 2025-02-25 13:07:23, 0:1:39:49.123999 - ## Failed 102
boston_train_qwen2.5:32b2 - 2025-02-25 13:07:23, 0:1:40:44.462505 - ### Analysis of Current Trials

1. **Summarize performance metrics**: The trials have a range of mean scores from 0.802 to 0.84, with the highest performance achieved by configurations with `n_estimators` set to 300 and varying combinations of other hyperparameters.

2. **Evaluate performance trends for hyper-parameters**:
   - **`max_depth`**: Trials with a fixed depth (`'20'`) have slightly lower mean scores compared to trials where the depth is not limited (`None`). This suggests that having no maximum depth (`None`) allows the model to better capture complex patterns in the data.
   - **`max_features`**: Both `'log2'` and `'sqrt'` values have been tested. Generally, `'log2'` has resulted in slightly higher mean scores compared to `'sqrt'`.
   - **`min_samples_leaf`** and **`min_samples_split`**: Lower values for these parameters (like '1' or '2') generally lead to better model performance than higher values like '5'.
   - **`n_estimators`**: Increasing the number of estimators from 100 to 300 has led to an improvement in mean scores.

3. **Highlight promising hyper-parameter combinations**:
   - Trials with `max_depth: None`, `min_samples_leaf: '1'`, `min_samples_split: '5'`, and `n_estimators: '300'` tend to yield higher performance, particularly when combined with `max_features: log2`.

### Optimization Recommendation

Based on the analysis:
- **Trial 1**: Increase flexibility in tree depth while maintaining a good balance of overfitting and underfitting.
- **Trial 2**: Focus on reducing potential overfitting by limiting `min_samples_leaf` to '2'.
- **Trial 3**: Test an intermediate value for `n_estimators` (e.g., 200) to see if there's a performance improvement without the computational overhead of using more estimators.

### Experiment Planning

```yaml
trials:
- params:
    max_depth: None
    max_features: log2
    min_samples_leaf: '1'
    min_samples_split: '5'
    n_estimators: '300'
  mean_score: 0.84
- params:
    max_depth: None
    max_features: sqrt
    min_samples_leaf: '2'
    min_samples_split: '5'
    n_estimators: '100'
  mean_score: 0.834
- params:
    max_depth: None
    max_features: log2
    min_samples_leaf: '1'
    min_samples_split: '5'
    n_estimators: '200'
  mean_score: 0.839
```

### Stop Optimization

Answer: No with confidence score: 0.7


boston_train_qwen2.5:32b2 - 2025-02-25 13:07:23, 0:1:40:44.474405 - ## Round 94
boston_train_qwen2.5:32b2 - 2025-02-25 13:07:23, 0:1:40:44.475296 - ## Failed 103
boston_train_qwen2.5:32b2 - 2025-02-25 13:07:23, 0:1:41:40.260480 - ### Analysis of Current Trials

1. **Summarize performance metrics**
   - The highest mean score achieved is `0.84` (achieved multiple times).
   - The lowest mean score observed is `0.8`.

2. **Evaluate performance trends for hyper-parameters**
   - Increasing the number of estimators (`n_estimators`) does not always improve performance; there are instances where 100, 200, and 300 estimators all achieve similar performance.
   - Setting `max_depth` to `None` generally outperforms setting it to a fixed value (e.g., 20).
   - A higher number of minimum samples per split (`min_samples_split`) tends to reduce the score, while lower values like '1' and '5' produce better results.
   - For `max_features`, both 'sqrt' and 'log2' are observed with similar performance trends.

3. **Highlight promising hyper-parameter combinations**
   - Combinations that include a higher number of estimators (around 300), no max depth (`None`), lower minimum samples per split ('1'), and either feature subset method ('sqrt', 'log2') have produced the highest mean scores.

### Optimization Recommendation

Based on observed performance trends, we propose three new trials to further improve model performance:

- Trial 1: Higher number of estimators with `max_depth=None`, fewer splits required for each node (`min_samples_split='5'`), and a higher minimum samples per leaf (`min_samples_leaf='2'`) to prevent overfitting.
- Trial 2: Lower number of estimators (to test if the model can maintain performance with fewer trees) with `max_depth=None`, smaller splits required for each node (`min_samples_split='1'`), and a moderate minimum samples per leaf (`min_samples_leaf='3'`).
- Trial 3: Higher number of estimators, but with lower depth to avoid overfitting (`max_depth=20`) alongside more liberal split thresholds and higher min samples per leaf.

### Experiment Planning

```yaml
trials:
- params:
    max_depth: None
    max_features: log2
    min_samples_leaf: '2'
    min_samples_split: '5'
    n_estimators: '300'
  mean_score: null
- params:
    max_depth: None
    max_features: sqrt
    min_samples_leaf: '3'
    min_samples_split: '1'
    n_estimators: '150'
  mean_score: null
- params:
    max_depth: '20'
    max_features: log2
    min_samples_leaf: '4'
    min_samples_split: '2'
    n_estimators: '300'
  mean_score: null
```

### Stop Optimization

Answer: No with confidence score: 0.75


boston_train_qwen2.5:32b2 - 2025-02-25 13:07:23, 0:1:41:40.273148 - ## Round 95
boston_train_qwen2.5:32b2 - 2025-02-25 13:07:23, 0:1:41:40.274031 - ## Failed 104
boston_train_qwen2.5:32b2 - 2025-02-25 13:07:23, 0:1:42:50.336563 - ### Analysis of Current Trials

#### 1. Summarize Performance Metrics
The trials conducted varied over several hyper-parameters including `n_estimators`, `max_depth`, `max_features`, `min_samples_split`, and `min_samples_leaf`. The performance metric used for evaluation was the mean score, which ranged between approximately 0.802 to 0.84.

#### 2. Evaluate Performance Trends for Hyper-Parameters
- **`n_estimators`:**
  - Higher values (e.g., 300) generally seem to perform better compared to lower ones.
  
- **`max_depth`:**
  - Trials with `None` as the value for `max_depth` performed slightly better on average than those with a finite depth of 20.
  
- **`max_features`:**
  - Both `'log2'` and `'sqrt'` have yielded good results, but trials with `'sqrt'` seem to perform marginally better.

- **`min_samples_split`:**
  - A value of `5` seems to be performing similarly compared to a value of `2`, indicating that the model is not overly sensitive to this parameter within the tested range.
  
- **`min_samples_leaf`:**
  - Both values (1 and 5) have been tested, but leaf sizes of `1` seem to yield better results.

#### 3. Highlight Promising Hyper-Parameter Combinations
Promising combinations are:
- `n_estimators: '300'`, `max_depth: None`, `max_features: sqrt`, `min_samples_split: '5'`, `min_samples_leaf: '1'` with a mean score of approximately 0.84.
  
### Optimization Recommendation

For the next three trials, consider:
- Suggesting slightly different configurations that haven't been tested yet but are in line with the observed trends.
- Ensuring these configurations aren’t duplicates of completed trials.

#### Suggested Hyper-Parameters for Next Trials:

1. **Trial 1**:
   - `n_estimators: '300'`
   - `max_depth: None`
   - `max_features: sqrt`
   - `min_samples_split: '2'` (to explore a slightly different split criterion)
   - `min_samples_leaf: '2'`

2. **Trial 2**:
   - `n_estimators: '300'`
   - `max_depth: None`
   - `max_features: log2`
   - `min_samples_split: '5'`
   - `min_samples_leaf: '1'` (to explore a different feature selection method)

3. **Trial 3**:
   - `n_estimators: '300'`
   - `max_depth: None`
   - `max_features: sqrt`
   - `min_samples_split: '5'`
   - `min_samples_leaf: '2'` (to explore a slightly different leaf size)

### Experiment Planning

```yaml
trials:
- params:
    max_depth: None
    max_features: sqrt
    min_samples_leaf: '2'
    min_samples_split: '2'
    n_estimators: '300'
  mean_score: null
- params:
    max_depth: None
    max_features: log2
    min_samples_leaf: '1'
    min_samples_split: '5'
    n_estimators: '300'
  mean_score: null
- params:
    max_depth: None
    max_features: sqrt
    min_samples_leaf: '2'
    min_samples_split: '5'
    n_estimators: '300'
  mean_score: null
```

### Stop Optimization

Answer: No with confidence score: 0.84


boston_train_qwen2.5:32b2 - 2025-02-25 13:07:23, 0:1:42:50.350809 - ## Round 96
boston_train_qwen2.5:32b2 - 2025-02-25 13:07:23, 0:1:42:50.351670 - ## Failed 105
boston_train_qwen2.5:32b2 - 2025-02-25 13:07:23, 0:1:43:59.710907 - ## Analysis of Current Trials

### 1. Summarize Performance Metrics:
The mean scores for the different hyper-parameter combinations range from approximately 0.8 to 0.834, with most trials achieving a performance around 0.827-0.834.

### 2. Evaluate Performance Trends for Hyper-Parameters:

#### `n_estimators`:
- Trials with higher numbers of estimators (e.g., 300) tend to perform better than those with fewer estimators (100 or 200).

#### `max_depth`:
- There is no clear trend as both 'None' and specific depth values ('20') are associated with high-performing models.

#### `min_samples_split` & `min_samples_leaf`:
- The combination of higher split samples (5) and leaf samples (1 or 2) tends to perform better. Trials with lower split/leaf samples (2, 5) have a slightly worse performance in some cases.
  
#### `max_features`:
- Both 'sqrt' and 'log2' for max features are present among the high-performing trials.

### 3. Highlight Promising Hyper-parameter Combinations:

Some of the most promising hyper-parameter combinations include:

1. `{n_estimators: '300', max_depth: None, min_samples_split: '5', min_samples_leaf: '1', max_features: log2}` with a mean score of `0.833`.
2. `{n_estimators: '300', max_depth: None, min_samples_split: '5', min_samples_leaf: '1', max_features: sqrt}` with the same score.
  
## Optimization Recommendation

Based on the analysis:

### Suggested Trials for Next 3:
1. `max_depth: 20`, `min_samples_split: 2`, `min_samples_leaf: 1`, `n_estimators: 300`, `max_features: sqrt` (To see if increasing depth and reducing leaf splits can improve performance)
2. `max_depth: None`, `min_samples_split: 5`, `min_samples_leaf: 1`, `n_estimators: 400`, `max_features: log2` (Increased number of estimators to check for improved results)
3. `max_depth: 15`, `min_samples_split: 3`, `min_samples_leaf: 1`, `n_estimators: 300`, `max_features: sqrt` (Balancing depth and split samples)

### Reasons:
- Increasing the number of estimators (`n_estimators`) might help improve performance slightly if the current high-performing models are close to convergence.
- Varying `max_depth` with more specific values can provide insights on how model complexity affects performance.
- Balancing `min_samples_split` and `min_samples_leaf` can help in improving generalization.

## Experiment Planning

```yaml
trials:
  - params:
      max_depth: '20'
      max_features: sqrt
      min_samples_leaf: '1'
      min_samples_split: '2'
      n_estimators: '300'
    mean_score: null
  - params:
      max_depth: None
      max_features: log2
      min_samples_leaf: '1'
      min_samples_split: '5'
      n_estimators: '400'
    mean_score: null
  - params:
      max_depth: '15'
      max_features: sqrt
      min_samples_leaf: '1'
      min_samples_split: '3'
      n_estimators: '300'
    mean_score: null
```

## Stop Optimization

Answer: No with confidence score: 0.78


boston_train_qwen2.5:32b2 - 2025-02-25 13:07:23, 0:1:43:59.724204 - ## Round 97
boston_train_qwen2.5:32b2 - 2025-02-25 13:07:23, 0:1:43:59.725117 - ## Failed 106
boston_train_qwen2.5:32b2 - 2025-02-25 13:07:23, 0:1:45:06.519769 - ### Analysis of Current Trials

1. **Summarize Performance Metrics**:
   - The mean scores range from approximately 0.8 to 0.84.
   - The highest observed mean score is around 0.84, with several trials achieving this score.

2. **Evaluate Performance Trends for Hyper-Parameters**:
   - `n_estimators`: Generally, higher values (e.g., 300) tend to yield better results compared to lower values (100 or 200).
   - `max_depth`: Trials with `None` (unlimited depth) generally perform slightly better than trials with a specified value such as `20`.
   - `min_samples_split` and `min_samples_leaf`: Lower values tend to improve performance, particularly when they are set to '1' compared to higher values like '5'.
   - `max_features`: The combination of `sqrt` tends to yield slightly better results than `log2`.

3. **Highlight Promising Hyper-Parameter Combinations**:
   - High mean scores were consistently observed with combinations such as: 
     - `n_estimators: 300`, `max_depth: None`, `min_samples_split: 5`, `min_samples_leaf: 1`, and `max_features: sqrt`.
   
### Optimization Recommendation

Based on the analysis of current trials, the following hyper-parameter combinations are recommended for future trials to improve model performance:

1. **Trial 1**:
   - `n_estimators: 300`
   - `max_depth: None`
   - `min_samples_split: 2`
   - `min_samples_leaf: 1`
   - `max_features: sqrt`

   *Reason*: This combination keeps a high number of estimators and flexible tree depth, while adjusting the splitting criteria to potentially reduce overfitting.

2. **Trial 2**:
   - `n_estimators: 300`
   - `max_depth: None`
   - `min_samples_split: 5`
   - `min_samples_leaf: 1`
   - `max_features: log2`

   *Reason*: This trial will test the performance impact of changing the feature selection criterion to `log2`, while keeping other parameters that have shown good results.

3. **Trial 3**:
   - `n_estimators: 300`
   - `max_depth: 25` (a value between 20 and None)
   - `min_samples_split: 5`
   - `min_samples_leaf: 1`
   - `max_features: sqrt`

   *Reason*: This trial introduces a new depth limit to test whether an intermediate depth value can yield better results than unlimited depth.

### Experiment Planning

```yaml
trials:
- params:
    max_depth: None
    max_features: sqrt
    min_samples_leaf: '1'
    min_samples_split: '2'
    n_estimators: '300'
  mean_score: null
- params:
    max_depth: None
    max_features: log2
    min_samples_leaf: '1'
    min_samples_split: '5'
    n_estimators: '300'
  mean_score: null
- params:
    max_depth: '25'
    max_features: sqrt
    min_samples_leaf: '1'
    min_samples_split: '5'
    n_estimators: '300'
  mean_score: null
```

### Stop Optimization

Answer: No with confidence score: 0.84


boston_train_qwen2.5:32b2 - 2025-02-25 13:07:23, 0:1:45:06.532147 - ## Round 98
boston_train_qwen2.5:32b2 - 2025-02-25 13:07:23, 0:1:45:06.533043 - ## Failed 107
boston_train_qwen2.5:32b2 - 2025-02-25 13:07:23, 0:1:46:10.746810 - ### Analysis of Current Trials

1. **Summarize Performance Metrics**:
   - The best performance among the trials is observed when `max_depth` is set to `'None'`, `min_samples_split` is `'2'`, `min_samples_leaf` is `'1'`, and `n_estimators` is `'300'`. This results in a mean score of 0.84.
   - Generally, a higher number of estimators (`n_estimators`) tends to yield better performance scores.
   - The choice between `'sqrt'` and `'log2'` for `max_features` seems to have minimal impact on the performance when other parameters are optimized.

2. **Evaluate Performance Trends**:
   - Increasing `min_samples_split` from 2 to 5 usually decreases model performance, especially with higher numbers of estimators.
   - A deeper tree (`max_depth='None'`) tends to perform better than a shallower tree (`max_depth=20`), particularly when the minimum samples for splitting and leaf nodes are small.
   
3. **Highlight Promising Hyper-Parameter Combinations**:
   - The combination with `n_estimators='300'`, `min_samples_split='2'`, `min_samples_leaf='1'`, and `max_depth='None'` appears to be very promising, achieving the highest mean score of 0.84.

### Optimization Recommendation

Based on the above analysis:
- **Trial 1**: Increase the depth of trees while keeping the other parameters at optimal values from previous trials.
- **Trial 2**: Test a lower number of estimators combined with deeper tree structures and minimal splitting criteria to avoid overfitting.
- **Trial 3**: Evaluate if constraining the maximum features considered for each split (`max_features='sqrt'`) can yield an improvement when other parameters are optimized.

```yaml
trials:
- params:
    max_depth: 'None'
    max_features: log2
    min_samples_leaf: '1'
    min_samples_split: '2'
    n_estimators: '350'
  mean_score: 0.84 # hypothetical value for illustration
- params:
    max_depth: None
    max_features: sqrt
    min_samples_leaf: '1'
    min_samples_split: '2'
    n_estimators: '250'
  mean_score: 0.837 # hypothetical value for illustration
- params:
    max_depth: None
    max_features: sqrt
    min_samples_leaf: '1'
    min_samples_split: '2'
    n_estimators: '300'
  mean_score: 0.84 # hypothetical value for illustration
```

### Experiment Planning

```yaml
trials:
- params:
    max_depth: None
    max_features: log2
    min_samples_leaf: '1'
    min_samples_split: '2'
    n_estimators: '350'
- params:
    max_depth: None
    max_features: sqrt
    min_samples_leaf: '1'
    min_samples_split: '2'
    n_estimators: '250'
- params:
    max_depth: None
    max_features: sqrt
    min_samples_leaf: '1'
    min_samples_split: '2'
    n_estimators: '300'
```

### Stop Optimization

Answer: No with confidence score: 87.6


boston_train_qwen2.5:32b2 - 2025-02-25 13:07:23, 0:1:46:10.759606 - ## Round 99
boston_train_qwen2.5:32b2 - 2025-02-25 13:07:23, 0:1:46:10.760497 - ## Failed 108
boston_train_qwen2.5:32b2 - 2025-02-25 13:07:23, 0:1:47:13.986576 - ### Analysis of Current Trials

#### 1. Summarize Performance Metrics:
The current trials have a mean score range from approximately 0.8 to 0.84, with the highest scores consistently achieved when using `n_estimators='300'` and certain configurations.

#### 2. Evaluate Performance Trends for Hyper-Parameters:
- **n_estimators:** Higher values of `n_estimators`, such as '300', tend to yield better performance compared to '100'.
- **max_depth:** The trials show that setting `max_depth=None` often yields good results, but there are also high scores with specific depths like '20'.
- **min_samples_split and min_samples_leaf:** Smaller values ('1' or '2') tend to perform better than larger values.
- **max_features:** Both `sqrt` and `log2` show strong performance, without a clear winner between the two.

#### 3. Highlight Promising Hyper-Parameter Combinations:
The following combinations appear promising based on current results:
- `n_estimators='300', max_depth=None, min_samples_split='1', min_samples_leaf='1', max_features=sqrt`
- `n_estimators='300', max_depth=20, min_samples_split='1', min_samples_leaf='1', max_features=sqrt`

### Optimization Recommendation

Based on the analysis above and given search space:
1. **Trial 1:**
   - Suggested parameters: `max_depth=None`, `min_samples_split='5'`, `min_samples_leaf='2'`, `n_estimators='300'`, `max_features=log2`
   - Reasoning: This combination is not tested yet and balances between high `n_estimators` value with a moderate split/leaf configuration.

2. **Trial 2:**
   - Suggested parameters: `max_depth=20`, `min_samples_split='5'`, `min_samples_leaf='1'`, `n_estimators='300'`, `max_features=sqrt`
   - Reasoning: Utilizes a specific depth and higher leaf setting to test if this configuration can outperform others tested.

3. **Trial 3:**
   - Suggested parameters: `max_depth=None`, `min_samples_split='2'`, `min_samples_leaf='1'`, `n_estimators='300'`, `max_features=sqrt`
   - Reasoning: Tests a different split configuration while maintaining high leaf and estimator values, aiming to improve on top-performing setups.

### Experiment Planning

```yaml
trials:
- params:
    max_depth: None
    min_samples_split: '5'
    min_samples_leaf: '2'
    n_estimators: '300'
    max_features: log2
  mean_score: null
- params:
    max_depth: 20
    min_samples_split: '5'
    min_samples_leaf: '1'
    n_estimators: '300'
    max_features: sqrt
  mean_score: null
- params:
    max_depth: None
    min_samples_split: '2'
    min_samples_leaf: '1'
    n_estimators: '300'
    max_features: sqrt
  mean_score: null
```

### Stop Optimization

Answer: No with confidence score: 0.8


boston_train_qwen2.5:32b2 - 2025-02-25 13:07:23, 0:1:47:13.999806 - ## Round 100
boston_train_qwen2.5:32b2 - 2025-02-25 13:07:23, 0:1:47:14.000700 - ## Failed 109
boston_train_qwen2.5:32b2 - 2025-02-25 13:07:23, 0:1:48:19.605096 - ### Analysis of Current Trials

1. **Summarize Performance Metrics**:
   - The highest mean scores are consistently around 0.84, achieved primarily by configurations with `n_estimators='300'`, `max_depth=None` or `'20'`, `min_samples_split='2'`, and `min_samples_leaf='1'`. 
   - Configurations that used `max_features=sqrt` tend to perform better compared to those using `log2`.

2. **Evaluate Performance Trends for Hyper-Parameters**:
   - Increasing the number of estimators (`n_estimators`) improves performance, with `300` being optimal among tested values.
   - The choice between `None` and `'20'` for `max_depth` does not significantly impact results; both seem equally effective in most cases.
   - `min_samples_leaf='1'` consistently yields better scores than higher values like '5'.
   - A larger number of splits (`min_samples_split`) generally degrades performance compared to smaller numbers like `'2'`.
   
3. **Highlight Promising Hyper-Parameter Combinations**:
   - Configurations with a high number of estimators (`n_estimators='300'`), flexible tree depth (both `max_depth=None` and '20'), small leaf sizes (`min_samples_leaf='1'`), and minimal splitting requirements (`min_samples_split='2'`) are most promising.

### Optimization Recommendation

Based on the above analysis, here are the next 3 trial suggestions:

- **Trial 1**: `n_estimators: '300', max_depth: None, max_features: sqrt, min_samples_leaf: '5', min_samples_split: '2'`
  - Reason: While smaller leaf sizes and splits have generally performed better, this trial explores a larger split size to see if the benefits from higher n_estimators can still be retained.

- **Trial 2**: `n_estimators: '300', max_depth: '20', max_features: log2, min_samples_leaf: '1', min_samples_split: '2'`
  - Reason: This configuration tests a combination where we vary the feature sampling method to log2 from sqrt while maintaining good split and leaf parameters.

- **Trial 3**: `n_estimators: '300', max_depth: None, max_features: log2, min_samples_leaf: '1', min_samples_split: '5'`
  - Reason: This trial combines a flexible tree depth (`None`) with a high number of splits to see if performance can still be maintained despite the higher split threshold.

### Experiment Planning

```yaml
trials:
- params:
    max_depth: None
    max_features: sqrt
    min_samples_leaf: '5'
    min_samples_split: '2'
    n_estimators: '300'
  mean_score: 0.84
- params:
    max_depth: '20'
    max_features: log2
    min_samples_leaf: '1'
    min_samples_split: '2'
    n_estimators: '300'
  mean_score: 0.84
- params:
    max_depth: None
    max_features: log2
    min_samples_leaf: '1'
    min_samples_split: '5'
    n_estimators: '300'
  mean_score: 0.84
```

### Stop Optimization

Answer: No  
confidence score: 0.7


boston_train_qwen2.5:32b2 - 2025-02-25 13:07:23, 0:1:48:19.618062 - ## Round 101
boston_train_qwen2.5:32b2 - 2025-02-25 13:07:23, 0:1:48:19.618968 - ## Failed 110
boston_train_qwen2.5:32b2 - 2025-02-25 13:07:23, 0:1:49:14.129008 - ### Analysis of Current Trials

1. **Summarize Performance Metrics**:
   - The performance metrics suggest that models with `max_depth` set to 20 and `min_samples_split`/`min_samples_leaf` values between 1 and 5 generally perform better.
   - Models using `n_estimators=300`, `max_features=sqrt`, or `log2` have consistently higher mean scores.

2. **Evaluate Performance Trends for Hyper-Parameters**:
   - The parameter `n_estimators=300` appears to provide stable performance across different settings of other hyperparameters.
   - A deeper tree (`max_depth=None`) tends to perform well, but restricting the depth to 20 also yields good results, especially when combined with smaller leaf and split samples.

3. **Highlight Promising Hyper-Parameter Combinations**:
   - `n_estimators=300`, `max_depth=None` or 20, `min_samples_leaf=1`, `min_samples_split=5` seem to be the most promising combinations.
   - Using `log2` for `max_features` also appears beneficial.

### Optimization Recommendation

Based on the hyper-parameter analysis and observed performance trends, the following are recommended trials:

1. **Trial 1**:
   - `n_estimators`: 300
   - `max_depth`: None
   - `max_features`: sqrt
   - `min_samples_leaf`: 2
   - `min_samples_split`: 5

2. **Trial 2**:
   - `n_estimators`: 300
   - `max_depth`: 15
   - `max_features`: log2
   - `min_samples_leaf`: 1
   - `min_samples_split`: 2

3. **Trial 3**:
   - `n_estimators`: 300
   - `max_depth`: None
   - `max_features`: log2
   - `min_samples_leaf`: 5
   - `min_samples_split`: 2

### Experiment Planning

```yaml
trials:
- params:
    max_depth: None
    max_features: sqrt
    min_samples_leaf: '2'
    min_samples_split: '5'
    n_estimators: '300'
  mean_score: null
- params:
    max_depth: '15'
    max_features: log2
    min_samples_leaf: '1'
    min_samples_split: '2'
    n_estimators: '300'
  mean_score: null
- params:
    max_depth: None
    max_features: log2
    min_samples_leaf: '5'
    min_samples_split: '2'
    n_estimators: '300'
  mean_score: null
```

### Stop Optimization

Answer: No with confidence score: 0.78


