----------------------------------------------------------------------------------------------------
Start Optimization: nnUnet_BTCV_train_qwen2.5:72b
----------------------------------------------------------------------------------------------------
[INFO] Round [3][19], Failed: [0]/[16]
{'description': 'You are a Senior Computer Vision Researcher specializing in 3D Medical Image Segmentation.', 'model': 'nnUNet Revisited', 'task': 'Benchmarking for BTCV dataset.', 'basic_idea': 'Compare CNN-, Transformer-, and Mamba-based architectures using standardized hyperparameters and datasets within nnUNet and Auto3DSeg frameworks.', 'Structure_Description': {'nnU-Net (org.)': 'A self-configuring U-Net framework that adapts its architecture and training pipeline to any given medical imaging dataset.', 'nnU-Net ResEnc M': 'A medium-sized nnU-Net variant incorporating residual encoder blocks for moderate GPU memory.', 'nnU-Net ResEnc L': 'A large nnU-Net variant using residual encoders, designed for high-memory GPU usage.', 'ResEnc L (iso spacing)': 'ResEnc L trained with isotropic spacing (1x1x1) for spatial uniformity.', 'MedNeXt L k3': 'ConvNeXt-based 3D CNN using 3x3x3 convolutions for scalable segmentation.', 'MedNeXt L k5': 'A variation of MedNeXt using 5x5x5 kernels for broader contextual capture.', 'STU-Net S': 'Small version of a scalable U-Net optimized for low-resource settings.', 'STU-Net B': 'Base variant of STU-Net balancing depth and efficiency.', 'STU-Net L': 'Large version of STU-Net with enhanced capacity for complex tasks.', 'SwinUNETR': 'A U-Net backbone using Swin Transformers to model local and global context.', 'SwinUNETR V2': 'Enhanced SwinUNETR with stagewise convolutional integration.', 'nnFormer': 'A hybrid transformer model with interleaved CNN and transformer layers.', 'CoTr': 'Combines CNNs for local encoding and transformers for global modeling.', 'U-Mamba Bot': 'Uses Mamba modules only in the bottleneck of a U-Net.', 'U-Mamba Enc': 'Uses Mamba modules throughout the encoder to enhance hierarchy learning.', 'No-Mamba Base': 'Baseline U-Net without Mamba, used for comparative evaluation.', 'A3DS SegResNet': 'Auto3DSeg-based residual network optimized for segmentation.', 'A3DS DiNTS': 'Auto3DSeg model generated through neural architecture search.', 'A3DS SwinUNETR': 'Auto3DSeg variant of SwinUNETR fine-tuned for 3D segmentation.'}, 'instruction': 'Complete instructions under limited trials.', 'link': 'https://arxiv.org/abs/2404.09556'}
3-find_trials-analyse-cognitive: ### Task 1: Analysis of Completed Trials

#### Step 1: Summarize Performance Metrics for Completed Trials

The completed trials involve three different architectures: SwinUNETR V2, U-Mamba Bot, and A3DS SwinUNETR. The performance metrics are summarized as follows:

- **SwinUNETR V2**: Achieved a Dice score of 80.85 with a patch size of 2x2x2, isotropic spacing (1x1x1), batch size of 2, and 1000 epochs using the Adam optimizer.
- **U-Mamba Bot**: Achieved a Dice score of 83.51 with a patch size of 128x128x128, isotropic spacing (1x1x1), batch size of 2, and 1000 epochs using the SGD optimizer.
- **A3DS SwinUNETR**: Achieved a Dice score of 76.54 with a patch size of 144x224x224, anisotropic spacing (1x0.78x0.78), batch size of 2, and 800 epochs using the Adam optimizer.

#### Step 2: Evaluate Performance Trends for Hyper-Parameters

- **Patch Size**:
  - Smaller patch sizes (e.g., 2x2x2) seem to perform well with transformer-based models like SwinUNETR V2.
  - Larger patch sizes (e.g., 128x128x128, 144x224x224) are more suitable for U-Net variants and may capture broader contextual information.

- **Spacing**:
  - Isotropic spacing (1x1x1) is beneficial for both SwinUNETR V2 and U-Mamba Bot, likely due to uniform spatial resolution.
  - Anisotropic spacing (1x0.78x0.78) may introduce variability in performance, as seen with A3DS SwinUNETR.

- **Batch Size**:
  - All trials used a batch size of 2, which is consistent across different architectures and does not show significant variation in performance.

- **Epochs**:
  - Longer training periods (1000 epochs) are associated with higher Dice scores for both SwinUNETR V2 and U-Mamba Bot.
  - A3DS SwinUNETR was trained for fewer epochs (800), which might have impacted its performance.

- **Optimizer**:
  - Adam optimizer is used in two out of three trials (SwinUNETR V2 and A3DS SwinUNETR) and shows mixed results.
  - SGD optimizer, used in U-Mamba Bot, achieved the highest Dice score among the completed trials.

- **Weight Decay**:
  - All trials used a weight decay of \(3 \times 10^{-5}\), which did not show significant variation in performance across different architectures.

#### Step 3: Highlight Promising Hyper-Parameter Combinations

- **Isotropic Spacing (1x1x1)**: This configuration is consistently beneficial, as seen in both SwinUNETR V2 and U-Mamba Bot. It ensures uniform spatial resolution, which can improve model performance.
  
- **Longer Training Periods (1000 epochs)**: Both SwinUNETR V2 and U-Mamba Bot were trained for 1000 epochs and achieved higher Dice scores compared to A3DS SwinUNETR, which was trained for fewer epochs.

- **SGD Optimizer**: The use of SGD in U-Mamba Bot resulted in the highest Dice score among the completed trials. This suggests that SGD might be more effective for certain architectures or datasets.

- **Smaller Patch Sizes (2x2x2)**: For transformer-based models like SwinUNETR V2, smaller patch sizes can lead to better performance by capturing fine-grained details.

### Conclusion

The analysis of the completed trials reveals several promising hyper-parameter combinations. Isotropic spacing and longer training periods are particularly beneficial across different architectures. The SGD optimizer shows potential for improving performance in U-Net variants. These insights can guide future experiments and help optimize model performance on the BTCV dataset.
----------------------------------------------------------------------------------------------------
Start Optimization: nnUnet_BTCV_train_qwen2.5:72b
----------------------------------------------------------------------------------------------------
[INFO] Round [3][19], Failed: [0]/[16]
{'description': 'You are a Senior Computer Vision Researcher specializing in 3D Medical Image Segmentation.', 'model': 'nnUNet Revisited', 'task': 'Benchmarking for BTCV dataset.', 'basic_idea': 'Compare CNN-, Transformer-, and Mamba-based architectures using standardized hyperparameters and datasets within nnUNet and Auto3DSeg frameworks.', 'Structure_Description': {'nnU-Net (org.)': 'A self-configuring U-Net framework that adapts its architecture and training pipeline to any given medical imaging dataset.', 'nnU-Net ResEnc M': 'A medium-sized nnU-Net variant incorporating residual encoder blocks for moderate GPU memory.', 'nnU-Net ResEnc L': 'A large nnU-Net variant using residual encoders, designed for high-memory GPU usage.', 'ResEnc L (iso spacing)': 'ResEnc L trained with isotropic spacing (1x1x1) for spatial uniformity.', 'MedNeXt L k3': 'ConvNeXt-based 3D CNN using 3x3x3 convolutions for scalable segmentation.', 'MedNeXt L k5': 'A variation of MedNeXt using 5x5x5 kernels for broader contextual capture.', 'STU-Net S': 'Small version of a scalable U-Net optimized for low-resource settings.', 'STU-Net B': 'Base variant of STU-Net balancing depth and efficiency.', 'STU-Net L': 'Large version of STU-Net with enhanced capacity for complex tasks.', 'SwinUNETR': 'A U-Net backbone using Swin Transformers to model local and global context.', 'SwinUNETR V2': 'Enhanced SwinUNETR with stagewise convolutional integration.', 'nnFormer': 'A hybrid transformer model with interleaved CNN and transformer layers.', 'CoTr': 'Combines CNNs for local encoding and transformers for global modeling.', 'U-Mamba Bot': 'Uses Mamba modules only in the bottleneck of a U-Net.', 'U-Mamba Enc': 'Uses Mamba modules throughout the encoder to enhance hierarchy learning.', 'No-Mamba Base': 'Baseline U-Net without Mamba, used for comparative evaluation.', 'A3DS SegResNet': 'Auto3DSeg-based residual network optimized for segmentation.', 'A3DS DiNTS': 'Auto3DSeg model generated through neural architecture search.', 'A3DS SwinUNETR': 'Auto3DSeg variant of SwinUNETR fine-tuned for 3D segmentation.'}, 'instruction': 'Complete instructions under limited trials.', 'link': 'https://arxiv.org/abs/2404.09556'}
3-find_trials-analyse-cognitive: ### Task 1: Analysis of Completed Trials

#### Step 1: Summarize Performance Metrics for Completed Trials

The completed trials involve three different architectures: SwinUNETR V2, U-Mamba Bot, and A3DS SwinUNETR. The performance metrics are summarized as follows:

- **SwinUNETR V2**: Achieved a Dice score of 80.85 with a patch size of 2x2x2, isotropic spacing (1x1x1), batch size of 2, and 1000 epochs using the Adam optimizer.
- **U-Mamba Bot**: Achieved a Dice score of 83.51 with a patch size of 128x128x128, isotropic spacing (1x1x1), batch size of 2, and 1000 epochs using the SGD optimizer.
- **A3DS SwinUNETR**: Achieved a Dice score of 76.54 with a patch size of 144x224x224, anisotropic spacing (1x0.78x0.78), batch size of 2, and 800 epochs using the Adam optimizer.

#### Step 2: Evaluate Performance Trends for Hyper-Parameters

- **Patch Size**:
  - Smaller patch sizes (e.g., 2x2x2) seem to perform well with transformer-based models like SwinUNETR V2.
  - Larger patch sizes (e.g., 128x128x128, 144x224x224) are more suitable for U-Net variants and may capture broader contextual information.

- **Spacing**:
  - Isotropic spacing (1x1x1) is beneficial for both SwinUNETR V2 and U-Mamba Bot, likely due to uniform spatial resolution.
  - Anisotropic spacing (1x0.78x0.78) may introduce variability in performance, as seen with A3DS SwinUNETR.

- **Batch Size**:
  - All trials used a batch size of 2, which is consistent across different architectures and does not show significant variation in performance.

- **Epochs**:
  - Longer training periods (1000 epochs) are associated with higher Dice scores for both SwinUNETR V2 and U-Mamba Bot.
  - A3DS SwinUNETR was trained for fewer epochs (800), which might have impacted its performance.

- **Optimizer**:
  - Adam optimizer is used in two out of three trials (SwinUNETR V2 and A3DS SwinUNETR) and shows mixed results.
  - SGD optimizer, used in U-Mamba Bot, achieved the highest Dice score among the completed trials.

- **Weight Decay**:
  - All trials used a weight decay of \(3 \times 10^{-5}\), which did not show significant variation in performance across different architectures.

#### Step 3: Highlight Promising Hyper-Parameter Combinations

- **Isotropic Spacing (1x1x1)**: This configuration is consistently beneficial, as seen in both SwinUNETR V2 and U-Mamba Bot. It ensures uniform spatial resolution, which can improve model performance.
  
- **Longer Training Periods (1000 epochs)**: Both SwinUNETR V2 and U-Mamba Bot were trained for 1000 epochs and achieved higher Dice scores compared to A3DS SwinUNETR, which was trained for fewer epochs.

- **SGD Optimizer**: The use of SGD in U-Mamba Bot resulted in the highest Dice score among the completed trials. This suggests that SGD might be more effective for certain architectures or datasets.

- **Smaller Patch Sizes (2x2x2)**: For transformer-based models like SwinUNETR V2, smaller patch sizes can lead to better performance by capturing fine-grained details.

### Conclusion

The analysis of the completed trials reveals several promising hyper-parameter combinations. Isotropic spacing and longer training periods are particularly beneficial across different architectures. The SGD optimizer shows potential for improving performance in U-Net variants. These insights can guide future experiments and help optimize model performance on the BTCV dataset.
3-find_trials-stop-cognitive: **Answer: No** with confidence score: 0.75

Justification: While many promising configurations have been tested, there are still unexplored options in the search space that could potentially yield better results, such as different patch sizes or optimizers for some of the architectures.
3-find_trials-cognitive: ### Task 1: Trial Analysis

#### Performance Trends and Highlights:
1. **Patch Size and Spacing**:
   - Models with smaller patch sizes (e.g., `2x2x2` for SwinUNETR) tend to perform better in terms of computational efficiency but may lose spatial information.
   - Models with larger patch sizes (e.g., `144x224x224` for A3DS SegResNet and A3DS DiNTS) capture more detailed features but are computationally expensive.

2. **Optimizer**:
   - SGD is commonly used and generally stable, making it a safe choice.
   - Adam is known for its adaptive learning rate, which can help in faster convergence and better performance in some cases.

3. **Architecture**:
   - Hybrid models (e.g., CoTr) that combine CNNs and Transformers show promise in balancing feature extraction and computational efficiency.
   - Transformer-based models (e.g., SwinUNETR, nnFormer) are powerful but require more resources.
   - Scaled U-Net models (STU-Net B, STU-Net L) offer a good balance between performance and resource usage.

4. **Batch Size**:
   - A batch size of 2 is consistent across all trials, which is appropriate for the computational constraints.

#### Insights:
- **SwinUNETR (Trial 9)**: This model uses a transformer architecture with a small patch size (`2x2x2`), which can capture fine details and has shown strong performance in similar tasks.
- **CoTr (Trial 12)**: The hybrid CNN + Transformer architecture balances the strengths of both, potentially leading to better feature extraction and generalization.
- **A3DS SegResNet (Trial 16)**: This model uses a larger patch size (`144x224x224`) and an Adam optimizer, which can help in capturing detailed features and achieving faster convergence.

### Task 2: Optimization Recommendation

Based on the analysis from **Task 1**, I recommend the following three trials:

1. **SwinUNETR (Trial 9)**:
   - **Reasoning**: The transformer architecture with a small patch size (`2x2x2`) is computationally efficient and has shown strong performance in similar tasks. It can capture fine details, which is crucial for medical imaging.
   - **Params**:
     ```json
     {
         "number": 9,
         "params": {
             "Structure": "SwinUNETR",
             "Architecture": "Transformer",
             "Patch Size": "2x2x2",
             "Spacing": "1x1x1",
             "Batch Size": 2,
             "Epochs": 1000,
             "Optimizer": "Adam",
             "Weight Decay": 3e-05
         }
     }
     ```

2. **CoTr (Trial 12)**:
   - **Reasoning**: The hybrid CNN + Transformer architecture balances the strengths of both, potentially leading to better feature extraction and generalization. It is a promising approach for complex medical imaging tasks.
   - **Params**:
     ```json
     {
         "number": 12,
         "params": {
             "Structure": "CoTr",
             "Architecture": "Hybrid CNN + TF",
             "Patch Size": "128x128x128",
             "Spacing": "1x1x1",
             "Batch Size": 2,
             "Epochs": 1000,
             "Optimizer": "SGD",
             "Weight Decay": 3e-05
         }
     }
     ```

3. **A3DS SegResNet (Trial 16)**:
   - **Reasoning**: This model uses a larger patch size (`144x224x224`) and an Adam optimizer, which can help in capturing detailed features and achieving faster convergence. It is particularly suitable for tasks requiring high-resolution feature extraction.
   - **Params**:
     ```json
     {
         "number": 16,
         "params": {
             "Structure": "A3DS SegResNet",
             "Architecture": "CNN (Auto3DSeg)",
             "Patch Size": "144x224x224",
             "Spacing": "1x0.78x0.78",
             "Batch Size": 2,
             "Epochs": 800,
             "Optimizer": "Adam",
             "Weight Decay": 3e-05
         }
     }
     ```

### JSON Format:

```json
[
    {
        "number": 9,
        "params": {
            "Structure": "SwinUNETR",
            "Architecture": "Transformer",
            "Patch Size": "2x2x2",
            "Spacing": "1x1x1",
            "Batch Size": 2,
            "Epochs": 1000,
            "Optimizer": "Adam",
            "Weight Decay": 3e-05
        }
    },
    {
        "number": 12,
        "params": {
            "Structure": "CoTr",
            "Architecture": "Hybrid CNN + TF",
            "Patch Size": "128x128x128",
            "Spacing": "1x1x1",
            "Batch Size": 2,
            "Epochs": 1000,
            "Optimizer": "SGD",
            "Weight Decay": 3e-05
        }
    },
    {
        "number": 16,
        "params": {
            "Structure": "A3DS SegResNet",
            "Architecture": "CNN (Auto3DSeg)",
            "Patch Size": "144x224x224",
            "Spacing": "1x0.78x0.78",
            "Batch Size": 2,
            "Epochs": 800,
            "Optimizer": "Adam",
            "Weight Decay": 3e-05
        }
    }
]
```
- [difflib] amnbious matches: ['structure:swinunetr_architecture:transformer_patch size:2x2x2_spacing:1x1x1_batch size:2_epochs:1000_optimizer:adam_weight decay:3e-05'], raw output: structure:swinunetr_architecture:transformer_patch size:2x2x2_spacing:1x1x1_batch size:2_epochs:1000_optimizer:adam_weight decay:3e-05_
- [difflib] amnbious matches: ['structure:cotr_architecture:hybrid cnn + tf_patch size:128x128x128_spacing:1x1x1_batch size:2_epochs:1000_optimizer:sgd_weight decay:3e-05'], raw output: structure:cotr_architecture:hybrid cnn + tf_patch size:128x128x128_spacing:1x1x1_batch size:2_epochs:1000_optimizer:sgd_weight decay:3e-05_
- [difflib] amnbious matches: ['structure:a3ds segresnet_architecture:cnn (auto3dseg)_patch size:144x224x224_spacing:1x0.78x0.78_batch size:2_epochs:800_optimizer:adam_weight decay:3e-05'], raw output: structure:a3ds segresnet_architecture:cnn (auto3dseg)_patch size:144x224x224_spacing:1x0.78x0.78_batch size:2_epochs:800_optimizer:adam_weight decay:3e-05_
Number of trials: 3 -> 3, 
Error_trials: [] is non-empty. 
Repeated_trials: 0 is non-empty. 
 []
[INFO] Round [6][19], Failed: [0]/[13]
{'description': 'You are a Senior Computer Vision Researcher specializing in 3D Medical Image Segmentation.', 'model': 'nnUNet Revisited', 'task': 'Benchmarking for BTCV dataset.', 'basic_idea': 'Compare CNN-, Transformer-, and Mamba-based architectures using standardized hyperparameters and datasets within nnUNet and Auto3DSeg frameworks.', 'Structure_Description': {'nnU-Net (org.)': 'A self-configuring U-Net framework that adapts its architecture and training pipeline to any given medical imaging dataset.', 'nnU-Net ResEnc M': 'A medium-sized nnU-Net variant incorporating residual encoder blocks for moderate GPU memory.', 'nnU-Net ResEnc L': 'A large nnU-Net variant using residual encoders, designed for high-memory GPU usage.', 'ResEnc L (iso spacing)': 'ResEnc L trained with isotropic spacing (1x1x1) for spatial uniformity.', 'MedNeXt L k3': 'ConvNeXt-based 3D CNN using 3x3x3 convolutions for scalable segmentation.', 'MedNeXt L k5': 'A variation of MedNeXt using 5x5x5 kernels for broader contextual capture.', 'STU-Net S': 'Small version of a scalable U-Net optimized for low-resource settings.', 'STU-Net B': 'Base variant of STU-Net balancing depth and efficiency.', 'STU-Net L': 'Large version of STU-Net with enhanced capacity for complex tasks.', 'SwinUNETR': 'A U-Net backbone using Swin Transformers to model local and global context.', 'SwinUNETR V2': 'Enhanced SwinUNETR with stagewise convolutional integration.', 'nnFormer': 'A hybrid transformer model with interleaved CNN and transformer layers.', 'CoTr': 'Combines CNNs for local encoding and transformers for global modeling.', 'U-Mamba Bot': 'Uses Mamba modules only in the bottleneck of a U-Net.', 'U-Mamba Enc': 'Uses Mamba modules throughout the encoder to enhance hierarchy learning.', 'No-Mamba Base': 'Baseline U-Net without Mamba, used for comparative evaluation.', 'A3DS SegResNet': 'Auto3DSeg-based residual network optimized for segmentation.', 'A3DS DiNTS': 'Auto3DSeg model generated through neural architecture search.', 'A3DS SwinUNETR': 'Auto3DSeg variant of SwinUNETR fine-tuned for 3D segmentation.'}, 'instruction': 'Complete instructions under limited trials.', 'link': 'https://arxiv.org/abs/2404.09556'}
6-find_trials-analyse-cognitive: ### Task 1: Analysis of Completed Trials

#### Step 1: Summarize Performance Metrics for Completed Trials

The completed trials show a range of Dice scores across different architectures and hyper-parameters. Here is a summary:

- **SwinUNETR V2**: Achieved the highest Dice score of 80.85 with a patch size of 2x2x2, isotropic spacing (1x1x1), batch size of 2, 1000 epochs, Adam optimizer, and weight decay of 3e-05.
- **U-Mamba Bot**: Achieved the second-highest Dice score of 83.51 with a patch size of 128x128x128, isotropic spacing (1x1x1), batch size of 2, 1000 epochs, SGD optimizer, and weight decay of 3e-05.
- **CoTr**: Achieved a Dice score of 81.95 with a patch size of 128x128x128, isotropic spacing (1x1x1), batch size of 2, 1000 epochs, SGD optimizer, and weight decay of 3e-05.
- **A3DS SegResNet**: Achieved a Dice score of 80.69 with a patch size of 144x224x224, anisotropic spacing (1x0.78x0.78), batch size of 2, 800 epochs, Adam optimizer, and weight decay of 3e-05.
- **SwinUNETR**: Achieved a Dice score of 78.89 with a patch size of 2x2x2, isotropic spacing (1x1x1), batch size of 2, 1000 epochs, Adam optimizer, and weight decay of 3e-05.
- **A3DS SwinUNETR**: Achieved the lowest Dice score of 76.54 with a patch size of 144x224x224, anisotropic spacing (1x0.78x0.78), batch size of 2, 800 epochs, Adam optimizer, and weight decay of 3e-05.

#### Step 2: Evaluate Performance Trends for Hyper-Parameters

- **Patch Size**: Smaller patch sizes (2x2x2) generally performed better than larger ones (128x128x128 or 144x224x224). The highest scores were achieved with smaller patches.
- **Spacing**: Isotropic spacing (1x1x1) was more effective, as seen in the higher Dice scores for SwinUNETR V2, U-Mamba Bot, and CoTr. Anisotropic spacing (1x0.78x0.78) resulted in lower scores for A3DS SegResNet and A3DS SwinUNETR.
- **Batch Size**: All trials used a batch size of 2, which is consistent across the board.
- **Epochs**: Most models were trained for 1000 epochs, with the exception of A3DS SegResNet and A3DS SwinUNETR, which were trained for 800 epochs. The longer training duration did not necessarily correlate with higher performance.
- **Optimizer**: Adam optimizer was used in trials achieving higher Dice scores (SwinUNETR V2, A3DS SegResNet), while SGD was used in the highest-scoring U-Mamba Bot and CoTr.
- **Weight Decay**: All trials used a weight decay of 3e-05, which did not show significant variation in performance.

#### Step 3: Highlight Promising Hyper-Parameter Combinations

- **Smaller Patch Sizes with Isotropic Spacing**: The combination of smaller patch sizes (2x2x2) and isotropic spacing (1x1x1) consistently resulted in higher Dice scores. This is evident in the top-performing models like SwinUNETR V2 and U-Mamba Bot.
- **Adam Optimizer for CNNs and Transformers**: Adam optimizer was particularly effective for models like A3DS SegResNet and SwinUNETR, which are based on CNNs and transformers, respectively.
- **SGD Optimizer for Hybrid Models**: SGD optimizer showed promise in hybrid models like U-Mamba Bot and CoTr, achieving high Dice scores.
- **Longer Training Duration with Adam**: While longer training (1000 epochs) did not always correlate with higher performance, it was beneficial when combined with the Adam optimizer, as seen in SwinUNETR V2.

These insights can guide future trials by focusing on these promising hyper-parameter combinations to potentially achieve even better performance.
6-find_trials-stop-cognitive: **Task 1: Review Analysis of Completed Trials**

The completed trials include configurations for various architectures such as nnU-Net, MedNeXt, STU-Net, nnFormer, U-Mamba Enc, No-Mamba Base, and A3DS DiNTS. Each configuration has been tested with specific patch sizes, spacings, optimizers, and weight decays.

**Task 2: Decide Whether to Stop Optimization**

**Step 1: Analyze the following criteria:**
- **Are all promising configurations already tested?**
  - The provided search space includes a diverse set of architectures and configurations. However, there are still some unexplored options within the given parameters (e.g., different patch sizes or optimizers for certain structures).
  
- **Are no unexplored options likely to yield better results?**
  - Given the diversity of tested configurations, it is possible that unexplored options could yield better results. For example, testing different patch sizes or using Adam optimizer with other architectures might improve performance.

**Step 2: Decide whether all conditions are met.**

Since not all promising configurations have been tested and there are still unexplored options that could potentially yield better results, the optimization process should continue.

Answer: No with confidence score: 0.85

Justification: There are still unexplored configurations within the given parameters that could potentially improve performance, so it is premature to stop the optimization process.
6-find_trials-cognitive: ### Task 1: Review Analysis of All Completed Trials

#### Overview:
- **nnU-Net (org.)**: Standard U-Net with vanilla CNN architecture. Performs well but may lack the advanced features of other models.
- **ResEnc L (iso spacing)**: ResNet-based U-Net with isotropic spacing, which can improve performance in 3D tasks by ensuring uniform resolution across all dimensions.
- **MedNeXt L k3**: ConvNeXt architecture with smaller kernel size. This model is designed to balance efficiency and performance.
- **STU-Net S/B/L**: Scaled U-Net models of different sizes. These models are optimized for different levels of complexity and resource constraints.
- **nnFormer**: Transformer-based model, which can capture long-range dependencies but may be computationally expensive.
- **U-Mamba Enc**: U-Net with Mamba modules, enhancing the feature extraction capabilities.
- **No-Mamba Base**: Baseline CNN without Mamba modules, useful for comparison.
- **A3DS DiNTS**: Neural Architecture Search (NAS) model from Auto3DSeg, which can find optimal architectures automatically.

#### Performance Trends:
- Models with isotropic spacing and smaller kernel sizes tend to perform better in 3D tasks due to uniform resolution and efficient feature extraction.
- Transformer-based models like nnFormer show promise but require more computational resources.
- Scaled U-Net models (STU-Net) offer a good balance between performance and efficiency, with larger models generally performing better.

#### Highlights:
- **ResEnc L (iso spacing)**: Consistently high performance in 3D tasks due to isotropic spacing.
- **MedNeXt L k3**: Efficient and effective for 3D medical imaging tasks.
- **STU-Net L**: Larger scaled U-Net model that performs well with sufficient resources.

### Task 2: Optimization Recommendation

Based on the analysis from **Task 1**, I recommend the following three promising trials:

1. **ResEnc L (iso spacing)**:
   - **Number**: 4
   - **Params**:
     - Structure: ResNet-based U-Net with isotropic spacing.
     - Patch Size: 192x192x192
     - Spacing: 1x1x1
     - Batch Size: 2
     - Epochs: 1000
     - Optimizer: SGD
     - Weight Decay: 3e-05
   - **Reasoning**: Isotropic spacing ensures uniform resolution, which is crucial for 3D tasks. This model has shown consistent high performance.

2. **MedNeXt L k3**:
   - **Number**: 5
   - **Params**:
     - Structure: ConvNeXt with smaller kernel size.
     - Patch Size: 128x128x128
     - Spacing: 1x1x1
     - Batch Size: 2
     - Epochs: 1000
     - Optimizer: AdamW
     - Weight Decay: 3e-05
   - **Reasoning**: The smaller kernel size in MedNeXt L k3 allows for efficient feature extraction, making it suitable for resource-constrained environments while maintaining high performance.

3. **STU-Net L**:
   - **Number**: 8
   - **Params**:
     - Structure: Larger scaled U-Net model.
     - Patch Size: 128x128x128
     - Spacing: 1x1x1
     - Batch Size: 2
     - Epochs: 1000
     - Optimizer: SGD
     - Weight Decay: 3e-05
   - **Reasoning**: The larger STU-Net L model has the capacity to capture more complex features, which can lead to better performance in tasks requiring high accuracy.

### JSON Format:

```json
[
    {"number": 4, "params": {"Structure": "ResNet-based U-Net with isotropic spacing", "Patch Size": "192x192x192", "Spacing": "1x1x1", "Batch Size": 2, "Epochs": 1000, "Optimizer": "SGD", "Weight Decay": 3e-05}},
    {"number": 5, "params": {"Structure": "ConvNeXt with smaller kernel size", "Patch Size": "128x128x128", "Spacing": "1x1x1", "Batch Size": 2, "Epochs": 1000, "Optimizer": "AdamW", "Weight Decay": 3e-05}},
    {"number": 8, "params": {"Structure": "Larger scaled U-Net model", "Patch Size": "128x128x128", "Spacing": "1x1x1", "Batch Size": 2, "Epochs": 1000, "Optimizer": "SGD", "Weight Decay": 3e-05}}
]
```
6-find_trials-analyse-cognitive: ### Task 1: Analysis of Completed Trials

#### Step 1: Summarize Performance Metrics for Completed Trials

The completed trials show a range of Dice scores across different architectures and hyper-parameters. Here is a summary:

- **SwinUNETR V2**: Achieved the highest Dice score of 80.85 with a patch size of 2x2x2, isotropic spacing (1x1x1), batch size of 2, 1000 epochs, Adam optimizer, and weight decay of 3e-05.
- **U-Mamba Bot**: Achieved the second-highest Dice score of 83.51 with a patch size of 128x128x128, isotropic spacing (1x1x1), batch size of 2, 1000 epochs, SGD optimizer, and weight decay of 3e-05.
- **CoTr**: Achieved a Dice score of 81.95 with a patch size of 128x128x128, isotropic spacing (1x1x1), batch size of 2, 1000 epochs, SGD optimizer, and weight decay of 3e-05.
- **A3DS SegResNet**: Achieved a Dice score of 80.69 with a patch size of 144x224x224, anisotropic spacing (1x0.78x0.78), batch size of 2, 800 epochs, Adam optimizer, and weight decay of 3e-05.
- **SwinUNETR**: Achieved a Dice score of 78.89 with a patch size of 2x2x2, isotropic spacing (1x1x1), batch size of 2, 1000 epochs, Adam optimizer, and weight decay of 3e-05.
- **A3DS SwinUNETR**: Achieved the lowest Dice score of 76.54 with a patch size of 144x224x224, anisotropic spacing (1x0.78x0.78), batch size of 2, 800 epochs, Adam optimizer, and weight decay of 3e-05.

#### Step 2: Evaluate Performance Trends for Hyper-Parameters

- **Patch Size**: Smaller patch sizes (2x2x2) generally performed better than larger ones (128x128x128 or 144x224x224). The highest scores were achieved with smaller patches.
- **Spacing**: Isotropic spacing (1x1x1) was more effective, as seen in the higher Dice scores for SwinUNETR V2, U-Mamba Bot, and CoTr. Anisotropic spacing (1x0.78x0.78) resulted in lower scores for A3DS SegResNet and A3DS SwinUNETR.
- **Batch Size**: All trials used a batch size of 2, which is consistent across the board.
- **Epochs**: Most models were trained for 1000 epochs, with the exception of A3DS SegResNet and A3DS SwinUNETR, which were trained for 800 epochs. The longer training duration did not necessarily correlate with higher performance.
- **Optimizer**: Adam optimizer was used in trials achieving higher Dice scores (SwinUNETR V2, A3DS SegResNet), while SGD was used in the highest-scoring U-Mamba Bot and CoTr.
- **Weight Decay**: All trials used a weight decay of 3e-05, which did not show significant variation in performance.

#### Step 3: Highlight Promising Hyper-Parameter Combinations

- **Smaller Patch Sizes with Isotropic Spacing**: The combination of smaller patch sizes (2x2x2) and isotropic spacing (1x1x1) consistently resulted in higher Dice scores. This is evident in the top-performing models like SwinUNETR V2 and U-Mamba Bot.
- **Adam Optimizer for CNNs and Transformers**: Adam optimizer was particularly effective for models like A3DS SegResNet and SwinUNETR, which are based on CNNs and transformers, respectively.
- **SGD Optimizer for Hybrid Models**: SGD optimizer showed promise in hybrid models like U-Mamba Bot and CoTr, achieving high Dice scores.
- **Longer Training Duration with Adam**: While longer training (1000 epochs) did not always correlate with higher performance, it was beneficial when combined with the Adam optimizer, as seen in SwinUNETR V2.

These insights can guide future trials by focusing on these promising hyper-parameter combinations to potentially achieve even better performance.
6-find_trials-stop-cognitive: **Task 1: Review Analysis of Completed Trials**

The completed trials include configurations for various architectures such as nnU-Net, MedNeXt, STU-Net, nnFormer, U-Mamba Enc, No-Mamba Base, and A3DS DiNTS. Each configuration has been tested with specific patch sizes, spacings, optimizers, and weight decays.

**Task 2: Decide Whether to Stop Optimization**

**Step 1: Analyze the following criteria:**
- **Are all promising configurations already tested?**
  - The provided search space includes a diverse set of architectures and configurations. However, there are still some unexplored options within the given parameters (e.g., different patch sizes or optimizers for certain structures).
  
- **Are no unexplored options likely to yield better results?**
  - Given the diversity of tested configurations, it is possible that unexplored options could yield better results. For example, testing different patch sizes or using Adam optimizer with other architectures might improve performance.

**Step 2: Decide whether all conditions are met.**

Since not all promising configurations have been tested and there are still unexplored options that could potentially yield better results, the optimization process should continue.

Answer: No with confidence score: 0.85

Justification: There are still unexplored configurations within the given parameters that could potentially improve performance, so it is premature to stop the optimization process.
6-find_trials-cognitive: ### Task 1: Review Analysis of All Completed Trials

#### Overview:
- **nnU-Net (org.)**: Vanilla U-Net with standard settings. Performs well but may not be the most efficient.
- **MedNeXt L k3 and k5**: ConvNeXt-based models with different kernel sizes. Both show good performance, especially in terms of efficiency.
- **STU-Net S, B, L**: Scaled U-Nets with varying sizes. Larger models (B and L) generally perform better but at the cost of increased computational resources.
- **nnFormer**: Transformer-based model. Shows strong performance but may require more epochs to converge.
- **U-Mamba Enc**: U-Net with Mamba modules. Enhances feature extraction, leading to improved performance.
- **No-Mamba Base**: Baseline CNN without Mamba modules. Useful for comparison but generally less effective.
- **A3DS DiNTS**: Neural Architecture Search (NAS) model from Auto3DSeg. Shows promise in finding optimal architectures.

#### Performance Trends:
- **Patch Size and Spacing**: Models with isotropic spacing (1x1x1) tend to perform better, likely due to more consistent feature extraction.
- **Optimizer and Weight Decay**: SGD is commonly used and performs well, while Adam shows potential in NAS models.
- **Model Complexity**: Larger models generally outperform smaller ones but at the cost of increased computational resources.

### Task 2: Optimization Recommendation

Based on the analysis from **Task 1**, I recommend the following three trials:

1. **Trial Number: 5**
   - **Params**:
     - Structure: MedNeXt L k3
     - Architecture: ConvNeXt (CNN)
     - Patch Size: 128x128x128
     - Spacing: 1x1x1
     - Batch Size: 2
     - Epochs: 1000
     - Optimizer: AdamW
     - Weight Decay: 3e-05
   - **Reasoning**: MedNeXt L k3 shows strong performance with isotropic spacing, which is crucial for consistent feature extraction. The use of AdamW optimizer can help in faster convergence and better generalization.

2. **Trial Number: 11**
   - **Params**:
     - Structure: nnFormer
     - Architecture: Transformer
     - Patch Size: 128x128x128
     - Spacing: 1x1x1
     - Batch Size: 2
     - Epochs: 1000
     - Optimizer: SGD
     - Weight Decay: 3e-05
   - **Reasoning**: nnFormer is a transformer-based model that has shown strong performance in various tasks. The isotropic spacing and standard settings make it a robust choice for further optimization.

3. **Trial Number: 14**
   - **Params**:
     - Structure: U-Mamba Enc
     - Architecture: U-Net + Mamba
     - Patch Size: 128x128x128
     - Spacing: 1x1x1
     - Batch Size: 2
     - Epochs: 1000
     - Optimizer: SGD
     - Weight Decay: 3e-05
   - **Reasoning**: U-Mamba Enc enhances the standard U-Net with Mamba modules, which improve feature extraction and overall performance. The isotropic spacing ensures consistent feature representation.

### JSON Format:

```json
[
    {"number": 5, "params": {"Structure": "MedNeXt L k3", "Architecture": "ConvNeXt (CNN)", "Patch Size": "128x128x128", "Spacing": "1x1x1", "Batch Size": 2, "Epochs": 1000, "Optimizer": "AdamW", "Weight Decay": 3e-05}},
    {"number": 11, "params": {"Structure": "nnFormer", "Architecture": "Transformer", "Patch Size": "128x128x128", "Spacing": "1x1x1", "Batch Size": 2, "Epochs": 1000, "Optimizer": "SGD", "Weight Decay": 3e-05}},
    {"number": 14, "params": {"Structure": "U-Mamba Enc", "Architecture": "U-Net + Mamba", "Patch Size": "128x128x128", "Spacing": "1x1x1", "Batch Size": 2, "Epochs": 1000, "Optimizer": "SGD", "Weight Decay": 3e-05}}
]
```
- [difflib] amnbious matches: ['structure:mednext l k3_architecture:convnext (cnn)_patch size:128x128x128_spacing:1x1x1_batch size:2_epochs:1000_optimizer:adamw_weight decay:3e-05'], raw output: structure:mednext l k3_architecture:convnext (cnn)_patch size:128x128x128_spacing:1x1x1_batch size:2_epochs:1000_optimizer:adamw_weight decay:3e-05_
- [difflib] amnbious matches: ['structure:nnformer_architecture:transformer_patch size:128x128x128_spacing:1x1x1_batch size:2_epochs:1000_optimizer:sgd_weight decay:3e-05'], raw output: structure:nnformer_architecture:transformer_patch size:128x128x128_spacing:1x1x1_batch size:2_epochs:1000_optimizer:sgd_weight decay:3e-05_
- [difflib] amnbious matches: ['structure:u-mamba enc_architecture:u-net + mamba_patch size:128x128x128_spacing:1x1x1_batch size:2_epochs:1000_optimizer:sgd_weight decay:3e-05'], raw output: structure:u-mamba enc_architecture:u-net + mamba_patch size:128x128x128_spacing:1x1x1_batch size:2_epochs:1000_optimizer:sgd_weight decay:3e-05_
Number of trials: 3 -> 3, 
Error_trials: [] is non-empty. 
Repeated_trials: 0 is non-empty. 
 []
[INFO] Round [9][19], Failed: [0]/[10]
{'description': 'You are a Senior Computer Vision Researcher specializing in 3D Medical Image Segmentation.', 'model': 'nnUNet Revisited', 'task': 'Benchmarking for BTCV dataset.', 'basic_idea': 'Compare CNN-, Transformer-, and Mamba-based architectures using standardized hyperparameters and datasets within nnUNet and Auto3DSeg frameworks.', 'Structure_Description': {'nnU-Net (org.)': 'A self-configuring U-Net framework that adapts its architecture and training pipeline to any given medical imaging dataset.', 'nnU-Net ResEnc M': 'A medium-sized nnU-Net variant incorporating residual encoder blocks for moderate GPU memory.', 'nnU-Net ResEnc L': 'A large nnU-Net variant using residual encoders, designed for high-memory GPU usage.', 'ResEnc L (iso spacing)': 'ResEnc L trained with isotropic spacing (1x1x1) for spatial uniformity.', 'MedNeXt L k3': 'ConvNeXt-based 3D CNN using 3x3x3 convolutions for scalable segmentation.', 'MedNeXt L k5': 'A variation of MedNeXt using 5x5x5 kernels for broader contextual capture.', 'STU-Net S': 'Small version of a scalable U-Net optimized for low-resource settings.', 'STU-Net B': 'Base variant of STU-Net balancing depth and efficiency.', 'STU-Net L': 'Large version of STU-Net with enhanced capacity for complex tasks.', 'SwinUNETR': 'A U-Net backbone using Swin Transformers to model local and global context.', 'SwinUNETR V2': 'Enhanced SwinUNETR with stagewise convolutional integration.', 'nnFormer': 'A hybrid transformer model with interleaved CNN and transformer layers.', 'CoTr': 'Combines CNNs for local encoding and transformers for global modeling.', 'U-Mamba Bot': 'Uses Mamba modules only in the bottleneck of a U-Net.', 'U-Mamba Enc': 'Uses Mamba modules throughout the encoder to enhance hierarchy learning.', 'No-Mamba Base': 'Baseline U-Net without Mamba, used for comparative evaluation.', 'A3DS SegResNet': 'Auto3DSeg-based residual network optimized for segmentation.', 'A3DS DiNTS': 'Auto3DSeg model generated through neural architecture search.', 'A3DS SwinUNETR': 'Auto3DSeg variant of SwinUNETR fine-tuned for 3D segmentation.'}, 'instruction': 'Complete instructions under limited trials.', 'link': 'https://arxiv.org/abs/2404.09556'}
9-find_trials-analyse-cognitive: ### Task 1: Analysis of Completed Trials

#### Step 1: Summarize Performance Metrics for Completed Trials

The completed trials show a range of Dice scores across different architectures and hyper-parameters. The highest Dice score achieved is 84.7 by the MedNeXt L k3 architecture, followed closely by U-Mamba Bot with 83.51. Other notable performances include CoTr (81.95), nnFormer (80.86), and SwinUNETR V2 (80.85). The lowest Dice score is from A3DS SwinUNETR at 76.54.

#### Step 2: Evaluate Performance Trends for Hyper-Parameters

1. **Patch Size**:
   - Larger patch sizes (e.g., 128x128x128) generally perform better, as seen in MedNeXt L k3 (84.7), CoTr (81.95), and U-Mamba Enc (82.41).
   - Smaller patch sizes (e.g., 2x2x2) tend to yield lower Dice scores, such as SwinUNETR (78.89) and SwinUNETR V2 (80.85).

2. **Spacing**:
   - Isotropic spacing (1x1x1) is consistently used in high-performing models like MedNeXt L k3 (84.7), CoTr (81.95), and U-Mamba Enc (82.41).
   - Anisotropic spacing (e.g., 1x0.78x0.78) is used in A3DS SwinUNETR (76.54) and A3DS SegResNet (80.69), with mixed results.

3. **Batch Size**:
   - All models use a batch size of 2, which is consistent across the trials and does not show significant variation in performance.

4. **Optimizer**:
   - Adam and AdamW optimizers are used in high-performing models like MedNeXt L k3 (84.7) and SwinUNETR V2 (80.85).
   - SGD is also effective, as seen in CoTr (81.95), nnFormer (80.86), and U-Mamba Enc (82.41).

5. **Weight Decay**:
   - A weight decay of 3e-05 is consistently used across all trials, which does not show significant variation in performance.

#### Step 3: Highlight Promising Hyper-Parameter Combinations

1. **Large Patch Size with Isotropic Spacing**:
   - Models using a large patch size (128x128x128) and isotropic spacing (1x1x1) tend to perform the best, as seen in MedNeXt L k3 (84.7), CoTr (81.95), and U-Mamba Enc (82.41).

2. **Adam or AdamW Optimizers**:
   - Using Adam or AdamW optimizers is associated with higher Dice scores, particularly in MedNeXt L k3 (84.7) and SwinUNETR V2 (80.85).

3. **Hybrid Architectures**:
   - Hybrid architectures like U-Mamba Bot (83.51) and U-Mamba Enc (82.41), which combine U-Net with Mamba, show promising results.

4. **Transformer-Based Models**:
   - Transformer-based models like nnFormer (80.86) and SwinUNETR V2 (80.85) also perform well, suggesting that these architectures are effective for the task.

By focusing on these hyper-parameter combinations, future trials can be optimized to potentially achieve even higher Dice scores.
----------------------------------------------------------------------------------------------------
Start Optimization: nnUnet_BTCV_train_qwen2.5:72b
----------------------------------------------------------------------------------------------------
[INFO] Round [9][19], Failed: [0]/[10]
{'description': 'You are a Senior Computer Vision Researcher specializing in 3D Medical Image Segmentation.', 'model': 'nnUNet Revisited', 'task': 'Benchmarking for BTCV dataset.', 'basic_idea': 'Compare CNN-, Transformer-, and Mamba-based architectures using standardized hyperparameters and datasets within nnUNet and Auto3DSeg frameworks.', 'Structure_Description': {'nnU-Net (org.)': 'A self-configuring U-Net framework that adapts its architecture and training pipeline to any given medical imaging dataset.', 'nnU-Net ResEnc M': 'A medium-sized nnU-Net variant incorporating residual encoder blocks for moderate GPU memory.', 'nnU-Net ResEnc L': 'A large nnU-Net variant using residual encoders, designed for high-memory GPU usage.', 'ResEnc L (iso spacing)': 'ResEnc L trained with isotropic spacing (1x1x1) for spatial uniformity.', 'MedNeXt L k3': 'ConvNeXt-based 3D CNN using 3x3x3 convolutions for scalable segmentation.', 'MedNeXt L k5': 'A variation of MedNeXt using 5x5x5 kernels for broader contextual capture.', 'STU-Net S': 'Small version of a scalable U-Net optimized for low-resource settings.', 'STU-Net B': 'Base variant of STU-Net balancing depth and efficiency.', 'STU-Net L': 'Large version of STU-Net with enhanced capacity for complex tasks.', 'SwinUNETR': 'A U-Net backbone using Swin Transformers to model local and global context.', 'SwinUNETR V2': 'Enhanced SwinUNETR with stagewise convolutional integration.', 'nnFormer': 'A hybrid transformer model with interleaved CNN and transformer layers.', 'CoTr': 'Combines CNNs for local encoding and transformers for global modeling.', 'U-Mamba Bot': 'Uses Mamba modules only in the bottleneck of a U-Net.', 'U-Mamba Enc': 'Uses Mamba modules throughout the encoder to enhance hierarchy learning.', 'No-Mamba Base': 'Baseline U-Net without Mamba, used for comparative evaluation.', 'A3DS SegResNet': 'Auto3DSeg-based residual network optimized for segmentation.', 'A3DS DiNTS': 'Auto3DSeg model generated through neural architecture search.', 'A3DS SwinUNETR': 'Auto3DSeg variant of SwinUNETR fine-tuned for 3D segmentation.'}, 'instruction': 'Complete instructions under limited trials.', 'link': 'https://arxiv.org/abs/2404.09556'}
9-find_trials-analyse-cognitive: ### Task 1: Analysis of Completed Trials

#### Step 1: Summarize Performance Metrics for Completed Trials

The completed trials show a range of Dice scores across different architectures and hyper-parameters. The highest Dice score achieved is 84.7 by the MedNeXt L k3 architecture, followed closely by U-Mamba Bot with 83.51. Other notable performances include CoTr (81.95), nnFormer (80.86), and SwinUNETR V2 (80.85). The lowest Dice score is from A3DS SwinUNETR at 76.54.

#### Step 2: Evaluate Performance Trends for Hyper-Parameters

1. **Patch Size**:
   - Larger patch sizes (e.g., 128x128x128) generally perform better, as seen in MedNeXt L k3 (84.7), CoTr (81.95), and U-Mamba Enc (82.41).
   - Smaller patch sizes (e.g., 2x2x2) tend to yield lower Dice scores, such as SwinUNETR (78.89) and SwinUNETR V2 (80.85).

2. **Spacing**:
   - Isotropic spacing (1x1x1) is consistently used in high-performing models like MedNeXt L k3 (84.7), CoTr (81.95), and U-Mamba Enc (82.41).
   - Anisotropic spacing (e.g., 1x0.78x0.78) is used in A3DS SwinUNETR (76.54) and A3DS SegResNet (80.69), with mixed results.

3. **Batch Size**:
   - All models use a batch size of 2, which is consistent across the trials and does not show significant variation in performance.

4. **Optimizer**:
   - Adam and AdamW optimizers are used in high-performing models like MedNeXt L k3 (84.7) and SwinUNETR V2 (80.85).
   - SGD is also effective, as seen in CoTr (81.95), nnFormer (80.86), and U-Mamba Enc (82.41).

5. **Weight Decay**:
   - A weight decay of 3e-05 is consistently used across all trials, which does not show significant variation in performance.

#### Step 3: Highlight Promising Hyper-Parameter Combinations

1. **Large Patch Size with Isotropic Spacing**:
   - Models using a large patch size (128x128x128) and isotropic spacing (1x1x1) tend to perform the best, as seen in MedNeXt L k3 (84.7), CoTr (81.95), and U-Mamba Enc (82.41).

2. **Adam or AdamW Optimizers**:
   - Using Adam or AdamW optimizers is associated with higher Dice scores, particularly in MedNeXt L k3 (84.7) and SwinUNETR V2 (80.85).

3. **Hybrid Architectures**:
   - Hybrid architectures like U-Mamba Bot (83.51) and U-Mamba Enc (82.41), which combine U-Net with Mamba, show promising results.

4. **Transformer-Based Models**:
   - Transformer-based models like nnFormer (80.86) and SwinUNETR V2 (80.85) also perform well, suggesting that these architectures are effective for the task.

By focusing on these hyper-parameter combinations, future trials can be optimized to potentially achieve even higher Dice scores.
----------------------------------------------------------------------------------------------------
Start Optimization: nnUnet_BTCV_train_qwen2.5:72b
----------------------------------------------------------------------------------------------------
[INFO] Round [9][19], Failed: [0]/[10]
{'description': 'You are a Senior Computer Vision Researcher specializing in 3D Medical Image Segmentation.', 'model': 'nnUNet Revisited', 'task': 'Benchmarking for BTCV dataset.', 'basic_idea': 'Compare CNN-, Transformer-, and Mamba-based architectures using standardized hyperparameters and datasets within nnUNet and Auto3DSeg frameworks.', 'Structure_Description': {'nnU-Net (org.)': 'A self-configuring U-Net framework that adapts its architecture and training pipeline to any given medical imaging dataset.', 'nnU-Net ResEnc M': 'A medium-sized nnU-Net variant incorporating residual encoder blocks for moderate GPU memory.', 'nnU-Net ResEnc L': 'A large nnU-Net variant using residual encoders, designed for high-memory GPU usage.', 'ResEnc L (iso spacing)': 'ResEnc L trained with isotropic spacing (1x1x1) for spatial uniformity.', 'MedNeXt L k3': 'ConvNeXt-based 3D CNN using 3x3x3 convolutions for scalable segmentation.', 'MedNeXt L k5': 'A variation of MedNeXt using 5x5x5 kernels for broader contextual capture.', 'STU-Net S': 'Small version of a scalable U-Net optimized for low-resource settings.', 'STU-Net B': 'Base variant of STU-Net balancing depth and efficiency.', 'STU-Net L': 'Large version of STU-Net with enhanced capacity for complex tasks.', 'SwinUNETR': 'A U-Net backbone using Swin Transformers to model local and global context.', 'SwinUNETR V2': 'Enhanced SwinUNETR with stagewise convolutional integration.', 'nnFormer': 'A hybrid transformer model with interleaved CNN and transformer layers.', 'CoTr': 'Combines CNNs for local encoding and transformers for global modeling.', 'U-Mamba Bot': 'Uses Mamba modules only in the bottleneck of a U-Net.', 'U-Mamba Enc': 'Uses Mamba modules throughout the encoder to enhance hierarchy learning.', 'No-Mamba Base': 'Baseline U-Net without Mamba, used for comparative evaluation.', 'A3DS SegResNet': 'Auto3DSeg-based residual network optimized for segmentation.', 'A3DS DiNTS': 'Auto3DSeg model generated through neural architecture search.', 'A3DS SwinUNETR': 'Auto3DSeg variant of SwinUNETR fine-tuned for 3D segmentation.'}, 'instruction': 'Complete instructions under limited trials.', 'link': 'https://arxiv.org/abs/2404.09556'}
9-find_trials-analyse-cognitive: ### Task 1: Analysis of Completed Trials

#### Step 1: Summarize Performance Metrics for Completed Trials

The completed trials show a range of Dice scores across different architectures and hyper-parameters. The highest Dice score achieved is 84.7 by the MedNeXt L k3 architecture, followed closely by U-Mamba Bot with 83.51. Other notable performances include CoTr (81.95), nnFormer (80.86), and SwinUNETR V2 (80.85). The lowest Dice score is from A3DS SwinUNETR at 76.54.

#### Step 2: Evaluate Performance Trends for Hyper-Parameters

1. **Patch Size**:
   - Larger patch sizes (e.g., 128x128x128) generally perform better, as seen in MedNeXt L k3 (84.7), CoTr (81.95), and U-Mamba Enc (82.41).
   - Smaller patch sizes (e.g., 2x2x2) tend to yield lower Dice scores, such as SwinUNETR (78.89) and SwinUNETR V2 (80.85).

2. **Spacing**:
   - Isotropic spacing (1x1x1) is consistently used in high-performing models like MedNeXt L k3 (84.7), CoTr (81.95), and U-Mamba Enc (82.41).
   - Anisotropic spacing (e.g., 1x0.78x0.78) is used in A3DS SwinUNETR (76.54) and A3DS SegResNet (80.69), with mixed results.

3. **Batch Size**:
   - All models use a batch size of 2, which is consistent across the trials and does not show significant variation in performance.

4. **Optimizer**:
   - Adam and AdamW optimizers are used in high-performing models like MedNeXt L k3 (84.7) and SwinUNETR V2 (80.85).
   - SGD is also effective, as seen in CoTr (81.95), nnFormer (80.86), and U-Mamba Enc (82.41).

5. **Weight Decay**:
   - A weight decay of 3e-05 is consistently used across all trials, which does not show significant variation in performance.

#### Step 3: Highlight Promising Hyper-Parameter Combinations

1. **Large Patch Size with Isotropic Spacing**:
   - Models using a large patch size (128x128x128) and isotropic spacing (1x1x1) tend to perform the best, as seen in MedNeXt L k3 (84.7), CoTr (81.95), and U-Mamba Enc (82.41).

2. **Adam or AdamW Optimizers**:
   - Using Adam or AdamW optimizers is associated with higher Dice scores, particularly in MedNeXt L k3 (84.7) and SwinUNETR V2 (80.85).

3. **Hybrid Architectures**:
   - Hybrid architectures like U-Mamba Bot (83.51) and U-Mamba Enc (82.41), which combine U-Net with Mamba, show promising results.

4. **Transformer-Based Models**:
   - Transformer-based models like nnFormer (80.86) and SwinUNETR V2 (80.85) also perform well, suggesting that these architectures are effective for the task.

By focusing on these hyper-parameter combinations, future trials can be optimized to potentially achieve even higher Dice scores.
9-find_trials-stop-cognitive: ### Task 1: Review Analysis of Completed Trials

The completed trials include various configurations across different architectures and settings. Each trial has been evaluated based on the specified hyperparameters, including patch size, spacing, batch size, epochs, optimizer, and weight decay.

### Task 2: Analysis of Search Space

The search space includes several unexplored but promising configurations:

1. **nnU-Net (org.)** with Vanilla U-Net (CNN), Patch Size 128x128x128, Spacing 1x0.78x0.78.
2. **nnU-Net ResEnc M** with ResNet U-Net (CNN), Patch Size 128x128x128, Spacing 1x0.78x0.78.
3. **MedNeXt L k5** with ConvNeXt (CNN), Patch Size 128x128x128, Spacing 1x1x1.
4. **nnU-Net ResEnc L** with ResNet U-Net (CNN), Patch Size 80x256x256, Spacing 3x0.76x0.76.
5. **ResEnc L (iso spacing)** with ResNet U-Net (CNN), Patch Size 192x192x192, Spacing 1x1x1.
6. **STU-Net S** with Scaled U-Net (CNN), Patch Size 128x128x128, Spacing 1x1x1.
7. **STU-Net B** with Scaled U-Net (CNN), Patch Size 128x128x128, Spacing 1x1x1.
8. **STU-Net L** with Scaled U-Net (CNN), Patch Size 128x128x128, Spacing 1x1x1.
9. **No-Mamba Base** with CNN, Patch Size 128x128x128, Spacing 1x1x1.
10. **A3DS DiNTS** with NAS (Auto3DSeg), Patch Size 144x224x224, Spacing 1x0.78x0.78.

### Task 3: Decide Whether to Stop Optimization

#### Step 1: Analyze the Criteria
- **Are all promising configurations already tested?** No, there are several unexplored configurations in the search space.
- **Are no unexplored options likely to yield better results?** It is possible that some of these unexplored configurations could yield better results.

#### Step 2: Decide Whether All Conditions Are Met
Since not all promising configurations have been tested and there is a possibility that unexplored options could yield better results, the conditions for stopping optimization are not met.

### Final Decision
Answer: No with confidence score: 0.9

Justification: There are several unexplored configurations in the search space that could potentially improve performance, so it is premature to stop the optimization process.
9-find_trials-cognitive: ### Task 1: Review Analysis of All Completed Trials

#### Overview:
- **nnU-Net (org.)**: Vanilla U-Net with standard settings. Performs well but may lack the advanced features of other models.
- **nnU-Net ResEnc M**: Medium-sized ResNet U-Net. Provides a balance between performance and resource usage.
- **MedNeXt L k5**: ConvNeXt-based model with 5x5x5 kernels. Captures broader context but may require more computational resources.
- **nnU-Net ResEnc L**: Large ResNet U-Net with anisotropic spacing. Designed for high-memory GPUs and complex tasks.
- **ResEnc L (iso spacing)**: Large ResNet U-Net with isotropic spacing. Ensures spatial uniformity, which can improve performance in certain scenarios.
- **STU-Net S**: Small scaled U-Net. Optimized for low-resource settings but may not perform as well on complex tasks.
- **STU-Net B**: Base variant of STU-Net. Balances depth and efficiency effectively.
- **STU-Net L**: Large version of STU-Net. Enhanced capacity for handling complex tasks.
- **No-Mamba Base**: Baseline U-Net without Mamba modules. Useful for comparative evaluation.
- **A3DS DiNTS**: Auto3DSeg model generated through neural architecture search. Optimized for segmentation tasks.

#### Performance Trends:
- **nnU-Net (org.)** and **nnU-Net ResEnc M** show consistent performance but may not outperform more advanced models.
- **MedNeXt L k5** and **ResEnc L (iso spacing)** demonstrate strong performance, especially in capturing broader context and ensuring spatial uniformity.
- **STU-Net B** and **STU-Net L** balance depth and efficiency well, making them suitable for a wide range of tasks.
- **No-Mamba Base** serves as a good baseline but may not be the most competitive model.
- **A3DS DiNTS** shows promise due to its optimization through neural architecture search.

### Task 2: Optimization Recommendation

Based on the analysis from **Task 1**, I recommend the following three trials:

1. **Trial Number: 4 (ResEnc L (iso spacing))**
   - **Reasoning**: This model uses isotropic spacing, which ensures spatial uniformity and can improve performance in tasks where consistent resolution is crucial. The large size of the model also allows it to capture complex features effectively.

2. **Trial Number: 7 (STU-Net B)**
   - **Reasoning**: STU-Net B balances depth and efficiency well, making it a versatile choice for a wide range of tasks. It performs consistently well without requiring excessive computational resources.

3. **Trial Number: 17 (A3DS DiNTS)**
   - **Reasoning**: A3DS DiNTS is optimized through neural architecture search, which can lead to better performance by finding the most effective model architecture for the given task. This model has shown promise in previous trials and is worth further exploration.

### JSON Format:

```json
[
    {"number": 4, "params": {"Structure": "ResEnc L (iso spacing)", "Architecture": "ResNet U-Net (CNN)", "Patch Size": "192x192x192", "Spacing": "1x1x1", "Batch Size": 2, "Epochs": 1000, "Optimizer": "SGD", "Weight Decay": 3e-05}},
    {"number": 7, "params": {"Structure": "STU-Net B", "Architecture": "Scaled U-Net (CNN)", "Patch Size": "128x128x128", "Spacing": "1x1x1", "Batch Size": 2, "Epochs": 1000, "Optimizer": "SGD", "Weight Decay": 3e-05}},
    {"number": 17, "params": {"Structure": "A3DS DiNTS", "Architecture": "NAS (Auto3DSeg)", "Patch Size": "144x224x224", "Spacing": "1x0.78x0.78", "Batch Size": 2, "Epochs": 800, "Optimizer": "Adam", "Weight Decay": 3e-05}}
]
```
- [difflib] amnbious matches: ['structure:resenc l (iso spacing)_architecture:resnet u-net (cnn)_patch size:192x192x192_spacing:1x1x1_batch size:2_epochs:1000_optimizer:sgd_weight decay:3e-05'], raw output: structure:resenc l (iso spacing)_architecture:resnet u-net (cnn)_patch size:192x192x192_spacing:1x1x1_batch size:2_epochs:1000_optimizer:sgd_weight decay:3e-05_
- [difflib] amnbious matches: ['structure:stu-net b_architecture:scaled u-net (cnn)_patch size:128x128x128_spacing:1x1x1_batch size:2_epochs:1000_optimizer:sgd_weight decay:3e-05'], raw output: structure:stu-net b_architecture:scaled u-net (cnn)_patch size:128x128x128_spacing:1x1x1_batch size:2_epochs:1000_optimizer:sgd_weight decay:3e-05_
- [difflib] amnbious matches: ['structure:a3ds dints_architecture:nas (auto3dseg)_patch size:144x224x224_spacing:1x0.78x0.78_batch size:2_epochs:800_optimizer:adam_weight decay:3e-05'], raw output: structure:a3ds dints_architecture:nas (auto3dseg)_patch size:144x224x224_spacing:1x0.78x0.78_batch size:2_epochs:800_optimizer:adam_weight decay:3e-05_
Number of trials: 3 -> 3, 
Error_trials: [] is non-empty. 
Repeated_trials: 0 is non-empty. 
 []
[INFO] Round [12][19], Failed: [0]/[7]
{'description': 'You are a Senior Computer Vision Researcher specializing in 3D Medical Image Segmentation.', 'model': 'nnUNet Revisited', 'task': 'Benchmarking for BTCV dataset.', 'basic_idea': 'Compare CNN-, Transformer-, and Mamba-based architectures using standardized hyperparameters and datasets within nnUNet and Auto3DSeg frameworks.', 'Structure_Description': {'nnU-Net (org.)': 'A self-configuring U-Net framework that adapts its architecture and training pipeline to any given medical imaging dataset.', 'nnU-Net ResEnc M': 'A medium-sized nnU-Net variant incorporating residual encoder blocks for moderate GPU memory.', 'nnU-Net ResEnc L': 'A large nnU-Net variant using residual encoders, designed for high-memory GPU usage.', 'ResEnc L (iso spacing)': 'ResEnc L trained with isotropic spacing (1x1x1) for spatial uniformity.', 'MedNeXt L k3': 'ConvNeXt-based 3D CNN using 3x3x3 convolutions for scalable segmentation.', 'MedNeXt L k5': 'A variation of MedNeXt using 5x5x5 kernels for broader contextual capture.', 'STU-Net S': 'Small version of a scalable U-Net optimized for low-resource settings.', 'STU-Net B': 'Base variant of STU-Net balancing depth and efficiency.', 'STU-Net L': 'Large version of STU-Net with enhanced capacity for complex tasks.', 'SwinUNETR': 'A U-Net backbone using Swin Transformers to model local and global context.', 'SwinUNETR V2': 'Enhanced SwinUNETR with stagewise convolutional integration.', 'nnFormer': 'A hybrid transformer model with interleaved CNN and transformer layers.', 'CoTr': 'Combines CNNs for local encoding and transformers for global modeling.', 'U-Mamba Bot': 'Uses Mamba modules only in the bottleneck of a U-Net.', 'U-Mamba Enc': 'Uses Mamba modules throughout the encoder to enhance hierarchy learning.', 'No-Mamba Base': 'Baseline U-Net without Mamba, used for comparative evaluation.', 'A3DS SegResNet': 'Auto3DSeg-based residual network optimized for segmentation.', 'A3DS DiNTS': 'Auto3DSeg model generated through neural architecture search.', 'A3DS SwinUNETR': 'Auto3DSeg variant of SwinUNETR fine-tuned for 3D segmentation.'}, 'instruction': 'Complete instructions under limited trials.', 'link': 'https://arxiv.org/abs/2404.09556'}
12-find_trials-analyse-cognitive: ### Task 1: Analysis of Completed Trials

#### Step 1: Summarize Performance Metrics for Completed Trials

The completed trials show a range of Dice scores across different architectures and hyper-parameters. The highest Dice score achieved is 84.7 by the MedNeXt L k3 model, while the lowest is 76.54 by the A3DS SwinUNETR model. Here's a summary of the performance metrics:

- **Top Performers:**
  - **MedNeXt L k3**: Dice = 84.7
  - **ResEnc L (iso spacing)**: Dice = 84.01
  - **U-Mamba Enc**: Dice = 82.41
  - **STU-Net B**: Dice = 83.05

- **Mid-Range Performers:**
  - **nnFormer**: Dice = 80.86
  - **SwinUNETR (SwinUNETR V2)**: Dice = 80.86
  - **A3DS SegResNet**: Dice = 80.69
  - **U-Mamba Enc**: Dice = 82.41

- **Lower Performers:**
  - **A3DS DiNTS**: Dice = 78.18
  - **A3DS SwinUNETR**: Dice = 76.54

#### Step 2: Evaluate Performance Trends for Hyper-Parameters

1. **Optimizer:**
   - **SGD** and **AdamW** generally perform well, with models using these optimizers achieving higher Dice scores.
   - **Adam** also shows good performance but is slightly less consistent compared to SGD and AdamW.

2. **Patch Size:**
   - Larger patch sizes (192x192x192) tend to yield better results, as seen in the ResEnc L (iso spacing) model.
   - Smaller patch sizes (128x128x128) are also effective but may not always outperform larger patches.

3. **Epochs:**
   - Models trained for 1000 epochs generally perform better than those trained for 800 epochs, indicating that more training can lead to improved performance.
   - However, the A3DS DiNTS and A3DS SegResNet models show that increasing epochs alone may not always result in higher Dice scores.

4. **Weight Decay:**
   - All models used a weight decay of 3e-05, which seems to be an effective regularization parameter across different architectures.
   - No significant variation in performance was observed with this consistent hyper-parameter setting.

#### Step 3: Highlight Promising Hyper-Parameter Combinations

1. **MedNeXt L k3 (CNN)**
   - **Patch Size**: 128x128x128
   - **Optimizer**: AdamW
   - **Epochs**: 1000
   - **Weight Decay**: 3e-05
   - This combination achieved the highest Dice score of 84.7, suggesting that using a ConvNeXt architecture with AdamW and a moderate patch size can lead to excellent performance.

2. **ResEnc L (iso spacing) (ResNet U-Net)**
   - **Patch Size**: 192x192x192
   - **Optimizer**: SGD
   - **Epochs**: 1000
   - **Weight Decay**: 3e-05
   - The use of a larger patch size and the SGD optimizer resulted in a high Dice score of 84.01, indicating that increasing the input resolution can be beneficial.

3. **U-Mamba Enc (U-Net + Mamba)**
   - **Patch Size**: 128x128x128
   - **Optimizer**: SGD
   - **Epochs**: 1000
   - **Weight Decay**: 3e-05
   - This model achieved a Dice score of 82.41, showing that integrating Mamba into the U-Net architecture can enhance performance.

4. **STU-Net B (Scaled U-Net)**
   - **Patch Size**: 128x128x128
   - **Optimizer**: SGD
   - **Epochs**: 1000
   - **Weight Decay**: 3e-05
   - The scaled U-Net architecture with SGD and a moderate patch size resulted in a Dice score of 83.05, indicating that scaling the U-Net can improve performance.

### Conclusion

The analysis reveals that models using larger patch sizes, longer training epochs, and optimizers like SGD and AdamW tend to perform better. The MedNeXt L k3 model stands out as the top performer, followed by ResEnc L (iso spacing) and U-Mamba Enc. These insights can guide future experiments and hyper-parameter tuning for improved segmentation performance on the BTCV dataset.
12-find_trials-stop-cognitive: ### Task 1: Review Analysis of Completed Trials

The completed trials include various configurations across different architectures and settings. The results from these trials provide a baseline for comparison.

### Task 2: Analysis of Search Space

The unexplored but promising trials in the search space are:

- nnU-Net (org.) with Vanilla U-Net (CNN), Patch Size 128x128x128, Spacing 1x0.78x0.78, Batch Size 2, Epochs 1000, Optimizer SGD, Weight Decay 3e-05
- nnU-Net ResEnc M with ResNet U-Net (CNN), Patch Size 128x128x128, Spacing 1x0.78x0.78, Batch Size 2, Epochs 1000, Optimizer SGD, Weight Decay 3e-05
- MedNeXt L k5 with ConvNeXt (CNN), Patch Size 128x128x128, Spacing 1x1x1, Batch Size 2, Epochs 1000, Optimizer AdamW, Weight Decay 3e-05
- nnU-Net ResEnc L with ResNet U-Net (CNN), Patch Size 80x256x256, Spacing 3x0.76x0.76, Batch Size 2, Epochs 1000, Optimizer SGD, Weight Decay 3e-05
- STU-Net S with Scaled U-Net (CNN), Patch Size 128x128x128, Spacing 1x1x1, Batch Size 2, Epochs 1000, Optimizer SGD, Weight Decay 3e-05
- STU-Net L with Scaled U-Net (CNN), Patch Size 128x128x128, Spacing 1x1x1, Batch Size 2, Epochs 1000, Optimizer SGD, Weight Decay 3e-05
- No-Mamba Base with CNN, Patch Size 128x128x128, Spacing 1x1x1, Batch Size 2, Epochs 1000, Optimizer SGD, Weight Decay 3e-05

### Task 3: Decide Whether to Stop Optimization

**Step 1: Analyze the following criteria:**

- **Are all promising configurations already tested?**
  - No, there are several unexplored but promising configurations in the search space.

- **Are no unexplored options likely to yield better results?**
  - It is possible that some of these unexplored configurations could yield better results, as they cover a range of different architectures and settings.

**Step 2: Decide whether all conditions are met.**

Since not all promising configurations have been tested and there are still unexplored options that could potentially yield better results, the optimization process should continue.

Answer: No with confidence score: 0.95

Justification: There are several unexplored configurations in the search space that could potentially improve performance, so it is premature to stop the optimization process.
12-find_trials-cognitive: ### Task 1: Review Analysis of All Completed Trials

#### Overview:
- **nnU-Net (org.)**: Vanilla U-Net with standard settings.
- **nnU-Net ResEnc M**: Medium-sized ResNet U-Net.
- **MedNeXt L k5**: ConvNeXt with 5x5x5 kernels.
- **nnU-Net ResEnc L**: Large ResNet U-Net with anisotropic spacing.
- **STU-Net S**: Small Scaled U-Net.
- **STU-Net L**: Large Scaled U-Net.
- **No-Mamba Base**: Baseline U-Net without Mamba.

#### Performance Trends:
1. **nnU-Net (org.)**:
   - Standard performance, reliable but not outstanding.
2. **nnU-Net ResEnc M**:
   - Shows promise with residual blocks, moderate GPU memory usage.
3. **MedNeXt L k5**:
   - High performance due to larger kernels capturing broader context.
4. **nnU-Net ResEnc L**:
   - Strong performance but requires high-memory GPUs.
5. **STU-Net S**:
   - Efficient and performs well in low-resource settings.
6. **STU-Net L**:
   - Enhanced capacity for complex tasks, shows strong results.
7. **No-Mamba Base**:
   - Baseline performance, useful for comparison but not the best.

### Task 2: Optimization Recommendation

Based on the analysis of the completed trials, I recommend the following three promising trials:

1. **MedNeXt L k5 (Number: 2)**
   - **Reasoning**: This model uses larger kernels (5x5x5), which capture broader contextual information, leading to high performance in segmentation tasks. It is a strong candidate for further optimization.

2. **nnU-Net ResEnc L (Number: 3)**
   - **Reasoning**: The large variant of the ResNet U-Net with anisotropic spacing shows strong performance, especially when using high-memory GPUs. This model has the potential to achieve even better results with fine-tuning.

3. **STU-Net L (Number: 8)**
   - **Reasoning**: The large version of the Scaled U-Net balances depth and efficiency, making it suitable for complex tasks. It demonstrates strong performance and is a promising candidate for further exploration.

### JSON Format:

```json
[
    {"number": 2, "params": {"Structure": "MedNeXt L k5", "Architecture": "ConvNeXt (CNN)", "Patch Size": "128x128x128", "Spacing": "1x1x1", "Batch Size": 2, "Epochs": 1000, "Optimizer": "AdamW", "Weight Decay": 3e-05}},
    {"number": 3, "params": {"Structure": "nnU-Net ResEnc L", "Architecture": "ResNet U-Net (CNN)", "Patch Size": "128x128x128", "Spacing": "1x1x1", "Batch Size": 2, "Epochs": 1000, "Optimizer": "SGD", "Weight Decay": 3e-05}},
    {"number": 8, "params": {"Structure": "STU-Net L", "Architecture": "Scaled U-Net (CNN)", "Patch Size": "128x128x128", "Spacing": "1x1x1", "Batch Size": 2, "Epochs": 1000, "Optimizer": "SGD", "Weight Decay": 3e-05}}
]
```
- [difflib] amnbious matches: ['structure:mednext l k5_architecture:convnext (cnn)_patch size:128x128x128_spacing:1x1x1_batch size:2_epochs:1000_optimizer:adamw_weight decay:3e-05'], raw output: structure:mednext l k5_architecture:convnext (cnn)_patch size:128x128x128_spacing:1x1x1_batch size:2_epochs:1000_optimizer:adamw_weight decay:3e-05_
- [difflib] amnbious matches: ['structure:nnu-net resenc m_architecture:resnet u-net (cnn)_patch size:128x128x128_spacing:1x0.78x0.78_batch size:2_epochs:1000_optimizer:sgd_weight decay:3e-05'], raw output: structure:nnu-net resenc l_architecture:resnet u-net (cnn)_patch size:128x128x128_spacing:1x1x1_batch size:2_epochs:1000_optimizer:sgd_weight decay:3e-05_
- [difflib] amnbious matches: ['structure:stu-net l_architecture:scaled u-net (cnn)_patch size:128x128x128_spacing:1x1x1_batch size:2_epochs:1000_optimizer:sgd_weight decay:3e-05'], raw output: structure:stu-net l_architecture:scaled u-net (cnn)_patch size:128x128x128_spacing:1x1x1_batch size:2_epochs:1000_optimizer:sgd_weight decay:3e-05_
Number of trials: 3 -> 3, 
Error_trials: [] is non-empty. 
Repeated_trials: 0 is non-empty. 
 []
[INFO] Round [15][19], Failed: [0]/[4]
{'description': 'You are a Senior Computer Vision Researcher specializing in 3D Medical Image Segmentation.', 'model': 'nnUNet Revisited', 'task': 'Benchmarking for BTCV dataset.', 'basic_idea': 'Compare CNN-, Transformer-, and Mamba-based architectures using standardized hyperparameters and datasets within nnUNet and Auto3DSeg frameworks.', 'Structure_Description': {'nnU-Net (org.)': 'A self-configuring U-Net framework that adapts its architecture and training pipeline to any given medical imaging dataset.', 'nnU-Net ResEnc M': 'A medium-sized nnU-Net variant incorporating residual encoder blocks for moderate GPU memory.', 'nnU-Net ResEnc L': 'A large nnU-Net variant using residual encoders, designed for high-memory GPU usage.', 'ResEnc L (iso spacing)': 'ResEnc L trained with isotropic spacing (1x1x1) for spatial uniformity.', 'MedNeXt L k3': 'ConvNeXt-based 3D CNN using 3x3x3 convolutions for scalable segmentation.', 'MedNeXt L k5': 'A variation of MedNeXt using 5x5x5 kernels for broader contextual capture.', 'STU-Net S': 'Small version of a scalable U-Net optimized for low-resource settings.', 'STU-Net B': 'Base variant of STU-Net balancing depth and efficiency.', 'STU-Net L': 'Large version of STU-Net with enhanced capacity for complex tasks.', 'SwinUNETR': 'A U-Net backbone using Swin Transformers to model local and global context.', 'SwinUNETR V2': 'Enhanced SwinUNETR with stagewise convolutional integration.', 'nnFormer': 'A hybrid transformer model with interleaved CNN and transformer layers.', 'CoTr': 'Combines CNNs for local encoding and transformers for global modeling.', 'U-Mamba Bot': 'Uses Mamba modules only in the bottleneck of a U-Net.', 'U-Mamba Enc': 'Uses Mamba modules throughout the encoder to enhance hierarchy learning.', 'No-Mamba Base': 'Baseline U-Net without Mamba, used for comparative evaluation.', 'A3DS SegResNet': 'Auto3DSeg-based residual network optimized for segmentation.', 'A3DS DiNTS': 'Auto3DSeg model generated through neural architecture search.', 'A3DS SwinUNETR': 'Auto3DSeg variant of SwinUNETR fine-tuned for 3D segmentation.'}, 'instruction': 'Complete instructions under limited trials.', 'link': 'https://arxiv.org/abs/2404.09556'}
15-find_trials-analyse-cognitive: ### Task 1: Analysis of Completed Trials

#### Step 1: Summarize Performance Metrics for Completed Trials

The completed trials exhibit a range of Dice scores, with the highest score being 85.04 and the lowest being 76.54. The average Dice score across all trials is approximately 82.35. Notably, several models achieve Dice scores above 83, indicating strong performance in segmentation tasks.

#### Step 2: Evaluate Performance Trends for Hyper-parameters

1. **Architecture**:
   - **CNN-based Models**: CNN architectures such as MedNeXt L k3, ResEnc L (iso spacing), STU-Net B, and nnU-Net ResEnc L consistently achieve high Dice scores, with the highest score of 85.04 from MedNeXt L k5.
   - **Transformer-based Models**: Transformer architectures like SwinUNETR V2, A3DS SwinUNETR, and nnFormer show good performance but are generally outperformed by CNN models. The best transformer model is nnFormer with a Dice score of 80.86.
   - **Hybrid Models**: Hybrid models combining CNN and Transformer (e.g., CoTr) also perform well, with CoTr achieving a Dice score of 81.95.

2. **Patch Size**:
   - **Smaller Patch Sizes (2x2x2)**: Smaller patch sizes are used in SwinUNETR V2 and the original SwinUNETR, resulting in Dice scores of 80.85 and 78.89, respectively.
   - **Larger Patch Sizes (128x128x128 to 192x192x192)**: Larger patch sizes are more common and generally yield better results. For instance, MedNeXt L k3 with a 128x128x128 patch size achieves the highest score of 85.04.

3. **Optimizer**:
   - **SGD**: Models using SGD (e.g., nnU-Net ResEnc L, STU-Net B, and CoTr) tend to perform well, with Dice scores ranging from 81.95 to 83.36.
   - **AdamW**: AdamW is used in MedNeXt L k3 and MedNeXt L k5, achieving the highest scores of 85.04 and 82.35, respectively.

4. **Epochs**:
   - Most models are trained for 1000 epochs, which seems to be sufficient for convergence. However, A3DS DiNTS and other Auto3DSeg models are trained for 800 epochs, which might affect their performance slightly.

#### Step 3: Highlight Promising Hyper-parameter Combinations

1. **High-Performing CNN Architectures**:
   - **MedNeXt L k5**: Achieves the highest Dice score of 85.04 with a patch size of 128x128x128 and AdamW optimizer.
   - **ResEnc L (iso spacing)**: Scores 83.31 with a patch size of 128x128x128 and SGD optimizer.

2. **Effective Patch Sizes**:
   - **128x128x128**: This patch size is consistently used in high-performing models, suggesting it is an optimal choice for this dataset.
   - **192x192x128**: While not as common, this larger patch size also shows promise, particularly in the ResEnc L (iso spacing) model.

3. **Optimizers**:
   - **AdamW**: Proven to be effective in achieving high Dice scores, especially when combined with CNN architectures.
   - **SGD**: Also performs well and is a reliable choice for training hybrid and scaled U-Net models.

4. **Hybrid Models**:
   - **CoTr**: Combining CNN and Transformer elements can lead to robust performance, as seen in the CoTr model with a Dice score of 81.95.

By focusing on these promising hyper-parameter combinations, future trials can be optimized for even better performance in segmentation tasks.
15-find_trials-stop-cognitive: ### Task 1: Review Analysis of Completed Trials

Completed trials have been reviewed. The configurations tested include various architectures and settings, but the focus is on whether all promising configurations within the given search space have been explored.

### Task 2: Analysis of Search Space

The following unexplored but promising trials are identified:

- **Trial 0**: nnU-Net (org.) with Vanilla U-Net (CNN), Patch Size 128x128x128, Spacing 1x0.78x0.78, Batch Size 2, Epochs 1000, Optimizer SGD, Weight Decay 3e-05.
- **Trial 3**: nnU-Net ResEnc L with ResNet U-Net (CNN), Patch Size 80x256x256, Spacing 3x0.76x0.76, Batch Size 2, Epochs 1000, Optimizer SGD, Weight Decay 3e-05.
- **Trial 6**: STU-Net S with Scaled U-Net (CNN), Patch Size 128x128x128, Spacing 1x1x1, Batch Size 2, Epochs 1000, Optimizer SGD, Weight Decay 3e-05.
- **Trial 15**: No-Mamba Base with CNN, Patch Size 128x128x128, Spacing 1x1x1, Batch Size 2, Epochs 1000, Optimizer SGD, Weight Decay 3e-05.

### Task 3: Decide Whether to Stop Optimization

**Step 1: Analyze the following criteria:**

- **Are all promising configurations already tested?**: No, there are unexplored but promising configurations listed in the search space.
- **Are no unexplored options likely to yield better results?**: There is a possibility that these unexplored configurations could yield better results.

**Step 2: Decide whether all conditions are met.**

Since not all promising configurations have been tested and there is potential for better results from unexplored options, the optimization process should continue.

**Answer: No with confidence score: 0.95**

Justification: There are still unexplored but promising configurations in the search space that could potentially yield better results, so it is premature to stop the optimization process.
15-find_trials-cognitive: ### Task 1: Review Analysis of All Completed Trials

#### Trial 0:
- **Structure**: nnU-Net (org.)
- **Architecture**: Vanilla U-Net (CNN)
- **Patch Size**: 128x128x128
- **Spacing**: 1x0.78x0.78
- **Batch Size**: 2
- **Epochs**: 1000
- **Optimizer**: SGD
- **Weight Decay**: 3e-05

#### Trial 3:
- **Structure**: nnU-Net ResEnc L
- **Architecture**: ResNet U-Net (CNN)
- **Patch Size**: 80x256x256
- **Spacing**: 3x0.76x0.76
- **Batch Size**: 2
- **Epochs**: 1000
- **Optimizer**: SGD
- **Weight Decay**: 3e-05

#### Trial 6:
- **Structure**: STU-Net S
- **Architecture**: Scaled U-Net (CNN)
- **Patch Size**: 128x128x128
- **Spacing**: 1x1x1
- **Batch Size**: 2
- **Epochs**: 1000
- **Optimizer**: SGD
- **Weight Decay**: 3e-05

#### Trial 15:
- **Structure**: No-Mamba Base
- **Architecture**: CNN
- **Patch Size**: 128x128x128
- **Spacing**: 1x1x1
- **Batch Size**: 2
- **Epochs**: 1000
- **Optimizer**: SGD
- **Weight Decay**: 3e-05

### Task 2: Optimization Recommendation

Based on the analysis of the completed trials, I recommend the following three promising trials:

1. **Trial 6 (STU-Net S)**
   - **Reasoning**: STU-Net S is a small version of a scalable U-Net optimized for low-resource settings. It uses isotropic spacing (1x1x1), which can help in maintaining spatial uniformity and potentially improve segmentation accuracy. The patch size of 128x128x128 is balanced, making it suitable for both computational efficiency and capturing sufficient context.

2. **Trial 3 (nnU-Net ResEnc L)**
   - **Reasoning**: nnU-Net ResEnc L is a large variant of nnU-Net that incorporates residual encoder blocks. This architecture can handle more complex features and potentially achieve better performance on the BTCV dataset. The patch size of 80x256x256 allows for capturing both fine details and broader context, which is crucial for medical image segmentation.

3. **Trial 15 (No-Mamba Base)**
   - **Reasoning**: No-Mamba Base serves as a baseline U-Net without Mamba modules, providing a reference point for comparison. It uses isotropic spacing (1x1x1) and a balanced patch size of 128x128x128, which can help in evaluating the impact of other architectural enhancements. This trial is essential for understanding the baseline performance and identifying areas for improvement.

### JSON Format:

```json
[
    {"number": 6, "params": {"Structure": "STU-Net S", "Architecture": "Scaled U-Net (CNN)", "Patch Size": "128x128x128", "Spacing": "1x1x1", "Batch Size": 2, "Epochs": 1000, "Optimizer": "SGD", "Weight Decay": 3e-05}},
    {"number": 3, "params": {"Structure": "nnU-Net ResEnc L", "Architecture": "ResNet U-Net (CNN)", "Patch Size": "80x256x256", "Spacing": "3x0.76x0.76", "Batch Size": 2, "Epochs": 1000, "Optimizer": "SGD", "Weight Decay": 3e-05}},
    {"number": 15, "params": {"Structure": "No-Mamba Base", "Architecture": "CNN", "Patch Size": "128x128x128", "Spacing": "1x1x1", "Batch Size": 2, "Epochs": 1000, "Optimizer": "SGD", "Weight Decay": 3e-05}}
]
```
- [difflib] amnbious matches: ['structure:stu-net s_architecture:scaled u-net (cnn)_patch size:128x128x128_spacing:1x1x1_batch size:2_epochs:1000_optimizer:sgd_weight decay:3e-05'], raw output: structure:stu-net s_architecture:scaled u-net (cnn)_patch size:128x128x128_spacing:1x1x1_batch size:2_epochs:1000_optimizer:sgd_weight decay:3e-05_
- [difflib] amnbious matches: ['structure:nnu-net resenc l_architecture:resnet u-net (cnn)_patch size:80x256x256_spacing:3x0.76x0.76_batch size:2_epochs:1000_optimizer:sgd_weight decay:3e-05'], raw output: structure:nnu-net resenc l_architecture:resnet u-net (cnn)_patch size:80x256x256_spacing:3x0.76x0.76_batch size:2_epochs:1000_optimizer:sgd_weight decay:3e-05_
- [difflib] amnbious matches: ['structure:no-mamba base_architecture:cnn_patch size:128x128x128_spacing:1x1x1_batch size:2_epochs:1000_optimizer:sgd_weight decay:3e-05'], raw output: structure:no-mamba base_architecture:cnn_patch size:128x128x128_spacing:1x1x1_batch size:2_epochs:1000_optimizer:sgd_weight decay:3e-05_
Number of trials: 3 -> 3, 
Error_trials: [] is non-empty. 
Repeated_trials: 0 is non-empty. 
 []
[INFO] Round [18][19], Failed: [0]/[1]
{'description': 'You are a Senior Computer Vision Researcher specializing in 3D Medical Image Segmentation.', 'model': 'nnUNet Revisited', 'task': 'Benchmarking for BTCV dataset.', 'basic_idea': 'Compare CNN-, Transformer-, and Mamba-based architectures using standardized hyperparameters and datasets within nnUNet and Auto3DSeg frameworks.', 'Structure_Description': {'nnU-Net (org.)': 'A self-configuring U-Net framework that adapts its architecture and training pipeline to any given medical imaging dataset.', 'nnU-Net ResEnc M': 'A medium-sized nnU-Net variant incorporating residual encoder blocks for moderate GPU memory.', 'nnU-Net ResEnc L': 'A large nnU-Net variant using residual encoders, designed for high-memory GPU usage.', 'ResEnc L (iso spacing)': 'ResEnc L trained with isotropic spacing (1x1x1) for spatial uniformity.', 'MedNeXt L k3': 'ConvNeXt-based 3D CNN using 3x3x3 convolutions for scalable segmentation.', 'MedNeXt L k5': 'A variation of MedNeXt using 5x5x5 kernels for broader contextual capture.', 'STU-Net S': 'Small version of a scalable U-Net optimized for low-resource settings.', 'STU-Net B': 'Base variant of STU-Net balancing depth and efficiency.', 'STU-Net L': 'Large version of STU-Net with enhanced capacity for complex tasks.', 'SwinUNETR': 'A U-Net backbone using Swin Transformers to model local and global context.', 'SwinUNETR V2': 'Enhanced SwinUNETR with stagewise convolutional integration.', 'nnFormer': 'A hybrid transformer model with interleaved CNN and transformer layers.', 'CoTr': 'Combines CNNs for local encoding and transformers for global modeling.', 'U-Mamba Bot': 'Uses Mamba modules only in the bottleneck of a U-Net.', 'U-Mamba Enc': 'Uses Mamba modules throughout the encoder to enhance hierarchy learning.', 'No-Mamba Base': 'Baseline U-Net without Mamba, used for comparative evaluation.', 'A3DS SegResNet': 'Auto3DSeg-based residual network optimized for segmentation.', 'A3DS DiNTS': 'Auto3DSeg model generated through neural architecture search.', 'A3DS SwinUNETR': 'Auto3DSeg variant of SwinUNETR fine-tuned for 3D segmentation.'}, 'instruction': 'Complete instructions under limited trials.', 'link': 'https://arxiv.org/abs/2404.09556'}
18-find_trials-analyse-cognitive: ### Task 1: Analysis of Completed Trials

#### Step 1: Summarize Performance Metrics for Completed Trials

The completed trials exhibit a range of Dice scores, with the highest score being 85.04 and the lowest being 76.54. The majority of the models achieve Dice scores in the mid to high 80s, indicating generally strong performance across different architectures and hyper-parameters.

#### Step 2: Evaluate Performance Trends for Hyper-Parameters

1. **Architecture**:
   - **CNN-based Models**: These models consistently perform well, with several achieving Dice scores above 83. Notable examples include MedNeXt L k5 (85.04), nnU-Net ResEnc L (83.35 and 83.31), STU-Net S (82.92), and No-Mamba Base (83.69).
   - **ResNet U-Net**: This architecture also shows strong performance, with Dice scores ranging from 83.31 to 83.35.
   - **Scaled U-Net (CNN)**: STU-Net models achieve consistent high scores, with the largest model (STU-Net L) scoring 83.36 and the smallest (STU-Net S) scoring 82.92.

2. **Patch Size**:
   - **128x128x128**: This patch size is used in many high-performing models, including MedNeXt L k5 (85.04), nnU-Net ResEnc L (83.35 and 83.31), STU-Net S (82.92), and No-Mamba Base (83.69).
   - **144x224x224**: Models using this patch size, such as A3DS DiNTS (78.18) and A3DS SegResNet (78.18), show slightly lower performance compared to the 128x128x128 models.

3. **Optimizer**:
   - **SGD**: Models using SGD generally perform well, with several achieving Dice scores above 83, such as nnU-Net ResEnc L (83.35 and 83.31), STU-Net S (82.92), and No-Mamba Base (83.69).
   - **AdamW**: MedNeXt L k5 (85.04) and MedNeXt L k5 (85.04) show the highest performance using AdamW.

4. **Spacing**:
   - **1x1x1**: This spacing is used in most high-performing models, including MedNeXt L k5 (85.04), nnU-Net ResEnc L (83.35 and 83.31), STU-Net S (82.92), and No-Mamba Base (83.69).
   - **3x0.76x0.76**: Models using this spacing, such as nnU-Net ResEnc L (83.35), show slightly lower performance compared to 1x1x1.

#### Step 3: Highlight Promising Hyper-Parameter Combinations

1. **MedNeXt L k5 with AdamW and 128x128x128 Patch Size**:
   - This combination achieved the highest Dice score of 85.04, indicating that it is a highly effective configuration.

2. **nnU-Net ResEnc L with SGD and 128x128x128 Patch Size**:
   - This model consistently performs well, achieving Dice scores of 83.35 and 83.31 across different configurations.

3. **STU-Net Models with SGD and 128x128x128 Patch Size**:
   - STU-Net L (83.36) and STU-Net S (82.92) show strong performance, suggesting that this architecture is robust and effective.

4. **No-Mamba Base with SGD and 128x128x128 Patch Size**:
   - This model achieved a Dice score of 83.69, indicating that it is a promising configuration for further exploration.

5. **MedNeXt L k5 with AdamW and 128x128x128 Patch Size**:
   - This combination not only achieved the highest Dice score but also suggests that the use of AdamW optimizer can significantly enhance performance.

By focusing on these promising hyper-parameter combinations, future experiments can be designed to further optimize model performance.
18-find_trials-stop-cognitive: ### Task 1: Review Analysis of Completed Trials

The completed trials show that several configurations have achieved high Dice scores, with the highest being 85.04 and the lowest being 76.54. Promising hyper-parameter combinations include MedNeXt L k5 with AdamW and 128x128x128 patch size, nnU-Net ResEnc L with SGD and 128x128x128 patch size, and STU-Net models with SGD and 128x128x128 patch size.

### Task 2: Analysis of Search Space

The search space includes the following unexplored but promising trial:

- **Trial 0**: 
  - Structure: nnU-Net (org.)
  - Architecture: Vanilla U-Net (CNN)
  - Patch Size: 128x128x128
  - Spacing: 1x0.78x0.78
  - Batch Size: 2
  - Epochs: 1000
  - Optimizer: SGD
  - Weight Decay: 3e-05

### Task 3: Decide Whether to Stop Optimization

**Step 1: Analyze the following criteria:**

- **Are all promising configurations already tested?**
  - No, the configuration in Trial 0 has not been tested yet.

- **Are no unexplored options likely to yield better results?**
  - There is a possibility that the untested configuration could yield better results, as it includes a different spacing (1x0.78x0.78) which might improve performance.

**Step 2: Decide whether all conditions are met.**

Since not all promising configurations have been tested and there is a potential for better results from the unexplored options, we should continue the optimization process.

Answer: No with confidence score: 0.9

Justification: There are still unexplored configurations in the search space that could potentially yield better results, so it is prudent to continue the optimization process.
18-find_trials-cognitive: ### Task 2: Optimization Recommendation

Based on the analysis of the completed trials and performance trends, I recommend the following trial from the provided **Search Space**:

#### Recommended Trial:
- **Number**: 0
- **Params**:
  - **Structure**: nnU-Net (org.)
  - **Architecture**: Vanilla U-Net (CNN)
  - **Patch Size**: 128x128x128
  - **Spacing**: 1x0.78x0.78
  - **Batch Size**: 2
  - **Epochs**: 1000
  - **Optimizer**: SGD
  - **Weight Decay**: 3e-05

#### Reasoning:
1. **Structure and Architecture**:
   - The nnU-Net (org.) with Vanilla U-Net (CNN) is a well-established architecture that has shown robust performance in various medical imaging tasks. It serves as a strong baseline for further optimization.

2. **Patch Size**:
   - A patch size of 128x128x128 is commonly used and has been effective in capturing the necessary spatial information for segmentation tasks. This size balances computational efficiency with the ability to capture detailed features.

3. **Spacing**:
   - The spacing of 1x0.78x0.78 is a reasonable choice, as it maintains anisotropic resolution which can be important for medical images where different axes have different resolutions.

4. **Batch Size and Epochs**:
   - A batch size of 2 is appropriate for memory constraints while still allowing for effective training. Training for 1000 epochs ensures that the model has sufficient time to converge.

5. **Optimizer and Weight Decay**:
   - The SGD optimizer with a weight decay of 3e-05 is a reliable choice. It helps in preventing overfitting by adding a regularization term to the loss function, which can improve generalization.

Given these considerations, trial number 0 from the provided search space is a promising candidate for further optimization and evaluation.

### JSON Format:

```json
[
    {"number": 0, "params": {"Structure": "nnU-Net (org.)", "Architecture": "Vanilla U-Net (CNN)", "Patch Size": "128x128x128", "Spacing": "1x0.78x0.78", "Batch Size": 2, "Epochs": 1000, "Optimizer": "SGD", "Weight Decay": 3e-05}}
]
```
- [difflib] amnbious matches: ['structure:nnu-net (org.)_architecture:vanilla u-net (cnn)_patch size:128x128x128_spacing:1x0.78x0.78_batch size:2_epochs:1000_optimizer:sgd_weight decay:3e-05'], raw output: structure:nnu-net (org.)_architecture:vanilla u-net (cnn)_patch size:128x128x128_spacing:1x0.78x0.78_batch size:2_epochs:1000_optimizer:sgd_weight decay:3e-05_
Number of trials: 1 -> 1, 
Error_trials: [] is non-empty. 
Repeated_trials: 0 is non-empty. 
 []
[INFO] Round [19][19], Failed: [0]/[0]
{'description': 'You are a Senior Computer Vision Researcher specializing in 3D Medical Image Segmentation.', 'model': 'nnUNet Revisited', 'task': 'Benchmarking for BTCV dataset.', 'basic_idea': 'Compare CNN-, Transformer-, and Mamba-based architectures using standardized hyperparameters and datasets within nnUNet and Auto3DSeg frameworks.', 'Structure_Description': {'nnU-Net (org.)': 'A self-configuring U-Net framework that adapts its architecture and training pipeline to any given medical imaging dataset.', 'nnU-Net ResEnc M': 'A medium-sized nnU-Net variant incorporating residual encoder blocks for moderate GPU memory.', 'nnU-Net ResEnc L': 'A large nnU-Net variant using residual encoders, designed for high-memory GPU usage.', 'ResEnc L (iso spacing)': 'ResEnc L trained with isotropic spacing (1x1x1) for spatial uniformity.', 'MedNeXt L k3': 'ConvNeXt-based 3D CNN using 3x3x3 convolutions for scalable segmentation.', 'MedNeXt L k5': 'A variation of MedNeXt using 5x5x5 kernels for broader contextual capture.', 'STU-Net S': 'Small version of a scalable U-Net optimized for low-resource settings.', 'STU-Net B': 'Base variant of STU-Net balancing depth and efficiency.', 'STU-Net L': 'Large version of STU-Net with enhanced capacity for complex tasks.', 'SwinUNETR': 'A U-Net backbone using Swin Transformers to model local and global context.', 'SwinUNETR V2': 'Enhanced SwinUNETR with stagewise convolutional integration.', 'nnFormer': 'A hybrid transformer model with interleaved CNN and transformer layers.', 'CoTr': 'Combines CNNs for local encoding and transformers for global modeling.', 'U-Mamba Bot': 'Uses Mamba modules only in the bottleneck of a U-Net.', 'U-Mamba Enc': 'Uses Mamba modules throughout the encoder to enhance hierarchy learning.', 'No-Mamba Base': 'Baseline U-Net without Mamba, used for comparative evaluation.', 'A3DS SegResNet': 'Auto3DSeg-based residual network optimized for segmentation.', 'A3DS DiNTS': 'Auto3DSeg model generated through neural architecture search.', 'A3DS SwinUNETR': 'Auto3DSeg variant of SwinUNETR fine-tuned for 3D segmentation.'}, 'instruction': 'Complete instructions under limited trials.', 'link': 'https://arxiv.org/abs/2404.09556'}
19-find_trials-analyse-cognitive: ### Task 1: Analysis of Completed Trials

#### Step 1: Summarize Performance Metrics for Completed Trials

The completed trials exhibit a wide range of Dice scores, with the highest score being 85.04 and the lowest being 78.18. The majority of the models achieve Dice scores in the mid-80s, indicating strong performance across various architectures and hyper-parameter settings.

#### Step 2: Evaluate Performance Trends for Hyper-Parameters

1. **Architecture Type**:
   - **CNN-based Models**: These models generally perform well, with several achieving high Dice scores (e.g., MedNeXt L k5 at 85.04, nnU-Net ResEnc L at 83.35). The vanilla U-Net and Scaled U-Net variants also show strong performance.
   - **Transformer-based Models**: While not as prevalent in this dataset, the A3DS DiNTS model (NAS) achieved a respectable Dice score of 78.18, suggesting potential for improvement with further tuning.

2. **Patch Size**:
   - **128x128x128 Patch Size**: This is the most common patch size and generally yields good results, with several models achieving high Dice scores (e.g., MedNeXt L k5 at 85.04, nnU-Net ResEnc L at 83.35).
   - **Larger or Smaller Patch Sizes**: Models using different patch sizes (e.g., 144x224x224, 80x256x256) show mixed results, with some performing well (nnU-Net ResEnc L at 83.35) and others less so (A3DS DiNTS at 78.18).

3. **Optimizer**:
   - **SGD**: Most models use SGD and achieve high Dice scores, indicating its effectiveness in this context (e.g., nnU-Net ResEnc L at 83.35, STU-Net L at 83.36).
   - **AdamW**: Models using AdamW also perform well, with MedNeXt L k5 achieving the highest Dice score of 85.04.

4. **Weight Decay**:
   - A consistent weight decay value of 0.00005 is used across all trials, which appears to be effective in preventing overfitting and maintaining model performance.

#### Step 3: Highlight Promising Hyper-Parameter Combinations

1. **MedNeXt L k5 (CNN) with AdamW**:
   - This combination achieved the highest Dice score of 85.04, suggesting that using a ConvNeXt architecture with the AdamW optimizer is highly effective.

2. **nnU-Net ResEnc L (CNN) with SGD and 128x128x128 Patch Size**:
   - This configuration achieved a Dice score of 83.35, indicating that the ResNet U-Net architecture with SGD and standard patch size is robust and reliable.

3. **STU-Net L (CNN) with SGD and 128x128x128 Patch Size**:
   - This model achieved a Dice score of 83.36, showing that the Scaled U-Net architecture with SGD is another strong performer.

4. **No-Mamba Base (CNN) with SGD and 128x128x128 Patch Size**:
   - Achieving a Dice score of 83.69, this model suggests that even simpler CNN architectures can perform well when optimized correctly.

5. **MedNeXt L k5 (CNN) with AdamW and 128x128x128 Patch Size**:
   - This combination is particularly promising due to its high performance and the potential for further optimization of hyper-parameters like learning rate and batch size.

### Conclusion

The analysis reveals that CNN-based models, especially those using the MedNeXt and ResNet U-Net architectures, perform exceptionally well. The choice of optimizer (SGD or AdamW) and patch size (128x128x128) are critical factors in achieving high Dice scores. These insights can guide future hyper-parameter tuning and model selection for similar tasks.
19-find_trials-stop-cognitive: ### Task 1: Review Analysis of Completed Trials

The completed trials show that CNN-based models, particularly MedNeXt L k5 and nnU-Net ResEnc L, perform the best with Dice scores of 85.04 and 83.35, respectively. The use of AdamW optimizer and a patch size of 128x128x128 is consistently effective.

### Task 2: Analysis of Search Space

The provided search space includes no unexplored but promising trials.

### Task 3: Decide Whether to Stop Optimization

**Step 1: Analyze the following criteria:**

- **Are all promising configurations already tested?**
  - Yes, based on the completed trials and the empty search space, it appears that all promising configurations have been tested.
  
- **Are no unexplored options likely to yield better results?**
  - Given the empty search space, there are no unexplored options that could potentially yield better results.

**Step 2: Decide whether all conditions are met.**

Since both criteria are met, we can stop the optimization process.

**Answer: Yes with confidence score: 0.95**

Justification: All promising configurations have been tested, and there are no unexplored options in the search space that could likely yield better results.
