----------------------------------------------------------------------------------------------------
## Round 1
----------------------------------------------------------------------------------------------------
## Round 1
Response: It appears you've shared a dictionary that represents the state of an optimization process, likely from a hyperparameter tuning task in machine learning. Let's break down what this dictionary tells us:

1. **`max_trials`:** This indicates the maximum number of trials (or experiments) that are planned to be conducted during the hyperparameter search. The value is set to `25`, meaning up to 25 different combinations of hyperparameters will be tested.

2. **`completed_trials`:** This shows how many trials have been completed so far. With a value of `3`, it means three sets of hyperparameters have been tried out.

3. **`search_space`:** This defines the range of values for each hyperparameter that can be chosen during the search process.
   - **`lr` (learning rate):** The learning rate can be one of `[1, 0.1, 0.01, 0.001, 0.0001]`. Learning rates are crucial in determining how quickly a model learns from its data.
   - **`k2`:** This hyperparameter can take values from `[0.1, 0.01, 0.0005, 0.0001]`. Without more context, it's hard to determine what `k2` represents, but in many models, especially those involving physics or custom architectures, `k2` might represent a specific parameter (e.g., related to regularization, decay rates, etc.).

4. **`trials`:** This is a list of dictionaries where each dictionary represents the outcome of a trial.
   - Each trial includes the values chosen for `k2` and `lr`, as well as the resulting performance metric (`PSNR`, which stands for Peak Signal-to-Noise Ratio, commonly used in image processing to measure the quality of an image reconstruction).
     - **First Trial:** `k2 = 0.01`, `lr = 1.0`, with a `PSNR` of `6.982`.
     - **Second Trial:** `k2 = 0.01`, `lr = 0.001`, resulting in a `PSNR` of `23.1309`.
     - **Third Trial:** `k2 = 0.0005`, `lr = 0.001`, with a `PSNR` of `21.1342`.

From this data, we can infer that:
- Lower learning rates (`0.001`) tend to result in better performance (higher PSNR values).
- The choice of `k2` also impacts the model's performance, but based on these three trials alone, it's somewhat inconclusive without further analysis.

To fully utilize this information for future optimization steps, one might consider analyzing the relationship between hyperparameter choices and performance metrics further, possibly considering ways to adjust the search space or employing more sophisticated optimization algorithms (like Bayesian optimization) that can learn from past trials to make informed decisions about future ones.
## Round 2
----------------------------------------------------------------------------------------------------
## Round 1
Response: The data you've provided appears to be a snapshot of an ongoing hyperparameter tuning process for a machine learning model, possibly using a Bayesian optimization algorithm or another hyperparameter search strategy. Let's break down the components and interpret them:

### Overall Structure
- `max_trials`: This indicates the maximum number of trials or experiments that will be conducted during the hyperparameter search. In this case, it's set to 25.
- `completed_trials`: Shows how many trials have been completed so far. Currently at 3.
- `search_space`: Defines the range of values for each hyperparameter that will be explored during the search.
  - `lr` (learning rate): The possible learning rates are [1, 0.1, 0.01, 0.001, 0.0001].
  - `k2`: Another hyperparameter with possible values being [0.1, 0.01, 0.0005, 0.0001].
- `trials`: A list of dictionaries where each dictionary represents a completed trial.
  - Each trial includes the values chosen for `lr` and `k2`, along with the resulting metric (`PSNR`) achieved by the model using those hyperparameters.

### Trials Breakdown

1. **First Trial**: 
   - `k2 = 0.01`
   - `lr = 1.0`
   - `PSNR = 6.982`

2. **Second Trial**:
   - `k2 = 0.01` (same as the first trial)
   - `lr = 0.001` (different from the first trial)
   - `PSNR = 23.1309`

3. **Third Trial**:
   - `k2 = 0.0005`
   - `lr = 0.001` (same as the second trial)
   - `PSNR = 21.1342`

### Observations

- The learning rate (`lr`) seems to have a significant impact on the model's performance, with lower values yielding much higher PSNRs.
- The choice of `k2` also influences performance but might be less drastic in its effect compared to `lr`.
- Given that only three trials are completed out of a maximum of 25, there is still substantial room for exploration within the defined search space.

### Next Steps

Given these observations and without knowing the specific objectives (e.g., maximizing PSNR), one could hypothesize the following:

1. **Further Exploration**: Since we have only seen a small portion of the potential hyperparameter combinations, continuing with more trials as per the `max_trials` specification would be wise.
2. **Learning Rate Focus**: Given its significant impact on performance, investigating other learning rates not too far off from 0.001 could yield better results.
3. **Refining `k2` Search**: With a better understanding of how different `lr` values perform, further narrowing down the range for `k2` within those promising `lr` values might refine our search.

Each trial contributes valuable information about the relationship between these hyperparameters and model performance, guiding towards finding an optimal set that maximizes PSNR or another target metric.
## Round 2
Response: This is a JSON (JavaScript Object Notation) object that appears to represent the state of a hyperparameter tuning process for a machine learning model. Let's break down what each key-value pair means:

* `max_trials`: The maximum number of trials (i.e., experiments with different hyperparameters) that will be performed.
* `completed_trials`: The number of trials that have already been completed.
* `search_space`: A dictionary defining the hyperparameters to be searched and their possible values. In this case, there are two hyperparameters:
	+ `lr` (learning rate): Can take on one of five possible values: 1, 0.1, 0.01, 0.001, or 0.0001.
	+ `k2`: Can take on one of four possible values: 0.1, 0.01, 0.0005, or 0.0001.
* `trials`: A list of dictionaries, each representing a completed trial. Each dictionary contains:
	+ `k2` and `lr`: The specific values of the hyperparameters used in this trial.
	+ `PSNR`: The peak signal-to-noise ratio (a measure of image quality) achieved by the model with these hyperparameters.

So, in summary, this object says that:

* We're going to perform up to 25 trials to find the best hyperparameters.
* We've already completed 3 trials.
* We're searching over two hyperparameters: learning rate (`lr`) and `k2`.
* The three completed trials used the following combinations of hyperparameters:
	1. `k2=0.01` and `lr=1.0`, achieving a PSNR of 6.982.
	2. `k2=0.01` and `lr=0.001`, achieving a PSNR of 23.1309.
	3. `k2=0.0005` and `lr=0.001`, achieving a PSNR of 21.1342.

The goal is likely to find the combination of hyperparameters that results in the highest PSNR (i.e., best image quality).
## Round 3
Response: It appears you've provided a dictionary representing the state of an optimization process, likely from a library like `optuna` or a similar hyperparameter tuning framework. This dictionary contains information about the ongoing search for optimal hyperparameters within a defined search space. Let's break down what each part means:

1. **`max_trials`: 25** - The maximum number of trials (i.e., experiments with different combinations of hyperparameters) that will be conducted during this optimization process.

2. **`completed_trials`: 3** - The number of trials that have been completed so far. In this case, the optimization has run 3 experiments.

3. **`search_space`: {...}** - Defines the range of values for each hyperparameter that can be tried during the optimization:
   - **`lr`: [1, 0.1, 0.01, 0.001, 0.0001]** - The learning rate (`lr`) can take on any of these specific values.
   - **`k2`: [0.1, 0.01, 0.0005, 0.0001]** - The `k2` hyperparameter can take on any of these specified values.

4. **`trials`: [...]** - A list of dictionaries, each representing a completed trial:
   - Each dictionary contains the specific values of `k2` and `lr` that were tried in that trial, along with the resulting `PSNR` (Peak Signal-to-Noise Ratio) value, which is presumably the objective metric being optimized (likely maximized).

Here's a formatted version for better readability:

```json
{
  "max_trials": 25,
  "completed_trials": 3,
  "search_space": {
    "lr": [1, 0.1, 0.01, 0.001, 0.0001],
    "k2": [0.1, 0.01, 0.0005, 0.0001]
  },
  "trials": [
    {
      "k2": 0.01,
      "lr": 1.0,
      "PSNR": 6.982
    },
    {
      "k2": 0.01,
      "lr": 0.001,
      "PSNR": 23.1309
    },
    {
      "k2": 0.0005,
      "lr": 0.001,
      "PSNR": 21.1342
    }
  ]
}
```

Based on this information, the optimization process has tried different combinations of learning rates (`lr`) and `k2` values, observing a range of PSNR outcomes. So far, the best PSNR achieved was approximately 23.1309 with `k2 = 0.01` and `lr = 0.001`. The process will continue until it reaches the maximum number of trials (25), potentially finding better combinations that yield higher PSNR values.
## Round 4
Response: The provided data appears to be a dictionary representing the state of an optimization or hyperparameter tuning process for some machine learning model. Here's a breakdown of what each part means and how it might be used:

1. **`max_trials`**: This indicates the maximum number of trials (or experiments) that will be conducted during the optimization process. In this case, up to 25 different combinations of hyperparameters can be tested.

2. **`completed_trials`**: Shows the number of trials that have been completed so far. Here, it's stated that 3 trials have already been finished.

3. **`search_space`**: Defines the range or specific values of hyperparameters that are being optimized. It contains:
   - `lr`: Representing learning rates. The optimization process is exploring learning rates across several orders of magnitude (1, 0.1, 0.01, 0.001, and 0.0001).
   - `k2`: Another hyperparameter with values to be tested as specified (0.1, 0.01, 0.0005, 0.0001).

4. **`trials`**: This is a list of dictionaries, where each dictionary represents the outcome of one trial. Each trial includes:
   - `k2`: The value of hyperparameter `k2` used in this trial.
   - `lr`: The learning rate used for this trial.
   - `PSNR`: The Peak Signal-to-Noise Ratio achieved by the model with these specific hyperparameters, which is a metric indicating how well the model performed. Higher PSNR values generally indicate better performance.

Example use or interpretation:

Given that only 3 trials have been completed out of a maximum of 25, this process is likely ongoing, and more combinations of learning rates (`lr`) and `k2` values will be tested to find the optimal setting for achieving the highest PSNR value.

To proceed with this optimization, one would typically continue selecting new combinations of hyperparameters from the defined search space until all trials are completed or a satisfactory performance level is reached. The best combination based on the highest PSNR achieved so far can then be used as the final set of hyperparameters for the model's application.

Here's an example in Python to visualize and potentially proceed with this optimization process, assuming you're using a library like Optuna (which provides Bayesian optimization) or simple iteration over possible combinations:

```python
import numpy as np

def optimize_model(search_space):
    # Initialize max trials and any results structure
    max_trials = 25
    completed_trials = []
    
    for trial in range(max_trials):
        # Choose a random combination of parameters within the search space
        lr = np.random.choice(search_space['lr'])
        k2 = np.random.choice(search_space['k2'])
        
        # Simulate 'running' the model (this would actually involve your model code)
        psnr = simulate_model_run(lr, k2)  # Implement this function with actual model training
        
        completed_trials.append({'k2': k2, 'lr': lr, 'PSNR': psnr})
        
    return completed_trials

def simulate_model_run(lr, k2):
    # This is a placeholder. Implement your actual model run here.
    # It should train the model with specified LR and k2, then calculate PSNR
    pass  # Replace this line with actual implementation

search_space = {'lr': [1, 0.1, 0.01, 0.001, 0.0001], 'k2': [0.1, 0.01, 0.0005, 0.0001]}
trials = optimize_model(search_space)

# Print trials
for trial in trials:
    print(trial)
```

Replace `simulate_model_run` with your actual code that trains the model and calculates PSNR based on the hyperparameters `lr` and `k2`.
## Round 5
Response: This appears to be a dictionary representing the current state of a hyperparameter search process. Here's a breakdown of what each part of the dictionary contains:

* `max_trials`: The maximum number of trials (i.e., experiments with different combinations of hyperparameters) that will be performed.
* `completed_trials`: The number of trials that have been completed so far.
* `search_space`: A dictionary defining the range of values to be explored for each hyperparameter. In this case, there are two hyperparameters:
	+ `lr` (learning rate): a list of possible values `[1, 0.1, 0.01, 0.001, 0.0001]`.
	+ `k2`: a list of possible values `[0.1, 0.01, 0.0005, 0.0001]`.
* `trials`: A list of dictionaries, each representing a completed trial. Each dictionary contains the following keys:
	+ `k2` and `lr`: the specific values of these hyperparameters used in this trial.
	+ `PSNR`: the performance metric ( Peak Signal-to-Noise Ratio) achieved by the model with these hyperparameters.

Based on this data, we can see that:

* 3 trials have been completed out of a maximum of 25.
* The search space is quite wide for both `lr` and `k2`, indicating that the optimization algorithm has a lot of room to explore different combinations.
* The completed trials suggest that smaller values of `lr` (e.g., 0.001) tend to result in better PSNR performance, while smaller values of `k2` (e.g., 0.0005) may also be beneficial.

What would you like to do with this data? Would you like to:

1. Visualize the results of the completed trials?
2. Analyze the search space and suggest new hyperparameter combinations to try?
3. Predict the performance of future trials based on the trends observed so far?
4. Something else?
## Round 6
----------------------------------------------------------------------------------------------------
## Round 1
Response: This is a JSON object that represents the current state of a hyperparameter tuning process, likely using Bayesian optimization or grid search. Here's a breakdown of what each part of the object means:

* `max_trials`: The maximum number of trials (i.e., evaluations of different hyperparameters) that will be performed. In this case, it's set to 25.
* `completed_trials`: The number of trials that have already been completed. Currently, 3 trials have been finished.
* `search_space`: A dictionary that defines the range of values for each hyperparameter being tuned. There are two hyperparameters:
	+ `lr` (learning rate): has 5 possible values: [1, 0.1, 0.01, 0.001, 0.0001].
	+ `k2`: has 4 possible values: [0.1, 0.01, 0.0005, 0.0001].
* `trials`: A list of dictionaries, where each dictionary represents a completed trial. Each trial includes:
	+ The values of the hyperparameters used in that trial (`k2` and `lr`).
	+ The result of the trial, which is the PSNR (Peak Signal-to-Noise Ratio) value achieved with those hyperparameters.

The three completed trials are:

1. `k2=0.01`, `lr=1.0`, resulting in a PSNR of 6.982.
2. `k2=0.01`, `lr=0.001`, resulting in a PSNR of 23.1309.
3. `k2=0.0005`, `lr=0.001`, resulting in a PSNR of 21.1342.

This data structure suggests that the hyperparameter tuning process is ongoing, and more trials will be performed to find the optimal combination of `k2` and `lr` values that maximize the PSNR value.
## Round 2
Response: It looks like you have a dictionary representing the state of a hyperparameter search process. Here's a breakdown of what each part of the dictionary seems to represent:

* `'max_trials'`: The maximum number of trials (i.e., attempts) that will be performed during the search.
* `'completed_trials'`: The number of trials that have already been completed.
* `'search_space'`: A dictionary defining the range of values for each hyperparameter. In this case, there are two hyperparameters:
	+ `'lr'` (learning rate): can take on values from `[1, 0.1, 0.01, 0.001, 0.0001]`.
	+ `'k2'`: can take on values from `[0.1, 0.01, 0.0005, 0.0001]`.
* `'trials'`: A list of dictionaries, where each dictionary represents the results of a completed trial. Each trial dictionary contains:
	+ The values of the hyperparameters used for that trial (`'k2'` and `'lr'`).
	+ The performance metric for that trial (`'PSNR'`, which likely stands for Peak Signal-to-Noise Ratio).

So, in this case, we have:

* 3 completed trials out of a maximum of 25.
* The search space defines the possible values for `lr` and `k2`.
* The results of each completed trial are listed, including the hyperparameter values used and the corresponding PSNR value.

Is there something specific you'd like to do with this data or would you like me to help with a particular task?
## Round 3
Response: The provided data appears to be a dictionary representing the progress and results of a hyperparameter search or optimization process in machine learning. Let's break down what each key-value pair represents:

- `'max_trials': 25`: This indicates that the maximum number of trials (or experiments) planned for this hyperparameter tuning process is 25.

- `'completed_trials': 3`: So far, only 3 trials have been completed out of the maximum scheduled.

- `'search_space': {'lr': [...], 'k2': [...]}`: This defines the search space for two hyperparameters:
  - `lr` (learning rate): The learning rate is a critical parameter in machine learning that controls how quickly a model learns from its data. The values to be tried are `[1, 0.1, 0.01, 0.001, 0.0001]`.
  - `k2`: This could represent another hyperparameter relevant to the specific model or algorithm being tuned (e.g., regularization strength in some cases). The values for `k2` are `[0.1, 0.01, 0.0005, 0.0001]`.

- `'trials': [...]`: This is a list of dictionaries where each dictionary represents the outcome of one trial. Each trial includes the hyperparameter settings (`'k2'`, `'lr'`) used and the performance metric (`'PSNR'` - Peak Signal-to-Noise Ratio, typically measuring image quality) observed during that trial.

  For example, in the first completed trial:
  - `'k2': 0.01`
  - `'lr': 1.0`
  - `PSNR`: The model achieved a PSNR of `6.982` with these settings.

From this information, it seems like the process is attempting to find the best combination of learning rate (`'lr'`) and another hyperparameter (`'k2'`) for optimizing an image processing or generation task (given the use of PSNR as a metric). The hyperparameters are varied systematically within their specified ranges to evaluate how they affect the model's performance, in this case, measured by the PSNR value.

The fact that `'completed_trials': 3` and `'max_trials': 25` implies there will be more trials run according to the predefined search space until all combinations have been evaluated or some stopping criterion is reached (not specified here but could include achieving a satisfactory performance metric or exhausting all possible hyperparameter combinations).
## Round 4
Response: It seems like you've provided a dictionary that contains the results of some hyperparameter tuning trials for a machine learning model. Here's a breakdown of what each part of this dictionary represents:

- `max_trials`: The maximum number of trials to be performed in the tuning process.
- `completed_trials`: The number of trials that have been completed so far.
- `search_space`: A dictionary that defines the range of hyperparameters to be tuned. In your example, it includes:
  - `lr` (learning rate): with possible values `[1, 0.1, 0.01, 0.001, 0.0001]`.
  - `k2`: with possible values `[0.1, 0.01, 0.0005, 0.0001]`.
- `trials`: A list of dictionaries, each representing the results of a single trial. Each dictionary contains:
  - The values of the hyperparameters tried (`k2` and `lr`).
  - The result of the trial measured in terms of `PSNR` (Peak Signal-to-Noise Ratio), which is often used as an evaluation metric for image processing tasks.

Based on this information, it appears you are using a method to optimize the hyperparameters of your model by performing multiple trials with different combinations of learning rate (`lr`) and another parameter (`k2`), possibly related to model architecture or regularization. The goal seems to be finding the combination that maximizes the PSNR value.

Here's how you might parse this dictionary in Python to extract useful information, such as the best trial (assuming higher PSNR is better):

```python
import json

# Your given data
data = {
    'max_trials': 25,
    'completed_trials': 3,
    'search_space': {'lr': [1, 0.1, 0.01, 0.001, 0.0001], 'k2': [0.1, 0.01, 0.0005, 0.0001]},
    'trials': [
        {'k2': 0.01, 'lr': 1.0, 'PSNR': 6.982},
        {'k2': 0.01, 'lr': 0.001, 'PSNR': 23.1309},
        {'k2': 0.0005, 'lr': 0.001, 'PSNR': 21.1342}
    ]
}

# Find the best trial
best_trial = max(data['trials'], key=lambda x: x['PSNR'])

print(f"Best Trial Parameters: {best_trial}")

# You could also analyze each hyperparameter's impact on PSNR
for trial in data['trials']:
    print(f"k2={trial['k2']}, lr={trial['lr']}, PSNR={trial['PSNR']}")

```

This code snippet will find and print the best trial based on the highest PSNR value, then list each trial's parameters for manual inspection.
## Round 5
----------------------------------------------------------------------------------------------------
## Round 1
Response: The data you've provided appears to be a snapshot of an optimization process, possibly from a hyperparameter tuning task in machine learning. It's structured as a dictionary with several key pieces of information:

1. **`max_trials`**: This indicates the maximum number of trials (or iterations) planned for the optimization process. The value is 25.

2. **`completed_trials`**: Shows how many trials have been completed so far. In this case, 3 trials have been completed out of the planned 25.

3. **`search_space`**: This defines the hyperparameter space that the optimizer is searching through. There are two hyperparameters being tuned:
   - **`lr`** (learning rate): The learning rate can be one of `[1, 0.1, 0.01, 0.001, 0.0001]`.
   - **`k2`**: This parameter can take values from `[0.1, 0.01, 0.0005, 0.0001]`.

4. **`trials`**: A list of dictionaries where each dictionary represents a completed trial. Each trial includes the specific hyperparameter settings (`k2`, `lr`) and the corresponding performance metric value (`PSNR`). PSNR (Peak Signal-to-Noise Ratio) is often used as an evaluation metric in image processing tasks, suggesting that this optimization might be part of training or tuning an image processing model.

Here's a brief summary and interpretation:

- After 3 trials, it appears that there's significant variability in PSNR performance based on the hyperparameter settings. 
- The trial with `k2=0.01` and `lr=0.001` achieved the highest PSNR of approximately 23.1309.
- The worst performing combination was `k2=0.01` and `lr=1.0`, which resulted in a PSNR of about 6.982, suggesting that very high learning rates may not be suitable for this task.

To proceed with the optimization process:

1. **Continue Trials**: The optimizer would continue to evaluate different combinations of `k2` and `lr` from the defined search space until it reaches the `max_trials` limit of 25.
   
2. **Hyperparameter Tuning Strategies**: Depending on the optimization algorithm used (like Grid Search, Random Search, Bayesian Optimization), it may systematically explore all possible combinations or intelligently choose which combinations to try next based on previous results.

3. **Analysis and Selection**: After completing all trials, analyze the results to identify the best combination of `k2` and `lr` that yields the highest PSNR (or optimal performance metric value). This combination would then be used for training the final model or applying it to other relevant tasks.
## Round 2
----------------------------------------------------------------------------------------------------
## Round 1
Response: The input you've provided appears to be a dictionary representing the state of an optimization process, likely from a machine learning or similar context where hyperparameters are being tuned for a model. The goal is usually to find the best combination of hyperparameters that maximize some performance metric (in this case, PSNR - Peak Signal-to-Noise Ratio). Let's break down what we have here and discuss potential next steps:

### Dictionary Structure

Your dictionary contains several key pieces of information:
- `max_trials`: The maximum number of trials to perform. Currently set to 25.
- `completed_trials`: How many trials have been completed so far. You've done 3 trials.
- `search_space`: A dictionary defining the range of values for each hyperparameter you're tuning. For 'lr' (learning rate) and 'k2', it specifies several potential values.
- `trials`: A list of dictionaries, where each dictionary represents a trial. It includes the specific values chosen for 'k2' and 'lr', along with the PSNR achieved in that trial.

### Analysis

Given you've only completed 3 trials out of 25, there's still significant exploration to be done within your defined search space. The current best PSNR (23.1309) was obtained with `k2 = 0.01` and `lr = 0.001`. However, since the number of trials is limited compared to the total possible combinations based on the search space, it's unlikely you've found the global optimum.

### Next Steps

1. **Continue Exploration**: Given that `max_trials` is much larger than `completed_trials`, continue running your optimization process. Ensure that each trial tests a new combination of hyperparameters from your search space until you reach the maximum number of trials defined (25 in this case).

2. **Consider a More Efficient Search Algorithm**: Randomly sampling from the search space might not be the most efficient way, especially if computational resources are limited or expensive. Techniques like Bayesian Optimization could offer more efficient exploration and exploitation strategies to find better hyperparameters with fewer evaluations.

3. **Review Hyperparameter Ranges**: Ensure that the ranges of `lr` and `k2` you've defined are appropriately broad but also reasonable for your problem domain. Too narrow a range might miss optimal values, while too broad could waste computational resources on unlikely candidates.

4. **Monitor Performance Metric Distribution**: Keep an eye on how PSNR values distribute across trials. If there's a clear trend or anomaly, it might hint at certain configurations being more promising than others, potentially guiding future optimizations.

5. **Post-Optimization Analysis**: After completing the specified number of trials, analyze the outcomes to understand which hyperparameter combinations lead to better results. This could involve statistical analysis, visualization (e.g., scatter plots or heatmaps showing the performance across different `k2` and `lr` values), or even fitting a model to predict PSNR based on these parameters.

Given the nature of optimization tasks, being systematic in your approach and carefully considering both the experimental design and analysis will be crucial for drawing meaningful conclusions from your efforts.
## Round 2
Response: The data you've provided appears to be part of a structured dictionary in Python that is used to manage and report on a series of experiments or trials, likely in the context of machine learning model optimization (e.g., hyperparameter tuning). The structure includes information about the search space for two parameters (`lr` and `k2`), the total number of trials planned (`max_trials`), the number of trials completed so far (`completed_trials`), and a list of each trial with its specific parameter values and the achieved performance metric (`PSNR`, which stands for Peak Signal-to-Noise Ratio, commonly used in image processing).

Here's a breakdown of what each part signifies:

1. **'max_trials': 25** - The total number of experiments or trials planned.
2. **'completed_trials': 3** - Indicates how many trials have been completed out of the maximum planned.
3. **'search_space'**: This dictionary defines the range of values for the hyperparameters `lr` and `k2` that will be tested during the experiment.
   - **'lr': [1, 0.1, 0.01, 0.001, 0.0001]**: The learning rate values to test. Learning rates are a key parameter in machine learning algorithms, determining how quickly a model learns from the training data.
   - **'k2': [0.1, 0.01, 0.0005, 0.0001]**: Another hyperparameter with its range of values for testing.
4. **'trials'**: A list that details each trial, including the specific value of `lr` and `k2` used in the trial, and the result (`PSNR`).

Example trials:
- The first trial used `k2 = 0.01` and `lr = 1.0`, achieving a PSNR of 6.982.
- The second trial with `k2 = 0.01` and `lr = 0.001` achieved a significantly higher PSNR of 23.1309, indicating better performance under these conditions.
- The third trial used `k2 = 0.0005` and `lr = 0.001`, resulting in a PSNR of 21.1342.

This data is crucial for analyzing the effect of different hyperparameters on model performance (in this case, quantified by PSNR) and can guide further tuning or selection of optimal parameters for machine learning models, particularly those applied to tasks like image restoration or compression where PSNR is a relevant metric.
## Round 3
Response: The data you've provided appears to be a dictionary containing information about an ongoing or completed hyperparameter search for a machine learning model. Here's a breakdown of the key components:

1. **`max_trials`**: This indicates the maximum number of different combinations of hyperparameters that the search process is set up to explore.

2. **`completed_trials`**: The number of trials (combinations of hyperparameters) that have been completed so far.

3. **`search_space`**: Defines the range of values for each hyperparameter that will be explored during the search.
   - `lr`: Stands for learning rate, a critical parameter in machine learning algorithms that controls how quickly the model learns from the training data. The possible values are 1, 0.1, 0.01, 0.001, and 0.0001.
   - `k2`: Another hyperparameter with possible values of 0.1, 0.01, 0.0005, and 0.0001.

4. **`trials`**: A list of dictionaries where each dictionary represents a trial (a specific combination of hyperparameters) that has been completed. Each trial includes the selected values for `k2` and `lr`, along with the resulting performance metric (`PSNR`, which stands for Peak Signal-to-Noise Ratio, often used in image processing tasks as a quality measure).

### Example Interpretation:

Given this data, we can observe:
- The search process is set to explore up to **25** different combinations of hyperparameters.
- As of now, **3** trials have been completed.
- For the first trial (`k2=0.01`, `lr=1.0`), the model achieved a PSNR of approximately 6.98.
- The second trial (`k2=0.01`, `lr=0.001`) resulted in a significantly better PSNR of about 23.13, indicating that a lower learning rate might be beneficial.
- The third trial (`k2=0.0005`, `lr=0.001`) achieved a PSNR of around 21.13, suggesting that further adjustments to either or both hyperparameters could potentially lead to better performance.

This type of information is invaluable for tuning the hyperparameters of a model to achieve optimal performance on a specific task, such as image denoising, compression, or any other application where PSNR is used as a quality metric.
## Round 4
Response: This appears to be a dictionary representing the state of a hyperparameter tuning process, likely using an optimization algorithm such as Bayesian optimization or grid search. Here's a breakdown of what each key-value pair represents:

* `max_trials`: The maximum number of trials (i.e., combinations of hyperparameters) that will be evaluated during the tuning process. In this case, it's set to 25.
* `completed_trials`: The number of trials that have already been completed. Currently, 3 trials have been finished.
* `search_space`: A dictionary defining the search space for the hyperparameter optimization. It contains two keys:
	+ `lr` (learning rate): a list of possible values for the learning rate hyperparameter: `[1, 0.1, 0.01, 0.001, 0.0001]`.
	+ `k2`: a list of possible values for the `k2` hyperparameter: `[0.1, 0.01, 0.0005, 0.0001]`.
* `trials`: A list of dictionaries, where each dictionary represents a completed trial. Each trial contains:
	+ `k2` and `lr`: the values of the `k2` and learning rate hyperparameters used for this trial.
	+ `PSNR`: the Peak Signal-to-Noise Ratio (PSNR) value obtained for this trial, which serves as the objective function to be optimized.

The three completed trials are:

1. `k2=0.01`, `lr=1.0`, `PSNR=6.982`
2. `k2=0.01`, `lr=0.001`, `PSNR=23.1309`
3. `k2=0.0005`, `lr=0.001`, `PSNR=21.1342`

These results suggest that the optimization algorithm is searching for the best combination of `k2` and learning rate to maximize the PSNR value. The next trial will likely explore a different combination of hyperparameters within the defined search space.
## Round 5
Response: It appears you have a dictionary representing the state of an optimization process, possibly from a hyperparameter tuning task in machine learning. This dictionary includes several key pieces of information:

1. **`max_trials`**: The maximum number of trials (or experiments) that will be conducted in this optimization process.
2. **`completed_trials`**: The number of trials that have been completed so far.
3. **`search_space`**: A dictionary defining the range of values for each hyperparameter to be tuned. In your case, there are two hyperparameters:
   - **`lr`** (learning rate): It can take on several discrete values from 1 down to 0.0001.
   - **`k2`**: Another hyperparameter with its possible values ranging from 0.1 down to 0.0001.
4. **`trials`**: A list of dictionaries, each representing a completed trial. Each trial dictionary contains the specific hyperparameters (`k2` and `lr`) used in that trial, along with the result (`PSNR`, Peak Signal-to-Noise Ratio) achieved by those parameters.

Here is a structured breakdown:

```python
{
  'max_trials': 25,  # Maximum number of trials to run
  'completed_trials': 3,  # Number of trials completed so far
  'search_space': {
    'lr': [1, 0.1, 0.01, 0.001, 0.0001],  # Possible learning rate values
    'k2': [0.1, 0.01, 0.0005, 0.0001]  # Possible k2 values
  },
  'trials': [
    {
      'k2': 0.01,  # Value of k2 for this trial
      'lr': 1.0,  # Learning rate used for this trial
      'PSNR': 6.982  # Result (PSNR) of this trial
    },
    {
      'k2': 0.01,
      'lr': 0.001,
      'PSNR': 23.1309
    },
    {
      'k2': 0.0005,
      'lr': 0.001,
      'PSNR': 21.1342
    }
  ]
}
```

This structure could be used to monitor the progress of a machine learning model's hyperparameter tuning process, perhaps as part of an automated script or within a larger optimization framework like Bayesian optimization or grid search. The goal would typically be to find the combination of `lr` and `k2` that results in the highest `PSNR`, indicating the best performance of the model under evaluation.
## Round 6
Response: This is a dictionary containing information about an ongoing hyperparameter search in a machine learning model. Here's a breakdown of the different parts:

1. **`max_trials`:** This indicates the total number of trials planned for the hyperparameter search. In this case, it's set to `25`, meaning the process aims to evaluate 25 combinations of hyperparameters.

2. **`completed_trials`:** This shows how many trials have been completed so far. Currently, `3` trials out of the maximum of `25` have been finished.

3. **`search_space`:** This is a crucial part where you define the range of hyperparameters that you want to explore. In this case:
   - `'lr'` (learning rate) can take values from `[1, 0.1, 0.01, 0.001, 0.0001]`. These are common learning rates used in many machine learning algorithms.
   - `'k2'` (which could represent a specific parameter depending on the model, often related to regularization or another form of penalty term) can take values from `[0.1, 0.01, 0.0005, 0.0001]`. These values seem to be also typical for certain types of machine learning models.

4. **`trials`:** This is a list that stores the results of each completed trial. Each item in the list is another dictionary containing:
   - The hyperparameter settings used (`'k2'`, `'lr'`)
   - The resulting metric value, in this case, `'PSNR'`. PSNR stands for Peak Signal-to-Noise Ratio, a measure commonly used to evaluate the quality of reconstructed images or videos in terms of their similarity to the original.

For example, the first trial (`{'k2': 0.01, 'lr': 1.0, 'PSNR': 6.982}`) used `k2=0.01` and a learning rate of `1.0`, achieving a PSNR value of approximately `6.982`. 

Based on these results, you could infer the following:
- The model is significantly sensitive to the choice of hyperparameters as evidenced by the large variation in PSNR values.
- A higher learning rate (`lr=1.0`) does not necessarily yield better performance (as seen with `PSNR=6.982`), suggesting that tuning the learning rate could be critical.
- Similarly, adjusting `k2` and its interaction with different learning rates can significantly affect model performance.

To make further progress or to optimize these hyperparameters, you might want to analyze the relationship between `lr`, `k2`, and the PSNR more closely. Techniques such as grid search (as implied by your setup), random search, Bayesian optimization, or gradient-based optimization methods could be applied to explore this space more efficiently.
## Round 7
Response: The provided data appears to be a snapshot of an optimization or hyperparameter tuning process for a machine learning model, specifically detailing the current state of a Bayesian optimization or grid search over a set of predefined hyperparameters. Let's break down what each part of this dictionary represents and how it might be used in the context of optimizing a model:

1. **`max_trials`: 25** - This indicates the maximum number of different combinations of hyperparameters that will be tried during the optimization process. It sets an upper limit on the number of experiments or trials that the optimizer is allowed to conduct.

2. **`completed_trials`: 3** - This shows how many trials have been completed out of the `max_trials`. In this case, 3 combinations of hyperparameters have already been evaluated.

3. **`search_space`:** - This defines the range of values for each hyperparameter that will be explored during the optimization.
   - **`'lr': [1, 0.1, 0.01, 0.001, 0.0001]`** - The learning rate (`lr`) is a critical hyperparameter in machine learning that controls how quickly a model learns from its data. This list specifies the potential values for `lr` to be tested.
   - **`'k2': [0.1, 0.01, 0.0005, 0.0001]`** - `k2` might represent another hyperparameter specific to the model or algorithm being optimized (e.g., a regularization parameter, kernel size, etc.), and this list provides its potential values.

4. **`trials`:** - This is a list that stores the results of each trial.
   - Each dictionary within the `trials` list represents a single experiment, detailing:
     - The value of `k2` used.
     - The learning rate (`lr`) used.
     - The `PSNR` (Peak Signal-to-Noise Ratio), which is presumably the optimization metric. In many cases, PSNR is used to measure the quality of an image or video after compression; higher values generally indicate better quality.

### Example Interpretation

Given this data, we can start interpreting what has happened so far and potentially what might happen next:

- **Optimization Metric (PSNR):** The goal of optimization seems to be maximizing PSNR. So far, the best result was `23.1309` when `'k2'` was `0.01` and `'lr'` was `0.001`.

- **Hyperparameter Tuning Insights:** We can observe that a combination involving `k2=0.01` and `lr=0.001` yielded a high PSNR, suggesting these might be good starting points or areas to further explore.

- **Future Trials:** Given the `max_trials` of 25 and only 3 completed trials, there are 22 more opportunities for the optimization process to explore different combinations within the defined search space, potentially leading to even better results.

### Code Snippet Example

To give you a taste of how one might generate such data or continue an optimization process like this in Python (using a simplified grid search as an example), here's a basic snippet:

```python
import numpy as np
from itertools import product

# Define hyperparameter space
lr_values = [1, 0.1, 0.01, 0.001, 0.0001]
k2_values = [0.1, 0.01, 0.0005, 0.0001]

max_trials = 25
completed_trials = 0

trials_data = []

for lr, k2 in product(lr_values, k2_values):
    # Here you would run your model with these hyperparameters and get the PSNR
    psnr = simulate_model_run(lr, k2)  # Replace this function with actual logic
    
    trial_result = {'k2': k2, 'lr': lr, 'PSNR': psnr}
    trials_data.append(trial_result)
    
    completed_trials += 1
    if completed_trials >= max_trials:
        break

# Rest of the optimization or analysis logic here
print(trials_data)
```

Note that this example simplifies many aspects of a real-world optimization scenario and should be adapted to fit your specific model, optimization algorithm (if not grid search), and how you evaluate models (`simulate_model_run` placeholder function).
## Round 8
Response: The provided text appears to be a dictionary in Python, representing the state of a hyperparameter optimization process. Let's break down its components and understand what each part signifies:

```python
{
    'max_trials': 25, 
    'completed_trials': 3, 
    'search_space': {
        'lr': [1, 0.1, 0.01, 0.001, 0.0001], 
        'k2': [0.1, 0.01, 0.0005, 0.0001]
    }, 
    'trials': [
        {'k2': 0.01, 'lr': 1.0, 'PSNR': 6.982}, 
        {'k2': 0.01, 'lr': 0.001, 'PSNR': 23.1309}, 
        {'k2': 0.0005, 'lr': 0.001, 'PSNR': 21.1342}
    ]
}
```

### Explanation:

- **`max_trials`: 25**  
  This indicates the maximum number of different combinations of hyperparameters that will be tried during the optimization process.

- **`completed_trials`: 3**  
  So far, the optimization process has completed testing 3 different sets of hyperparameters out of the 25 planned trials.

- **`search_space`:**  
  This is a dictionary defining the range or discrete values of the hyperparameters that will be searched during the optimization. It includes:
  - **`lr`: [1, 0.1, 0.01, 0.001, 0.0001]**  
    The learning rate (`lr`) can take on any of these five values.
  - **`k2`: [0.1, 0.01, 0.0005, 0.0001]**  
    Another hyperparameter `k2` with its possible values.

- **`trials`:**  
  This is a list of dictionaries where each dictionary represents one completed trial with its respective hyperparameters and the result (in this case, measured by PSNR - Peak Signal-to-Noise Ratio).
  - Each trial includes:
    - The value chosen for `k2`.
    - The value chosen for `lr` (learning rate).
    - **`PSNR`:**  
      This is a measure of performance. Higher values typically indicate better quality in image processing contexts, though the interpretation may vary depending on the optimization's goal.

### Example Use Case:

This data structure might be used in machine learning model tuning. For instance, if you're developing an image denoising algorithm and want to optimize its parameters (`lr` for learning rate and `k2` for some other specific parameter relevant to your algorithm), you'd use a similar setup. Each trial would involve training the model with specific `lr` and `k2` values and evaluating its performance based on PSNR (or another metric). The process aims to find the combination of hyperparameters (`lr`, `k2`) that results in the highest PSNR, indicating the best quality of the denoising algorithm.

### Implementation:

In Python, particularly with libraries like `optuna` for Bayesian optimization or other similar packages, you'd implement this by defining an objective function (that encapsulates training and evaluating your model) and specifying the search space (`search_space`) in terms of the hyperparameters. The library would then handle trying different combinations within the defined bounds up to `max_trials`, keeping track of results as shown in `trials`. 

Example with `optuna` (simplified for illustration):
```python
import optuna

def objective(trial):
    lr = trial.suggest_categorical('lr', [1, 0.1, 0.01, 0.001, 0.0001])
    k2 = trial.suggest_categorical('k2', [0.1, 0.01, 0.0005, 0.0001])
    
    # Train your model here with these hyperparameters
    # Replace `train_and_evaluate` with the actual function you're using
    psnr = train_and_evaluate(lr, k2)
    
    return psnr

study = optuna.create_study(direction='maximize')
study.optimize(objective, n_trials=25)

# After optimization, `study.best_params` would contain the best hyperparameters found,
# similar to what's represented in the 'trials' part of your original dictionary.
```

Note that the actual implementation details such as defining the objective function (`train_and_evaluate`) and potentially preprocessing steps depend on the specific requirements of your project.
## Round 9
Response: The provided dictionary appears to represent the state of a hyperparameter tuning process, perhaps using a library like Hyperopt or Optuna for Bayesian optimization. Let's break down what each part of this dictionary seems to represent:

- **`max_trials`**: This is the maximum number of trials (or experiments) that will be conducted in the search for optimal hyperparameters. In this case, it's set to 25.

- **`completed_trials`**: The number of trials that have been completed so far. Here, it shows 3 trials have been finished.

- **`search_space`**: This defines the range of values that each hyperparameter can take during the optimization process.
  - **`lr` (Learning Rate)**: It seems to be searching over five different learning rates: 1, 0.1, 0.01, 0.001, and 0.0001. These are common starting points for many machine learning models.
  - **`k2`**: This hyperparameter is being searched over four values: 0.1, 0.01, 0.0005, and 0.0001.

- **`trials`**: A list of dictionaries where each dictionary represents a single trial (or experiment) that has been completed.
  - Each trial includes the specific value of `k2` and `lr` that was used for that trial, along with the resulting performance metric (`PSNR`, which stands for Peak Signal-to-Noise Ratio). PSNR is often used to measure the quality of an image reconstruction or prediction.

    For example, in one trial, `k2 = 0.01` and `lr = 1.0`, resulting in a PSNR of approximately 6.982. In another, `k2 = 0.01` again but with `lr = 0.001`, the PSNR was much higher at about 23.1309.

To visualize or further analyze this data, you might consider:

1. **Plotting Performance Metrics**: Create plots to see how `PSNR` changes with different values of `k2` and `lr`. This could be a scatter plot where x-axis is `lr`, y-axis is `PSNR`, and the color represents different values of `k2`.

2. **Identifying Best Parameters**: Look for the trial with the highest PSNR value, which might indicate the best combination of hyperparameters found so far.

3. **Analyzing Search Space Coverage**: Consider whether the current trials are adequately covering the defined search space. If not, you might need to increase `max_trials` or adjust your search strategy.

4. **Predictive Modeling**: If you have enough data from these trials, you could even build a predictive model to forecast how new combinations of `k2` and `lr` might perform based on past experiments.

Here's a simple example in Python of how you might plot the PSNR against different learning rates for each value of k2:

```python
import matplotlib.pyplot as plt

data = {'max_trials': 25, 'completed_trials': 3, 'search_space': {'lr': [1, 0.1, 0.01, 0.001, 0.0001], 'k2': [0.1, 0.01, 0.0005, 0.0001]}, 
        'trials': [{'k2': 0.01, 'lr': 1.0, 'PSNR': 6.982}, {'k2': 0.01, 'lr': 0.001, 'PSNR': 23.1309}, {'k2': 0.0005, 'lr': 0.001, 'PSNR': 21.1342}]}

# Extract relevant data
trials = data['trials']

# Organize by k2 value for plotting
k2_values = {}
for trial in trials:
    if trial['k2'] not in k2_values:
        k2_values[trial['k2']] = {'lr': [], 'PSNR': []}
    k2_values[trial['k2']]['lr'].append(trial['lr'])
    k2_values[trial['k2']]['PSNR'].append(trial['PSNR'])

# Plot
plt.figure()
for k2, values in k2_values.items():
    plt.plot(values['lr'], values['PSNR'], label=f'k2={k2}')
plt.xscale('log')  # Because learning rates are on a log scale often
plt.xlabel('Learning Rate')
plt.ylabel('PSNR')
plt.title('PSNR vs Learning Rate for Different k2 Values')
plt.legend()
plt.show()
```

This code will create a plot where the x-axis is the learning rate (on a log scale), the y-axis is the PSNR, and different lines represent different values of `k2`. Each point on a line corresponds to a trial. This can help visualize how changing `lr` affects performance for each value of `k2`.
## Round 10
Response: It appears you've provided a JSON object that represents the state of an ongoing hyperparameter search process, likely in the context of machine learning model optimization. Here's a breakdown and interpretation of this data:

### Overview

- **`max_trials`:** This indicates the total number of trials (experiments) that are planned for the hyperparameter tuning process. In this case, up to 25 different combinations of hyperparameters will be tested.
- **`completed_trials`:** Shows how many trials have been completed so far. Here, it's 3 out of the maximum 25.

### Search Space

The `search_space` defines the range of values for each hyperparameter that will be explored during the optimization process.

- **`lr` (Learning Rate):** The learning rate is a crucial hyperparameter in machine learning models, especially in neural networks. It controls how quickly the model learns from its mistakes. The possible values are: 1, 0.1, 0.01, 0.001, and 0.0001.
- **`k2`:** This could represent another hyperparameter specific to the problem or model being optimized (e.g., a regularization parameter). Its possible values are: 0.1, 0.01, 0.0005, and 0.0001.

### Trials

The `trials` section lists each completed trial with the chosen combination of hyperparameters (`lr` and `k2`) and the resulting performance metric (`PSNR`, which stands for Peak Signal-to-Noise Ratio, often used to measure image quality).

1. **First Trial:** `lr=1.0`, `k2=0.01`, `PSNR=6.982`
   - This combination resulted in a relatively low PSNR value, suggesting that the model did not perform well with these parameters.

2. **Second Trial:** `lr=0.001`, `k2=0.01`, `PSNR=23.1309`
   - A significant improvement in PSNR was observed here, indicating better performance compared to the first trial. The use of a lower learning rate (`lr`) seems beneficial.

3. **Third Trial:** `lr=0.001`, `k2=0.0005`, `PSNR=21.1342`
   - This trial also used a low learning rate but reduced `k2` compared to the second trial. The PSNR is worse than in the second trial, suggesting that either the change in `k2` was not beneficial or other factors are at play.

### Interpretation

- The results suggest that using a lower learning rate (`lr=0.001`) might be beneficial for improving model performance (as measured by PSNR).
- The optimal value of `k2` within the tested range seems to be around 0.01 when combined with a low learning rate, based on these limited trials.
- Further trials are needed to explore other combinations and potentially find better-performing hyperparameter settings.

This is a preliminary analysis. As more trials complete, additional insights into how these hyperparameters interact and affect the model's performance could be gained, leading to potential further improvements in PSNR or other key metrics.
## Round 11
Response: This is a dictionary that appears to represent the state of a hyperparameter tuning process for a machine learning model. Let's break down what each part of this dictionary seems to represent:

- `'max_trials'`: This indicates the maximum number of trials (or experiments) planned or allowed in the hyperparameter search process.

- `'completed_trials'`: This specifies how many trials have been completed out of the max trials.

- `'search_space'`: This defines the range of values for each hyperparameter that is being tuned. In this case, there are two hyperparameters:
  - `'lr'` (learning rate): Being explored at five different rates: 1, 0.1, 0.01, 0.001, and 0.0001.
  - `'k2'`: Being explored at four different values: 0.1, 0.01, 0.0005, and 0.0001.

- `'trials'`: This is a list of dictionaries, where each dictionary represents the outcome of a trial with specific hyperparameters and its corresponding performance metric (`'PSNR'`, which stands for Peak Signal-to-Noise Ratio, a measure used to gauge the distortion between two images).

Given this structure, here's how one might interpret or use this data:

1. **Understand Current Progress**: With `completed_trials` being 3 out of 25 `max_trials`, it indicates that the search process is at an early stage and more experiments will be conducted.

2. **Hyperparameter Performance Analysis**:
   - Looking at `'trials'`, one can start analyzing which combinations of hyperparameters lead to better PSNR values.
   - For example, a learning rate (`lr`) of 0.001 with `k2` of 0.01 yielded a PSNR of 23.1309, which is higher than other reported trials.

3. **Future Trials Planning**:
   - Given the search space and results from completed trials, future trials could be planned by either manually selecting new combinations or using algorithms like Bayesian optimization to intelligently choose the next set of hyperparameters based on previous results.
   - If certain combinations are yielding poorer results consistently, those areas of the search space might be avoided in subsequent trials.

4. **Optimization**:
   - After all planned trials have been completed (or a sufficient number), one could identify which combination of `lr` and `k2` yields the highest PSNR value.
   - Those hyperparameters with the best performance metric would then be used to train a model for deployment or further testing.

### Example Code Snippet

Here's an example of how you might analyze this data, particularly calculating the average PSNR for each learning rate:

```python
import pandas as pd

data = {'max_trials': 25, 'completed_trials': 3, 
        'search_space': {'lr': [1, 0.1, 0.01, 0.001, 0.0001], 
                         'k2': [0.1, 0.01, 0.0005, 0.0001]}, 
        'trials': [{'k2': 0.01, 'lr': 1.0, 'PSNR': 6.982}, 
                   {'k2': 0.01, 'lr': 0.001, 'PSNR': 23.1309}, 
                   {'k2': 0.0005, 'lr': 0.001, 'PSNR': 21.1342}]}

# Convert trials into a pandas DataFrame for easier analysis
df = pd.DataFrame(data['trials'])

# Group by learning rate and calculate the average PSNR
average_psnr_by_lr = df.groupby('lr')['PSNR'].mean()

print(average_psnr_by_lr)
```

This example snippet assumes that you want to understand how different learning rates impact your model's performance on average.
## Round 12
Response: It appears you have a dictionary representing the state of a hyperparameter search or optimization process, possibly in the context of machine learning model tuning. Let's break down this structure and understand its components:

1. **`max_trials`:** This indicates the maximum number of trials (or experiments) that will be conducted during the optimization process. In your case, it is set to `25`.

2. **`completed_trials`:** This keeps track of how many trials have been completed so far. Currently, you've completed `3` trials.

3. **`search_space`:** This defines the range of hyperparameter values that will be explored during the optimization process.
   - **`lr`:** Short for learning rate, this is a critical parameter in machine learning algorithms that controls how quickly the model learns from the data. The possible values it can take are `[1, 0.1, 0.01, 0.001, 0.0001]`.
   - **`k2`:** This seems to be another hyperparameter (possibly related to a specific algorithm or regularization technique). Its potential values are `[0.1, 0.01, 0.0005, 0.0001]`.

4. **`trials`:** This is a list of dictionaries where each dictionary represents the details of a completed trial.
   - Each dictionary contains:
     - The value of `k2` used in that trial.
     - The value of `lr` (learning rate) used in that trial.
     - The `PSNR` (Peak Signal-to-Noise Ratio), which is likely the performance metric or objective function being optimized. Higher values typically indicate better model performance.

### Example Trials Analysis

Looking at your trials:

1. **First Trial:** `k2 = 0.01`, `lr = 1.0`, with a `PSNR` of approximately `6.982`. This suggests that the combination of these hyperparameters resulted in relatively poor performance.
   
2. **Second Trial:** `k2 = 0.01`, `lr = 0.001`, leading to a significantly improved `PSNR` of about `23.1309`. This indicates that lowering the learning rate dramatically improves the model's performance, suggesting that smaller steps during training might be more effective.

3. **Third Trial:** With `k2 = 0.0005` and `lr = 0.001`, the `PSNR` drops slightly to about `21.1342`. This implies that decreasing `k2` from `0.01` to `0.0005` while keeping the learning rate constant at `0.001` might not lead to improved performance in this case, and could potentially be less optimal compared to the second trial.

### Next Steps

Given these insights, the optimization process may continue by exploring other combinations of `lr` and `k2`, possibly with a focus on fine-tuning around the values that showed promise (like `lr = 0.001`) or considering interactions between different hyperparameters if more are introduced into the search space. Additionally, analyzing why certain combinations perform better can provide valuable insights for future model optimizations. 

Remember, the goal of such searches is not only to find good hyperparameter settings but also to gain a deeper understanding of how these parameters interact with and affect your specific problem domain.
## Round 13
Response: This appears to be a JSON object representing the state of a Bayesian optimization process or a hyperparameter tuning experiment. Here's a breakdown of what each part of the object represents:

* `max_trials`: The maximum number of trials (i.e., experiments or iterations) that will be performed in the optimization process. In this case, it is set to 25.
* `completed_trials`: The number of trials that have already been completed. Here, it is 3, indicating that three experiments have been run so far.
* `search_space`: This defines the hyperparameters and their potential values that the optimization algorithm will explore. There are two hyperparameters being tuned:
	+ `lr` (learning rate): It has five possible values: 1, 0.1, 0.01, 0.001, and 0.0001.
	+ `k2`: This hyperparameter has four potential values: 0.1, 0.01, 0.0005, and 0.0001.
* `trials`: A list of dictionaries where each dictionary represents a completed trial (experiment). Each trial includes the specific values of `k2` and `lr` that were used, along with the outcome of that trial measured in terms of `PSNR` (Peak Signal-to-Noise Ratio), which is likely being maximized. There are three trials listed:
	1. The first trial used `k2=0.01` and `lr=1.0`, resulting in a PSNR of 6.982.
	2. The second trial used `k2=0.01` and `lr=0.001`, achieving a PSNR of 23.1309.
	3. The third trial used `k2=0.0005` and `lr=0.001`, with a resulting PSNR of 21.1342.

This data structure is useful for tracking the progress of hyperparameter tuning experiments, understanding how different combinations of parameters affect performance (in this case, measured by PSNR), and potentially guiding further experiments to find optimal or near-optimal hyperparameters for a specific task, such as training a model.
## Round 14
Response: The dictionary you've provided appears to be a data structure used in the context of hyperparameter tuning for machine learning models. Let's break down what each part represents and how it might be used:

1. **`max_trials`:** This specifies the maximum number of different combinations of hyperparameters that will be tried during the search. In your case, it's set to 25, meaning up to 25 different combinations will be tested.

2. **`completed_trials`:** This indicates how many trials have been completed so far in the search process. You've had 3 trials completed.

3. **`search_space`:** This defines the range of values that each hyperparameter can take during the search. For your case:
   - `lr` (learning rate) can be one of `[1, 0.1, 0.01, 0.001, 0.0001]`.
   - `k2` can be one of `[0.1, 0.01, 0.0005, 0.0001]`.

4. **`trials`:** This is a list containing the results of each trial that has been completed. Each trial result includes:
   - The values of the hyperparameters `k2` and `lr` that were used in the trial.
   - The performance metric for the model with those hyperparameters, which is `PSNR` (Peak Signal-to-Noise Ratio) in your case.

For example, the first trial used `k2=0.01` and `lr=1.0`, achieving a PSNR of 6.982.

This data structure seems to be part of an optimization process where an algorithm iteratively tries different combinations of hyperparameters (`lr` and `k2`) within the defined search space, evaluates the performance of the model with those parameters (using PSNR as the metric), and aims to find the best combination before reaching the maximum number of trials.

To further analyze or utilize this information, you might be interested in:
- **Finding the Best Trial:** Identifying which trial resulted in the highest PSNR value, indicating the best-performing hyperparameter combination tried so far.
- **Visualizing Results:** Plotting the PSNR values against different combinations of `lr` and `k2` to visualize how these parameters affect model performance.
- **Predicting Future Trials:** If using a Bayesian optimization algorithm, predicting which future trials are likely to perform well based on past results.

Here's an example Python code snippet that finds the best trial based on PSNR:

```python
data = {'max_trials': 25, 'completed_trials': 3, 'search_space': {'lr': [1, 0.1, 0.01, 0.001, 0.0001], 'k2': [0.1, 0.01, 0.0005, 0.0001]}, 
        'trials': [{'k2': 0.01, 'lr': 1.0, 'PSNR': 6.982}, {'k2': 0.01, 'lr': 0.001, 'PSNR': 23.1309}, {'k2': 0.0005, 'lr': 0.001, 'PSNR': 21.1342}]}

best_trial = max(data['trials'], key=lambda x: x['PSNR'])

print("Best Trial:")
for key, value in best_trial.items():
    print(f"{key}: {value}")
```

This code will output the trial with the highest PSNR value, indicating which combination of `k2` and `lr` hyperparameters performed best in the trials conducted so far.
## Round 15
Response: The given text appears to be a JSON object representing the state of an experiment or optimization process in machine learning, specifically focusing on hyperparameter tuning for a model that seems to be related to image processing (given the use of PSNR - Peak Signal-to-Noise Ratio as a metric). Here's a breakdown of what each part of this JSON object signifies:

1. **`max_trials`: 25** - This indicates the maximum number of trials or experiments planned for hyperparameter tuning. It means the optimization process is set to try different combinations of hyperparameters up to 25 times.

2. **`completed_trials`: 3** - This shows how many trials have been completed out of the maximum planned. In this case, three sets of hyperparameters have been tried and evaluated.

3. **`search_space`: {...}** - This defines the range or possible values for each hyperparameter that the optimization process will consider.
   - **`lr`: [1, 0.1, 0.01, 0.001, 0.0001]** - These are potential learning rates for the model. The learning rate is a crucial hyperparameter in machine learning that controls how quickly the model learns from the data.
   - **`k2`: [0.1, 0.01, 0.0005, 0.0001]** - This seems to represent another hyperparameter, likely related to some specific aspect of the model's architecture or a regularization technique.

4. **`trials`: [...]** - An array of objects, each representing a completed trial with its chosen hyperparameters and the resulting PSNR value.
   - For example, the first trial used `k2 = 0.01` and `lr = 1.0`, achieving a PSNR of approximately 6.982.

This information would typically be used in a context where an algorithm or framework (like Hyperopt, Optuna, etc.) is systematically trying different configurations of hyperparameters to find the combination that yields the best performance according to some metric (in this case, maximizing PSNR).

Here's how you might interact with or extend this data structure if you were using Python:

```python
import json

data = {
    'max_trials': 25,
    'completed_trials': 3,
    'search_space': {'lr': [1, 0.1, 0.01, 0.001, 0.0001], 'k2': [0.1, 0.01, 0.0005, 0.0001]},
    'trials': [
        {'k2': 0.01, 'lr': 1.0, 'PSNR': 6.982},
        {'k2': 0.01, 'lr': 0.001, 'PSNR': 23.1309},
        {'k2': 0.0005, 'lr': 0.001, 'PSNR': 21.1342}
    ]
}

# Adding a new trial result
new_trial_result = {'k2': 0.1, 'lr': 0.01, 'PSNR': 25.67}  # Hypothetical new trial
data['trials'].append(new_trial_result)
data['completed_trials'] += 1

# Save to JSON for later use or sharing
with open('experiment_results.json', 'w') as f:
    json.dump(data, f, indent=4)

print("Updated data:")
for trial in data['trials']:
    print(f"PSNR: {trial['PSNR']}, LR: {trial['lr']}, K2: {trial['k2']}")
```

This code snippet shows how to extend the existing trials with a new result and then save the updated structure to a JSON file, demonstrating basic interaction with this type of data structure in Python.
## Round 16
Response: It appears you have a dictionary representing the state of an optimization process, possibly for hyperparameter tuning in a machine learning model or a similar scenario. Let's break down what each part of this dictionary seems to represent and how it might be utilized or analyzed:

### Dictionary Structure

- **`max_trials`**: This indicates the maximum number of trials (or experiments) that are planned or allowed within the optimization process.
- **`completed_trials`**: The number of trials that have been completed out of the `max_trials`.
- **`search_space`**: A dictionary defining the range of values for each hyperparameter to be optimized. In this case, there are two hyperparameters:
  - **`lr` (learning rate)**: With potential values being `[1, 0.1, 0.01, 0.001, 0.0001]`.
  - **`k2`**: With potential values being `[0.1, 0.01, 0.0005, 0.0001]`.
- **`trials`**: A list of dictionaries, each representing a trial (or experiment) that has been conducted. Each dictionary contains the hyperparameter settings used for the trial (`k2`, `lr`) and the result (`PSNR`, likely Peak Signal-to-Noise Ratio, a measure of image quality).

### Example Analysis

Given this setup, here are some potential steps or observations you could make:

1. **Reviewing Completed Trials**: For each trial in `trials`, you can see the selected values for `lr` and `k2`, along with the resulting `PSNR`. This allows you to begin understanding how different settings of `lr` and `k2` affect the outcome.

2. **Hyperparameter Effect Analysis**: You might notice patterns or correlations between the hyperparameters (`lr` and `k2`) and the outcome metric (`PSNR`). For instance, in your provided data:
   - The first trial uses `lr=1.0` and `k2=0.01`, resulting in a very low `PSNR` of about 7.
   - The second and third trials use `lr=0.001` (a much smaller learning rate), with `PSNR` values significantly higher, around 23 and 21 respectively.

3. **Optimization Direction**: Based on the observations from completed trials, you might decide to continue exploring certain ranges of hyperparameters more thoroughly or adjust the search space (`search_space`) if necessary.

4. **Automating Further Trials**: You could use this information as input for further automated optimization, adjusting parameters based on the results observed so far. If using a library like Optuna for hyperparameter tuning, you might need to implement a custom objective function that incorporates insights from these trials.

Here's an example of how you might begin analyzing or extending this data in Python:

```python
import pandas as pd

# Assume 'data' is your dictionary
trials_data = data['trials']

# Convert trials into a DataFrame for easier analysis
df = pd.DataFrame(trials_data)

print(df)
```

This would give you a structured view of the trials, allowing for easier comparison and statistical analysis to guide further optimization efforts.
## Round 17
Response: It seems like you have a dictionary containing the results of some optimization trials, possibly from a machine learning or signal processing task. Here's a breakdown of what each part of the dictionary represents:

* `max_trials`: The maximum number of trials that will be conducted in this optimization process.
* `completed_trials`: The number of trials that have been completed so far.
* `search_space`: This is a dictionary defining the range of values for each hyperparameter being optimized. In your case, you're optimizing two parameters:
	+ `lr` (learning rate): It's being tested at five different values: 1, 0.1, 0.01, 0.001, and 0.0001.
	+ `k2`: This parameter is being tested at four different values: 0.1, 0.01, 0.0005, and 0.0001.
* `trials`: A list of dictionaries, where each dictionary represents a trial that has been completed. Each trial includes the values of the parameters tested (`k2` and `lr`) and the result of the trial, which is measured by `PSNR` (Peak Signal-to-Noise Ratio), an engineering term for the ratio between the maximum possible power of a signal and the power of corrupting noise.

Here's how you might use this information in Python to analyze or continue the optimization process:

```python
import json

# Assuming 'data' is your dictionary
data = {
    'max_trials': 25, 
    'completed_trials': 3, 
    'search_space': {'lr': [1, 0.1, 0.01, 0.001, 0.0001], 'k2': [0.1, 0.01, 0.0005, 0.0001]}, 
    'trials': [{'k2': 0.01, 'lr': 1.0, 'PSNR': 6.982}, {'k2': 0.01, 'lr': 0.001, 'PSNR': 23.1309}, {'k2': 0.0005, 'lr': 0.001, 'PSNR': 21.1342}]
}

# To find the best trial based on PSNR
best_trial = max(data['trials'], key=lambda x: x['PSNR'])
print(f"Best Trial: k2={best_trial['k2']}, lr={best_trial['lr']}, PSNR={best_trial['PSNR']}")

# To plot all trials (this will require matplotlib)
import matplotlib.pyplot as plt

psnr_values = [trial['PSNR'] for trial in data['trials']]
k2_values = [trial['k2'] for trial in data['trials']]
lr_values = [trial['lr'] for trial in data['trials']]

plt.scatter(k2_values, psnr_values)
plt.xlabel('k2')
plt.ylabel('PSNR')
plt.title('PSNR vs k2')
plt.show()

# Similarly, you can plot PSNR against lr
plt.scatter(lr_values, psnr_values)
plt.xlabel('lr')
plt.ylabel('PSNR')
plt.title('PSNR vs lr')
plt.xscale('log') # Because learning rates are often on a log scale
plt.show()
```

This example includes finding the best trial based on `PSNR`, and plotting `PSNR` against both `k2` and `lr`. For actual optimization, you might use libraries like `scipy.optimize`, `hyperopt`, or `optuna`, depending on your specific needs.
## Round 18
Response: The provided data appears to be a dictionary representing the state of an optimization or hyperparameter tuning process in machine learning, presumably using a library like `optuna` or similar tools. Here's a breakdown and explanation of what each part means:

1. **`max_trials': 25`: This indicates that the optimization process is set to run for a maximum of 25 trials. A trial can be thought of as one iteration where the model is trained with a specific set of hyperparameters.

2. **`completed_trials': 3**: This tells us that out of the 25 max trials, 3 have been completed so far. The optimization process has run three times with different sets of hyperparameters from the defined search space.

3. **`search_space`: This is a dictionary defining the range or specific values for each hyperparameter that will be explored during the optimization. The keys in this dictionary represent the names of the hyperparameters, and their corresponding values are lists of possible settings to try.
   - `'lr'`: Short for learning rate, this is a fundamental hyperparameter controlling how quickly a model learns from its training data. The search space here includes several common values: `[1, 0.1, 0.01, 0.001, 0.0001]`.
   - `'k2'`: This seems to be another hyperparameter (possibly related to some custom or domain-specific aspect of the model or problem). It also has a defined search space with values: `[0.1, 0.01, 0.0005, 0.0001]`.

4. **`trials': [...]`: This is a list of dictionaries where each dictionary represents one completed trial. Each trial's dictionary contains the specific hyperparameters tried (`'k2'`, `'lr'`) and their corresponding outcome in terms of a performance metric (`'PSNR'`). PSNR (Peak Signal-to-Noise Ratio) is often used as an evaluation metric for models dealing with images or signal processing tasks, where higher values typically indicate better performance.
   - The trials listed are:
     1. `k2 = 0.01`, `lr = 1.0` resulting in a PSNR of about `6.982`. This seems to be a poor result given the context of PSNR values (which usually range from 0 to infinity, with higher being better).
     2. `k2 = 0.01`, `lr = 0.001` leading to a significantly improved PSNR of `23.1309`.
     3. `k2 = 0.0005`, `lr = 0.001` giving a PSNR around `21.1342`.

This data structure is very informative about the ongoing optimization process, showing how different combinations of hyperparameters (`'k2'` and `'lr'`) affect the model's performance in terms of PSNR. Given that only three out of 25 trials have been completed, this process likely aims to explore other configurations within the defined search space in pursuit of even higher PSNR values (better model performance).
## Round 19
Response: The text you provided appears to be a JSON (JavaScript Object Notation) object that represents the current state of an optimization process, likely from a hyperparameter tuning experiment in machine learning. Here's a breakdown of what each part of this structure typically means:

- **`max_trials`**: This indicates the maximum number of trials or experiments that will be run during the optimization process. In your case, it is set to `25`, meaning the optimizer is configured to try up to 25 different combinations of hyperparameters.

- **`completed_trials`**: This shows how many trials have been completed so far. You've had `3` trials completed, indicating that three sets of hyperparameters have been tested.

- **`search_space`**: This defines the range or possible values for each hyperparameter being optimized. In your experiment:
  - **`lr`** (learning rate) can be one of `[1, 0.1, 0.01, 0.001, 0.0001]`.
  - **`k2`** can be one of `[0.1, 0.01, 0.0005, 0.0001]`.

- **`trials`**: This is a list of dictionaries where each dictionary represents a trial that has been completed. Each trial includes:
  - The specific values of hyperparameters (`k2` and `lr`) used in that trial.
  - A metric result from the trial, which in your case is `PSNR` (Peak Signal-to-Noise Ratio), often used to measure image quality.

To interpret this information:

1. **Optimization Goal**: Typically, the goal of such a process would be to find the combination of hyperparameters (`lr` and `k2`) that maximizes or minimizes a certain metric (in this case, maximizing PSNR).

2. **Progress**: You've completed 3 out of up to 25 trials. The optimization process will continue until it has tried 25 combinations or reaches another termination criterion.

3. **Results So Far**:
   - Trial 1 used `k2=0.01` and `lr=1.0`, achieving a PSNR of approximately `6.982`.
   - Trial 2 with `k2=0.01` and `lr=0.001` achieved a significantly better PSNR of about `23.1309`.
   - Trial 3, where `k2=0.0005` and `lr=0.001`, had a PSNR of around `21.1342`.

From these results, it appears that using a lower learning rate (`lr=0.001`) significantly improves the PSNR metric compared to a higher learning rate (`lr=1.0`). The impact of varying `k2` while keeping `lr=0.001` (comparing Trial 2 and Trial 3) suggests that smaller values of `k2` might slightly decrease PSNR, but this is speculative with only three trials completed.

As more trials are conducted within the defined search space, the optimizer can refine its understanding of how these hyperparameters impact performance, ideally converging on an optimal or near-optimal combination.
## Round 20
Response: The text you've provided appears to be a JSON object representing the state of a hyperparameter search process in machine learning. Let's break down what each part means:

- **`max_trials`**: This is the maximum number of trials (experiments with different combinations of hyperparameters) that will be conducted during the search. The value here is 25, meaning up to 25 different experiments can be run.

- **`completed_trials`**: This indicates how many trials have been completed so far. In this case, 3 trials have been finished.

- **`search_space`**: This defines the range of hyperparameters that will be explored during the search. There are two hyperparameters being tuned:
  - **`lr`** (learning rate): The possible values for the learning rate are [1, 0.1, 0.01, 0.001, 0.0001]. The learning rate controls how quickly a model learns from its data.
  - **`k2`**: The possible values for `k2` (which could represent a regularization strength or another model-specific hyperparameter) are [0.1, 0.01, 0.0005, 0.0001].

- **`trials`**: This is a list of the completed trials, each trial represented by a dictionary containing the specific values of `lr` and `k2` used in that trial, along with the outcome metric (`PSNR`, which stands for Peak Signal-to-Noise Ratio, a measure often used to assess image quality). The higher the PSNR, generally, the better the quality of the image.

    - The first trial used `lr=1.0` and `k2=0.01` with a resulting `PSNR` of 6.982.
    - The second trial used `lr=0.001` and `k2=0.01` with a resulting `PSNR` of 23.1309.
    - The third trial used `lr=0.001` and `k2=0.0005` with a resulting `PSNR` of 21.1342.

From the trials completed so far, we can see that lowering the learning rate (`lr`) significantly improves the PSNR, suggesting that smaller steps during training can lead to better outcomes in terms of image quality in this context. Also, comparing the second and third trials, reducing `k2` from 0.01 to 0.0005 while keeping the same learning rate slightly decreases the PSNR, indicating a potential optimal range or value for `k2` that needs further exploration.

To proceed with the hyperparameter search based on these insights:

1. **Continue Trials**: Since only 3 out of 25 trials have been completed, continue experimenting with different combinations of `lr` and `k2` within their defined ranges.
   
2. **Refine Search Space**: If after all 25 trials there's a clear trend indicating what range of hyperparameters is most beneficial, consider narrowing down the search space to refine the optimal values further.

3. **Consider Other Hyperparameters**: While `lr` and `k2` are being optimized here, other model parameters might also impact performance. Consider expanding the search space to include these if computational resources allow.

4. **Monitor Performance Metrics**: Continue tracking PSNR as a primary metric for evaluating trial outcomes. If possible, inspecting the visual quality of images produced by different trials can provide additional insight into what might be optimized beyond just numerical metrics.
## Round 21
Response: It looks like you have a dictionary representing the progress of a hyperparameter search for a machine learning model. Here's a breakdown of what I see:

**Search Space**
The `search_space` dictionary defines the range of values to be explored for two hyperparameters:
	* `lr`: The learning rate, with possible values [1, 0.1, 0.01, 0.001, 0.0001].
	* `k2`: Another hyperparameter ( possibly a regularization strength), with possible values [0.1, 0.01, 0.0005, 0.0001].

**Trials**
The `trials` list contains the results of individual trials, each representing a specific combination of hyperparameters and their corresponding performance metric (`PSNR`). There are three completed trials:
	1. `k2=0.01`, `lr=1.0`: PSNR = 6.982
	2. `k2=0.01`, `lr=0.001`: PSNR = 23.1309
	3. `k2=0.0005`, `lr=0.001`: PSNR = 21.1342

**Progress**
The search has completed 3 trials out of a maximum of 25 (`max_trials`). This suggests that the hyperparameter tuning process is ongoing, and more combinations will be explored to find the optimal settings.

How can I help you with this data? Would you like me to:
A) Analyze the results so far
B) Provide suggestions for future trials
C) Help you design a strategy for completing the remaining trials
D) Something else (please specify)?
                                                                                                                                                                                                                                                                                                                                                                                                                                                                                                                                                                                                                                                                                                                                                                                                                                                                                                                                                                                                                                                                                                                                                                                                                                                                                                                                                                                                                                                                                                                                                                                                                                                                                                                                                                                                                                                                                                                                                                                                                                                                                                                                                                                                                                                                                                                                                                                                        ## Round 22
Response: It appears you have a dictionary that represents the state of an optimization process, likely from a Bayesian optimization or grid search algorithm. This dictionary contains information about the maximum number of trials (`max_trials`), how many trials have been completed (`completed_trials`), the search space for hyperparameters (`search_space`), and details of the individual trials (`trials`). 

Here's a breakdown of what each part of your dictionary represents:

- `max_trials`: This specifies the total number of experiments or runs that you intend to perform during your optimization process. In this case, it is set to 25, meaning the algorithm aims to try different combinations of hyperparameters up to 25 times.

- `completed_trials`: This indicates how many trials have actually been completed so far in the optimization process. With a value of 3, it means that three different sets of hyperparameters have been tried out.

- `search_space`: This defines the range of values for each hyperparameter that the algorithm is allowed to explore. For example:
  - The learning rate (`lr`) can be any of the following: 1, 0.1, 0.01, 0.001, or 0.0001.
  - The parameter `k2` can be any of the following: 0.1, 0.01, 0.0005, or 0.0001.

- `trials`: This contains detailed results for each trial that has been completed. Each trial is represented as a dictionary with the specific values of hyperparameters used (`k2` and `lr`) and the outcome measure (`PSNR`, which stands for Peak Signal-to-Noise Ratio, commonly used in image processing to assess quality).

  For instance, the first trial used `k2 = 0.01` and `lr = 1.0`, resulting in a PSNR of approximately 6.982.

### Example Use Cases

1. **Optimization Loop**: You could use this data structure as part of an optimization loop where you iteratively update `completed_trials`, add new trials to the `trials` list, and adjust your search space based on the performance metrics (like PSNR) until `max_trials` is reached.

2. **Hyperparameter Tuning Analysis**: After completing all trials, you could analyze the outcomes (`PSNR` values) in relation to their corresponding hyperparameters to identify trends or optimal settings for future experiments.

3. **Visualization**: Plotting the results of trials could provide insights into how different combinations of `k2` and `lr` affect performance (PSNR), helping in understanding complex interactions between these parameters.

### Further Steps

- **Implement an Optimization Algorithm**: Use this data structure within an optimization algorithm loop, where you systematically explore the search space defined by `search_space`, evaluate each combination's performance, and update your knowledge based on the outcomes.
  
- **Analyze Results**: Once all trials are completed, analyze the results to determine which hyperparameters led to the best outcome. This could involve statistical analysis or visualization techniques.

Here is a simplified Python example that iterates through possible combinations of hyperparameters defined in `search_space` and simulates an optimization process by adding trial outcomes:

```python
import itertools

# Your initial data structure
data = {
    'max_trials': 25,
    'completed_trials': 0,
    'search_space': {'lr': [1, 0.1, 0.01, 0.001, 0.0001], 'k2': [0.1, 0.01, 0.0005, 0.0001]},
    'trials': []
}

# Simulate trials (simplified example)
for lr, k2 in itertools.product(data['search_space']['lr'], data['search_space']['k2']):
    # For demonstration purposes, simulate a PSNR outcome
    psnr = 10.0 + lr * 10 + k2 * 100  # This is a placeholder function
    
    trial = {'k2': k2, 'lr': lr, 'PSNR': psnr}
    data['trials'].append(trial)
    data['completed_trials'] += 1
    
    if data['completed_trials'] >= data['max_trials']:
        break

print(data)
```

This example does not optimize based on `PSNR` performance but merely demonstrates how one might iterate over possible hyperparameter combinations and store results. Real optimization would involve evaluating each trial's outcome against a goal (like maximizing PSNR) and adjusting the search strategy accordingly, possibly using more sophisticated algorithms like Bayesian optimization or gradient-based methods.
## Round 23
Response: The data you've provided appears to be a dictionary representing the state of an optimization process, specifically hyperparameter tuning for a model. Here's a breakdown and analysis of the information:

### Overview
- **max_trials**: The maximum number of trials (or experiments) that will be conducted during this optimization process is 25.
- **completed_trials**: Out of these potential trials, 3 have been completed so far.

### Search Space
The search space defines the possible values for each hyperparameter being optimized:
- **lr** (learning rate): Can take on one of the following five values - [1, 0.1, 0.01, 0.001, 0.0001].
- **k2**: Another hyperparameter that can vary among four options - [0.1, 0.01, 0.0005, 0.0001].

### Trials
Details of the completed trials are provided:
1. **First Trial**:
   - **k2 = 0.01**
   - **lr = 1.0**
   - Resulting PSNR (a measure likely related to the model's performance) is **6.982**.
2. **Second Trial**:
   - **k2 = 0.01**
   - **lr = 0.001**
   - Resulting PSNR is **23.1309**, indicating a significantly better performance compared to the first trial, likely due to the adjustment of the learning rate.
3. **Third Trial**:
   - **k2 = 0.0005**
   - **lr = 0.001**
   - This combination yields a PSNR of **21.1342**, indicating that adjusting `k2` from its value in the second trial has resulted in slightly worse performance under otherwise similar conditions.

### Observations
- The best performing configuration based on the completed trials is the second one, with `lr = 0.001` and `k2 = 0.01`, yielding a PSNR of **23.1309**.
- It seems lowering the learning rate (`lr`) significantly improves performance (compare first to second trial), suggesting that large step sizes initially tested might be too aggressive for effective model convergence or optimization in this context.
- The impact of `k2` is observed as having a significant effect when moving from 0.01 to 0.0005, with the latter resulting in reduced PSNR (third trial compared to the second). This might imply that smaller values of `k2` are not necessarily better for performance based on these limited observations.

### Future Steps
- **Further Experimentation**: Since only three trials have been completed out of 25 possible ones, there's a lot more to explore within the specified search space.
- **Tuning Strategies**: The choice of next trial configurations can be informed by strategies from Bayesian optimization or random search algorithms, potentially focusing on exploring other learning rates and `k2` values that haven't been tried yet but could offer improved performance based on patterns seen in completed trials.

This analysis assumes PSNR (Peak Signal-to-Noise Ratio) is a measure of model performance where higher values are better; if lower values are preferable for your specific context, the interpretation regarding "better" or "worse" would need adjustment accordingly.
## Round 24
Response: The provided text appears to be a JSON (JavaScript Object Notation) object representing the status and results of some algorithmic or machine learning experiment, specifically an optimization process using Bayesian optimization or grid search over a defined hyperparameter space. Here's a breakdown of what each part represents:

- **`max_trials`**: This is the maximum number of trials the experiment is set to perform. In this case, it's 25 trials.

- **`completed_trials`**: This indicates how many trials have been completed so far. As of now, 3 trials are done.

- **`search_space`**: This defines the hyperparameters and their possible values that will be explored during the experiment.
  - **`lr`** (learning rate): It has five potential values: 1, 0.1, 0.01, 0.001, and 0.0001. The learning rate is a crucial parameter in machine learning algorithms that determines how quickly the model learns from the data.
  - **`k2`**: This hyperparameter also has four predefined values: 0.1, 0.01, 0.0005, and 0.0001. Without more context, it's hard to determine what `k2` represents, but in some contexts, it could be related to regularization strength or another model-specific parameter.

- **`trials`**: This lists the specific hyperparameter combinations that have been tried so far along with their results.
  - Each trial is a dictionary containing:
    - The values of the hyperparameters `k2` and `lr` that were used in this trial.
    - `PSNR`: This stands for Peak Signal-to-Noise Ratio, which is often used as a quality metric in image processing. Higher PSNR generally indicates better image quality or better model performance.

For example, the first trial (`{'k2': 0.01, 'lr': 1.0, 'PSNR': 6.982}`) tested with `k2=0.01` and a learning rate of `1.0`, achieving a PSNR of approximately `6.982`. Similarly, the other trials are detailed, showing different combinations of `k2` and `lr` with their respective PSNR outcomes.

This kind of data structure is typically used in hyperparameter tuning processes where one is trying to find the best combination of model parameters (in this case, learning rate and `k2`) that results in the best performance metric (here, PSNR). After completing all `max_trials`, the trial with the highest PSNR would be considered the most optimal set of hyperparameters for the given experiment.
## Round 25
Response: The dictionary you've provided appears to be related to a hyperparameter tuning process for a machine learning model, likely using an optimization library such as Optuna or Hyperopt to search through different combinations of learning rate (`lr`) and another parameter named `k2` to maximize the Peak Signal-to-Noise Ratio (PSNR), which is often used as a metric in image processing tasks.

Here's a breakdown of what each part of this dictionary represents:

- **'max_trials': 25**: This indicates that the hyperparameter search is configured to try up to 25 different combinations of parameters before stopping. The actual number of trials may be less if an early stopping criterion is met or if all possible combinations are exhausted.

- **'completed_trials': 3**: This shows that out of the maximum allowed trials, 3 have been completed so far.

- **'search_space': {'lr': [1, 0.1, 0.01, 0.001, 0.0001], 'k2': [0.1, 0.01, 0.0005, 0.0001]}**: This defines the range of values that `lr` (learning rate) and `k2` can take during the search process. For example, the learning rate (`lr`) will be chosen from the values 1, 0.1, 0.01, 0.001, or 0.0001, and `k2` will be selected from the values 0.1, 0.01, 0.0005, or 0.0001.

- **'trials': [...]**: This is a list of dictionaries where each dictionary represents a trial that has been completed. Each trial's dictionary contains:
  - The value of `k2` used in the trial.
  - The value of `lr` (learning rate) used in the trial.
  - The PSNR result obtained from running the model with these parameters.

For instance, one trial used `k2 = 0.01`, `lr = 1.0`, and achieved a `PSNR` of approximately `6.982`. Another trial with `k2 = 0.01`, `lr = 0.001`, resulted in a `PSNR` of about `23.1309`.

To analyze or make decisions based on this data, you could consider the following steps:

1. **Identify the best combination**: Look through the trials to find which combination of `k2` and `lr` yielded the highest PSNR value.

2. **Visualize the results**: Plotting PSNR against different combinations of `k2` and `lr` might give you insights into how these parameters affect performance.

3. **Continue or modify search**: If not all max trials have been completed, you might consider continuing the search to potentially find better parameter combinations. Alternatively, if a satisfactory combination has already been found, you could stop here or refine your search space based on what's been learned so far.

Here's an example of how you could parse this data in Python:

```python
data = {'max_trials': 25, 'completed_trials': 3, 
        'search_space': {'lr': [1, 0.1, 0.01, 0.001, 0.0001], 'k2': [0.1, 0.01, 0.0005, 0.0001]}, 
        'trials': [{'k2': 0.01, 'lr': 1.0, 'PSNR': 6.982}, {'k2': 0.01, 'lr': 0.001, 'PSNR': 23.1309}, {'k2': 0.0005, 'lr': 0.001, 'PSNR': 21.1342}]}

# Find the best trial
best_trial = max(data['trials'], key=lambda x: x['PSNR'])

print(f"Best Parameters: k2={best_trial['k2']}, lr={best_trial['lr']} with PSNR={best_trial['PSNR']}")
```

This code finds and prints out the parameters (`k2`, `lr`) that resulted in the highest PSNR value among all completed trials.
## Round 26
Response: The data you've provided appears to be a snapshot of an optimization process, likely from a hyperparameter tuning experiment in machine learning. This is often seen in Bayesian optimization or grid search techniques where the goal is to find the best combination of parameters (hyperparameters) that results in the optimal performance of a model. The performance metric here seems to be PSNR (Peak Signal-to-Noise Ratio), which is commonly used for image processing tasks.

Let's break down the components:

1. **`max_trials`**: This indicates the maximum number of experiments or trials planned for the hyperparameter tuning process. In this case, it's set to 25, meaning the optimization algorithm is designed to run up to 25 different combinations of hyperparameters to find the best one.

2. **`completed_trials`**: Shows how many trials have been completed so far. Here, it says 3, which matches the number of experiments detailed in the 'trials' section.

3. **`search_space`**: This is where you define the range of values for each hyperparameter that you want to test. There are two hyperparameters being optimized:
   - `lr`: Learning rate, a crucial parameter in machine learning that controls how quickly a model learns from its data. The possible values are 1, 0.1, 0.01, 0.001, and 0.0001.
   - `k2`: Another hyperparameter with possible values of 0.1, 0.01, 0.0005, and 0.0001. Without context, it's hard to say what `k2` represents, but in some contexts, it could refer to a regularization strength or another model-specific parameter.

4. **`trials`**: This section details the results of each trial that has been completed. Each trial includes:
   - The value of `k2` and `lr` used.
   - The `PSNR` result achieved with those hyperparameters, indicating how well the model performed in terms of signal-to-noise ratio.

   For instance, the first trial used `k2=0.01` and `lr=1.0`, achieving a PSNR of 6.982. This is very low compared to typical good PSNR values, suggesting that this combination of hyperparameters may not be optimal for the task at hand. The second trial (`k2=0.01`, `lr=0.001`) resulted in a significantly better PSNR of 23.1309, indicating that lower learning rates might be more effective.

### Suggestions:
- **Further Trials**: Continue running trials until reaching the `max_trials` limit to explore the search space thoroughly.
- **Analysis**: Analyze why certain combinations of hyperparameters lead to better PSNR values. This can involve visual inspection of results, understanding how each hyperparameter affects the model's performance, and possibly considering additional factors or constraints (e.g., computational efficiency).
- **Hyperparameter Tuning Methods**: Consider if the current method of hyperparameter tuning is optimal for your problem. There are various strategies, including grid search (as it appears to be used here), random search, Bayesian optimization, etc., each with their pros and cons.

Given the information in this snapshot, the most promising combination so far (`k2=0.01`, `lr=0.001`) should likely be considered for deeper analysis or as a starting point for further fine-tuning.
## Round 27
Response: The given data structure appears to be a dictionary representing the state of an optimization process, likely for hyperparameter tuning in machine learning model selection. Let's break down its components and suggest how it could be used or analyzed further.

### Dictionary Components:

1. **`max_trials`**: This indicates the maximum number of trials (or experiments) that are planned to be conducted during the optimization process.
   
2. **`completed_trials`**: This shows how many trials have been completed so far.

3. **`search_space`**: This defines the range of parameters that will be explored during the optimization. In this case, there are two hyperparameters being tuned:
   - `lr`: Learning rate, with values ranging from 1 to 0.0001.
   - `k2`: Another parameter (possibly related to regularization or another model component), with values ranging from 0.1 to 0.0001.

4. **`trials`**: A list of dictionaries, where each dictionary represents a completed trial. Each trial includes:
   - The values of the hyperparameters (`lr`, `k2`) used in that trial.
   - The result (or objective function value) of that trial, represented by `PSNR`. PSNR stands for Peak Signal-to-Noise Ratio, which is often used as an evaluation metric in image processing tasks.

### Example Analysis or Usage:

Given this structure, you could analyze the optimization process' progress, identify trends, or even predict future outcomes based on past trials. Here are a few potential next steps:

#### 1. Analyzing Past Trials

You can sort the `trials` by their `PSNR` value to find the best-performing set of hyperparameters so far.

```python
import pandas as pd

# Assuming data is your dictionary
data = {'max_trials': 25, 'completed_trials': 3, 'search_space': {'lr': [1, 0.1, 0.01, 0.001, 0.0001], 'k2': [0.1, 0.01, 0.0005, 0.0001]}, 
        'trials': [{'k2': 0.01, 'lr': 1.0, 'PSNR': 6.982}, {'k2': 0.01, 'lr': 0.001, 'PSNR': 23.1309}, {'k2': 0.0005, 'lr': 0.001, 'PSNR': 21.1342}]}

# Convert trials to a DataFrame for easier analysis
df = pd.DataFrame(data['trials'])

# Sort by PSNR in descending order
best_trials = df.sort_values(by='PSNR', ascending=False)

print(best_trials)
```

#### 2. Predicting Future Trials

Using the results of past trials, you could train a model to predict the outcome (`PSNR`) for new combinations of hyperparameters before actually running those trials. This is the essence of Bayesian optimization, where predictions guide the selection of future trial configurations.

### Conclusion:

This data structure provides a clear overview of an ongoing or completed optimization process. By analyzing it, you can gain insights into how different hyperparameter settings affect your model's performance and use this information to refine your model further.
## Round 28
Response: It appears you have a dictionary representing the state of a hyperparameter search process for a machine learning model or an optimization task. Let's break down what each part of this dictionary seems to represent and how one might use or analyze such data:

1. **`max_trials`**: This represents the maximum number of trials (or experiments) that are planned to be conducted in the hyperparameter search. In your case, `max_trials = 25`, meaning up to 25 different combinations of hyperparameters will be tested.

2. **`completed_trials`**: This indicates how many trials have been completed so far. You've got `completed_trials = 3`, which means that out of the planned 25 experiments, 3 have already finished.

3. **`search_space`**: This defines the range of hyperparameters that will be tested during the search process. In your example:
   - `'lr'`: This could represent learning rate in a machine learning model and has possible values of `[1, 0.1, 0.01, 0.001, 0.0001]`.
   - `'k2'`: The meaning of `k2` can vary depending on the context but might represent another model parameter (like some form of regularization strength or a hyperparameter for a specific algorithm). Its possible values are `[0.1, 0.01, 0.0005, 0.0001]`.

4. **`trials`**: This is a list containing the details of each trial that has been completed. Each trial is represented as a dictionary with keys corresponding to hyperparameters (like `'k2'`, `'lr'`) and an additional key (`'PSNR'`) that presumably represents some performance metric, possibly Peak Signal-to-Noise Ratio in this context. The values associated with these keys give the specific settings of the hyperparameters for each trial and the resulting performance.

### Example Analysis

To analyze or work with such data, you might want to:

- Find the best combination of hyperparameters based on the `'PSNR'` value.
- Visualize how different hyperparameter combinations affect the `'PSNR'`.
- Determine which hyperparameters have the most significant impact on the model's performance.

Here's a simple example in Python that finds the trial with the highest `'PSNR'`:

```python
data = {'max_trials': 25, 'completed_trials': 3, 
        'search_space': {'lr': [1, 0.1, 0.01, 0.001, 0.0001], 'k2': [0.1, 0.01, 0.0005, 0.0001]}, 
        'trials': [{'k2': 0.01, 'lr': 1.0, 'PSNR': 6.982}, {'k2': 0.01, 'lr': 0.001, 'PSNR': 23.1309}, {'k2': 0.0005, 'lr': 0.001, 'PSNR': 21.1342}]}

# Find the trial with the highest PSNR
best_trial = max(data['trials'], key=lambda x: x['PSNR'])

print(f"Best Trial: k2={best_trial['k2']}, lr={best_trial['lr']}, PSNR={best_trial['PSNR']}")
```

This would output:

```
Best Trial: k2=0.01, lr=0.001, PSNR=23.1309
```
## Round 29
Response: The provided data structure appears to be a dictionary representing the state of an optimization or hyperparameter tuning process for a machine learning model. Here's a breakdown of its components and how it can be interpreted or used:

### Dictionary Structure

- **`max_trials`**: This indicates the total number of trials (or experiments) that are planned for the optimization process.
  
- **`completed_trials`**: The number of trials that have been completed so far.

- **`search_space`**: A dictionary defining the range of hyperparameters to be tuned. In this case, two parameters are being optimized:
  - `lr`: This likely refers to the learning rate of a model and has possible values of `[1, 0.1, 0.01, 0.001, 0.0001]`.
  - `k2`: This parameter could be specific to the model or algorithm used (e.g., a regularization parameter) with potential values of `[0.1, 0.01, 0.0005, 0.0001]`.

- **`trials`**: A list containing dictionaries that summarize each completed trial. Each dictionary includes:
  - `k2`: The value chosen for the `k2` parameter in this trial.
  - `lr`: The learning rate used in this trial.
  - `PSNR`: This likely stands for Peak Signal-to-Noise Ratio, a measure of image quality or model performance. It varies across trials, indicating how well each combination of hyperparameters performed.

### Example Use Cases

1. **Hyperparameter Tuning**: The provided structure suggests an ongoing process where different combinations of learning rates (`lr`) and another parameter (`k2`) are being tried to optimize the PSNR (a measure of model performance). This is a common scenario in machine learning for finding the best set of hyperparameters that yield the highest model performance.

2. **Status Tracking**: By monitoring `completed_trials` vs. `max_trials`, one can track the progress of the optimization process and anticipate when it will complete or decide to stop early if satisfactory results are achieved.

3. **Results Analysis**: After all trials are completed, one could analyze the results to identify patterns or correlations between hyperparameters (`lr`, `k2`) and model performance (PSNR), potentially informing the choice of hyperparameters for future experiments.

### Code Example in Python

Here's a simple code snippet demonstrating how one might iterate over the trials to find the best combination based on PSNR:

```python
def find_best_trial(trials):
    """Find the trial with the highest PSNR."""
    return max(trials, key=lambda x: x['PSNR'])

data = {
    'max_trials': 25,
    'completed_trials': 3,
    'search_space': {'lr': [1, 0.1, 0.01, 0.001, 0.0001], 'k2': [0.1, 0.01, 0.0005, 0.0001]},
    'trials': [{'k2': 0.01, 'lr': 1.0, 'PSNR': 6.982}, 
               {'k2': 0.01, 'lr': 0.001, 'PSNR': 23.1309}, 
               {'k2': 0.0005, 'lr': 0.001, 'PSNR': 21.1342}]
}

best_trial = find_best_trial(data['trials'])
print("Best trial:", best_trial)
```

This code defines a function `find_best_trial` that takes the list of trials and returns the one with the highest PSNR value, demonstrating a basic analysis on the provided data structure.
## Round 30
Response: The given data appears to be the output or intermediate results from a hyperparameter tuning process, likely using an optimization library such as `Hyperopt` or `Optuna`. This process is often used in machine learning to find the best combination of hyperparameters for a model that maximizes its performance on a specific metric (in this case, PSNR, which stands for Peak Signal-to-Noise Ratio).

Let's break down what each part of the data means:

1. **`max_trials`: 25**  
   This indicates the maximum number of different combinations of hyperparameters that the optimization process is set to try.

2. **`completed_trials`: 3**  
   So far, the optimization process has completed testing 3 different combinations of hyperparameters.

3. **`search_space`:**  
   This defines the range or specific values that each hyperparameter can take during the search.
   - **`lr` (learning rate): `[1, 0.1, 0.01, 0.001, 0.0001]`**  
     The learning rate is a critical parameter in training machine learning models. It controls how quickly the model learns from the data. A high learning rate can lead to faster initial progress but might also cause the model to overshoot optimal solutions.
   - **`k2`: `[0.1, 0.01, 0.0005, 0.0001]`**  
     This parameter's meaning is context-dependent and not as universally recognizable as `lr`. It could represent a regularization strength, a factor in a custom loss function, or any other model-specific hyperparameter.

4. **`trials`:**  
   This is a list of dictionaries, where each dictionary represents a completed trial with its chosen hyperparameters (`k2` and `lr`) and the resulting performance metric (`PSNR`).
   - The first trial used `k2 = 0.01`, `lr = 1.0`, and resulted in a PSNR of approximately `6.982`.
   - The second trial used `k2 = 0.01`, `lr = 0.001`, achieving a much higher PSNR of about `23.1309`.
   - The third trial with `k2 = 0.0005`, `lr = 0.001` gave a PSNR of around `21.1342`.

Given this data, it seems the optimization process is trying to maximize the PSNR by varying the learning rate (`lr`) and another parameter (`k2`). The second trial's combination led to significantly better performance compared to the first and third trials. This suggests that using a lower learning rate (0.001) alongside a moderate value of `k2` might be beneficial for improving the model's PSNR in this context. However, with only 3 out of 25 planned trials completed, it's still early in the optimization process, and other combinations could potentially yield even better results.
## Round 31
Response: This appears to be a dictionary representing the state of a hyperparameter search process, likely from a Bayesian optimization or grid search algorithm. Here's a breakdown of what each part represents:

* `max_trials`: The total number of trials (i.e., combinations of hyperparameters) that will be attempted.
* `completed_trials`: The number of trials that have already been completed.
* `search_space`: A dictionary defining the ranges of values to search for each hyperparameter. In this case, there are two hyperparameters:
	+ `lr` (learning rate): Can take on one of five possible values: `[1, 0.1, 0.01, 0.001, 0.0001]`.
	+ `k2`: Can take on one of four possible values: `[0.1, 0.01, 0.0005, 0.0001]`.
* `trials`: A list of dictionaries, each representing a completed trial. Each dictionary contains:
	+ The hyperparameter values used for that trial (`k2` and `lr`).
	+ The performance metric (in this case, `PSNR`) resulting from those hyperparameters.

So far, three trials have been completed:

1. `k2=0.01`, `lr=1.0`, with a PSNR of 6.982.
2. `k2=0.01`, `lr=0.001`, with a PSNR of 23.1309.
3. `k2=0.0005`, `lr=0.001`, with a PSNR of 21.1342.

The search algorithm will continue to explore the defined search space until it has completed all 25 trials, or some other stopping criterion is met (e.g., a satisfactory performance threshold).
## Round 32
Response: It looks like you have a dictionary representing the state of a hyperparameter search process. Here's a breakdown of what each part of the dictionary seems to represent:

* `max_trials`: The maximum number of trials (i.e., attempts to find the optimal combination of hyperparameters) that will be performed.
* `completed_trials`: The number of trials that have been completed so far.
* `search_space`: A dictionary defining the range of values for each hyperparameter to be searched. In this case, there are two hyperparameters:
	+ `lr` (learning rate): a list of possible values `[1, 0.1, 0.01, 0.001, 0.0001]`.
	+ `k2`: a list of possible values `[0.1, 0.01, 0.0005, 0.0001]`.
* `trials`: A list of dictionaries, each representing a single trial. Each dictionary contains:
	+ The values of the hyperparameters used in that trial (`k2` and `lr`).
	+ The result of the trial, which is the value of the `PSNR` (Peak Signal-to-Noise Ratio) metric.

The data suggests that three trials have been completed so far, with the following results:

1. `k2=0.01`, `lr=1.0`: `PSNR=6.982`
2. `k2=0.01`, `lr=0.001`: `PSNR=23.1309`
3. `k2=0.0005`, `lr=0.001`: `PSNR=21.1342`

The search process will continue until it has completed 25 trials, exploring different combinations of `lr` and `k2` values within the defined search space.

Is there something specific you'd like to know or do with this data?
## Round 33
Response: The provided data appears to be a snapshot of an ongoing hyperparameter tuning process for a machine learning model. Let's break down the components and understand what each part represents:

### Top-level Dictionary

- **`max_trials`**: This specifies the total number of experiments or trials that will be conducted during the hyperparameter search. In this case, up to 25 different combinations of hyperparameters can be tried.

- **`completed_trials`**: Indicates how many trials have been completed so far. With a value of `3`, it means three sets of hyperparameters have been tested.

- **`search_space`**: Defines the range of values for each hyperparameter that will be explored during the search process.
  - **`lr` (Learning Rate)**: A fundamental hyperparameter in machine learning, especially in models using gradient descent. It determines how quickly the model learns from the data. The possible values to test are `1`, `0.1`, `0.01`, `0.001`, and `0.0001`.
  - **`k2`**: Another hyperparameter, possibly related to a specific type of model or regularization technique. Its potential values for testing are `0.1`, `0.01`, `0.0005`, and `0.0001`.

- **`trials`**: A list containing the results of each trial that has been completed.
  - Each trial is represented as a dictionary, including:
    - The specific value of `k2` used.
    - The specific value of `lr` (learning rate) used.
    - The achieved `PSNR` (Peak Signal-to-Noise Ratio), which seems to be the performance metric for evaluating the model's quality. PSNR is commonly used in image processing tasks as a measure of reconstruction quality.

### Example Data Analysis

Looking at the trials that have been completed:

1. **Trial 1**: `k2 = 0.01`, `lr = 1.0`, resulting in a `PSNR` of approximately `6.982`.
2. **Trial 2**: `k2 = 0.01`, `lr = 0.001`, with a much higher `PSNR` of about `23.1309`. This suggests that a lower learning rate significantly improves model performance.
3. **Trial 3**: `k2 = 0.0005`, also with `lr = 0.001`, yielding a `PSNR` of around `21.1342`. While still good, it's slightly worse than the second trial.

### Observations and Suggestions

- Lower learning rates (`0.001`) seem to provide better results compared to higher ones (`1.0`).
- The effect of `k2` is less clear from these few trials but suggests that smaller values might have a slight negative impact on performance based on the third trial's result.

Given this analysis, future trials could further explore different combinations, particularly focusing on lower learning rates and potentially adjusting `k2` to find an optimal balance. However, with only three trials completed out of 25, there is plenty of scope for exploring other hyperparameter combinations to find the best possible settings.
## Round 34
Response: This is a JSON object that appears to represent the state of a hyperparameter tuning process for a machine learning model. Here's a breakdown of what each part represents:

* `max_trials`: The maximum number of trials (or iterations) that the hyperparameter tuner will perform. In this case, it's set to 25.
* `completed_trials`: The number of trials that have already been completed. Currently, it's at 3.
* `search_space`: This defines the range of values that the hyperparameter tuner will explore for each hyperparameter. There are two hyperparameters:
	+ `lr` (learning rate): with possible values [1, 0.1, 0.01, 0.001, 0.0001]
	+ `k2`: with possible values [0.1, 0.01, 0.0005, 0.0001]
* `trials`: A list of completed trials, where each trial is represented as a dictionary containing the hyperparameter values and the corresponding performance metric (`PSNR`). There are three completed trials:
	1. `k2` = 0.01, `lr` = 1.0, `PSNR` = 6.982
	2. `k2` = 0.01, `lr` = 0.001, `PSNR` = 23.1309
	3. `k2` = 0.0005, `lr` = 0.001, `PSNR` = 21.1342

The hyperparameter tuner will continue to explore the search space and perform trials until it reaches the maximum number of trials (`max_trials`). It will try different combinations of `lr` and `k2` values and evaluate their performance using the PSNR metric.

If you'd like to ask specific questions about this object or its implications for the hyperparameter tuning process, I'm here to help!
## Round 35
Response: This is a dictionary that appears to represent the state of a hyperparameter tuning process using a Bayesian optimization algorithm or similar method. Here's a breakdown of what each part of the dictionary seems to represent:

- `max_trials`: This specifies the maximum number of trials (or iterations) that the hyperparameter tuning process is allowed to perform. In this case, it's set to 25.

- `completed_trials`: This indicates how many trials have been completed so far. Currently, 3 trials have been completed out of the maximum 25.

- `search_space`: This defines the range of hyperparameters that the algorithm can explore during its search for optimal parameters. In this case, there are two hyperparameters:
  - `lr` (learning rate): The values it can take are `[1, 0.1, 0.01, 0.001, 0.0001]`.
  - `k2`: The possible values are `[0.1, 0.01, 0.0005, 0.0001]`.

- `trials`: This is a list of dictionaries where each dictionary represents the parameters and outcome (in terms of PSNR - Peak Signal-to-Noise Ratio) of a completed trial.
  - Each trial's dictionary contains:
    - The value chosen for `k2`.
    - The value chosen for `lr`.
    - The resulting `PSNR` from using these values.

For example, the first trial used `k2 = 0.01`, `lr = 1.0`, and achieved a PSNR of approximately 6.982. The second trial used `k2 = 0.01` again but with `lr = 0.001`, achieving a significantly higher PSNR of about 23.1309. 

This data structure suggests that the hyperparameter tuning process aims to find the best combination of learning rate (`lr`) and another parameter (`k2`) to maximize the PSNR, which is an indicator of image quality in this context. After completing these initial trials, the algorithm would proceed by selecting new combinations of `lr` and `k2` from the defined search space based on its optimization strategy (e.g., trying to explore diverse areas of the parameter space or focusing on promising regions indicated by previous trials).
## Round 36
Response: The data you've provided appears to be a dictionary containing information about an ongoing or completed hyperparameter tuning process for a model, likely in the context of machine learning. Here's a breakdown of what each part of the dictionary seems to represent:

- **`max_trials`**: The maximum number of trials (or experiments) that will be conducted during the hyperparameter search. In this case, it is set to 25.

- **`completed_trials`**: The number of trials that have been completed so far. Currently, 3 trials have been completed out of the planned 25.

- **`search_space`**: This defines the range of values for each hyperparameter that will be searched during the tuning process.
  - **`lr` (Learning Rate)**: A list of potential learning rates to try. The learning rate is a key hyperparameter in many machine learning algorithms, controlling how quickly the model learns from the training data.
  - **`k2`**: Another hyperparameter with its own set of values to try. Without context, it's difficult to say what `k2` represents (e.g., it could be related to kernel size, regularization strength, etc.), but in general, this would be another adjustable parameter in the model or training process.

- **`trials`**: A list containing the results of each completed trial. Each entry in the list is a dictionary with three keys:
  - **`k2` and `lr`**: The specific values of these hyperparameters used in that trial.
  - **`PSNR` (Peak Signal-to-Noise Ratio)**: This appears to be the metric used to evaluate the performance of the model for each set of hyperparameters. PSNR is often used as an image quality metric, which suggests that this hyperparameter search might be related to an image processing or vision task.

For example, taking a closer look at one trial:

```json
{
  "k2": 0.01,
  "lr": 1.0,
  "PSNR": 6.982
}
```

This means that for the hyperparameters `k2 = 0.01` and `lr = 1.0`, the model achieved a PSNR of approximately 6.982.

To utilize this information, you might consider several next steps:

1. **Analysis**: Review the completed trials to identify trends or correlations between hyperparameters and the resulting PSNR values.
2. **Forecasting Remaining Trials**: Based on the patterns seen in the initial trials, one could make educated guesses about which remaining combinations of hyperparameters are most likely to yield a high PSNR value.
3. **Adjusting Search Space**: If certain ranges of `k2` or `lr` seem less promising based on early results, consider refining the search space to focus more intensely on regions that appear to produce better outcomes.
4. **Execution of Remaining Trials**: Continue running trials until all combinations have been evaluated or a satisfactory PSNR level has been achieved.

Given the current state (`completed_trials = 3`) and assuming each trial is computationally expensive, one might want to monitor progress closely and potentially leverage insights from these initial trials to inform a more efficient exploration of the hyperparameter space in subsequent trials.
## Round 37
Response: The data structure you've provided appears to be a dictionary that represents the state of an optimization process, likely using Bayesian Optimization or a similar method for hyperparameter tuning. Here's a breakdown of what each part of this dictionary seems to represent:

- **`max_trials`**: This indicates the total number of trials (or experiments) planned for the optimization process. In your case, it's set to 25, meaning the optimizer is designed to try out different combinations of hyperparameters up to 25 times.

- **`completed_trials`**: This shows how many trials have been completed so far. You've completed 3 trials, indicating that the optimization process is still in progress since `max_trials` (25) has not been reached yet.

- **`search_space`**: This defines the range of values for each hyperparameter that the optimizer will explore. There are two hyperparameters being optimized:
  - **`lr`** (learning rate): It can take on values from `[1, 0.1, 0.01, 0.001, 0.0001]`.
  - **`k2`**: Possible values are `[0.1, 0.01, 0.0005, 0.0001]`.

- **`trials`**: This is a list of dictionaries, each representing a completed trial. Each dictionary contains the hyperparameter settings (`lr` and `k2`) used for that trial and the resulting performance metric (`PSNR`, which stands for Peak Signal-to-Noise Ratio). PSNR is a measure often used in image processing to gauge the quality of a reconstructed or processed image.

Example trials provided:

1. **First Trial**: With `k2 = 0.01` and `lr = 1.0`, the PSNR achieved was approximately `6.982`.
2. **Second Trial**: Using `k2 = 0.01` and `lr = 0.001`, a significantly higher PSNR of about `23.1309` was obtained.
3. **Third Trial**: For `k2 = 0.0005` and `lr = 0.001`, the PSNR result was around `21.1342`.

This process suggests that the optimizer is systematically exploring different combinations of learning rate (`lr`) and another parameter (`k2`), likely measuring their impact on image quality (via PSNR) in some kind of image processing or machine learning model, aiming to find an optimal combination that yields the highest PSNR value within the specified trial limit.
## Round 38
Response: The data structure you've provided appears to be a dictionary representing the status and results of a hyperparameter search in machine learning, likely from a Bayesian optimization or random search process. Here's a breakdown of what each part seems to represent:

1. **`max_trials`**: The maximum number of trials (or combinations of hyperparameters) that are planned to be performed in the search.

2. **`completed_trials`**: The current number of trials that have been completed.

3. **`search_space`**: This defines the range or specific values for each hyperparameter that will be varied during the search.
   - **`lr`** (learning rate): A crucial hyperparameter in optimization algorithms, controlling how quickly the model learns from the training data. The learning rates to be tried are 1, 0.1, 0.01, 0.001, and 0.0001.
   - **`k2`**: Another hyperparameter whose specific role depends on the context (could be related to a kernel size in convolutional neural networks, regularization strength, etc.). The values to consider are 0.1, 0.01, 0.0005, and 0.0001.

4. **`trials`**: A list of dictionaries where each dictionary represents the outcome of a single trial, containing:
   - **`k2`** and **`lr`**: The specific values of these hyperparameters used in this trial.
   - **`PSNR`** (Peak Signal-to-Noise Ratio): This is likely the evaluation metric for the model's performance. Higher PSNR typically indicates better image quality or, in general, a better fit to the training data when discussing tasks like image denoising or compression.

Based on the provided information:

- The search process aims to find an optimal combination of `lr` and `k2` that maximizes `PSNR`, within the constraints defined by `search_space`.
- Only 3 trials have been completed out of a possible 25.
- The best trial so far (in terms of PSNR) is the second one (`k2=0.01`, `lr=0.001`) with a PSNR of approximately 23.1309.

Here's how you might continue this process or analyze it further in Python, using libraries like Optuna for Bayesian optimization:

```python
import optuna

def objective(trial):
    # Example hyperparameter space
    lr = trial.suggest_categorical('lr', [1, 0.1, 0.01, 0.001, 0.0001])
    k2 = trial.suggest_categorical('k2', [0.1, 0.01, 0.0005, 0.0001])

    # Simulate your model training and evaluation here
    # Replace with actual implementation to compute PSNR or other metrics
    psnr = simulate_model(lr, k2)

    return psnr

def simulate_model(lr, k2):
    # This should be replaced with the actual logic of your model's train and eval
    return 20.0 + (lr * 10) + (k2 * 100)

study = optuna.create_study(direction='maximize')
n_trials = 25

study.optimize(objective, n_trials=n_trials)

best_trial = study.best_trial
print(f'Best parameters: lr={best_trial.params["lr"]}, k2={best_trial.params["k2"]}')
print(f'Highest PSNR: {best_trial.value}')
```

This example template uses Optuna to optimize a model based on some `simulate_model` function. You would replace `simulate_model` with your actual logic for training and evaluating the model, computing the PSNR (or other relevant metric) given hyperparameters `lr` and `k2`.
## Round 39
Response: The provided text appears to be a JSON (JavaScript Object Notation) object that represents the state of an optimization or hyperparameter tuning process for a machine learning model. Here's a breakdown of what each part means:

1. **`max_trials`**: This specifies the total number of different combinations of hyperparameters that the optimizer is set to try. In this case, it's 25.

2. **`completed_trials`**: Indicates how many trials have been completed out of `max_trials`. Currently, 3 trials are done.

3. **`search_space`**: This defines the range of hyperparameter values that the optimizer can choose from during its search for the optimal model configuration.
   - **`lr` (Learning Rate)**: The learning rate determines how quickly a model learns from the training data. Lower values mean slower learning but more precise convergence, while higher values mean faster learning but risk overshooting optimal parameters. The learning rates to consider are [1, 0.1, 0.01, 0.001, 0.0001].
   - **`k2`**: This seems to be another hyperparameter that could potentially control some aspect of the model's behavior (possibly related to regularization or a specific algorithmic parameter). The values for `k2` are [0.1, 0.01, 0.0005, 0.0001].

4. **`trials`**: This is an array containing objects that represent each completed trial. Each object includes:
   - **Hyperparameter settings tried** (`'k2'` and `'lr'`): The specific values of `k2` and learning rate used in this trial.
   - **`PSNR` (Peak Signal-to-Noise Ratio)**: A metric often used to measure the quality of an image. Higher PSNR indicates better reconstruction or prediction quality, usually up to a certain threshold beyond which further improvements are imperceptible. For each trial, it shows how well the model performed with those specific hyperparameters.

Example analysis based on provided data:
- The best `PSNR` achieved so far is approximately 23.1309 when `'k2'` was 0.01 and `'lr'` was 0.001.
- A learning rate of 1.0 led to a poor PSNR of about 6.982, suggesting that such a high learning rate might be too aggressive for effective model training in this context.

To further optimize the hyperparameters based on this information:
- You could adjust your `max_trials` if the algorithm converges sooner or needs more attempts.
- Narrow down the ranges of hyperparameters to explore (`search_space`) if some values clearly perform better than others, focusing on refining around those successful configurations.
- Consider adding other metrics or utilizing techniques like cross-validation for a more robust evaluation of model performance during these trials.

Here's how you might express this data in Python (assuming it's already parsed from JSON):

```python
# Example usage: Iterating through completed trials and printing results
data = {
    'max_trials': 25,
    'completed_trials': 3,
    'search_space': {'lr': [1, 0.1, 0.01, 0.001, 0.0001], 'k2': [0.1, 0.01, 0.0005, 0.0001]},
    'trials': [{'k2': 0.01, 'lr': 1.0, 'PSNR': 6.982}, {'k2': 0.01, 'lr': 0.001, 'PSNR': 23.1309}, {'k2': 0.0005, 'lr': 0.001, 'PSNR': 21.1342}]
}

best_trial = max(data['trials'], key=lambda trial: trial['PSNR'])

print("Best PSNR:", best_trial['PSNR'])
print("With k2 =", best_trial['k2'], "and learning rate =", best_trial['lr'])

# Or, to find the best setting for a hyperparameter across all trials
best_lr = max(data['trials'], key=lambda trial: trial['PSNR'])['lr']
print("Best Learning Rate:", best_lr)
```

This Python example finds and prints out the trial with the highest `PSNR` value (i.e., the "best" performance given this optimization process), along with the corresponding hyperparameter settings.
## Round 40
Response: It looks like you're working with a dictionary that represents the state of a hyperparameter search process. Here's a breakdown of what each part of the dictionary seems to represent:

* `max_trials`: The maximum number of trials (i.e., attempts to find the best combination of hyperparameters) that will be performed.
* `completed_trials`: The number of trials that have been completed so far.
* `search_space`: A dictionary that defines the range of possible values for each hyperparameter. In this case, there are two hyperparameters:
	+ `lr` (likely short for "learning rate"): a list of possible learning rates to try, ranging from 1 to 0.0001.
	+ `k2`: a list of possible values for the `k2` hyperparameter, ranging from 0.1 to 0.0001.
* `trials`: A list of dictionaries, where each dictionary represents a single trial that has been completed. Each trial dictionary contains:
	+ The value of `k2` used in that trial
	+ The value of `lr` used in that trial
	+ The result of the trial, represented by the `PSNR` (Peak Signal-to-Noise Ratio) metric

Based on this data, it looks like three trials have been completed so far. Here's a summary of each trial:

1. `k2=0.01`, `lr=1.0`, `PSNR=6.982`
2. `k2=0.01`, `lr=0.001`, `PSNR=23.1309`
3. `k2=0.0005`, `lr=0.001`, `PSNR=21.1342`

The hyperparameter search is likely trying to maximize the `PSNR` metric, so trial 2 seems to be the most promising so far with a `PSNR` of 23.1309.

If you'd like to perform further analysis or visualization on this data, I can help with that!
## Round 41
Response: The provided text appears to be a JSON object representing the state of a hyperparameter tuning process, likely from an optimization library such as Optuna or Hyperopt. Let's break down what each part of this object means:

- `max_trials`: This is the total number of trials (or experiments) that will be conducted in the search for optimal hyperparameters. It's set to 25, meaning the process will attempt up to 25 different combinations of hyperparameters.

- `completed_trials`: This indicates how many trials have been completed so far. In this case, it's 3, which means three sets of hyperparameters have been tested.

- `search_space`: This defines the range of values for each hyperparameter that should be considered during the optimization process.
  - `lr` (learning rate) can take on five different values: 1, 0.1, 0.01, 0.001, or 0.0001. These are common learning rates used in machine learning model training.
  - `k2` is another hyperparameter that can take on four different values: 0.1, 0.01, 0.0005, or 0.0001.

- `trials`: This section contains the results of the trials that have been completed. Each trial is represented by a dictionary that includes:
  - The specific value of `k2` and `lr` used in the trial.
  - `PSNR`, which stands for Peak Signal-to-Noise Ratio, a measure often used to evaluate the quality of images or videos after compression or reconstruction. Higher PSNR values generally indicate better image or video quality.

For example, the first trial used `k2=0.01` and `lr=1.0`, resulting in a PSNR of 6.982. The second trial used `k2=0.01` and `lr=0.001`, achieving a much higher PSNR of 23.1309.

This data could be interpreted to understand how different combinations of hyperparameters (`lr` and `k2`) affect the performance (as measured by PSNR) in an experiment, likely involving image processing or reconstruction tasks.
## Round 42
Response: A dictionary containing the results of a hyperparameter tuning process!

Let's break it down:

**Top-level keys**

1. `max_trials`: The maximum number of trials (i.e., experiments) to run during the hyperparameter search. In this case, the maximum is 25.
2. `completed_trials`: The number of trials that have already been completed. Currently, 3 trials are done.
3. `search_space`: A dictionary defining the range of values for each hyperparameter to be searched.
4. `trials`: A list of dictionaries containing the results of each completed trial.

**Search space**

The `search_space` dictionary specifies two hyperparameters:

1. `lr` (learning rate): Possible values are `[1, 0.1, 0.01, 0.001, 0.0001]`.
2. `k2`: Possible values are `[0.1, 0.01, 0.0005, 0.0001]`.

**Trials**

The `trials` list contains three dictionaries, each representing a completed trial:

1. **Trial 1**:
	* `k2`: 0.01
	* `lr`: 1.0
	* `PSNR` ( Peak Signal-to-Noise Ratio): 6.982
2. **Trial 2**:
	* `k2`: 0.01
	* `lr`: 0.001
	* `PSNR`: 23.1309
3. **Trial 3**:
	* `k2`: 0.0005
	* `lr`: 0.001
	* `PSNR`: 21.1342

The `PSNR` value is likely the objective function being optimized, with higher values indicating better performance.

This dictionary provides a snapshot of the hyperparameter search process, showing the current state of the search and the results of the trials completed so far.
## Round 43
Response: The provided data appears to be a snapshot of an optimization process, likely from a Bayesian optimization or hyperparameter tuning procedure in machine learning. Here's a breakdown of what each part means and a simple Python script to analyze it:

### Breakdown

- **`max_trials`**: This is the maximum number of experiments (trials) that will be conducted during the optimization process.
- **`completed_trials`**: The number of trials that have been completed up to this point in the optimization process.
- **`search_space`**: Defines the hyperparameters being tuned and their possible values. In this case, there are two hyperparameters:
  - **`lr`** (learning rate): Possible values are `[1, 0.1, 0.01, 0.001, 0.0001]`.
  - **`k2`**: Possible values are `[0.1, 0.01, 0.0005, 0.0001]`.
- **`trials`**: A list of dictionaries where each dictionary represents a completed trial, including the specific hyperparameters used (`k2` and `lr`) and the resulting metric value (`PSNR`, which stands for Peak Signal-to-Noise Ratio).

### Example Analysis Script

Below is a Python script that analyzes this data. It calculates the best PSNR (since higher PSNR values indicate better performance in terms of image reconstruction quality or noise reduction), the corresponding hyperparameters, and prints them out.

```python
def analyze_optimization_data(data):
    # Find the trial with the highest PSNR value
    best_trial = max(data['trials'], key=lambda x: x['PSNR'])
    
    print(f"Best PSNR: {best_trial['PSNR']}")
    print(f"Corresponding Hyperparameters:");
    for param, value in best_trial.items():
        if param != 'PSNR':
            print(f"{param}: {value}")

# Provided data
data = {
    'max_trials': 25,
    'completed_trials': 3,
    'search_space': {'lr': [1, 0.1, 0.01, 0.001, 0.0001], 'k2': [0.1, 0.01, 0.0005, 0.0001]},
    'trials': [{'k2': 0.01, 'lr': 1.0, 'PSNR': 6.982}, {'k2': 0.01, 'lr': 0.001, 'PSNR': 23.1309}, {'k2': 0.0005, 'lr': 0.001, 'PSNR': 21.1342}]
}

# Analyze and print results
analyze_optimization_data(data)
```

Running this script will output the best PSNR value achieved so far in the optimization process, along with the corresponding `k2` and `lr` values that led to this outcome. This information is crucial for selecting the optimal hyperparameters for a model based on the metric of interest (in this case, PSNR).
## Round 44
Response: The text you've provided appears to be a dictionary representing the state of an optimization or hyperparameter tuning process, possibly from a Bayesian optimization or grid search algorithm in machine learning. Let's break down what each part means:

- `'max_trials'`: This indicates the maximum number of trials (combinations of hyperparameters) that will be tested during the optimization process. In this case, the process is set to test up to 25 different combinations.

- `'completed_trials'`: This shows how many trials have been completed so far. Since it's 3, this means three sets of hyperparameters have been tested out of the maximum possible 25.

- `'search_space'`: This defines the range of values for each hyperparameter that will be explored during the optimization process.
  - `'lr'` (learning rate) can take on values from `[1, 0.1, 0.01, 0.001, 0.0001]`.
  - `'k2'` can take on values from `[0.1, 0.01, 0.0005, 0.0001]`.

- `'trials'`: This is a list of dictionaries where each dictionary represents the results of a single trial.
  - Each trial's dictionary contains:
    - The values chosen for `k2` and `lr`.
    - The result of that trial in terms of `PSNR` (Peak Signal-to-Noise Ratio), which seems to be the metric being optimized. Higher PSNR values generally indicate better performance, especially in image processing tasks where PSNR is commonly used.

Given this context, here are the implications and possible next steps:

1. **Optimization Goal**: The process aims to maximize the `PSNR` by finding the optimal combination of hyperparameters (`lr` and `k2`) from the defined search space.

2. **Progress**: So far, three combinations have been tested:
   - The first trial with `k2=0.01` and `lr=1.0` yielded a `PSNR` of approximately 6.98.
   - The second trial with `k2=0.01` and `lr=0.001` resulted in a significantly higher `PSNR` of about 23.13.
   - The third trial used `k2=0.0005` and `lr=0.001`, achieving a `PSNR` of around 21.13.

3. **Next Steps**: Based on the results, it seems lowering the learning rate (`lr`) significantly improves the PSNR outcome in this context. The algorithm might next explore other combinations within the defined search space to see if an even higher PSNR can be achieved by tweaking `k2` and/or `lr`. Given that only 3 out of 25 trials have been completed, there are 22 more opportunities to find a better combination.

To act on this information or proceed with further analysis, you would typically continue running the optimization algorithm until all planned trials (`max_trials`) have been completed, then review the results to identify which hyperparameter settings led to the best performance (highest PSNR in this case).
## Round 45
Response: The dictionary you've provided appears to be a snapshot of the state of a hyperparameter tuning process, likely from an optimization algorithm such as Bayesian optimization or random search, used in machine learning for finding the best parameters (hyperparameters) for a model. Let's break down what each part of this dictionary typically represents:

- `max_trials`: The total number of different combinations of hyperparameters that the algorithm is set to try.
- `completed_trials`: The number of trials that have been completed so far.
- `search_space`: Defines the range of values for each hyperparameter that the algorithm can choose from. In this case, there are two hyperparameters:
  - `lr` (learning rate): A fundamental hyperparameter in training machine learning models, which controls how quickly the model learns from the data. The possible values are `[1, 0.1, 0.01, 0.001, 0.0001]`.
  - `k2`: Another hyperparameter whose specific meaning can vary depending on the context (it might refer to a regularization strength or another parameter specific to the model or algorithm being tuned). The possible values are `[0.1, 0.01, 0.0005, 0.0001]`.
- `trials`: A list of dictionaries, where each dictionary represents a completed trial with the following information:
  - The specific values of `k2` and `lr` that were tried.
  - The resulting performance metric (`PSNR`) from using those hyperparameters. PSNR stands for Peak Signal-to-Noise Ratio and is often used as an evaluation metric in image processing tasks, indicating how similar a processed image is to the original.

Here's an example of what one of these trials looks like:
```python
{
    'k2': 0.01,
    'lr': 1.0,
    'PSNR': 6.982
}
```
This trial used `k2=0.01` and `lr=1.0`, achieving a PSNR of `6.982`.

### Example Code to Generate Such a Dictionary

If you're working with Python, here's a simple example of how you could manually construct such a dictionary after performing some trials:

```python
# Manual construction of the hyperparameter tuning state
hyperparameter_tuning_state = {
    'max_trials': 25,
    'completed_trials': 3,
    'search_space': {
        'lr': [1, 0.1, 0.01, 0.001, 0.0001],
        'k2': [0.1, 0.01, 0.0005, 0.0001]
    },
    'trials': [
        {'k2': 0.01, 'lr': 1.0, 'PSNR': 6.982},
        {'k2': 0.01, 'lr': 0.001, 'PSNR': 23.1309},
        {'k2': 0.0005, 'lr': 0.001, 'PSNR': 21.1342}
    ]
}

# Printing the state
print(hyperparameter_tuning_state)
```

### Practical Use Case

In a real-world scenario, this dictionary would be dynamically updated as each trial completes. For instance, you might have a loop that iterates over possible combinations of hyperparameters, runs your model with those parameters, evaluates its performance (e.g., calculates PSNR), and then updates the `trials` list in the dictionary with the results before moving on to the next combination.

```python
import itertools

# Example usage: assuming you have a function train_model(lr, k2) that trains a model
# and returns its PSNR value.
def train_model(lr, k2):
    # This is a placeholder for your actual training logic
    # For demonstration purposes, it just calculates a dummy PSNR value
    return 20.0 + lr * 10 - k2 * 100

search_space = {
    'lr': [1, 0.1, 0.01],
    'k2': [0.1, 0.01]
}

max_trials = len(list(itertools.product(*search_space.values())))

hyperparameter_tuning_state = {
    'max_trials': max_trials,
    'completed_trials': 0,
    'search_space': search_space,
    'trials': []
}

for lr, k2 in itertools.product(*search_space.values()):
    psnr = train_model(lr, k2)
    trial_result = {'k2': k2, 'lr': lr, 'PSNR': psnr}
    hyperparameter_tuning_state['trials'].append(trial_result)
    hyperparameter_tuning_state['completed_trials'] += 1

print(hyperparameter_tuning_state)
```
## Round 46
Response: It appears you have provided a dictionary containing information about a hyperparameter search process for a machine learning model. Let's break down the key components and interpret them:

1. **`max_trials`**: This indicates the maximum number of trials (or experiments) that are intended to be performed during the search. In this case, it's set to 25.

2. **`completed_trials`**: This shows how many trials have been completed so far. Currently, 3 trials are done out of the planned 25.

3. **`search_space`**: This defines the range of hyperparameters that will be explored during the search. There are two hyperparameters in this space:
   - **`lr` (Learning Rate)**: Being searched over five different values (1, 0.1, 0.01, 0.001, 0.0001).
   - **`k2`**: Being searched over four different values (0.1, 0.01, 0.0005, 0.0001).

4. **`trials`**: This is a list that contains the results of each completed trial. Each dictionary within the list represents a single trial and includes:
   - The chosen value for `k2`.
   - The chosen learning rate (`lr`).
   - The achieved performance metric, which in this case is `PSNR` (Peak Signal-to-Noise Ratio), commonly used to measure image quality.

The three trials that have been completed show the following configurations and results:
- **Trial 1**: Used `k2 = 0.01` and `lr = 1.0`, resulting in a PSNR of approximately 6.982.
- **Trial 2**: Used `k2 = 0.01` and `lr = 0.001`, achieving a significantly higher PSNR of about 23.1309.
- **Trial 3**: With `k2 = 0.0005` and `lr = 0.001`, it achieved a PSNR of approximately 21.1342.

Given these outcomes, we can infer:
- The learning rate has a significant impact on the model's performance (PSNR), with lower learning rates leading to much better performance in the completed trials.
- The effect of `k2` is less clear from just three trials, but it might be beneficial to explore its lower values given that trial 3 showed good performance.

This search process aims to find an optimal combination of hyperparameters (`lr` and `k2`) within the defined search space that maximizes the model's PSNR (or achieves any other optimization goal). Based on these initial trials, further exploration with adjusted learning rates and potentially finer granularity for `k2` might yield even better results.
## Round 47
Response: The data you've provided appears to be a dictionary representing the state of an optimization or hyperparameter tuning process for a model, likely used in a machine learning context. Let's break down what each part means:

- `max_trials`: This represents the maximum number of trials (or experiments) that will be conducted during the optimization process. It's set to 25, meaning up to 25 different combinations of hyperparameters can be tested.

- `completed_trials`: This indicates how many trials have been completed so far. With a value of 3, it means three different sets of hyperparameters have been tried and their performance evaluated.

- `search_space`: This defines the range of values for each hyperparameter that will be explored during the optimization process.
  - `lr` (learning rate): The possible learning rates to try are [1, 0.1, 0.01, 0.001, 0.0001]. Learning rate is a critical hyperparameter in machine learning that controls how quickly a model learns from its data.
  - `k2`: This likely represents another hyperparameter (possibly related to regularization or another aspect of the model). Its possible values are [0.1, 0.01, 0.0005, 0.0001].

- `trials`: This is a list of dictionaries, where each dictionary represents a trial that has been completed.
  - Each trial includes the specific value of hyperparameters (`k2` and `lr`) used for that trial and the performance metric result (`PSNR`, which stands for Peak Signal-to-Noise Ratio). PSNR is often used to measure the quality of an image or video after it has been compressed or processed.

Here's a breakdown of each completed trial:

1. **Trial 1**: Used `k2 = 0.01` and `lr = 1.0`, resulting in a PSNR of 6.982.
2. **Trial 2**: Used `k2 = 0.01` and `lr = 0.001`, resulting in a significantly better PSNR of 23.1309.
3. **Trial 3**: Used `k2 = 0.0005` and `lr = 0.001`, with a PSNR of 21.1342.

This data suggests that the learning rate has a significant impact on performance, as seen by comparing Trials 1 and 2, where changing `lr` from 1.0 to 0.001 greatly improves PSNR while keeping `k2` constant. Trial 3 indicates that adjusting `k2` can also affect performance but to a lesser extent compared to the learning rate in these initial trials.

To further optimize based on this data, one might consider focusing more on tuning the learning rate (`lr`) due to its clear impact and then refine `k2` for additional gains. However, the interaction between hyperparameters means testing combinations systematically can help identify the optimal set of values that yield the best performance as measured by PSNR or another relevant metric.
## Round 48
Response: The data you've provided appears to be a dictionary that summarizes the status and results of an optimization or hyperparameter tuning process for a model, presumably in the context of machine learning. Here's a breakdown of what each part of this dictionary seems to represent:

1. **`max_trials`**: This indicates the maximum number of trials (or experiments) that are intended to be performed during the hyperparameter search.

2. **`completed_trials`**: This tells us how many trials have been completed so far out of `max_trials`.

3. **`search_space`**: This defines the range of values for each hyperparameter that the optimization algorithm is allowed to explore.
   - **`lr`** stands for learning rate, a crucial hyperparameter in machine learning models that controls how quickly the model learns from its data.
   - **`k2`** seems to be another hyperparameter whose specific role isn't specified here but could potentially represent something like a regularization strength or another model-specific parameter.

4. **`trials`**: This is a list of dictionaries, where each dictionary represents a single trial (or experiment) that has been completed.
   - Each trial's dictionary contains the values of `k2` and `lr` that were used in that trial, along with the resulting performance metric (`PSNR`, which stands for Peak Signal-to-Noise Ratio). PSNR is often used as a quality metric to evaluate the performance of models, especially those related to image or signal processing.

Given this structure, here are some general observations and suggestions:

### Observations:
- The optimization process has completed only 3 trials out of a planned 25.
- The search space for `lr` covers a wide range (from 1 down to 0.0001), which is typical because the optimal learning rate can vary significantly between different models and datasets.
- For `k2`, the values are also varied but start from a smaller base, suggesting it might be representing something that needs a more delicate adjustment, possibly related to regularization or decay rates.

### Suggestions:
- **Hyperparameter Tuning**: The process seems to be aimed at finding optimal hyperparameters (`lr` and `k2`) that result in the best PSNR. Given the small number of completed trials compared to `max_trials`, it's likely that this process is ongoing, and more combinations will be explored.
  
- **Performance Evaluation**: With only three results (PSNR values of approximately 7, 23.13, and 21.13), it's too early to draw strong conclusions about the optimal hyperparameters without seeing more trials.

- **Optimization Algorithm**: The choice of an optimization algorithm isn't specified here but could significantly impact how efficiently the search space is explored and how good the final set of hyperparameters turns out to be. Common algorithms for such tasks include grid search, random search, Bayesian optimization, etc.

To proceed with further analysis or recommendations, it would be helpful to know more about the specific model being optimized (e.g., its type, purpose, data), the optimization algorithm in use, and any particular goals or constraints of the optimization process.
## Round 49
Response: The data you've provided appears to be a Python dictionary representing the state of some optimization process, likely from a machine learning or deep learning experiment using hyperparameter tuning. Here's a breakdown of what each part of this dictionary seems to represent:

1. **`max_trials`**: This is the maximum number of trials (experiments) that can be run in the search for optimal hyperparameters. The value here is `25`, meaning the optimization process is set to try up to 25 different combinations of hyperparameters.

2. **`completed_trials`**: This indicates how many trials have been completed so far. With a value of `3`, it means three experiments with different sets of hyperparameters have been conducted.

3. **`search_space`**: This defines the range of values for each hyperparameter that the optimizer is allowed to explore. In this case, there are two hyperparameters being tuned:
   - **`lr`** (learning rate): The possible values are `[1, 0.1, 0.01, 0.001, 0.0001]`.
   - **`k2`**: The possible values are `[0.1, 0.01, 0.0005, 0.0001]`.

4. **`trials`**: This is a list of dictionaries, each representing a completed trial (experiment). Each dictionary contains the specific hyperparameters (`lr` and `k2`) that were used in the trial, as well as the outcome measure (`PSNR`, which stands for Peak Signal-to-Noise Ratio, often used to evaluate image quality).

   - **First Trial**: `lr = 1.0`, `k2 = 0.01`, resulting in a `PSNR` of `6.982`.
   - **Second Trial**: `lr = 0.001`, `k2 = 0.01`, resulting in a `PSNR` of `23.1309`.
   - **Third Trial**: `lr = 0.001`, `k2 = 0.0005`, resulting in a `PSNR` of `21.1342`.

Given this information, it appears the optimization goal is to maximize the `PSNR` by finding the optimal combination of learning rate (`lr`) and another hyperparameter (`k2`). The process has so far completed three trials out of a possible twenty-five, with the best `PSNR` achieved being approximately `23.1309` in the second trial.

This setup could be part of a broader experiment using techniques like Bayesian optimization or grid search to find optimal hyperparameters for training a model, likely for image processing or restoration tasks given the use of PSNR as an evaluation metric.
## Round 50
Response: This appears to be a dictionary representing the state of an optimization process, likely from a Bayesian optimization or hyperparameter tuning algorithm. Let's break down what each part means:

- `max_trials`: This is the maximum number of trials (or iterations) that the optimization process is set to perform. In this case, it's 25.

- `completed_trials`: This indicates how many trials have been completed so far. Here, it shows that 3 trials have been completed out of the maximum 25.

- `search_space`: This defines the range of hyperparameters that the algorithm will explore during its search for optimal parameters. There are two hyperparameters being tuned:
  - `lr` (learning rate): The algorithm is considering learning rates from 1 down to 0.0001, with several orders of magnitude in between.
  - `k2`: This parameter has four potential values: 0.1, 0.01, 0.0005, and 0.0001.

- `trials`: This is a list of dictionaries, where each dictionary represents the outcome of a trial. Each trial specifies:
  - The value of `k2` used.
  - The value of `lr` (learning rate) used.
  - The resulting `PSNR` (Peak Signal-to-Noise Ratio), which seems to be the metric being optimized. PSNR is often used in image processing as a measure of quality; higher values generally indicate better performance.

Given this structure, here's an example interpretation based on the provided data:

1. **Max Trials**: The optimization process is set to perform up to 25 trials.
2. **Completed Trials**: So far, only 3 trials have been completed.
3. **Search Space**:
   - `lr` could be any of `[1, 0.1, 0.01, 0.001, 0.0001]`.
   - `k2` could be any of `[0.1, 0.01, 0.0005, 0.0001]`.
4. **Trials**:
   - First trial: Used `k2 = 0.01`, `lr = 1.0`, resulting in a PSNR of approximately 6.982.
   - Second trial: Used `k2 = 0.01`, `lr = 0.001`, with a much better PSNR of about 23.1309.
   - Third trial: Used `k2 = 0.0005`, `lr = 0.001`, achieving a PSNR of around 21.1342.

The optimization process seems to be trying to find the best combination of `k2` and `lr` that maximizes the PSNR, indicating better performance in an image processing or similar task. The algorithm has more trials to go (22 remaining), which will allow it to explore different combinations of these hyperparameters further.
## Round 51
Response: The text you've provided appears to be a dictionary (a data structure in Python) that represents the state of an experiment or optimization process, likely in the context of machine learning or similar numerical computations. Let's break down what each part of this dictionary means and how it could be interpreted:

1. **`max_trials`**: This indicates the maximum number of trials (experiments or iterations) planned for the optimization process. In this case, up to 25 different combinations of parameters are intended to be tested.

2. **`completed_trials`**: Shows how many trials have been completed out of the `max_trials`. Here, it's indicated that 3 trials have been completed.

3. **`search_space`**: This is a dictionary defining the range of values for each parameter that will be varied during the optimization process.
   - **`lr`** (learning rate): The learning rate is a hyperparameter that controls how quickly a model learns from its data. It has a significant impact on the training performance and the final convergence of the model. In this case, `lr` can take values from `[1, 0.1, 0.01, 0.001, 0.0001]`.
   - **`k2`**: This seems to be another hyperparameter, possibly related to regularization or another aspect of model training (its exact meaning depends on the context in which this optimization is being performed). `k2` can take values from `[0.1, 0.01, 0.0005, 0.0001]`.

4. **`trials`**: This is a list of dictionaries where each dictionary represents a completed trial (experiment).
   - Each trial includes the specific value of **`k2`** and **`lr`** used in that trial.
   - **`PSNR`** (Peak Signal-to-Noise Ratio): This appears to be the metric used to evaluate the performance or quality of each trial. PSNR is commonly used in image processing as a measure of the difference between two images, but its use here might be broader, indicating how well each set of parameters performed.

Based on this information:

- **The goal** could be to find the best combination of `lr` and `k2` that maximizes the PSNR (i.e., achieves the highest quality or performance) within the specified search space.
  
- **Observations**: From the three trials completed, it seems like a learning rate (`lr`) of 0.001 combined with a relatively small `k2` value tends to perform better in terms of PSNR.

Here is an example of how you might continue this optimization process in Python by iterating through all possible combinations of hyperparameters defined in `search_space`, evaluating the performance (PSNR) for each combination, and keeping track of the trials as shown:

```python
import itertools

def evaluate_trial(k2, lr):
    # This placeholder function should be replaced with your actual model training/evaluation code.
    # For demonstration purposes, it simply returns a dummy PSNR value based on input parameters.
    return 20.0 + (lr * 10) - (k2 * 100)

def optimize_hyperparameters(search_space, max_trials):
    completed_trials = []
    
    for k2 in search_space['k2']:
        for lr in search_space['lr']:
            # Assuming evaluate_trial function trains a model, evaluates it, and returns PSNR
            psnr = evaluate_trial(k2, lr)
            
            trial_result = {'k2': k2, 'lr': lr, 'PSNR': psnr}
            completed_trials.append(trial_result)
            
            if len(completed_trials) >= max_trials:
                break
                
        if len(completed_trials) >= max_trials:
            break
            
    return completed_trials

search_space = {'lr': [1, 0.1, 0.01, 0.001, 0.0001], 'k2': [0.1, 0.01, 0.0005, 0.0001]}
max_trials = 25

trials = optimize_hyperparameters(search_space, max_trials)

# Print all trials
for i, trial in enumerate(trials):
    print(f"Trial {i+1}: k2={trial['k2']}, lr={trial['lr']}, PSNR={trial['PSNR']}")
```

Remember, this is a simplified example for illustration. Real-world optimization would involve more sophisticated methods like grid search, random search, Bayesian optimization, or using libraries designed specifically for hyperparameter tuning such as Optuna, Hyperopt, or Keras Tuner in Python.
## Round 52
Response: The provided data appears to be a snapshot of an ongoing optimization process for hyperparameters in a machine learning model or another computational task. Here's a breakdown and analysis based on the information given:

### Overview
- **`max_trials`:** The maximum number of trials (experiments) that will be conducted is set to 25.
- **`completed_trials`:** Out of these, 3 trials have been completed so far.
- **`search_space`:** Defines the range of values for two hyperparameters (`lr` and `k2`) that are being tuned. 
    - `lr` (learning rate) can be one of [1, 0.1, 0.01, 0.001, 0.0001].
    - `k2` can take on values from [0.1, 0.01, 0.0005, 0.0001].
- **`trials`:** Contains details of the completed trials.

### Analysis of Completed Trials
#### Trial 1:
- `k2 = 0.01`, `lr = 1.0`
- Result: `PSNR = 6.982`

#### Trial 2:
- `k2 = 0.01`, `lr = 0.001`
- Result: `PSNR = 23.1309`

#### Trial 3:
- `k2 = 0.0005`, `lr = 0.001`
- Result: `PSNR = 21.1342`

### Observations
1. **Learning Rate Impact:** A significant jump in PSNR (from 6.982 to 23.1309) is observed when the learning rate (`lr`) changes from 1.0 to 0.001, while keeping `k2` constant at 0.01. This suggests that a lower learning rate of 0.001 is substantially better than 1.0 for these initial conditions.
   
2. **k2 Impact:** Comparing Trial 2 and Trial 3, where `lr` remains constant (0.001) but `k2` changes from 0.01 to 0.0005, there's a noticeable decrease in PSNR (from 23.1309 to 21.1342). This indicates that for the given learning rate of 0.001, a higher value of `k2` (0.01) performs better than a lower value (0.0005).

### Recommendations
- Given the dramatic improvement seen with `lr = 0.001`, future trials should prioritize exploring this and other low learning rates.
- The parameter `k2` shows promise at higher values within its defined range (`k2 = 0.01`), suggesting that more trials around this value could yield better results.

### Further Exploration
To further optimize, consider:
- Keeping the learning rate fixed at 0.001 (since it showed significant improvement) and exploring the `k2` space more thoroughly.
- Considering other potential hyperparameters not currently being tuned.
- Potentially expanding the search space for both `lr` and `k2`, especially if there are reasons to believe optimal values might lie outside the current ranges.

Given that only 3 out of a planned 25 trials have been completed, there's ample opportunity to explore different combinations of hyperparameters within the defined search space.
## Round 53
Response: This is a JSON object that appears to be storing information about a hyperparameter search for a machine learning model. Here's a breakdown of the keys and values:

* `max_trials`: The maximum number of trials (i.e., experiments) that will be conducted in the search process. In this case, it's set to 25.
* `completed_trials`: The number of trials that have already been completed. Currently, 3 trials have finished.
* `search_space`: This dictionary defines the hyperparameter space to be explored during the search process. It contains two keys:
	+ `lr`: A list of possible learning rates (1, 0.1, 0.01, 0.001, and 0.0001).
	+ `k2`: A list of possible values for the hyperparameter `k2` (0.1, 0.01, 0.0005, and 0.0001).
* `trials`: This list stores information about each completed trial. Each trial is represented as a dictionary containing:
	+ The value of `k2` used in that trial.
	+ The learning rate (`lr`) used in that trial.
	+ The Peak Signal-to-Noise Ratio (PSNR) achieved by the model during that trial.

The three completed trials are:

1. `k2 = 0.01`, `lr = 1.0`, PSNR = 6.982
2. `k2 = 0.01`, `lr = 0.001`, PSNR = 23.1309
3. `k2 = 0.0005`, `lr = 0.001`, PSNR = 21.1342

This data structure is likely being used to track the progress of a hyperparameter search, where the goal is to find the combination of `k2` and `lr` that results in the best PSNR performance for the model.
## Round 54
Response: The text you've provided represents a dictionary in Python that appears to be related to the results of some sort of optimization or hyperparameter tuning process for a model, likely a deep learning model given the mention of "lr" (learning rate) and other parameters ("k2"). The dictionary contains information about the search space for these parameters, previous trials including their configurations and outcomes (measured by PSNR, which stands for Peak Signal-to-Noise Ratio, an engineering term for the ratio between the maximum possible power of a signal and the power of corrupting noise that affects the fidelity of its representation), and the progress of the optimization process.

Here's a breakdown of what each part of this dictionary represents:

1. **`max_trials`**: The total number of trials (different combinations of hyperparameters) that will be attempted in the search for optimal parameters.
2. **`completed_trials`**: The number of trials that have been completed so far.
3. **`search_space`**: A dictionary defining the range or specific values to try for each hyperparameter during the optimization process. 
   - `lr`: Represents learning rates to be tried (ranging from 1 down to 0.0001).
   - `k2`: Represents another hyperparameter with its possible values.
4. **`trials`**: A list of dictionaries where each dictionary represents a trial that has been completed. Each includes:
   - The specific value for `k2` used in the trial.
   - The learning rate (`lr`) used.
   - The outcome or result of this trial measured by `PSNR`, indicating how well the model performed with these hyperparameter settings.

To give an example based on one of the trials:

```python
# Define a function to extract information about each trial
def print_trial(trial):
    print(f"Trial with k2={trial['k2']}, lr={trial['lr']} achieved PSNR: {trial['PSNR']}")

# Assuming 'data' is your provided dictionary
data = {'max_trials': 25, 'completed_trials': 3, 'search_space': {'lr': [1, 0.1, 0.01, 0.001, 0.0001], 'k2': [0.1, 0.01, 0.0005, 0.0001]}, 
        'trials': [{'k2': 0.01, 'lr': 1.0, 'PSNR': 6.982}, {'k2': 0.01, 'lr': 0.001, 'PSNR': 23.1309}, {'k2': 0.0005, 'lr': 0.001, 'PSNR': 21.1342}]}

# Iterate over each trial and print its result
for trial in data['trials']:
    print_trial(trial)
```

This code snippet iterates through the trials and prints out the configuration (`k2` and `lr`) along with the achieved `PSNR` for each one, illustrating how you can work with or analyze this kind of optimization result.
## Round 55
Response: It appears you've provided a dictionary that represents the state of an ongoing hyperparameter optimization process for a machine learning model. Here's a breakdown of what each key in this dictionary seems to represent:

- `'max_trials'`: The maximum number of trials (or experiments) that will be conducted during this optimization process.

- `'completed_trials'`: The number of trials that have been completed so far.

- `'search_space'`: A dictionary defining the hyperparameters and their possible values that are being optimized. In your example, it includes:
  - `'lr'` (learning rate): Potential learning rates for the model.
  - `'k2'`: Another hyperparameter with its potential values.

- `'trials'`: A list of dictionaries, each representing a completed trial. Each dictionary within this list contains the specific hyperparameter values tried and the outcome (`'PSNR'`, which stands for Peak Signal-to-Noise Ratio, often used as a metric to evaluate the quality of images or video).

Given your example:

```python
example_dict = {
    'max_trials': 25,
    'completed_trials': 3,
    'search_space': {
        'lr': [1, 0.1, 0.01, 0.001, 0.0001],
        'k2': [0.1, 0.01, 0.0005, 0.0001]
    },
    'trials': [
        {'k2': 0.01, 'lr': 1.0, 'PSNR': 6.982},
        {'k2': 0.01, 'lr': 0.001, 'PSNR': 23.1309},
        {'k2': 0.0005, 'lr': 0.001, 'PSNR': 21.1342}
    ]
}
```

### Potential Next Steps

1. **Analyze Current Trials**: Evaluate the outcomes (`'PSNR'` values) of the completed trials to identify trends or promising combinations of hyperparameters.

2. **Plan New Trials**: Based on the current state, decide which hyperparameter combinations should be tried next to efficiently explore the search space and potentially improve upon the best `'PSNR'` score found so far.

3. **Continue Optimization**: Continue conducting new trials until the maximum number of trials (`'max_trials'`) is reached or a satisfactory model performance is achieved.

4. **Best Parameters Identification**: After completing all planned trials, identify the combination of hyperparameters that resulted in the best `'PSNR'` value, which could then be used to train a final model for deployment.

Here's a simple Python function that finds the trial with the highest PSNR:

```python
def find_best_trial(trials):
    return max(trials, key=lambda x: x['PSNR'])

best_trial = find_best_trial(example_dict['trials'])
print("Best Trial:", best_trial)
```

This should output:

```
Best Trial: {'k2': 0.01, 'lr': 0.001, 'PSNR': 23.1309}
```
## Round 56
Response: It looks like you have a dictionary representing the state of a hyperparameter tuning process, possibly using a library like Hyperopt or Optuna.

Here's a breakdown of what each key-value pair in the dictionary represents:

* `max_trials`: The maximum number of trials (i.e., different combinations of hyperparameters) that will be executed. In this case, it's set to 25.
* `completed_trials`: The number of trials that have already been completed. Currently, it's at 3.
* `search_space`: A dictionary defining the search space for the hyperparameters. It contains two keys:
	+ `lr` (learning rate): a list of possible values for the learning rate, ranging from 1 to 0.0001.
	+ `k2`: a list of possible values for the `k2` hyperparameter, ranging from 0.1 to 0.0001.
* `trials`: A list of dictionaries, where each dictionary represents a completed trial. Each trial contains:
	+ `k2` and `lr`: the specific values of these hyperparameters used in this trial.
	+ `PSNR`: the performance metric (Peak Signal-to-Noise Ratio) achieved by this trial.

So, in summary, you have a hyperparameter tuning process that's searching for the best combination of learning rate (`lr`) and `k2` to optimize the PSNR performance metric. The process has already completed 3 trials out of a maximum of 25.

To visualize or analyze these results further, you could try plotting the PSNR values against the different hyperparameter combinations, or use statistical methods to identify trends or correlations between the hyperparameters and the performance metric.

Here is some sample Python code using `pandas` and `matplotlib` libraries that can be used to load this data into a DataFrame and visualize it:
```python
import pandas as pd
import matplotlib.pyplot as plt

data = {'max_trials': 25, 'completed_trials': 3, 
        'search_space': {'lr': [1, 0.1, 0.01, 0.001, 0.0001], 
                         'k2': [0.1, 0.01, 0.0005, 0.0001]}, 
        'trials': [{'k2': 0.01, 'lr': 1.0, 'PSNR': 6.982}, 
                   {'k2': 0.01, 'lr': 0.001, 'PSNR': 23.1309}, 
                   {'k2': 0.0005, 'lr': 0.001, 'PSNR': 21.1342}]}

# Convert trials to a pandas DataFrame
trials_df = pd.DataFrame(data['trials'])

# Plot PSNR against lr and k2
plt.figure(figsize=(10,6))
for i, row in trials_df.iterrows():
    plt.scatter(row['lr'], row['PSNR'], label=f'k2={row["k2"]}')
plt.xlabel('Learning Rate')
plt.ylabel('PSNR')
plt.title('PSNR vs Learning Rate and k2')
plt.legend()
plt.show()
```
This will create a scatter plot with learning rate on the x-axis, PSNR on the y-axis, and different colors for each `k2` value.
## Round 57
Response: It appears you have a JSON-like object representing the state of an optimization process, likely from a machine learning or deep learning hyperparameter search. Here's a breakdown and some suggestions on how to work with this data:

### Structure Explanation

- **`max_trials`**: The maximum number of trials (experiments) planned for the optimization process.
- **`completed_trials`**: The number of trials that have been completed so far.
- **`search_space`**: Defines the range of hyperparameters to be explored. Here, `lr` and `k2` are being optimized across different values.
  - **`lr`** (learning rate) has options: `[1, 0.1, 0.01, 0.001, 0.0001]`.
  - **`k2`** has options: `[0.1, 0.01, 0.0005, 0.0001]`.
- **`trials`**: A list of dictionaries, where each dictionary contains the hyperparameter settings (`k2` and `lr`) for a trial and the result metric (`PSNR`, which stands for Peak Signal-to-Noise Ratio).

### Example Data

Given:
```python
data = {
    'max_trials': 25,
    'completed_trials': 3,
    'search_space': {'lr': [1, 0.1, 0.01, 0.001, 0.0001], 'k2': [0.1, 0.01, 0.0005, 0.0001]},
    'trials': [
        {'k2': 0.01, 'lr': 1.0, 'PSNR': 6.982},
        {'k2': 0.01, 'lr': 0.001, 'PSNR': 23.1309},
        {'k2': 0.0005, 'lr': 0.001, 'PSNR': 21.1342}
    ]
}
```

### Analyzing Trials

To analyze or extend this optimization process, you might want to:

1. **Find the best trial**: Determine which combination of `k2` and `lr` yielded the highest `PSNR`.
   ```python
best_trial = max(data['trials'], key=lambda x: x['PSNR'])
print(f"Best Trial: k2={best_trial['k2']}, lr={best_trial['lr']}, PSNR={best_trial['PSNR']}")
```

2. **Visualize the results**: Plotting `PSNR` against different combinations of `k2` and `lr` can provide insights into how these hyperparameters affect performance.
   ```python
import matplotlib.pyplot as plt
from mpl_toolkits.mplot3d import Axes3D

# Extract k2, lr, and PSNR values
k2_values = [trial['k2'] for trial in data['trials']]
lr_values = [trial['lr'] for trial in data['trials']]
psnr_values = [trial['PSNR'] for trial in data['trials']]

fig = plt.figure()
ax = fig.add_subplot(111, projection='3d')
ax.scatter(k2_values, lr_values, psnr_values)
plt.show()
```

3. **Continue the optimization**: If `completed_trials` is less than `max_trials`, you might want to continue running trials with new combinations of hyperparameters from your search space until all planned trials are completed.

4. **Refine the search space**: Based on initial results, you might want to refine the ranges of `lr` and `k2` or even introduce new hyperparameters for optimization.

These steps can be part of a broader strategy to iteratively improve model performance by systematically exploring the hyperparameter space.
## Round 58
Response: The data you've provided appears to be a dictionary that represents the current state of an optimization process, likely from a Bayesian optimization or hyperparameter tuning experiment in machine learning. Here's a breakdown of what each part of this dictionary seems to represent:

- `max_trials`: This indicates the maximum number of trials (or iterations) that the optimization process is set to run. In your case, it's set to 25.

- `completed_trials`: This counts how many trials have been completed so far. You've completed 3 trials out of the maximum 25.

- `search_space`: This defines the range of hyperparameters that the optimizer can choose from during its search for the optimal combination. It contains two parameters:
  - `lr`: This typically stands for learning rate, a crucial hyperparameter in training machine learning models, especially neural networks. The learning rate determines how quickly the model learns from the data. Your search space includes five different learning rates: 1, 0.1, 0.01, 0.001, and 0.0001.
  - `k2`: This could represent another hyperparameter, potentially related to a specific algorithm or model you're using (its meaning can vary depending on the context). The search space for `k2` includes four values: 0.1, 0.01, 0.0005, and 0.0001.

- `trials`: This is a list of dictionaries where each dictionary represents a trial that has been completed. Each trial includes the specific hyperparameter settings used (`k2` and `lr`) and the outcome of that trial, measured by `PSNR` (Peak Signal-to-Noise Ratio), which is often used as an evaluation metric in image processing tasks to assess the quality of the output.

Here's a formatted version for clarity:

```python
{
    'max_trials': 25,
    'completed_trials': 3,
    'search_space': {
        'lr': [1, 0.1, 0.01, 0.001, 0.0001],
        'k2': [0.1, 0.01, 0.0005, 0.0001]
    },
    'trials': [
        {'k2': 0.01, 'lr': 1.0, 'PSNR': 6.982},
        {'k2': 0.01, 'lr': 0.001, 'PSNR': 23.1309},
        {'k2': 0.0005, 'lr': 0.001, 'PSNR': 21.1342}
    ]
}
```

From this data, we can infer that the optimization process is trying to find the best combination of `lr` and `k2` that results in the highest `PSNR`, which would indicate the best possible outcome for your specific task, likely related to image processing or a similar domain where PSNR is a relevant metric.
## Round 59
Response: It seems like you're handling data related to hyperparameter tuning for a machine learning model, possibly using an optimization library such as Optuna or Hyperopt. This JSON object contains several key pieces of information about the state of your hyperparameter search:

- `max_trials`: The total number of trials (or experiments) that will be conducted.
- `completed_trials`: The number of trials that have been completed so far.
- `search_space`: Defines the range of values for each hyperparameter to be searched. In this case, you're tuning two hyperparameters: `lr` (learning rate) and `k2`, both with various values.
- `trials`: A list containing the results of each completed trial. Each trial is associated with specific values of `lr` and `k2`, along with a metric (`PSNR`) that measures the performance of the model for those hyperparameters.

Here's how you might analyze or utilize this data in Python:

```python
import json

# Assuming your data is stored as a string in 'data_str'
data_str = '''{
    "max_trials": 25,
    "completed_trials": 3,
    "search_space": {
        "lr": [1, 0.1, 0.01, 0.001, 0.0001],
        "k2": [0.1, 0.01, 0.0005, 0.0001]
    },
    "trials": [
        {"k2": 0.01, "lr": 1.0, "PSNR": 6.982},
        {"k2": 0.01, "lr": 0.001, "PSNR": 23.1309},
        {"k2": 0.0005, "lr": 0.001, "PSNR": 21.1342}
    ]
}'''

# Load the JSON data
data = json.loads(data_str)

# Analyzing the search space and trial results
print(f"Total trials planned: {data['max_trials']}")
print(f"Trials completed so far: {data['completed_trials']}")

for i, trial in enumerate(data['trials'], start=1):
    print(f"\nTrial {i}:")
    for param, value in trial.items():
        if param != 'PSNR':  # Exclude the performance metric
            print(f"{param}: {value}")
    print(f"PSNR: {trial['PSNR']}")

# Example of finding the best trial based on PSNR
best_trial = max(data['trials'], key=lambda x: x['PSNR'])
print(f"\nBest Trial so far:")
for key, value in best_trial.items():
    print(f"{key}: {value}")
```

This code snippet loads your JSON data into a Python dictionary and then demonstrates how to iterate through each trial's parameters (`lr`, `k2`) and their respective performance metric (`PSNR`). It also includes an example of finding the best-performing trial up to this point by maximizing the `PSNR` value.
## Round 60
Response: The dictionary you've provided appears to represent the state of a hyperparameter tuning process for a machine learning model or an optimization algorithm. Here's a breakdown of what each part signifies:

- **`max_trials`**: This indicates the maximum number of trials (or experiments) that the hyperparameter tuner is set to perform. In this case, it's 25, meaning the tuner will try different combinations of hyperparameters up to 25 times to find the best combination.

- **`completed_trials`**: This shows how many trials have been completed so far. With a value of 3, it means three experiments have already been run with specific sets of hyperparameters.

- **`search_space`**: This defines the range of values that can be used for each hyperparameter during the tuning process. In this case, there are two hyperparameters being tuned:
  - **`lr`** (learning rate): The possible learning rates to try are 1, 0.1, 0.01, 0.001, and 0.0001.
  - **`k2`**: This could represent another model parameter or regularization term, with potential values of 0.1, 0.01, 0.0005, and 0.0001.

- **`trials`**: This is a list that contains the details of each completed trial. Each trial includes:
  - The specific value of `k2` used.
  - The learning rate (`lr`) used.
  - The performance metric result (`PSNR` - Peak Signal-to-Noise Ratio) achieved with those hyperparameters. PSNR is often used to evaluate image reconstruction quality, suggesting this tuning process might be for an image processing or computer vision task.

For example, the first trial used `k2 = 0.01`, `lr = 1.0`, and resulted in a `PSNR` of about 6.982. The second trial used `k2 = 0.01` again but with a much lower learning rate (`lr = 0.001`), achieving a significantly better `PSNR` of approximately 23.1309.

Given this data, it seems the tuning process has found that using a lower learning rate (specifically, `lr = 0.001`) leads to better performance in terms of PSNR, at least with the trials conducted so far. However, more trials are needed to explore other combinations and potentially find an even better set of hyperparameters within the defined search space.
## Round 61
Response: The provided data appears to be a snapshot of an ongoing hyperparameter tuning process for a machine learning model, likely in the context of training a neural network or another form of regression/modeling task where `k2` and `lr` (learning rate) are being optimized to maximize PSNR (Peak Signal-to-Noise Ratio), which is a measure of image quality or signal fidelity.

Here's a breakdown of what each part of this data structure represents:

1. **'max_trials': 25** - This indicates the maximum number of different hyperparameter combinations that will be tried during the tuning process.
2. **'completed_trials': 3** - This shows how many trials (hyperparameter combinations) have been completed so far.
3. **'search_space': {'lr': [...], 'k2': [...]}** - Defines the range of values for each hyperparameter to be optimized:
   - `lr` (learning rate): Being tried at 5 different levels: 1, 0.1, 0.01, 0.001, and 0.0001.
   - `k2`: A specific parameter in the model being optimized across 4 values: 0.1, 0.01, 0.0005, and 0.0001.
4. **'trials': [...]** - This is a list of dictionaries, each representing a completed trial with its hyperparameter settings (`k2` and `lr`) and the resulting performance metric (`PSNR`):
   - The first trial used `k2 = 0.01` and `lr = 1.0`, achieving a PSNR of 6.982.
   - The second trial used `k2 = 0.01` and `lr = 0.001`, achieving a significantly higher PSNR of 23.1309.
   - The third trial with `k2 = 0.0005` and `lr = 0.001`, resulted in a PSNR of 21.1342.

The data suggests that lower learning rates (`lr`) might be more beneficial for achieving higher PSNR values, as both completed trials with lower `lr` (0.001) had much higher PSNR scores compared to the first trial with `lr = 1.0`. However, it's also important to consider the impact of `k2` and its interaction with `lr` on the model's performance.

To analyze this data further or to make predictions on future trials, you might consider visualizing the relationship between these hyperparameters and the PSNR metric or utilizing machine learning models designed for hyperparameter tuning predictions, such as random forest or Gaussian process regressors. These methods can help predict which combinations of `lr` and `k2` are most likely to yield high PSNR values in future trials.
## Round 62
Response: The provided dictionary appears to represent the state of a hyperparameter tuning process for a machine learning model. The keys and values within this dictionary suggest it's being used in a Bayesian optimization or grid search context. Here's a breakdown of what each part signifies:

- `max_trials`: This indicates the maximum number of experiments or trials that will be conducted to find the optimal combination of hyperparameters. In this case, up to 25 different combinations of hyperparameters can be tried.

- `completed_trials`: This shows how many trials have been completed out of the maximum allowed (`max_trials`). Currently, 3 trials have been finished.

- `search_space`: This defines the range of values that each hyperparameter can take. In this scenario, there are two hyperparameters being tuned:
  - `lr` (learning rate): It can be one of `[1, 0.1, 0.01, 0.001, 0.0001]`.
  - `k2`: This hyperparameter can take values from `[0.1, 0.01, 0.0005, 0.0001]`.

- `trials`: This is a list of dictionaries, where each dictionary represents a trial that has been completed. Each trial includes the specific values of the hyperparameters (`k2` and `lr`) that were used in that trial, along with the performance metric (`PSNR`, Peak Signal-to-Noise Ratio) achieved by the model when those hyperparameter values were used.

Given this explanation, let's create a Python example to simulate how one might construct or update such a dictionary based on new results:

```python
def add_trial(experiments, k2, lr, psnr):
    """
    Add a new trial to the experiments dictionary.
    
    Parameters:
    - experiments (dict): The main dictionary containing experiment information.
    - k2 (float): Value of hyperparameter k2 for this trial.
    - lr (float): Learning rate value for this trial.
    - psnr (float): PSNR result for this trial.
    """
    new_trial = {
        'k2': k2,
        'lr': lr,
        'PSNR': psnr
    }
    
    # Update the list of trials
    experiments['trials'].append(new_trial)
    
    # Increment the completed trials count
    experiments['completed_trials'] += 1

# Hypothetical main dictionary
experiments = {
    'max_trials': 25,
    'completed_trials': 3,
    'search_space': {'lr': [1, 0.1, 0.01, 0.001, 0.0001], 'k2': [0.1, 0.01, 0.0005, 0.0001]},
    'trials': [
        {'k2': 0.01, 'lr': 1.0, 'PSNR': 6.982},
        {'k2': 0.01, 'lr': 0.001, 'PSNR': 23.1309},
        {'k2': 0.0005, 'lr': 0.001, 'PSNR': 21.1342}
    ]
}

# Add a new trial
new_k2 = 0.1
new_lr = 0.01
new_psnr = 20.0

add_trial(experiments, new_k2, new_lr, new_psnr)

print(experiments)
```

This code snippet starts with the given dictionary and adds a new trial to it using the `add_trial` function. The output will be an updated version of the dictionary reflecting the addition of the new trial and the increment in the completed trials count.
## Round 63
Response: The provided data appears to be a dictionary representing the state of an optimization process, possibly from a Bayesian optimization or hyperparameter tuning session. Here's a breakdown of what each part of the dictionary seems to represent:

- `max_trials`: This indicates the total number of trials (or experiments) that are planned or budgeted for in the optimization process. In this case, up to 25 different combinations of hyperparameters can be tried.

- `completed_trials`: This shows how many trials have been completed so far. Currently, 3 trials out of the maximum of 25 have been finished.

- `search_space`: This defines the range or set of values for each hyperparameter that will be explored during the optimization process. There are two hyperparameters being tuned:
  - `lr` (likely standing for learning rate): It can take on values from `[1, 0.1, 0.01, 0.001, 0.0001]`.
  - `k2`: This can be any of `[0.1, 0.01, 0.0005, 0.0001]`.

- `trials`: A list of dictionaries where each dictionary represents a single trial (or experiment) with its hyperparameter settings and the corresponding result measured in terms of `PSNR` (Peak Signal-to-Noise Ratio), which is often used as a quality metric in image processing tasks. The three completed trials are detailed:
  1. `{ 'k2': 0.01, 'lr': 1.0, 'PSNR': 6.982 }`: First trial with `k2 = 0.01` and `lr = 1.0`, resulting in a PSNR of approximately 6.98.
  2. `{ 'k2': 0.01, 'lr': 0.001, 'PSNR': 23.1309 }`: Second trial with the same `k2` as the first but with `lr = 0.001`, leading to a significantly better PSNR of about 23.13.
  3. `{ 'k2': 0.0005, 'lr': 0.001, 'PSNR': 21.1342 }`: Third trial where `k2` was set to `0.0005` and `lr` remained at `0.001`, yielding a PSNR of around 21.13.

This data structure suggests an iterative process where the optimizer selects combinations of hyperparameters (`lr` and `k2`) from the defined search space, evaluates their performance (measured by PSNR), and uses these evaluations to inform its selection for subsequent trials, aiming to find the best-performing combination within the given budget of 25 trials.
## Round 64
Response: The given data appears to be a dictionary containing information about a hyperparameter tuning process for a machine learning model. Here's a breakdown of what each part seems to represent:

- `max_trials`: The maximum number of trials or experiments allowed in the hyperparameter search.
- `completed_trials`: The number of trials that have been completed so far.
- `search_space`: The range of values for each hyperparameter that can be tried during the search. Here, it includes:
  - `lr` (learning rate): A list of possible learning rates.
  - `k2`: A list of possible values for the hyperparameter `k2`.
- `trials`: A list of dictionaries, where each dictionary represents a completed trial with the specific hyperparameters tried (`k2` and `lr`) and the resulting performance metric (`PSNR`, which stands for Peak Signal-to-Noise Ratio).

This data structure suggests it's being used in an optimization or model tuning process where different combinations of learning rates and another parameter `k2` are being tested, with their impact on the PSNR (a measure of image quality) recorded.

Here is a Python code snippet that could represent this data and perform some basic analysis:

```python
# Define the hyperparameter search space and results
search_results = {
    'max_trials': 25,
    'completed_trials': 3,
    'search_space': {
        'lr': [1, 0.1, 0.01, 0.001, 0.0001],
        'k2': [0.1, 0.01, 0.0005, 0.0001]
    },
    'trials': [
        {'k2': 0.01, 'lr': 1.0, 'PSNR': 6.982},
        {'k2': 0.01, 'lr': 0.001, 'PSNR': 23.1309},
        {'k2': 0.0005, 'lr': 0.001, 'PSNR': 21.1342}
    ]
}

# Find the trial with the best PSNR
best_trial = max(search_results['trials'], key=lambda x: x['PSNR'])
print(f"Best PSNR found so far is {best_trial['PSNR']} at k2={best_trial['k2']}, lr={best_trial['lr']}")

# Plotting or further analysis could occur here
```

This code simply prints the best trial based on PSNR. Further steps might involve plotting these results, extending the search space, analyzing the impact of each hyperparameter on performance, or implementing a more sophisticated optimization algorithm to guide future trials.
## Round 65
Response: The text you've provided appears to represent a JSON object that contains information about an optimization process, likely from a machine learning or deep learning experiment where hyperparameters are being tuned for model performance. Here's a breakdown of what each part means:

1. **`max_trials`: 25** - This indicates the maximum number of different combinations of hyperparameters the optimizer is set to try.

2. **`completed_trials`: 3** - This shows how many trials (combinations of hyperparameters) have been completed so far out of the `max_trials`.

3. **`search_space`: {...}** - This defines the range of values for each hyperparameter that the optimizer can choose from during its search.
   - **`lr`: [1, 0.1, 0.01, 0.001, 0.0001]** - These are the possible learning rates (a key hyperparameter in training machine learning models) the optimizer will consider. Learning rate affects how quickly a model learns from its data.
   - **`k2`: [0.1, 0.01, 0.0005, 0.0001]** - This could represent another hyperparameter specific to the problem being optimized (possibly related to regularization or another aspect of the model).

4. **`trials`: [...]** - A list containing information about each completed trial.
   - Each dictionary within `trials` lists:
     - The values chosen for **`k2`** and **`lr`** in that trial.
     - The resulting performance metric, **`PSNR`**, which stands for Peak Signal-to-Noise Ratio. PSNR is often used to measure the quality of image compression or reconstruction; higher PSNR generally indicates better performance.

For example, the first trial had `k2 = 0.01`, `lr = 1.0`, and resulted in a `PSNR` of approximately `6.982`. The best performing trial so far (based on PSNR) seems to be the second one with `k2 = 0.01` and `lr = 0.001`, achieving a `PSNR` of about `23.1309`.

This information is useful for understanding how different combinations of hyperparameters affect model performance, allowing researchers or engineers to tune their models more effectively.
## Round 66
Response: This is a Python dictionary containing information about hyperparameter tuning trials for a machine learning model. Here's a breakdown of what each part represents:

* `'max_trials'`: The maximum number of trials to be performed during the hyperparameter tuning process. In this case, it's set to 25.
* `'completed_trials'`: The number of trials that have been completed so far. Currently, it's at 3.
* `'search_space'`: A dictionary defining the search space for the hyperparameters. It contains two keys:
	+ `'lr'` (learning rate): a list of possible values for the learning rate: `[1, 0.1, 0.01, 0.001, 0.0001]`.
	+ `'k2'`: a list of possible values for another hyperparameter `k2`: `[0.1, 0.01, 0.0005, 0.0001]`.
* `'trials'`: A list of dictionaries, each representing a completed trial. Each dictionary contains the following keys:
	+ `'k2'` and `'lr'`: The values of the hyperparameters `k2` and `lr` used in that trial.
	+ `'PSNR'`: The performance metric ( Peak Signal-to-Noise Ratio) obtained during that trial.

The trials can be summarized as follows:

1. Trial 1: `k2=0.01`, `lr=1.0`, `PSNR=6.982`
2. Trial 2: `k2=0.01`, `lr=0.001`, `PSNR=23.1309`
3. Trial 3: `k2=0.0005`, `lr=0.001`, `PSNR=21.1342`

These trials suggest that the combination of `k2=0.01` and `lr=0.001` (Trial 2) led to the best performance so far, with a PSNR of 23.1309.
## Round 67
Response: The dictionary you've provided seems to represent the state of a hyperparameter optimization process for a machine learning model or some other complex system. Here's a breakdown of what each part of this dictionary typically represents:

- **`max_trials`:** This indicates the maximum number of trials that will be performed in the search for optimal hyperparameters. In your case, it is set to 25.

- **`completed_trials`:** This shows how many trials have been completed out of `max_trials`. Here, you've completed 3 trials.

- **`search_space`:** This is a dictionary defining the hyperparameters and their potential values that will be searched through during optimization. 
    - **`lr`:** Likely representing learning rate. The values are `[1, 0.1, 0.01, 0.001, 0.0001]`.
    - **`k2`:** This could represent a parameter related to regularization or another model-specific hyperparameter. Its potential values are `[0.1, 0.01, 0.0005, 0.0001]`.

- **`trials`:** A list of dictionaries, each representing the outcome of one trial.
    - Each dictionary contains:
        - The specific hyperparameters (`k2` and `lr`) tested in that trial.
        - The result of that trial, seemingly measured by `PSNR` (Peak Signal-to-Noise Ratio), which is often used in image processing to compare original and reconstructed images. Higher PSNR values typically indicate a better reconstruction.

    Example trials:
    1. `{'k2': 0.01, 'lr': 1.0, 'PSNR': 6.982}`: Testing with `k2=0.01` and learning rate `1.0`, resulting in a PSNR of about 6.98.
    2. `{'k2': 0.01, 'lr': 0.001, 'PSNR': 23.1309}`: With `k2=0.01` but a lower learning rate `0.001`, PSNR significantly improved to about 23.13.
    3. `{'k2': 0.0005, 'lr': 0.001, 'PSNR': 21.1342}`: Here, changing `k2` to `0.0005` and maintaining the learning rate at `0.001`, resulted in a PSNR of about 21.13.

Given this structure, it appears that the optimization process is aiming to find the combination of hyperparameters (`lr` and `k2`) that maximizes PSNR. After completing these initial trials, the process might adjust its search space or iteratively try new combinations based on previous results until it reaches the maximum number of trials (25 in this case) or some predefined stopping criterion is met.
## Round 68
Response: The given object appears to be a dictionary representing the state of an optimization process, likely from a Bayesian optimization or hyperparameter tuning procedure. Here's a breakdown of what each part signifies:

- `max_trials`: The maximum number of trials (or experiments) that will be conducted during this optimization process. In this case, it is set to 25.

- `completed_trials`: The number of trials that have been completed so far. Currently, 3 trials have been completed.

- `search_space`: This dictionary defines the range or possible values for each hyperparameter being optimized.
  - `lr` (learning rate): Can be one of `[1, 0.1, 0.01, 0.001, 0.0001]`.
  - `k2`: Can be one of `[0.1, 0.01, 0.0005, 0.0001]`.

- `trials`: A list of dictionaries, each representing a completed trial with the following information:
  - The specific values of `k2` and `lr` used in that trial.
  - The `PSNR` (Peak Signal-to-Noise Ratio) value obtained as a result of this trial. PSNR is often used as a metric to evaluate the quality of an image reconstruction or compression algorithm.

For example, the first trial (`{'k2': 0.01, 'lr': 1.0, 'PSNR': 6.982}`) indicates that when `k2` was set to `0.01` and `lr` (learning rate) was set to `1.0`, the resulting PSNR was approximately `6.982`.

Given this information, it seems like the process is trying to optimize `PSNR` by varying learning rates (`lr`) and another parameter (`k2`). The optimization goal would typically be to find the combination of `lr` and `k2` that yields the highest PSNR value within the given constraints and before exhausting all allowed trials.

### Example Use Case:
If you were tasked with implementing a simple analysis on this data, let's say to find the best parameters based on the highest PSNR achieved so far:

```python
def find_best_trial(data):
    """Find the trial with the highest PSNR."""
    best_trial = max(data['trials'], key=lambda x: x['PSNR'])
    return best_trial

# Assuming 'data' is your dictionary
data = {'max_trials': 25, 'completed_trials': 3, 'search_space': {'lr': [1, 0.1, 0.01, 0.001, 0.0001], 'k2': [0.1, 0.01, 0.0005, 0.0001]}, 
         'trials': [{'k2': 0.01, 'lr': 1.0, 'PSNR': 6.982}, {'k2': 0.01, 'lr': 0.001, 'PSNR': 23.1309}, {'k2': 0.0005, 'lr': 0.001, 'PSNR': 21.1342}]}

best_trial = find_best_trial(data)
print(f"Best Parameters: lr={best_trial['lr']}, k2={best_trial['k2']} with PSNR={best_trial['PSNR']}")
```

This example code defines a function `find_best_trial` that takes in the optimization data and finds the trial (set of parameters) with the highest PSNR value, then prints out these optimal parameters along with their corresponding PSNR.
## Round 69
Response: It appears you've provided a dictionary that represents the current state of a hyperparameter tuning process, possibly from an optimization library like Optuna or Hyperopt. Let's break down what this dictionary contains and how it might be useful in understanding the progress of your hyperparameter search.

### Dictionary Structure Explained:

- **'max_trials': 25**: This indicates that the maximum number of trials (or attempts) to find the optimal set of hyperparameters is set to 25. A trial typically involves training a model with a specific set of hyperparameters and evaluating its performance.

- **'completed_trials': 3**: Out of the maximum allowed trials, 3 have been completed so far. This suggests that the search process is still in progress if `max_trials > completed_trials`.

- **'search_space': {'lr': [...], 'k2': [...]}}**: Defines the range of values for each hyperparameter to be searched.
  - `'lr'`: Learning rate, with potential values being `[1, 0.1, 0.01, 0.001, 0.0001]`.
  - `'k2'`: Another hyperparameter (possibly related to a regularization strength or another model parameter), with potential values `[0.1, 0.01, 0.0005, 0.0001]`.

- **'trials': [...]**: A list of dictionaries where each dictionary represents the outcome of a single trial.
  - Each trial includes:
    - The hyperparameter values used (`'k2'` and `'lr'`).
    - The performance metric (`'PSNR'`) resulting from those hyperparameters. PSNR (Peak Signal-to-Noise Ratio) is often used in image processing as an engineering term for the ratio between the maximum possible power of a signal and the power of corrupting noise.

### Trials Details:

1. **First Trial**: `k2 = 0.01`, `lr = 1.0`, resulting PSNR was approximately `6.982`.
2. **Second Trial**: `k2 = 0.01`, `lr = 0.001`, with a much better PSNR of about `23.1309`.
3. **Third Trial**: `k2 = 0.0005`, `lr = 0.001`, gave a PSNR of around `21.1342`.

### Observations:

- The search process has only just begun, having completed 3 out of up to 25 trials.
- Preliminary results suggest that the learning rate (`lr`) plays a significant role in optimizing PSNR since the trial with `lr = 0.001` shows much better performance compared to `lr = 1.0`.
- The influence of `k2` is less clear from these initial trials but may have a more subtle effect on the model's performance.

### Next Steps:

To proceed, the optimization algorithm will likely try additional combinations of `lr` and `k2`, guided by its strategy (e.g., random search, Bayesian optimization) to find the best set of hyperparameters that yields the highest PSNR. Given the significant improvement with lower learning rates (`lr = 0.001`) in these initial trials, it might be worthwhile for the algorithm to explore more closely around this value and possibly other learning rates not initially specified if the search space allows it.
## Round 70
Response: This text represents a dictionary in Python that appears to be storing information about hyperparameter tuning trials for some machine learning model or optimization problem. Let's break down the components:

- **`max_trials`**: This indicates the maximum number of trials intended to be performed during the hyperparameter search process. The value here is `25`, meaning up to 25 different combinations of hyperparameters are supposed to be tried.

- **`completed_trials`**: This keeps track of how many trials have actually been completed out of the `max_trials`. Here, it shows that `3` trials have been completed so far.

- **`search_space`**: This dictionary defines the range or set of values for each hyperparameter to be searched. There are two hyperparameters being tuned:
  - **`lr`** (learning rate): The search space includes `[1, 0.1, 0.01, 0.001, 0.0001]`.
  - **`k2`**: Values in the search space include `[0.1, 0.01, 0.0005, 0.0001]`.

- **`trials`**: This is a list of dictionaries where each dictionary represents the results of one trial, including:
  - The values of the hyperparameters (`k2` and `lr`) used for that trial.
  - A performance metric (`PSNR`, Peak Signal-to-Noise Ratio) indicating how well the model performed with those specific hyperparameter settings.

For example, in the first completed trial (`{'k2': 0.01, 'lr': 1.0, 'PSNR': 6.982}`), `k2` was set to `0.01`, `lr` was set to `1.0`, and the model achieved a PSNR of approximately `6.982`.

To work with this data, you could analyze the performance (`PSNR`) across different trials to identify which combination of hyperparameters (`k2` and `lr`) yields the best results. This is typically aimed at optimizing the model's performance for predicting outcomes in machine learning tasks.

### Example Python Code to Further Process or Analyze These Trials
```python
import pandas as pd

# Given data
data = {
    'max_trials': 25,
    'completed_trials': 3,
    'search_space': {'lr': [1, 0.1, 0.01, 0.001, 0.0001], 'k2': [0.1, 0.01, 0.0005, 0.0001]},
    'trials': [
        {'k2': 0.01, 'lr': 1.0, 'PSNR': 6.982},
        {'k2': 0.01, 'lr': 0.001, 'PSNR': 23.1309},
        {'k2': 0.0005, 'lr': 0.001, 'PSNR': 21.1342}
    ]
}

# Convert trials to a pandas DataFrame for easier analysis
df = pd.DataFrame(data['trials'])

# Display the DataFrame
print(df)

# Find the combination of hyperparameters with the best PSNR (highest value)
best_trial = df.loc[df['PSNR'].idxmax()]
print("Best trial:", best_trial)

```

This example demonstrates converting the list of trials into a pandas DataFrame for easier manipulation and finding the trial with the highest `PSNR` value, indicating potentially optimal hyperparameter settings.
## Round 71
Response: The given data appears to be a dictionary representing the state of an optimization process, likely from a machine learning or deep learning experiment using a library like Hyperopt or Optuna for hyperparameter tuning. Let's break down what each part of this dictionary typically represents:

1. **`max_trials`**: This indicates the maximum number of different combinations of hyperparameters that the optimizer is set to try. In this case, it's 25.

2. **`completed_trials`**: This shows how many trials have been completed so far. Here, 3 trials out of the possible 25 have been completed.

3. **`search_space`**: This defines the range of values for each hyperparameter that the optimizer can choose from during the search process.
   - **`lr` (learning rate)**: The learning rate is a crucial hyperparameter in training machine learning models, especially neural networks. It controls how quickly the model learns from the data. The possible values are [1, 0.1, 0.01, 0.001, 0.0001].
   - **`k2`**: This might represent another hyperparameter specific to the problem or model being optimized (e.g., a regularization strength, kernel size, etc.). Its possible values are [0.1, 0.01, 0.0005, 0.0001].

4. **`trials`**: This is a list of dictionaries where each dictionary represents a trial that has been completed.
   - Each trial includes the specific hyperparameters (`k2` and `lr`) that were used for that trial, along with the result of that trial, which in this case is measured by `PSNR` (Peak Signal-to-Noise Ratio). PSNR is often used as an evaluation metric in image processing tasks to estimate the quality of a reconstructed image compared to its original.

So, summarizing what we have:
- The optimizer has tried 3 out of up to 25 combinations of learning rates and another hyperparameter `k2`.
- For each trial, it has recorded the `PSNR` value as the metric of performance.
- Based on these trials, one might infer that a lower learning rate (0.001) seems beneficial for higher PSNR values when combined with certain `k2` values.

Here's an example Python code to better visualize or process this data:

```python
import pandas as pd

data = {'max_trials': 25, 'completed_trials': 3, 
        'search_space': {'lr': [1, 0.1, 0.01, 0.001, 0.0001], 
                         'k2': [0.1, 0.01, 0.0005, 0.0001]}, 
        'trials': [{'k2': 0.01, 'lr': 1.0, 'PSNR': 6.982}, 
                   {'k2': 0.01, 'lr': 0.001, 'PSNR': 23.1309}, 
                   {'k2': 0.0005, 'lr': 0.001, 'PSNR': 21.1342}]}

# Extract trials into a DataFrame for easier analysis
trials_df = pd.DataFrame(data['trials'])

print(trials_df)
```

This code will output:
```
      k2    lr     PSNR
0   0.01  1.000   6.9820
1   0.01  0.001  23.1309
2  0.0005  0.001  21.1342
```

This allows for straightforward analysis or visualization of the trials' outcomes, such as finding which combination of hyperparameters led to the best PSNR value.
## Round 72
Response: It seems like you've provided a dictionary containing information about an optimization process, potentially from a hyperparameter tuning task using a library like Optuna or Hyperopt. Let's break down the structure and content of this dictionary to understand it better:

### Dictionary Breakdown

- **`max_trials`**: This indicates the maximum number of trials (or experiments) that are planned to be conducted during the optimization process. In your case, `max_trials` is set to 25.
  
- **`completed_trials`**: This shows how many trials have been completed so far. Here, it's 3, meaning three different combinations of hyperparameters have been tested.

- **`search_space`**: This defines the range or discrete values for each hyperparameter that the optimization process will explore. You have two hyperparameters being tuned:
  - **`lr`** (learning rate): With possible values [1, 0.1, 0.01, 0.001, 0.0001].
  - **`k2`**: With possible values [0.1, 0.01, 0.0005, 0.0001].

- **`trials`**: This is a list of dictionaries, where each dictionary represents the outcome of a trial. Each trial specifies:
  - The hyperparameters used (`k2` and `lr`).
  - The result or performance metric (`PSNR`, which stands for Peak Signal-to-Noise Ratio, commonly used in image processing tasks to measure quality).

### Trials Analysis

1. **First Trial**:
   - `k2 = 0.01`
   - `lr = 1.0`
   - `PSNR = 6.982`

2. **Second Trial**:
   - `k2 = 0.01`
   - `lr = 0.001`
   - `PSNR = 23.1309`

3. **Third Trial**:
   - `k2 = 0.0005`
   - `lr = 0.001`
   - `PSNR = 21.1342`

### Observations

- The learning rate (`lr`) seems to have a significant impact on the PSNR, with lower values of `lr` leading to much higher PSNR values in these initial trials.
- The difference between using `k2 = 0.01` and `k2 = 0.0005` (both with `lr = 0.001`) results in a decrease in PSNR from 23.1309 to 21.1342, suggesting that the value of `k2` also affects performance but perhaps less dramatically than `lr`.

### Next Steps

Since only three trials have been completed out of the planned 25, the optimization process is far from over. The algorithm will continue to explore different combinations of `lr` and `k2` within their defined search spaces to find the optimal combination that yields the highest PSNR value.

Given this structure, if you were looking for a way to code an analysis or continuation of this optimization task in Python, you would likely involve libraries like Optuna or scikit-optimize to handle the hyperparameter tuning process efficiently. However, based on the data provided, it's not possible to give specific code without knowing more about your objectives (e.g., analyzing these results further or setting up a similar optimization run).
## Round 73
Response: The data you've provided appears to be a record of an ongoing or completed hyperparameter search for a machine learning model. This process is often automated using libraries like Optuna or Hyperopt in Python to find the optimal combination of parameters that yields the best performance on a specific task, such as maximizing PSNR (Peak Signal-to-Noise Ratio) values if the context is image processing or compression.

Here's a breakdown of what each part of your data represents:

1. **'max_trials': 25**: This specifies the maximum number of different combinations of hyperparameters to try during the search process. In this case, up to 25 combinations will be evaluated.

2. **'completed_trials': 3**: This indicates how many trials (or experiments) have been completed so far out of the maximum specified. It shows progress towards reaching 'max_trials'.

3. **'search_space': {'lr': [...], 'k2': [...]}}**: Defines the range or discrete values that the hyperparameters can take during the search.
   - **'lr' (learning rate)**: Can be one of [1, 0.1, 0.01, 0.001, 0.0001]. Learning rate is a critical parameter in training machine learning models; it controls how quickly the model learns from its data.
   - **'k2'**: Can be one of [0.1, 0.01, 0.0005, 0.0001]. The meaning of 'k2' depends on the specific algorithm or context but could represent another hyperparameter such as regularization strength, batch size, etc.

4. **'trials': [...]**: This is a list that contains the results of each completed trial.
   - Each item in the list represents one trial and includes:
     - The values of 'k2' and 'lr' used for this trial.
     - The resulting '**PSNR**' value, which indicates how well the model performed with these specific hyperparameters. Higher PSNR generally means better performance in image processing contexts.

Given your data:

- Trial 1: `k2 = 0.01`, `lr = 1.0`, resulted in a **PSNR of 6.982**.
- Trial 2: `k2 = 0.01`, `lr = 0.001`, achieved a much better **PSNR of 23.1309**.
- Trial 3: `k2 = 0.0005`, `lr = 0.001`, got a **PSNR of 21.1342**.

Based on these results, the combination of `k2 = 0.01` and `lr = 0.001` seems to yield the best performance so far in terms of PSNR, with a value of 23.1309. This suggests that lower learning rates (in this case, 0.001) might be beneficial for achieving higher PSNR values, possibly because they allow for more precise convergence in the optimization process.

To proceed, depending on your goals and constraints:
- If you're looking to explore other combinations within the defined search space, continue running trials until reaching 'max_trials' (25 in this case).
- Analyze results across completed trials to understand how different hyperparameters affect the PSNR.
- Consider refining the search space for more focused exploration based on insights gained from initial results.
## Round 74
Response: The data you've provided appears to be a snapshot of the state of a hyperparameter tuning process, possibly from a Bayesian optimization or random search algorithm used in machine learning model training. Here's a breakdown of what each part of this dictionary represents and how it might be interpreted:

1. **`max_trials`**: This indicates the total number of trials (i.e., different combinations of hyperparameters) that the tuning process is set to explore. In this case, `max_trials` is 25, meaning the algorithm will attempt up to 25 different combinations of hyperparameters.

2. **`completed_trials`**: This shows how many trials have been completed so far. With a value of 3, it means the algorithm has tested three sets of hyperparameters and is presumably on its way to testing more, given that `max_trials` is set to 25.

3. **`search_space`**: This defines the range of values for each hyperparameter that the algorithm can choose from during the search process.
   - **`lr`** (learning rate): The possible learning rates are `[1, 0.1, 0.01, 0.001, 0.0001]`. These values represent different speeds at which a model learns from its data during training.
   - **`k2`**: This seems to be another hyperparameter with potential values of `[0.1, 0.01, 0.0005, 0.0001]`. The specific meaning of `k2` depends on the context of the model or algorithm being used.

4. **`trials`**: This is a list of dictionaries, where each dictionary represents a trial that has been completed.
   - Each dictionary contains:
     - The values chosen for the hyperparameters `k2` and `lr`.
     - **`PSNR`** (Peak Signal-to-Noise Ratio): A metric used to evaluate the quality of the model's output. Higher PSNR values indicate better performance in this context.

For example, the first trial tested a model with `k2 = 0.01`, `lr = 1.0`, and resulted in a `PSNR` of approximately 6.982. The second trial had parameters `k2 = 0.01`, `lr = 0.001`, achieving a much higher `PSNR` of about 23.1309.

### How to Proceed

- **Analyze the Current Trials**: Look at the PSNR values for each completed trial and try to understand how different combinations of hyperparameters affect performance.
  
- **Plan Additional Trials**: If the algorithm is ongoing, wait for it to complete its scheduled `max_trials`. Otherwise, consider manually adjusting the search space or running additional trials based on insights gained from the current results.

- **Optimize Based on Findings**: Once all trials are completed, identify the combination of hyperparameters that yielded the best PSNR (or whatever performance metric is relevant). Use these optimal hyperparameters to train a final model for production or further testing.

If this process is automated through a specific library like Optuna, Hyperopt, or Keras Tuner, refer to their documentation for how to proceed with their built-in functionality for visualizing results and identifying the best set of hyperparameters.
## Round 75
Response: The provided data appears to be from a hyperparameter tuning process in machine learning, specifically using Bayesian optimization or a similar method to find the best combination of hyperparameters (`lr` and `k2`) for maximizing the performance metric `PSNR`. Let's break down what each part of this dictionary means:

1. **'max_trials': 25**: This indicates the maximum number of different combinations of hyperparameters that will be tested during the optimization process.

2. **'completed_trials': 3**: This shows how many trials (or experiments with different sets of hyperparameters) have been completed so far.

3. **'search_space': {'lr': [1, 0.1, 0.01, 0.001, 0.0001], 'k2': [0.1, 0.01, 0.0005, 0.0001]}**: This defines the range of hyperparameters that will be tested.
   - `lr` likely stands for learning rate, a critical parameter in many machine learning algorithms that determines how quickly the model learns from the training data.
   - `k2` could represent another hyperparameter specific to the algorithm or problem being optimized.

4. **'trials': [...]**: This is a list of dictionaries, where each dictionary represents a completed trial with the following information:
   - The values of `lr` and `k2` used in that trial.
   - The resulting `PSNR` (Peak Signal to Noise Ratio), which is a measure of image quality. Higher PSNR typically indicates better image restoration or less distortion.

Example trials include:
- Using `lr=1.0` and `k2=0.01`, resulting in a `PSNR` of approximately 6.98.
- Using `lr=0.001` and `k2=0.01`, resulting in a significantly better `PSNR` of about 23.13.
- Using `lr=0.001` and `k2=0.0005`, achieving a `PSNR` of around 21.13.

Given this data, one could infer that lower learning rates (`lr`) tend to perform better in terms of maximizing the PSNR, with `lr=0.001` being particularly effective across different values of `k2`. However, optimizing hyperparameters often requires considering interactions between parameters and can benefit from trying more combinations within the defined search space. 

To proceed with hyperparameter tuning based on this data:
- Continue running trials up to the maximum specified (`max_trials = 25`) to explore more combinations.
- Analyze the results for patterns or correlations that might suggest optimal values or ranges for `lr` and `k2`.
- Consider refining the search space based on interim findings (e.g., focusing on a narrower range of learning rates if they consistently yield better PSNR values).
## Round 76
Response: It appears you have a dictionary representing the state of an optimization process, likely from a hyperparameter tuning procedure using Bayesian optimization or grid search. This dictionary contains information about the maximum number of trials set for the experiment (`max_trials`), how many trials have been completed so far (`completed_trials`), the space within which parameters are being searched (`search_space`), and the results of each trial that has been completed (`trials`).

Let's break down this dictionary:

- **`max_trials`: 25**  
  This indicates that the optimization process is set to explore up to 25 different combinations of hyperparameters.

- **`completed_trials`: 3**  
  So far, only 3 trials have been completed. The process will continue until it reaches the `max_trials` limit or another stopping criterion is met.

- **`search_space`: {'lr': [1, 0.1, 0.01, 0.001, 0.0001], 'k2': [0.1, 0.01, 0.0005, 0.0001]}**  
  This defines the range of values that two hyperparameters (`lr` and `k2`) can take during the optimization process. `lr` likely represents a learning rate in a machine learning model, and `k2` could be another parameter specific to the problem domain (possibly related to kernel size or regularization strength in some models).

- **`trials`: [...]**  
  This list contains dictionaries, each representing a completed trial with its hyperparameter settings (`lr` and `k2`) and the performance metric outcome (`PSNR`, which stands for Peak Signal-to-Noise Ratio, often used in image compression and reconstruction tasks to measure the quality of an image).

For example, the first trial had `lr = 1.0` and `k2 = 0.01`, resulting in a PSNR of approximately `6.982`. The second trial used `lr = 0.001` with the same `k2 = 0.01`, achieving a significantly higher PSNR of about `23.1309`.

### Example Python Code to Find the Trial with the Best PSNR

If you want to find which trial resulted in the best PSNR (highest value), you could use the following code:

```python
data = {
    'max_trials': 25,
    'completed_trials': 3,
    'search_space': {'lr': [1, 0.1, 0.01, 0.001, 0.0001], 'k2': [0.1, 0.01, 0.0005, 0.0001]},
    'trials': [{'k2': 0.01, 'lr': 1.0, 'PSNR': 6.982}, 
               {'k2': 0.01, 'lr': 0.001, 'PSNR': 23.1309}, 
               {'k2': 0.0005, 'lr': 0.001, 'PSNR': 21.1342}]
}

# Find the trial with the best PSNR
best_trial = max(data['trials'], key=lambda x: x['PSNR'])

print(f"Best Trial Parameters: lr={best_trial['lr']}, k2={best_trial['k2']}")
print(f"Best PSNR Achieved: {best_trial['PSNR']}")
```

This code snippet uses Python's built-in `max()` function with a lambda function as the key to find the dictionary (trial) in the list of trials that has the maximum `PSNR` value. It then prints out the parameters (`lr` and `k2`) of this best trial, along with the best PSNR achieved.
## Round 77
Response: It looks like you have a dictionary representing the state of an optimization process, possibly from a hyperparameter tuning experiment using a library like Hyperopt or Optuna.

Here's a breakdown of what each key in the dictionary represents:

* `max_trials`: The maximum number of trials (or iterations) that will be performed during the optimization process. In this case, it's set to 25.
* `completed_trials`: The number of trials that have already been completed. Currently, it's at 3.
* `search_space`: A dictionary defining the possible values for each hyperparameter being optimized. There are two hyperparameters: `lr` (learning rate) and `k2`, with their respective possible values listed as lists.
* `trials`: A list of dictionaries, where each dictionary represents a completed trial. Each trial contains the following keys:
	+ `k2` and `lr`: The specific values chosen for these hyperparameters during this trial.
	+ `PSNR`: The performance metric ( Peak Signal-to-Noise Ratio) achieved during this trial.

The trials listed are:

1. `k2=0.01`, `lr=1.0`, `PSNR=6.982`
2. `k2=0.01`, `lr=0.001`, `PSNR=23.1309`
3. `k2=0.0005`, `lr=0.001`, `PSNR=21.1342`

This data can be used to analyze the progress of the optimization process, identify trends, and potentially make informed decisions about future trials or hyperparameter settings.

What would you like to do with this data? Would you like to:

A) Analyze the results so far
B) Determine the next trial's hyperparameters
C) Something else (please specify)
## Round 78
Response: The provided data appears to be a dictionary representing the state of an optimization process, likely from a hyperparameter tuning task in machine learning. The key elements include:

- `max_trials`: The total number of trials planned for the optimization process.
- `completed_trials`: The number of trials that have been completed so far.
- `search_space`: A dictionary defining the range of values to be searched for each hyperparameter. In this case, two hyperparameters are being optimized: `lr` (learning rate) and `k2`.
- `trials`: A list of dictionaries, where each dictionary represents a single trial with its specific hyperparameter settings (`k2` and `lr`) and the corresponding performance metric (`PSNR`, Peak Signal-to-Noise Ratio).

Here's an interpretation of the provided data:

### Optimization State
- **Max Trials**: 25 - The optimization process is set to run up to 25 different trials.
- **Completed Trials**: 3 - Currently, only 3 trials have been completed out of the planned 25.

### Search Space
The hyperparameters and their possible values are:
- `lr` (Learning Rate): Can be one of [1, 0.1, 0.01, 0.001, 0.0001].
- `k2`: Can be one of [0.1, 0.01, 0.0005, 0.0001].

### Completed Trials Details
1. **Trial 1**: Used `k2 = 0.01` and `lr = 1.0`, resulting in a PSNR of 6.982.
2. **Trial 2**: Used `k2 = 0.01` and `lr = 0.001`, resulting in a significantly better PSNR of 23.1309.
3. **Trial 3**: Used `k2 = 0.0005` and `lr = 0.001`, with a PSNR of 21.1342.

From these trials, we can see:
- The combination of `k2 = 0.01` and `lr = 0.001` performs the best so far in terms of PSNR.
- A larger learning rate (`lr = 1.0`) seems to perform poorly compared to a smaller one (`lr = 0.001`).
- The effect of varying `k2` is less clear from just these three trials, suggesting that more trials are needed to fully understand its impact.

This data suggests the optimization process is still in its early stages and may uncover better combinations of hyperparameters as it progresses towards completing all 25 planned trials.
## Round 79
Response: The given dictionary represents the current state of a hyperparameter tuning process for a machine learning model or an optimization algorithm. Let's break down what each part means:

- `max_trials`: This specifies the total number of different combinations of hyperparameters that the tuner is set to try out. In this case, the maximum number of trials is 25.

- `completed_trials`: This indicates how many trials have been completed so far. Currently, 3 trials are done.

- `search_space`: This defines the range of values for each hyperparameter that the tuner will explore. For this problem, there are two hyperparameters being tuned:
  - `lr` (learning rate): The possible values are [1, 0.1, 0.01, 0.001, 0.0001].
  - `k2`: The possible values are [0.1, 0.01, 0.0005, 0.0001].

- `trials`: This is a list of dictionaries where each dictionary represents the hyperparameters used in a trial and the result (PSNR value) obtained from that trial. There are three trials completed so far:
  1. The first trial used `k2 = 0.01` and `lr = 1.0`, resulting in a PSNR of approximately 6.982.
  2. The second trial used `k2 = 0.01` and `lr = 0.001`, achieving a PSNR of about 23.1309.
  3. The third trial used `k2 = 0.0005` and `lr = 0.001`, with a PSNR result of approximately 21.1342.

PSNR (Peak Signal-to-Noise Ratio) is often used as a metric in image processing to measure the quality of an image after it has been compressed or processed, but in the context of machine learning model optimization, it could be representing a performance metric related to the hyperparameters being tuned.

Based on this information:

1. **Current Progress**: Only 3 out of 25 trials have been completed.
2. **Best Performing Trial So Far**: The second trial with `k2 = 0.01` and `lr = 0.001`, yielding a PSNR of approximately 23.1309, seems to be the best combination so far in terms of PSNR.
3. **Remaining Trials**: The tuner will continue trying different combinations of `lr` and `k2` from the defined search space until it reaches the maximum number of trials (25). 

Without running all trials, we cannot definitively say which combination of hyperparameters will perform best overall. However, as the trials progress, more information about the optimal settings for `lr` and `k2` within the defined ranges should become available, helping to further refine the model's performance based on PSNR or potentially other relevant metrics.
## Round 80
Response: This appears to be a dictionary representing the state of a hyperparameter search process, likely from an optimization library such as Optuna or Hyperopt. Here's a breakdown of what each part of the dictionary represents:

* `max_trials`: The maximum number of trials (i.e., attempts) that will be performed during the hyperparameter search.
* `completed_trials`: The number of trials that have already been completed.
* `search_space`: A dictionary defining the ranges of values to search over for each hyperparameter. In this case, there are two hyperparameters: `lr` and `k2`.
	+ `lr`: A list of possible learning rate values.
	+ `k2`: A list of possible values for some other hyperparameter (perhaps a regularization strength or something else).
* `trials`: A list of dictionaries, each representing the result of a single trial. Each dictionary contains:
	+ The values chosen for the hyperparameters (`k2` and `lr`) during that trial.
	+ The corresponding value of some objective metric (`PSNR`, which might stand for Peak Signal-to-Noise Ratio).

The data suggests that three trials have been completed so far, with the following results:

1. `k2 = 0.01`, `lr = 1.0`: `PSNR = 6.982`
2. `k2 = 0.01`, `lr = 0.001`: `PSNR = 23.1309`
3. `k2 = 0.0005`, `lr = 0.001`: `PSNR = 21.1342`

This information can be used to guide the selection of hyperparameters for future trials, with the goal of maximizing (or minimizing) the objective metric (`PSNR`). 

Here is some sample Python code that could have generated this dictionary:

```python
import random

# Define the search space
search_space = {
    'lr': [1, 0.1, 0.01, 0.001, 0.0001],
    'k2': [0.1, 0.01, 0.0005, 0.0001]
}

# Initialize the state dictionary
state = {
    'max_trials': 25,
    'completed_trials': 0,
    'search_space': search_space,
    'trials': []
}

def evaluate_trial(k2, lr):
    # Simulate evaluating the PSNR metric for a given set of hyperparameters
    # In practice, you'd replace this with your actual evaluation code
    psnr = random.uniform(0, 100)  # Just for illustration purposes
    return {'k2': k2, 'lr': lr, 'PSNR': psnr}

# Run some trials
for _ in range(3):
    k2 = random.choice(search_space['k2'])
    lr = random.choice(search_space['lr'])
    trial_result = evaluate_trial(k2, lr)
    state['trials'].append(trial_result)
    state['completed_trials'] += 1

# Print the current state
print(state)
```

Keep in mind that this code snippet is simplified and for illustration purposes only. In a real-world scenario, you would likely use an optimization library to handle the trial management, hyperparameter selection, and evaluation of your objective metric.
## Round 81
Response: The provided data appears to be the result of a hyperparameter tuning process for machine learning models. Here's an explanation and analysis based on this:

### Overview
- `max_trials`: The maximum number of trials that will be conducted during the hyperparameter search.
- `completed_trials`: The number of trials that have been completed so far.
- `search_space`: This defines the range of possible values for each hyperparameter. In this case, there are two hyperparameters being tuned: `lr` (learning rate) and `k2`.
  - `lr`: This could be the learning rate for an optimizer in a neural network or another type of machine learning model. It has five different potential values.
  - `k2`: The meaning can vary significantly depending on the context, but often such symbols represent coefficients or parameters within models (e.g., regularization strength). It is being explored over four possible values.
- `trials`: This contains results from each trial, specifying the exact hyperparameter settings used (`lr` and `k2`) along with a performance metric, here represented as `PSNR` (Peak Signal-to-Noise Ratio), which is often used to measure image quality.

### Example Breakdown:

1. **Trial 1**:
   - `lr`: 1.0
   - `k2`: 0.01
   - `PSNR`: 6.982

2. **Trial 2**:
   - `lr`: 0.001
   - `k2`: 0.01
   - `PSNR`: 23.1309

3. **Trial 3**:
   - `lr`: 0.001
   - `k2`: 0.0005
   - `PSNR`: 21.1342

### Observations and Insights:

- The highest PSNR value is seen in the second trial (23.1309), suggesting that a lower learning rate (`lr = 0.001`) combined with a specific `k2` value (`0.01`) leads to better performance according to the PSNR metric.

- Comparing Trials 2 and 3, both have the same learning rate (`0.001`), but Trial 2 achieves higher PSNR than Trial 3. This indicates that, for this particular learning rate, `k2 = 0.01` might be a better choice than `k2 = 0.0005`.

- The wide range of learning rates being explored (from `1.0` down to `0.0001`) suggests the algorithm is quite flexible in its learning pace during optimization, but results indicate a preference for lower learning rates.

### Recommendations:
Given that only three trials have been completed out of a maximum of 25, it's essential to let the hyperparameter tuning process continue to explore more combinations within the defined search space. Early observations should be validated across additional trials as PSNR can fluctuate significantly based on various factors within and outside these parameters.

Finally, after completing all trials or reaching a satisfactory stopping criterion (e.g., convergence of best parameters), analyze the results comprehensively, focusing not just on PSNR but also considering computational efficiency and model complexity if relevant to your task.
## Round 82
Response: It looks like you have a JSON object representing the state of a hyperparameter tuning process using Bayesian optimization or grid search. Here's a breakdown of what each part of the object represents:

* `max_trials`: The maximum number of trials (i.e., combinations of hyperparameters) to perform during the search.
* `completed_trials`: The number of trials that have already been completed.
* `search_space`: A dictionary defining the possible values for each hyperparameter. In this case, you have two hyperparameters: `lr` (learning rate) and `k2`. The possible values for `lr` are `[1, 0.1, 0.01, 0.001, 0.0001]`, and the possible values for `k2` are `[0.1, 0.01, 0.0005, 0.0001]`.
* `trials`: A list of dictionaries, where each dictionary represents a single trial (i.e., a combination of hyperparameters). Each trial dictionary contains the following keys:
	+ `k2` and `lr`: The values of the `k2` and `lr` hyperparameters for this trial.
	+ `PSNR`: The performance metric (Peak Signal-to-Noise Ratio) achieved by the model using these hyperparameters.

In this case, you have three completed trials:

1. `k2=0.01`, `lr=1.0`, `PSNR=6.982`
2. `k2=0.01`, `lr=0.001`, `PSNR=23.1309`
3. `k2=0.0005`, `lr=0.001`, `PSNR=21.1342`

The search algorithm will use these results to inform its next trial, selecting a new combination of hyperparameters to try and improve the performance metric (PSNR). 

Here is an example python code snippet using `optuna` library which could be used to achieve this:
```python
import optuna

def objective(trial):
    k2 = trial.suggest_categorical('k2', [0.1, 0.01, 0.0005, 0.0001])
    lr = trial.suggest_categorical('lr', [1, 0.1, 0.01, 0.001, 0.0001])

    # Train the model using these hyperparameters
    # ...

    # Evaluate the model and return the PSNR
    psnr = evaluate_model(k2, lr)
    return psnr

study = optuna.create_study(direction='maximize')
study.optimize(objective, n_trials=25)

print(study.trials)
```
This code defines an `objective` function that takes a trial object as input and uses it to select values for the `k2` and `lr` hyperparameters. The `suggest_categorical` method is used to specify the possible values for each hyperparameter. The `study.optimize` method is then used to perform the optimization, and the resulting trials are stored in the `study.trials` attribute.
## Round 83
Response: It looks like you have a dictionary representing the state of an optimization process, likely from a hyperparameter tuning algorithm like Bayesian Optimization or Grid Search. Here's a breakdown of what each part of the dictionary represents:

* `max_trials`: The maximum number of trials (i.e., iterations) that will be performed during the optimization process. In this case, it's set to 25.
* `completed_trials`: The number of trials that have already been completed. Currently, it's at 3.
* `search_space`: This defines the range of hyperparameters that will be explored during the optimization process. It's a dictionary with two keys: 
	+ `lr` (learning rate): A list of possible values for the learning rate, which are [1, 0.1, 0.01, 0.001, 0.0001].
	+ `k2`: A list of possible values for the `k2` hyperparameter, which are [0.1, 0.01, 0.0005, 0.0001].
* `trials`: This is a list of dictionaries, where each dictionary represents a single trial. Each trial has three keys: 
	+ `k2`: The value of the `k2` hyperparameter used in this trial.
	+ `lr`: The value of the learning rate used in this trial.
	+ `PSNR`: The performance metric (Peak Signal-to-Noise Ratio) achieved during this trial. Higher values indicate better performance.

The three trials that have been completed so far are:

1. `k2=0.01`, `lr=1.0`, `PSNR=6.982`
2. `k2=0.01`, `lr=0.001`, `PSNR=23.1309`
3. `k2=0.0005`, `lr=0.001`, `PSNR=21.1342`

The optimization algorithm will continue to explore the search space, trying different combinations of `k2` and `lr` values to find the best-performing configuration.
## Round 84
Response: The given data appears to be a dictionary containing information about hyperparameter tuning trials for a machine learning model or an optimization process. Let's break down the components and interpret them:

1. **`max_trials`: 25** - This indicates that the maximum number of trials (or experiments) set for the optimization process is 25.

2. **`completed_trials`: 3** - At the time this data was saved or observed, 3 out of the possible 25 trials had been completed.

3. **`search_space`:** 
   - This dictionary defines the range of hyperparameters that are being tuned during the optimization process.
   - **`lr`: [1, 0.1, 0.01, 0.001, 0.0001]** - The learning rate (`lr`) can take on any of these five values. Learning rate is a key hyperparameter in training machine learning models that controls how quickly the model learns from the data.
   - **`k2`: [0.1, 0.01, 0.0005, 0.0001]** - The `k2` (possibly referring to another type of regularization or a specific model parameter) can take on any of these four values.

4. **`trials`:** 
   - This is a list of dictionaries, each representing a completed trial.
   - Each dictionary within the list contains the following:
     - **`k2`**: The value of `k2` used in this trial.
     - **`lr`**: The learning rate used in this trial.
     - **`PSNR`**: This stands for Peak Signal-to-Noise Ratio, a measure used to evaluate the quality of an image or video after compression or other processing. Higher PSNR values generally indicate better results, though the interpretation can depend on context. In these trials, it appears that `PSNR` is being used as the objective function (i.e., the metric being optimized).

Given Trials:

- **Trial 1**: Used `k2 = 0.01` and `lr = 1.0`, resulting in a PSNR of approximately 6.982.
- **Trial 2**: Used `k2 = 0.01` and `lr = 0.001`, achieving a significantly higher PSNR of about 23.1309. This suggests that a lower learning rate can be beneficial, though the best combination also depends on other factors like `k2`.
- **Trial 3**: Employed `k2 = 0.0005` and `lr = 0.001`, with a PSNR of around 21.1342, which is better than Trial 1 but not as good as Trial 2.

This information could be used to continue optimizing the hyperparameters (`lr` and `k2`) in further trials, aiming for even higher PSNR values by exploring other combinations within the defined search space. The goal would be to find an optimal combination of these parameters that maximizes the model's performance (as measured by PSNR in this case) without overfitting or underfitting.
## Round 85
Response: The provided data appears to be the intermediate result of a hyperparameter tuning process using Bayesian optimization or grid search for a model. The goal is typically to find the best set of hyperparameters (`lr` and `k2`) that results in the highest PSNR (Peak Signal-to-Noise Ratio) value, which is an indicator of how well the model performs.

Let's break down the given information:

1. **Search Space**: It defines all possible values for the hyperparameters ('lr' and 'k2') to be tested.
   - `lr`: Learning rate of the algorithm. Tested values are 1, 0.1, 0.01, 0.001, and 0.0001.
   - `k2`: Another model-specific parameter with tested values of 0.1, 0.01, 0.0005, and 0.0001.

2. **Trials**: A list containing the results of each trial that has been completed so far.
   - Each element represents a combination of hyperparameters (`k2` and `lr`) along with their corresponding PSNR value.
   - For example, when `k2 = 0.01` and `lr = 1.0`, PSNR is approximately 6.98.

3. **Max Trials**: The maximum number of trials to be performed before the search stops.
4. **Completed Trials**: Out of `max_trials`, this indicates how many have already been completed.

Based on the provided trials:

- Best trial so far has `k2 = 0.01` and `lr = 0.001` with a PSNR value of approximately 23.13, suggesting that smaller learning rates can significantly improve model performance.
- Trials indicate that decreasing `lr` while keeping `k2` at lower values could lead to better results (e.g., the combination where `k2 = 0.01` and `lr = 0.001` performs much better than when `lr = 1.0`).

Recommendations for future trials:

- Continue exploring with smaller learning rates (`lr`) since they have shown improved performance.
- Given that only three trials have been conducted out of 25, it's crucial to test across the search space comprehensively before drawing conclusions.
- It might also be insightful to see how other combinations (e.g., adjusting `k2` while keeping a low `lr`) perform.

To proceed with the remaining 22 trials:

1. **Systematic Exploration**: Continue testing various combinations of `lr` and `k2` systematically, ideally using an optimization strategy like Bayesian Optimization or Grid Search to ensure thorough exploration of the search space.
   
2. **Focused Exploration Based on Findings**: Given that low learning rates have shown promising results so far, focusing on combining lower values of `lr` (e.g., 0.001 and below) with different values of `k2` could be beneficial.

Remember, optimizing hyperparameters is often a trial-and-error process guided by intuition about the model's behavior. Detailed analysis after each set of trials can provide valuable insights into how to proceed efficiently within the given constraint of `max_trials`.
## Round 86
Response: It appears you're working with the output from an optimization process, likely using a library such as Optuna for hyperparameter tuning in machine learning models. This process involves searching through a defined space of hyperparameters to find the best combination that maximizes a certain metric—in this case, PSNR (Peak Signal-to-Noise Ratio), which is often used to measure the quality of image reconstruction or denoising models.

Let's break down the information provided in your output:

1. **`max_trials`: 25**  
   This indicates the maximum number of trials (or iterations) that the optimization algorithm will perform during its search for the optimal hyperparameters. It means the algorithm is set to try different combinations of parameters up to 25 times.

2. **`completed_trials`: 3**  
   This shows how many trial iterations have been completed so far. In your case, only 3 out of a possible 25 trials have been finished.

3. **`search_space`: {'lr': [1, 0.1, 0.01, 0.001, 0.0001], 'k2': [0.1, 0.01, 0.0005, 0.0001]}**  
   This defines the range of values for each hyperparameter that the algorithm can choose from:
   - `lr` (learning rate) can be one of several predefined values ranging from 1 down to 0.0001.
   - `k2` (likely another model parameter, possibly related to regularization or a specific model's characteristic) has its range defined as well.

4. **`trials`: [{'k2': 0.01, 'lr': 1.0, 'PSNR': 6.982}, {'k2': 0.01, 'lr': 0.001, 'PSNR': 23.1309}, {'k2': 0.0005, 'lr': 0.001, 'PSNR': 21.1342}]**  
   This section lists the trials that have been completed so far:
   - Each trial is a dictionary containing the specific values of `k2` and `lr` that were tried in that iteration, along with the resulting `PSNR` value.
   - It looks like the algorithm has tried different combinations and observed varying levels of success as measured by PSNR.

To use this information effectively:
- You could analyze these early results to see if there are patterns or specific hyperparameter values that tend to result in higher PSNR scores. For instance, a learning rate of 0.001 seems to perform well in the trials so far.
- Since only 3 out of 25 trials have been completed, it's likely too early to draw definitive conclusions. The optimization process might continue to explore other combinations and potentially find better solutions.

For further analysis or action:
- Run more trials if possible to exhaustively search the hyperparameter space defined by your `search_space`.
- Consider modifying the `search_space` based on what you learn from these initial trials, especially if certain parameter ranges seem consistently unproductive.
- Implement a pruning strategy (if available in your optimization library) to efficiently stop and remove underperforming trials early.
## Round 87
Response: This appears to be a dictionary representing the state of a hyperparameter search process. Here's a breakdown of what each part of the dictionary seems to represent:

* `max_trials`: The maximum number of trials (i.e., combinations of hyperparameters) that will be attempted during the search.
* `completed_trials`: The number of trials that have been completed so far.
* `search_space`: A dictionary defining the range of values for each hyperparameter. In this case, there are two hyperparameters:
	+ `lr` (learning rate): a list of possible values `[1, 0.1, 0.01, 0.001, 0.0001]`.
	+ `k2`: a list of possible values `[0.1, 0.01, 0.0005, 0.0001]`.
* `trials`: A list of dictionaries, each representing a single trial that has been completed. Each dictionary contains:
	+ The values of the hyperparameters used in this trial (`k2` and `lr`).
	+ The result of this trial, represented by a metric called `PSNR` (Peak Signal-to-Noise Ratio).

For example, the first trial used `k2=0.01` and `lr=1.0`, resulting in a PSNR of approximately 6.98.

Here is a Python code snippet to create and print this dictionary:

```python
hyperparameter_search = {
    'max_trials': 25,
    'completed_trials': 3,
    'search_space': {'lr': [1, 0.1, 0.01, 0.001, 0.0001], 'k2': [0.1, 0.01, 0.0005, 0.0001]},
    'trials': [
        {'k2': 0.01, 'lr': 1.0, 'PSNR': 6.982},
        {'k2': 0.01, 'lr': 0.001, 'PSNR': 23.1309},
        {'k2': 0.0005, 'lr': 0.001, 'PSNR': 21.1342}
    ]
}

print(hyperparameter_search)
```

To analyze or visualize the results of this hyperparameter search, you could use libraries like Pandas for data manipulation and Matplotlib or Seaborn for plotting. For instance:

```python
import pandas as pd

# Convert the trials list to a Pandas DataFrame
trials_df = pd.DataFrame(hyperparameter_search['trials'])

# Print the mean PSNR for each hyperparameter combination
print(trials_df.groupby(['k2', 'lr'])['PSNR'].mean())

# Plot a heatmap of PSNR values for different k2 and lr combinations
import seaborn as sns
import matplotlib.pyplot as plt

pivot_df = trials_df.pivot_table(values='PSNR', index='k2', columns='lr')
sns.heatmap(pivot_df, annot=True, cmap='coolwarm', square=True)
plt.show()
```
## Round 88
Response: The given text represents a dictionary in Python that appears to be storing data related to a hyperparameter search or tuning process for a machine learning model. Here's an interpretation and breakdown of its components:

1. **'max_trials'**: This indicates the maximum number of trials (experiments with different sets of hyperparameters) that are intended to be performed.

2. **'completed_trials'**: Shows how many trials have been completed out of the maximum planned.

3. **'search_space'**: Defines the range of values for each hyperparameter being tuned.
   - **'lr'** (likely learning rate): The possible values for the learning rate, which dictates how quickly a model learns from its data. The options are quite broad, ranging from 1 down to 0.0001.
   - **'k2'**: Another hyperparameter with potential values being 0.1, 0.01, 0.0005, and 0.0001.

4. **'trials'**: A list of dictionaries, each dictionary representing a trial (an experiment with specific hyperparameters).
   - Each trial includes the selected value for '**k2**' and '**lr**', along with the '**PSNR**' (Peak Signal-to-Noise Ratio), which is likely being used as a metric to evaluate the performance of the model.

Based on this data, here are some key observations:
- The maximum number of trials planned is 25, but only 3 have been completed so far.
- For hyperparameter 'lr', values range from very high (1) to very small (0.0001), which suggests an extensive search space for learning rate optimization.
- Hyperparameter 'k2' also has a wide range of potential values, though not as broad as 'lr'.
- Completed trials show varying performance in terms of PSNR:
  - The first trial with 'k2'=0.01 and 'lr'=1 achieved the lowest PSNR (6.982).
  - The second trial ('k2'=0.01, 'lr'=0.001) had a significantly better PSNR (23.1309), suggesting lower learning rates might be more effective.
  - The third trial with 'k2'=0.0005 and 'lr'=0.001 resulted in a PSNR of 21.1342, implying both 'k2' and 'lr' have an impact on model performance.

To utilize this data and continue the search for optimal hyperparameters, you might consider using it as input to algorithms like Bayesian optimization or Random Search that can explore the defined search space efficiently based on past trials. Here's a simple Python example of how you could add these observations into a more structured approach:

```python
import numpy as np

class HyperparameterTuner:
    def __init__(self, max_trials, search_space):
        self.max_trials = max_trials
        self.search_space = search_space
        self.completed_trials = []
    
    # Method to perform trials and store results in completed_trials list
    def run_trial(self, k2, lr):
        # Simulate performing a trial (actual implementation depends on your model)
        psnr = np.random.uniform(20, 30)  # Replace with actual PSNR calculation logic
        self.completed_trials.append({'k2': k2, 'lr': lr, 'PSNR': psnr})

    def suggest_next_trial(self):
        # Logic to decide the next trial parameters (e.g., grid search, random selection)
        pass

tuner = HyperparameterTuner(max_trials=25, 
                            search_space={'lr': [1, 0.1, 0.01, 0.001, 0.0001], 'k2': [0.1, 0.01, 0.0005, 0.0001]})

# Add existing trials to tuner
existing_trials = [
    {'k2': 0.01, 'lr': 1.0, 'PSNR': 6.982},
    {'k2': 0.01, 'lr': 0.001, 'PSNR': 23.1309},
    {'k2': 0.0005, 'lr': 0.001, 'PSNR': 21.1342}
]
tuner.completed_trials = existing_trials

# Example to run new trials
for _ in range(22):  # Remaining trials needed to reach max_trials
    # Here you would call suggest_next_trial and get k2 and lr for the next trial
    # For demonstration purposes, we randomly select them from search space.
    import random
    next_k2 = random.choice(tuner.search_space['k2'])
    next_lr = random.choice(tuner.search_space['lr'])
    
    tuner.run_trial(next_k2, next_lr)
```

Note: The `run_trial` method and the process of deciding the next trial (`suggest_next_trial`) are simplified in this example. You would replace these with logic that actually performs your model's training based on hyperparameters 'k2' and 'lr', calculating PSNR as part of evaluating the model's performance.
## Round 89
Response: This is a Python dictionary that appears to represent the state of a hyperparameter search process. Here's a breakdown of its contents:

**Top-level keys:**

1. `'max_trials'`: The maximum number of trials (i.e., attempts) allowed for the hyperparameter search. In this case, it's set to 25.
2. `'completed_trials'`: The number of trials that have already been completed. Currently, it's 3.
3. `'search_space'`: A dictionary defining the search space for the hyperparameters. It contains two keys: `'lr'` and `'k2'`.
	* `'lr'`: A list of possible values for the learning rate (LR). The options are `[1, 0.1, 0.01, 0.001, 0.0001]`.
	* `'k2'`: A list of possible values for another hyperparameter ( likely a regularization strength or similar). The options are `[0.1, 0.01, 0.0005, 0.0001]`.
4. `'trials'`: A list of dictionaries, each representing a completed trial. There are three trials so far.

**Trials:**

Each trial is represented by a dictionary containing the following keys:

* `k2` and `lr`: The specific values chosen for these hyperparameters in this trial.
* `PSNR`: The performance metric (Peak Signal-to-Noise Ratio) achieved in this trial. Higher values are generally better.

For example, the first trial used `k2=0.01`, `lr=1.0`, and achieved a PSNR of 6.982.

This data structure seems to be part of an optimization process, possibly using a Bayesian optimization or grid search algorithm to find the best combination of hyperparameters (`k2` and `lr`) that maximize the PSNR metric.

If you'd like me to elaborate on any specific aspect or provide suggestions for further analysis, feel free to ask!
## Round 90
Response: This is a dictionary that represents the state of a hyperparameter search process. Here's a breakdown of what each key-value pair contains:

* `max_trials`: The maximum number of trials (i.e., combinations of hyperparameters) to be performed. In this case, it's set to 25.
* `completed_trials`: The number of trials that have been completed so far. Currently, it's at 3.
* `search_space`: This is a dictionary that defines the hyperparameter search space. It contains two keys:
	+ `lr` (learning rate): A list of possible values for the learning rate, which are [1, 0.1, 0.01, 0.001, 0.0001].
	+ `k2`: A list of possible values for another hyperparameter (`k2`), which are [0.1, 0.01, 0.0005, 0.0001].
* `trials`: This is a list of dictionaries, where each dictionary represents the results of a completed trial. Each dictionary contains:
	+ The values of the hyperparameters used for that trial (`k2` and `lr`).
	+ The result of the trial, which is the `PSNR` (Peak Signal-to-Noise Ratio) value.

The three completed trials are:

1. `k2=0.01`, `lr=1.0`, with a `PSNR` of 6.982.
2. `k2=0.01`, `lr=0.001`, with a `PSNR` of 23.1309.
3. `k2=0.0005`, `lr=0.001`, with a `PSNR` of 21.1342.

This data can be used to analyze the performance of different hyperparameter combinations and potentially guide future trials to find better-performing configurations.
## Round 91
Response: The given data is in JSON format and represents the progress of a hyperparameter optimization process for a machine learning model. Here's a breakdown of what each part of this data structure means:

1. **`max_trials`**: This indicates the maximum number of trials (or experiments) that will be conducted to find the best combination of hyperparameters. The value is set to 25, meaning up to 25 different combinations of hyperparameters can be tried.

2. **`completed_trials`**: This shows how many trials have been completed so far. With a value of 3, it means three experiments with different sets of hyperparameters have already been run.

3. **`search_space`**: This defines the range of values for each hyperparameter that will be experimented with during the optimization process.
   - **`lr`** (learning rate) can take on any of these values: [1, 0.1, 0.01, 0.001, 0.0001].
   - **`k2`** can take on any of these values: [0.1, 0.01, 0.0005, 0.0001].

4. **`trials`**: This is a list of dictionaries where each dictionary represents the results of one trial.
   - Each trial includes specific hyperparameter settings (`k2` and `lr`) that were used for the experiment and the resulting performance metric (`PSNR`, which stands for Peak Signal-to-Noise Ratio, a quality measure often used in image compression and reconstruction tasks).
   - There are three trials listed:
     - The first trial used `k2 = 0.01` and `lr = 1.0`, achieving a PSNR of approximately 6.982.
     - The second trial used `k2 = 0.01` and `lr = 0.001`, resulting in a significantly better PSNR of about 23.1309.
     - The third trial had `k2 = 0.0005` and `lr = 0.001`, with a PSNR of around 21.1342.

Given this format, it seems like the optimization process is trying to find the best learning rate (`lr`) and another hyperparameter (`k2`) for achieving high image quality (as indicated by high PSNR values) in an image processing task, possibly involving neural networks or similar models where such hyperparameters play a crucial role. 

### Example Python Code for Processing This Data

If you wanted to process this data further in Python, say to find the best trial based on PSNR or to calculate the average PSNR across all trials, here's how you might do it:

```python
def find_best_trial(data):
    """Find the trial with the highest PSNR."""
    return max(data['trials'], key=lambda trial: trial['PSNR'])

def calculate_average_psnr(data):
    """Calculate the average PSNR of all completed trials."""
    psnr_values = [trial['PSNR'] for trial in data['trials']]
    return sum(psnr_values) / len(psnr_values)

# Assuming `data` is your JSON object converted into a Python dictionary
best_trial = find_best_trial(data)
average_psnr = calculate_average_psnr(data)

print(f"Best Trial: {best_trial}")
print(f"Average PSNR: {average_psnr}")
```

This example assumes that the JSON data has been parsed and is available as a Python dictionary named `data`. It defines two functions, one to find the trial with the highest PSNR and another to calculate the average PSNR of all trials.
## Round 92
Response: The dictionary you've provided appears to be a snapshot of the state of an ongoing hyperparameter tuning process for a machine learning model, perhaps using an optimization technique such as Bayesian optimization or grid search. Let's break down what each part of this dictionary represents:

- `max_trials`: This is the total number of trials (or iterations) that the hyperparameter tuning process is designed to perform. In this case, it's set to 25, meaning the process will attempt to find the best combination of hyperparameters by trying out different combinations up to 25 times.

- `completed_trials`: This indicates how many trials have been completed so far in the search for optimal hyperparameters. Here, it shows that 3 trials have already been completed.

- `search_space`: This defines the range of values that the algorithm can choose from for each hyperparameter during its search. The two hyperparameters being optimized are:
  - `lr` (learning rate), which has possible values of `[1, 0.1, 0.01, 0.001, 0.0001]`.
  - `k2`, with possible values of `[0.1, 0.01, 0.0005, 0.0001]`.

- `trials`: This is a list that contains the results of each trial completed so far. Each item in the list represents one trial and includes:
  - The specific value of `k2` used.
  - The specific learning rate (`lr`) used.
  - The performance metric result for this combination, here measured by `PSNR` (Peak Signal-to-Noise Ratio), which is often used to gauge the quality of image processing or reconstruction tasks.

Based on the trials completed so far:
1. The first trial used `k2=0.01` and `lr=1.0`, achieving a PSNR of about 6.98.
2. The second trial with `k2=0.01` and `lr=0.001` achieved a much higher PSNR of approximately 23.13.
3. The third trial used `k2=0.0005` and `lr=0.001`, resulting in a PSNR of around 21.13.

From these results, we can infer that the learning rate has a significant impact on performance (since a lower learning rate dramatically improves the PSNR), but more trials are needed to explore other combinations and to refine the optimal set of hyperparameters. The tuning process would continue until `max_trials` is reached or another stopping criterion is met, such as finding a combination that surpasses a certain threshold of performance.
## Round 93
Response: The given data structure appears to be a dictionary representing the state of an optimization or hyperparameter tuning process in machine learning. Here's a breakdown of what each part of this dictionary seems to represent:

- **"max_trials":** This specifies the maximum number of trials (or experiments) the tuner is set to perform. A trial here refers to testing a model with a specific combination of hyperparameters.

  - Value: `25`

- **"completed_trials":** This indicates how many trials have been completed so far during the tuning process.

  - Value: `3`

- **"search_space":** This defines the range of values that the tuner can select from for each hyperparameter. It's essentially a dictionary where each key is a hyperparameter name, and its corresponding value is a list (or sometimes other data structures) of possible values for that hyperparameter.

  - Contains two hyperparameters:
    - **"lr":** Typically stands for learning rate. It controls how quickly the model learns from the training data.
      - Possible values: `[1, 0.1, 0.01, 0.001, 0.0001]`
    - **"k2":** The specific meaning of "k2" can vary depending on the context (e.g., regularization strength in some algorithms). Here, it seems to represent another hyperparameter being tuned.
      - Possible values: `[0.1, 0.01, 0.0005, 0.0001]`

- **"trials":** This is a list of dictionaries where each dictionary represents the outcome of a completed trial. Each trial tested a model with specific values for "k2" and "lr", resulting in a certain value for "PSNR".

  - Contains outcomes of `3` trials as specified by "completed_trials".
    - First Trial: `"k2": 0.01, "lr": 1.0`, resulted in `"PSNR": 6.982`
    - Second Trial: `"k2": 0.01, "lr": 0.001`, resulted in `"PSNR": 23.1309`
    - Third Trial: `"k2": 0.0005, "lr": 0.001`, resulted in `"PSNR": 21.1342`

PSNR (Peak Signal-to-Noise Ratio) is a measure used to assess the quality of an image or signal relative to its original, noiseless version. Higher PSNR values generally indicate higher fidelity (i.e., less distortion).

This data suggests that the current tuning process aims to find the optimal combination of "lr" and "k2" for achieving the best possible image or signal fidelity as measured by PSNR, from a predefined set of potential values for these hyperparameters.
## Round 94
Response: This appears to be a dictionary representing the state of an optimization or hyperparameter search process. Here's a breakdown of what each part means:

* `'max_trials'`: The maximum number of trials (i.e., attempts) to find the optimal combination of hyperparameters. In this case, it's set to 25.
* `'completed_trials'`: The number of trials that have already been completed. Currently, it's at 3.
* `'search_space'`: A dictionary defining the range of values for each hyperparameter to be searched. There are two hyperparameters being tuned:
	+ `'lr'` (learning rate): being searched over the values `[1, 0.1, 0.01, 0.001, 0.0001]`.
	+ `'k2'`: being searched over the values `[0.1, 0.01, 0.0005, 0.0001]`.
* `'trials'`: A list of dictionaries representing each individual trial that has been completed. Each dictionary contains:
	+ The value of `'k2'` and `'lr'` used for that trial.
	+ The corresponding value of `'PSNR'` (Peak Signal-to-Noise Ratio), which is likely the metric being optimized.

In summary, this optimization process aims to find the best combination of `lr` and `k2` values that yields the highest `PSNR` value. So far, 3 trials have been completed, with `PSNR` values ranging from approximately 6.98 to 23.13. The search will continue until a total of 25 trials have been completed or some stopping criterion is met.

Here's a sample Python code snippet that might generate this dictionary:
```python
import random

def optimize_hyperparameters(max_trials, search_space):
    trials = []
    for _ in range(max_trials):
        # Sample hyperparameter values from the search space
        lr = random.choice(search_space['lr'])
        k2 = random.choice(search_space['k2'])

        # Evaluate the model with these hyperparameters ( simulate this step )
        psnr = evaluate_model(lr, k2)

        # Store the trial results
        trials.append({'k2': k2, 'lr': lr, 'PSNR': psnr})

    return {'max_trials': max_trials, 'completed_trials': len(trials), 'search_space': search_space, 'trials': trials}

def evaluate_model(lr, k2):
    # Simulate the evaluation of the model with the given hyperparameters
    # Replace this with your actual model evaluation code
    return random.uniform(0, 30)

# Define the search space and maximum number of trials
search_space = {'lr': [1, 0.1, 0.01, 0.001, 0.0001], 'k2': [0.1, 0.01, 0.0005, 0.0001]}
max_trials = 25

# Run the optimization process
result = optimize_hyperparameters(max_trials, search_space)
print(result)
```
Note that this code snippet is a simplified example and might need to be adapted to your specific use case. The `evaluate_model` function should be replaced with your actual model evaluation code.
## Round 95
Response: It appears you have a dictionary representing the state of a hyperparameter tuning process, likely from an optimization library or framework such as Hyperopt, Optuna, or similar tools designed for Bayesian optimization or grid search over defined hyperparameter spaces.

Let's break down what each part of your dictionary signifies:

- **`max_trials`**: The maximum number of trials (or experiments) that the optimization process is set to perform. In this case, it's set to 25, meaning the process aims to try out 25 different combinations of hyperparameters from the defined search space.

- **`completed_trials`**: Indicates how many trials have been completed so far. Here, 3 trials have been completed.

- **`search_space`**: Defines the range of values for each hyperparameter that the optimization algorithm is allowed to explore. In your case:
  - `lr` (learning rate) can be one of `[1, 0.1, 0.01, 0.001, 0.0001]`.
  - `k2` can be one of `[0.1, 0.01, 0.0005, 0.0001]`.

- **`trials`**: A list containing the results of each completed trial. Each trial is a dictionary with:
  - The selected value for `k2`.
  - The selected value for `lr`.
  - The result (`PSNR`) obtained from using these hyperparameter values in your model or experiment.

For example, the first trial used `k2 = 0.01` and `lr = 1.0`, resulting in a `PSNR` of `6.982`.

Given this setup, you might be looking to continue running trials until `max_trials` is reached (i.e., 25), with the goal of finding the combination of `lr` and `k2` that yields the best `PSNR` value.

Here's a simple example of how one might structure a loop to continue these trials, assuming you're using a hypothetical `run_trial(lr, k2)` function that performs an experiment with given hyperparameters and returns the result (`PSNR`):

```python
import random

def run_trial(lr, k2):
    # This is a placeholder for your actual experiment or model training function
    # It should return the PSNR value resulting from using lr and k2 as hyperparameters
    pass  # Implementation depends on your specific use case

data = {'max_trials': 25, 'completed_trials': 3, 'search_space': {'lr': [1, 0.1, 0.01, 0.001, 0.0001], 'k2': [0.1, 0.01, 0.0005, 0.0001]}, 'trials': [{'k2': 0.01, 'lr': 1.0, 'PSNR': 6.982}, {'k2': 0.01, 'lr': 0.001, 'PSNR': 23.1309}, {'k2': 0.0005, 'lr': 0.001, 'PSNR': 21.1342}]}

while data['completed_trials'] < data['max_trials']:
    # Randomly select a hyperparameter combination to try
    # This is a very basic approach; in practice, you'd likely want a more sophisticated method (e.g., Bayesian optimization)
    lr = random.choice(data['search_space']['lr'])
    k2 = random.choice(data['search_space']['k2'])
    
    # Ensure we don't repeat trials if possible
    trial_exists = False
    for t in data['trials']:
        if t['lr'] == lr and t['k2'] == k2:
            trial_exists = True
            break
    
    if not trial_exists:
        psnr = run_trial(lr, k2)
        data['trials'].append({'k2': k2, 'lr': lr, 'PSNR': psnr})
        data['completed_trials'] += 1

# Find the best trial
best_trial = max(data['trials'], key=lambda x: x['PSNR'])
print(f"Best PSNR found: {best_trial['PSNR']} with k2={best_trial['k2']}, lr={best_trial['lr']}")
```

This example uses a simple random selection for hyperparameter values, which is not efficient or optimal. For real-world scenarios, consider using established libraries like Hyperopt, Optuna, or Scikit-optimize that implement more sophisticated search strategies.
## Round 96
Response: The provided data appears to be the result of a hyperparameter optimization process, likely from an experiment using Bayesian optimization or grid search for tuning parameters in a machine learning model. The structure indicates a dictionary with several keys:

1. **`max_trials`**: This specifies the maximum number of experiments (trials) that should be conducted during the optimization process.

2. **`completed_trials`**: This keeps track of how many trials have been completed so far.

3. **`search_space`**: This defines the range of hyperparameters to be explored during the optimization. In this case, two parameters are being optimized:
   - `lr`: Learning rate with potential values of 1, 0.1, 0.01, 0.001, and 0.0001.
   - `k2`: Another hyperparameter with possible values of 0.1, 0.01, 0.0005, and 0.0001.

4. **`trials`**: This contains the results of each trial that has been conducted. Each trial's result is a dictionary containing:
   - The value of `k2` used in the trial.
   - The value of `lr` (learning rate) used in the trial.
   - `PSNR`: The Peak Signal-to-Noise Ratio, which is a measure of the similarity between two images and is often used as an evaluation metric for image restoration or compression tasks. Higher PSNR values generally indicate that the reconstructed image is of higher quality.

Example data:

```json
{
  "max_trials": 25,
  "completed_trials": 3,
  "search_space": {
    "lr": [1, 0.1, 0.01, 0.001, 0.0001],
    "k2": [0.1, 0.01, 0.0005, 0.0001]
  },
  "trials": [
    {"k2": 0.01, "lr": 1.0, "PSNR": 6.982},
    {"k2": 0.01, "lr": 0.001, "PSNR": 23.1309},
    {"k2": 0.0005, "lr": 0.001, "PSNR": 21.1342}
  ]
}
```

### Analysis:

- The experiment has been set to perform up to **25 trials** but has so far completed **3 trials**.
- The hyperparameters being optimized are the learning rate (`lr`) and another parameter (`k2`).
- Of the three completed trials, one trial with `k2=0.01` and `lr=1.0` resulted in a PSNR of about 6.98, which is relatively low compared to other trials.
- The trial with `k2=0.01` and `lr=0.001` achieved the highest PSNR at approximately **23.13**, suggesting that this combination of hyperparameters might be optimal or near-optimal within the explored space so far.

### Future Steps:

To continue this optimization process:
1. **Continue Trials**: Complete more trials to explore the defined search space comprehensively.
2. **Refine Search Space**: If certain parameters consistently yield poor results, consider narrowing the search space to focus on more promising areas.
3. **Consider Additional Metrics**: While PSNR is useful, evaluating other metrics (e.g., SSIM for image similarity) might provide a fuller understanding of model performance.

Remember, hyperparameter optimization is often an iterative and exploratory process that requires patience and adjustments based on the insights gained from completed trials.
## Round 97
Response: The provided text appears to be a dictionary in Python, representing the state of an optimization or hyperparameter tuning process. Here's a breakdown of what each part seems to represent:

- `'max_trials'`: The maximum number of trials (or attempts) the optimizer is set to perform. In this case, it's 25.

- `'completed_trials'`: The number of trials that have been completed so far. Currently, it shows 3 trials have been completed.

- `'search_space'`: This defines the range of parameters (hyperparameters) that the optimizer can choose from during its search for the optimal set of parameters.
  - `'lr'` stands for learning rate and includes values like 1, 0.1, 0.01, 0.001, and 0.0001. In machine learning, the learning rate is a critical hyperparameter that controls how quickly the model learns from the training data.
  - `'k2'`: This likely represents another model or algorithm-specific parameter with possible values of 0.1, 0.01, 0.0005, and 0.0001.

- `'trials'`: A list of dictionaries where each dictionary represents a completed trial. Each trial includes:
  - The value of `k2` used in that trial.
  - The learning rate (`lr`) used.
  - The result of the trial, measured by `PSNR` (Peak Signal-to-Noise Ratio), which is often used to measure the quality of an image or video after compression or processing. Higher PSNR values generally indicate better quality.

Based on this structure, here's how you might continue or analyze these trials in Python:

```python
import pandas as pd

# Assuming data is your dictionary
data = {
    'max_trials': 25,
    'completed_trials': 3,
    'search_space': {'lr': [1, 0.1, 0.01, 0.001, 0.0001], 'k2': [0.1, 0.01, 0.0005, 0.0001]},
    'trials': [{'k2': 0.01, 'lr': 1.0, 'PSNR': 6.982}, {'k2': 0.01, 'lr': 0.001, 'PSNR': 23.1309}, {'k2': 0.0005, 'lr': 0.001, 'PSNR': 21.1342}]
}

# Convert trials to DataFrame for easier analysis
trials_df = pd.DataFrame(data['trials'])

print(trials_df)

# Find the trial with the highest PSNR (best result so far)
best_trial_index = trials_df['PSNR'].idxmax()
print(f"Best trial parameters: {trials_df.loc[best_trial_index]}")

# Continue optimization process based on search space and previous results...
```

This example converts the list of trials into a pandas DataFrame for easier manipulation and analysis. It then finds the best trial so far by identifying the row with the maximum PSNR value. Depending on your specific requirements or algorithm, you would continue the optimization process from here, potentially including generating new trials based on the search space defined in `data['search_space']`.
## Round 98
Response: The snippet you've provided appears to be a dictionary representing the state of an optimization or hyperparameter tuning process in Python, possibly using a library like Optuna or Hyperopt for Bayesian optimization. Let's break down what each part of this dictionary means and how it might be used:

### Overview
- **`max_trials`**: The maximum number of trials (or iterations) the optimizer is set to run. In your case, it's 25.
- **`completed_trials`**: The number of trials that have been completed so far, which is 3 in this scenario.

### Search Space (`search_space`)
This defines the hyperparameters and their possible values that the optimization algorithm will explore:
- **`lr` (Learning Rate)**: This parameter can take on several values `[1, 0.1, 0.01, 0.001, 0.0001]`.
- **`k2`**: Similar to `lr`, but with its own set of potential values `[0.1, 0.01, 0.0005, 0.0001]`.

### Trials (`trials`)
A list of dictionaries where each dictionary represents a single trial:
- Each trial includes the hyperparameters tried (`k2` and `lr`) and the outcome metric for that trial (`PSNR`, which stands for Peak Signal-to-Noise Ratio, often used in image processing tasks as a quality metric).

Let's look at an example of how you might access or manipulate this data:

```python
data = {
    'max_trials': 25,
    'completed_trials': 3,
    'search_space': {'lr': [1, 0.1, 0.01, 0.001, 0.0001], 'k2': [0.1, 0.01, 0.0005, 0.0001]},
    'trials': [{'k2': 0.01, 'lr': 1.0, 'PSNR': 6.982}, {'k2': 0.01, 'lr': 0.001, 'PSNR': 23.1309}, {'k2': 0.0005, 'lr': 0.001, 'PSNR': 21.1342}]
}

# Accessing the maximum trials
print("Max Trials:", data['max_trials'])

# Looping through each trial and printing its PSNR value
for i, trial in enumerate(data['trials']):
    print(f"Trial {i+1} PSNR: {trial['PSNR']}")

# Finding the best trial based on PSNR (higher is generally better)
best_trial = max(data['trials'], key=lambda x: x['PSNR'])
print("Best Trial's Parameters:", best_trial)

```

This code snippet does a few things:
1. Prints out the maximum number of trials.
2. Iterates through each trial and prints its PSNR value.
3. Finds and prints the parameters of the "best" trial, which is determined by the highest PSNR value in this context.

Remember, the specific task you're accomplishing (like optimizing hyperparameters for a model) would dictate how you use and analyze the data within this dictionary.
## Round 99
Response: The data you've provided appears to be a dictionary representing the state of an optimization process or experiment, likely in the context of machine learning model tuning. Here's a breakdown of what each part of this dictionary seems to represent:

1. **`max_trials`**: This specifies the maximum number of trials (or experiments) that are planned to be conducted as part of this optimization effort.

2. **`completed_trials`**: This indicates how many trials have been completed so far out of the `max_trials`.

3. **`search_space`**: This defines the range of values that can be used for each hyperparameter during the optimization process.
   - **`lr`**: Likely represents the learning rate, a critical parameter in machine learning models that controls how quickly the model learns from the training data.
   - **`k2`**: Might represent another model-specific hyperparameter (possibly related to regularization or another aspect of model architecture).

4. **`trials`**: This is a list of dictionaries where each dictionary represents a single trial that has been completed. Each trial's dictionary includes:
   - The values chosen for `lr` and `k2` during this trial.
   - The outcome of the trial, represented by `'PSNR'`, which stands for Peak Signal-to-Noise Ratio, often used to measure image quality. Higher PSNR generally indicates better model performance (less distortion).

Given your data:

```json
{
  'max_trials': 25,
  'completed_trials': 3,
  'search_space': {
    'lr': [1, 0.1, 0.01, 0.001, 0.0001],
    'k2': [0.1, 0.01, 0.0005, 0.0001]
  },
  'trials': [
    {'k2': 0.01, 'lr': 1.0, 'PSNR': 6.982},
    {'k2': 0.01, 'lr': 0.001, 'PSNR': 23.1309},
    {'k2': 0.0005, 'lr': 0.001, 'PSNR': 21.1342}
  ]
}
```

This means:
- The maximum number of trials planned is **25**, but only **3** have been completed so far.
- For each trial (experiment), values for the learning rate (`lr`) can be chosen from `[1, 0.1, 0.01, 0.001, 0.0001]` and for `k2` from `[0.1, 0.01, 0.0005, 0.0001]`.
- The three completed trials had the following configurations and outcomes:
  1. `lr=1.0`, `k2=0.01`, resulting in a PSNR of **6.982**.
  2. `lr=0.001`, `k2=0.01`, resulting in a significantly better PSNR of **23.1309**, indicating that these hyperparameters led to much better image quality or model performance.
  3. `lr=0.001`, `k2=0.0005`, with a PSNR of **21.1342**.

From this, one could infer that the learning rate of 0.001 is performing well compared to 1.0, and the choice of `k2` between 0.01 and 0.0005 had some impact but less significant than the learning rate in these trials. However, with only three trials completed out of 25 planned, it's early days in this optimization process, and more experiments are needed to solidify any conclusions about hyperparameter effects on model performance.
## Round 100
Response: It seems like you've provided a dictionary that represents the state of a hyperparameter tuning process, likely for a machine learning model. Here's a breakdown and some suggestions on how to proceed:

### Breakdown of the Dictionary

- **`max_trials`**: The maximum number of trials (experiments) to be conducted. You've set this to 25.
- **`completed_trials`**: The number of trials that have been completed so far, which is 3 in your case.
- **`search_space`**: This defines the hyperparameters and their possible values that you're experimenting with. You're tuning two hyperparameters:
  - `lr` (learning rate): Possible values are [1, 0.1, 0.01, 0.001, 0.0001].
  - `k2`: Possible values are [0.1, 0.01, 0.0005, 0.0001].
- **`trials`**: A list of dictionaries where each dictionary represents a completed trial with its hyperparameter settings (`k2`, `lr`) and the resulting performance metric (`PSNR`, Peak Signal-to-Noise Ratio).

### Suggestions

1. **Review Completed Trials**:
   - Look at the PSNR values for completed trials to get an initial sense of how different hyperparameters affect your model's performance.

2. **Plan Next Trials**:
   - Since you're only 3 trials in, consider what other combinations from your `search_space` you want to explore next.
   - You might prioritize exploring more diverse combinations of `lr` and `k2`, especially if the initial trials were clustered around certain values.

3. **Consider Hyperparameter Tuning Strategies**:
   - Your approach seems grid-based (trying all possible combinations), but with a limited number of trials, you might consider random search or Bayesian optimization strategies to more efficiently explore your search space.
   - Libraries like `optuna`, `hyperopt`, or `ray tune` can help implement these strategies.

4. **Analyze Results**:
   - After completing more trials, analyze the results. Look for correlations between hyperparameters and PSNR values.
   - Visualizations (e.g., scatter plots of PSNR vs. each hyperparameter) can be helpful in understanding these relationships.

5. **Refine Search Space or Model**:
   - Based on your findings, you might refine your `search_space`, adjusting the ranges for `lr` and `k2`.
   - Also, consider whether other hyperparameters could significantly impact performance and include them in future tuning efforts.

### Example Code Snippet

If you were to explore using a library like `optuna` for more efficient hyperparameter tuning:

```python
import optuna

def objective(trial):
    # Suggest hyperparameters within the defined search space
    lr = trial.suggest_categorical('lr', [1, 0.1, 0.01, 0.001, 0.0001])
    k2 = trial.suggest_categorical('k2', [0.1, 0.01, 0.0005, 0.0001])

    # Train your model with the suggested hyperparameters and evaluate
    # For demonstration purposes, this part is simplified
    psnr = train_and_evaluate(lr, k2)

    return psnr

def train_and_evaluate(lr, k2):
    # Your code to train a model with the given lr and k2 goes here
    # Then calculate and return the PSNR value
    pass

# Perform optimization
study = optuna.create_study(direction='maximize')  # Maximize PSNR
n_trials = 25
study.optimize(objective, n_trials=n_trials)

# Print the best parameters and the corresponding PSNR
print(f'Best parameters: {study.best_params}')
print(f'Highest PSNR: {study.best_value}')
```

This example assumes a `train_and_evaluate` function that takes `lr` and `k2`, trains your model with those hyperparameters, calculates the PSNR, and returns it. Optuna's `study.optimize` method then performs the hyperparameter tuning, aiming to maximize the PSNR value over the specified number of trials.
## Round 101
Response: It appears you're dealing with an optimization process, perhaps using a library like Optuna or Hyperopt for hyperparameter tuning in machine learning models. The dictionary you've provided contains information about the optimization trials that have been conducted so far.

Let's break down what each part of this dictionary likely means:

- `max_trials`: This indicates the maximum number of trials (or iterations) the optimizer is set to perform. In your case, it's 25, meaning the optimizer will try different combinations of hyperparameters up to 25 times.

- `completed_trials`: This shows how many trials have been completed so far. You've got 3 trials done, which means the optimizer has evaluated 3 sets of hyperparameters.

- `search_space`: This defines the range of values for each hyperparameter that the optimizer can choose from during its search. In your case:
  - `lr` (learning rate) can be one of `[1, 0.1, 0.01, 0.001, 0.0001]`.
  - `k2` can be one of `[0.1, 0.01, 0.0005, 0.0001]`.

- `trials`: This is a list of dictionaries where each dictionary represents a trial that has been completed. Each trial includes:
  - The specific values chosen for the hyperparameters (`k2` and `lr`) during that trial.
  - The result of that trial, measured in terms of `PSNR` (Peak Signal-to-Noise Ratio), which is often used to evaluate the quality of image compression or reconstruction algorithms. Higher PSNR values generally indicate better performance.

Based on the information provided:

1. **First Trial**: Used `k2 = 0.01` and `lr = 1.0`, resulting in a PSNR of 6.982.
2. **Second Trial**: Used `k2 = 0.01` and `lr = 0.001`, achieving a significantly better PSNR of 23.1309.
3. **Third Trial**: Used `k2 = 0.0005` and `lr = 0.001`, with a PSNR of 21.1342.

These results suggest that lower learning rates (`lr`) might be performing better in your optimization problem, but the impact of `k2` is less clear from just these three trials. The optimizer will continue to explore the search space up to the `max_trials` limit, trying to find the best combination of hyperparameters for maximizing PSNR.
## Round 102
Response: The given data appears to be the result of a hyperparameter tuning process in machine learning, specifically using a Bayesian optimization or grid search approach. Here's a breakdown of what each part of the dictionary represents:

- `max_trials`: The maximum number of trials (or experiments) that will be conducted as part of the hyperparameter tuning process. In this case, it is set to 25.

- `completed_trials`: This indicates how many trials have been completed so far. Here, 3 trials have been completed out of the possible 25.

- `search_space`: This defines the range of values for each hyperparameter that will be explored during the search process.
  - `lr` (learning rate): The learning rate is a crucial parameter in machine learning models, especially in training neural networks. It controls how quickly the model learns from the data. In this case, the learning rate (`lr`) could be any of `[1, 0.1, 0.01, 0.001, 0.0001]`.
  - `k2`: Another hyperparameter, possibly related to a regularization term or another component specific to the model being tuned. Its potential values are `[0.1, 0.01, 0.0005, 0.0001]`.

- `trials`: This contains the results of each trial that has been completed.
  - Each trial is represented by a dictionary containing the hyperparameters tested (`k2` and `lr`) and the result of that trial (`PSNR`, which stands for Peak Signal-to-Noise Ratio, often used as a measure of quality in image processing tasks).
    - Example: The first trial had `k2 = 0.01` and `lr = 1.0`, resulting in a `PSNR` of `6.982`.
    - Second trial: `k2 = 0.01` and `lr = 0.001`, with a `PSNR` of `23.1309`.
    - Third trial: `k2 = 0.0005` and `lr = 0.001`, yielding a `PSNR` of `21.1342`.

Given this structure, the process seems to be looking for the optimal combination of learning rate (`lr`) and another hyperparameter (`k2`) that maximizes the PSNR (a measure of image quality) within a set of predefined possible values for these parameters. The best combination so far (based on the completed trials) is `k2 = 0.01` and `lr = 0.001`, which achieved a PSNR of `23.1309`. However, with only 3 out of 25 trials completed, there's potential for further improvement as the search space is explored more thoroughly.
## Round 103
Response: The provided data appears to be a dictionary containing information about hyperparameter tuning trials for an optimization process, likely related to machine learning model training. Let's break down the components and interpret them:

### Summary of Key Information:
- **Max Trials**: The maximum number of trials set for the hyperparameter search is 25.
- **Completed Trials**: Out of these, 3 trials have been completed.
- **Search Space**: Defines the range of values that two hyperparameters (`lr` and `k2`) can take during the search. 
    - `lr` (learning rate) could be one of [1, 0.1, 0.01, 0.001, 0.0001].
    - `k2` could be one of [0.1, 0.01, 0.0005, 0.0001].
- **Trials**: A list containing the specifics of each completed trial, including the values of `lr`, `k2`, and a metric called `PSNR`.

### Detailed Analysis of Trials:

1. **First Trial**:
   - `k2 = 0.01`
   - `lr = 1.0`
   - `PSNR = 6.982`

2. **Second Trial**:
   - `k2 = 0.01` (same as the first trial)
   - `lr = 0.001`
   - `PSNR = 23.1309`

3. **Third Trial**:
   - `k2 = 0.0005`
   - `lr = 0.001` (same learning rate as the second trial)
   - `PSNR = 21.1342`

### Observations and Suggestions:

- The first trial used a very high learning rate (`lr=1.0`) which might have resulted in unstable training or overshooting, leading to a lower PSNR value.
- In contrast, using a much smaller learning rate (`lr=0.001`) in the second and third trials led to significantly better PSNR values, suggesting that this range of learning rates is more appropriate for stable convergence and better performance.
- The effect of `k2` can be seen by comparing the second and third trials. A decrease from `k2=0.01` to `k2=0.0005` resulted in a lower PSNR value (from 23.1309 to 21.1342), suggesting that within these two options, `k2=0.01` might be a better choice when combined with `lr=0.001`.

### Future Steps:

- Given the current trend, it would be beneficial to further explore combinations of lower learning rates (around `0.001`) with various values of `k2`, especially exploring even smaller values than `0.0005` to see if there is a sweet spot where PSNR could be optimized.
- Additionally, completing the remaining 22 trials will provide a more comprehensive understanding and potentially uncover better hyperparameter combinations for the model.

This analysis suggests that tuning both learning rate (`lr`) and `k2` within their respective defined ranges can significantly impact performance (measured by PSNR), with the current data hinting at low learning rates being beneficial. Further experimentation and exploration of these hyperparameters will help in narrowing down to an optimal set for best model performance.
## Round 104
Response: It looks like you have a dictionary representing the state of a hyperparameter tuning process. Here's a breakdown of what each part of the dictionary represents:

* `max_trials`: The maximum number of trials (i.e., experiments) that will be run to find the optimal combination of hyperparameters.
* `completed_trials`: The number of trials that have been completed so far.
* `search_space`: A dictionary defining the range of values for each hyperparameter that will be searched. In this case, there are two hyperparameters:
	+ `lr` (learning rate): a list of possible values `[1, 0.1, 0.01, 0.001, 0.0001]`.
	+ `k2`: a list of possible values `[0.1, 0.01, 0.0005, 0.0001]`.
* `trials`: A list of dictionaries, where each dictionary represents a single trial (experiment). Each trial has the following keys:
	+ `k2` and `lr`: The specific value of each hyperparameter used in this trial.
	+ `PSNR`: The performance metric ( Peak Signal-to-Noise Ratio) achieved by the model using these hyperparameters.

In this case, we have three completed trials so far:

1. `k2=0.01`, `lr=1.0`, `PSNR=6.982`
2. `k2=0.01`, `lr=0.001`, `PSNR=23.1309`
3. `k2=0.0005`, `lr=0.001`, `PSNR=21.1342`

What would you like to do with this data? Do you want to analyze the results, visualize the performance of each trial, or something else?
## Round 105
Response: The data you've provided appears to be from a machine learning or optimization process, specifically detailing the current state of a hyperparameter search. Let's break down what each part means:

1. **`max_trials`: 25**  
   This indicates the maximum number of trials (or attempts) that the optimizer is set to perform in its search for the optimal combination of hyperparameters.

2. **`completed_trials`: 3**  
   So far, the optimization process has completed 3 trials out of the 25 it is set to conduct. Each trial tests a specific set of hyperparameters from the defined `search_space`.

3. **`search_space`:**  
   This defines the possible values for each hyperparameter that the optimizer will test during its trials.
   - **`lr`: [1, 0.1, 0.01, 0.001, 0.0001]**  
     This specifies the learning rate (`lr`) options. The learning rate is a key hyperparameter in machine learning that controls how quickly a model learns from the training data.
   - **`k2`: [0.1, 0.01, 0.0005, 0.0001]**  
     This lists the possible values for another hyperparameter labeled as `k2`. The meaning of `k2` can vary depending on the context (e.g., it could be related to a regularization term in the model).

4. **`trials`:**  
   This section details each completed trial, including the specific combination of hyperparameters (`lr` and `k2`) used and the resulting performance metric (`PSNR`, which stands for Peak Signal-to-Noise Ratio). PSNR is often used to measure image quality; higher values generally indicate better image quality.

   - The first trial used `k2 = 0.01` and `lr = 1.0`, achieving a PSNR of `6.982`.
   - The second trial used `k2 = 0.01` and `lr = 0.001`, resulting in a significantly better PSNR of `23.1309`.
   - The third trial tested `k2 = 0.0005` with `lr = 0.001`, achieving a PSNR of `21.1342`.

Based on the data provided, we can observe that:
- Lower learning rates (`lr`) seem to perform better, as both trials with `lr = 0.001` outperformed the trial with `lr = 1.0`.
- The impact of `k2` is less straightforward from just three trials but suggests that smaller values (e.g., `0.0005`) might not necessarily lead to the best performance (`23.1309` was achieved with `k2 = 0.01`, which is higher than `0.0005`). However, more trials are needed for a conclusive understanding of its effect.

To further optimize these hyperparameters, more trials should be run as planned (up to the maximum of 25), exploring other combinations within the defined search space to identify the best performing set based on the PSNR metric or any other relevant performance measure.
## Round 106
Response: The given data appears to be a snapshot of an ongoing hyperparameter tuning process for a machine learning model, possibly using an optimization library like Optuna, Hyperopt, or similar frameworks that perform Bayesian optimization or grid search over a predefined set of parameters. Let's break down what this dictionary contains:

1. **`max_trials`**: This indicates the maximum number of trials (or experiments) that will be conducted to find the optimal hyperparameters. In this case, it is set to 25.

2. **`completed_trials`**: This shows how many trials have been completed so far. Currently, it's at 3.

3. **`search_space`**: This defines the range of values for each hyperparameter that will be explored during the optimization process.
   - `lr`: This seems to represent the learning rate of a model and has five possible values: [1, 0.1, 0.01, 0.001, 0.0001].
   - `k2`: Another hyperparameter with four potential values: [0.1, 0.01, 0.0005, 0.0001].

4. **`trials`**: This is a list of dictionaries where each dictionary represents a completed trial.
   - Each trial includes the specific values chosen for `k2` and `lr`, as well as the resulting performance metric (`PSNR`), which stands for Peak Signal-to-Noise Ratio, commonly used to measure image quality in terms of the difference between the original and reconstructed images.

Given this context, here's how you might analyze or proceed with this data:

### Analyzing Completed Trials

You could calculate average PSNR values across different learning rates or `k2` values to see which configurations tend to perform better. For example, does a learning rate of 0.001 consistently yield higher PSNR values?

### Identifying the Best Trial So Far

Based on the provided data, the second trial (`{'k2': 0.01, 'lr': 0.001, 'PSNR': 23.1309}`) has the highest PSNR value, suggesting that this combination of `k2` and learning rate is currently the best found configuration.

### Predicting Future Trials

If you have a method to suggest new trials based on past performances (like Bayesian optimization algorithms), you could use these results to inform those predictions. For instance, given the high performance of trials with an `lr` of 0.001, future trials might prioritize exploring more configurations around this learning rate.

### Example Code for Analysis

A simple Python script might look like this:

```python
import numpy as np

data = {
    'max_trials': 25, 
    'completed_trials': 3, 
    'search_space': {'lr': [1, 0.1, 0.01, 0.001, 0.0001], 'k2': [0.1, 0.01, 0.0005, 0.0001]}, 
    'trials': [
        {'k2': 0.01, 'lr': 1.0, 'PSNR': 6.982}, 
        {'k2': 0.01, 'lr': 0.001, 'PSNR': 23.1309}, 
        {'k2': 0.0005, 'lr': 0.001, 'PSNR': 21.1342}
    ]
}

# Calculate average PSNR by lr
psnr_by_lr = {}
for trial in data['trials']:
    if trial['lr'] not in psnr_by_lr:
        psnr_by_lr[trial['lr']] = []
    psnr_by_lr[trial['lr']].append(trial['PSNR'])

for lr, psnrs in psnr_by_lr.items():
    print(f"Average PSNR for lr={lr}: {np.mean(psnrs)}")

# Find the best trial
best_trial = max(data['trials'], key=lambda x: x['PSNR'])
print("Best Trial:", best_trial)
```

This script provides a basic way to analyze and summarize the data from completed trials, which can help in understanding how different hyperparameters affect model performance.
## Round 107
Response: It looks like you have a dictionary representing the state of a hyperparameter search process. Here's a breakdown of what each part of the dictionary seems to represent:

* `max_trials`: The maximum number of trials (i.e., attempts) that will be made to find the optimal hyperparameters. In this case, it's set to 25.
* `completed_trials`: The number of trials that have already been completed. Currently, it's at 3.
* `search_space`: This dictionary defines the range of possible values for each hyperparameter being searched. There are two hyperparameters:
	+ `lr` (learning rate): Can take on one of five values: 1, 0.1, 0.01, 0.001, or 0.0001.
	+ `k2`: Can take on one of four values: 0.1, 0.01, 0.0005, or 0.0001.
* `trials`: A list of dictionaries, where each dictionary represents a single trial that has been completed. Each trial includes:
	+ The value of `k2` used in the trial
	+ The value of `lr` used in the trial
	+ The resulting `PSNR` (Peak Signal-to-Noise Ratio) measurement, which is likely being used as the objective function to optimize

The three trials that have been completed so far are:

1. `k2=0.01`, `lr=1.0`, PSNR=6.982
2. `k2=0.01`, `lr=0.001`, PSNR=23.1309
3. `k2=0.0005`, `lr=0.001`, PSNR=21.1342

Is there something specific you'd like to know or do with this data?
## Round 108
Response: The data you've provided appears to be a snapshot of an ongoing optimization process, possibly from a machine learning or deep learning model tuning task. Here's a breakdown and interpretation of the given dictionary:

```python
{
    'max_trials': 25,
    'completed_trials': 3,
    'search_space': {
        'lr': [1, 0.1, 0.01, 0.001, 0.0001],
        'k2': [0.1, 0.01, 0.0005, 0.0001]
    },
    'trials': [
        {'k2': 0.01, 'lr': 1.0, 'PSNR': 6.982},
        {'k2': 0.01, 'lr': 0.001, 'PSNR': 23.1309},
        {'k2': 0.0005, 'lr': 0.001, 'PSNR': 21.1342}
    ]
}
```

### Explanation:

1. **`max_trials`:** This key indicates the maximum number of trials (or experiments) that are planned to be conducted in this optimization process. The value is set to `25`, meaning the optimizer aims to explore up to `25` different combinations of hyperparameters.

2. **`completed_trials`:** This shows how many trials have been completed so far. Currently, it's at `3`, indicating that three experiments out of the planned maximum have been executed.

3. **`search_space`:** This dictionary defines the range of values for each hyperparameter that will be explored during the optimization process.
   - **`lr`:** Likely stands for "learning rate," a crucial parameter in many machine learning algorithms, controlling how quickly the model learns from the training data. The possible values are `[1, 0.1, 0.01, 0.001, 0.0001]`.
   - **`k2`:** This could represent another hyperparameter specific to the problem or algorithm being optimized. Its potential values are `[0.1, 0.01, 0.0005, 0.0001]`.

4. **`trials`:** This is a list that contains the outcomes of each completed trial. Each trial includes:
   - The value of `k2` used.
   - The value of `lr` (learning rate) used.
   - The resulting `PSNR`, which likely stands for Peak Signal-to-Noise Ratio, a measure used to assess image quality. In this context, it's being used as the objective metric to optimize (e.g., maximize PSNR).

### Observations:

- From the three completed trials, we can observe that when `lr` was set to `1.0`, the resulting PSNR was significantly lower (`6.982`) compared to when `lr` was set to `0.001` with different values of `k2`. This suggests that a learning rate of `1.0` might be too high for optimal performance, at least in combination with `k2=0.01`.
- The trial with `k2=0.0005` and `lr=0.001` had a lower PSNR (`21.1342`) compared to the trial where `k2=0.01` and `lr=0.001` (`23.1309`). This could indicate that, within these specific combinations, `k2=0.01` might be more favorable for higher image quality when `lr=0.001`.

### Future Steps:

Given that only 3 out of the planned 25 trials have been completed, there's a considerable amount of exploration left to do within the defined search space. The next steps could involve continuing the optimization process by trying different combinations of `lr` and `k2`, potentially leveraging the insights gained from these initial trials to inform or adjust the search strategy if needed.
## Round 109
Response: The provided data appears to be a snapshot of the state of a Bayesian optimization or hyperparameter tuning process for a machine learning model. Here's a breakdown of what each part of this data structure seems to represent:

- `max_trials`: This indicates the total number of experiments or trials that are intended to be conducted during the optimization process. In this case, it is set to 25.

- `completed_trials`: This shows how many trials have been completed so far. Here, it's reported as 3, meaning three different combinations of hyperparameters have been tested.

- `search_space`: This defines the range of values that each hyperparameter can take during the optimization process. There are two hyperparameters being tuned:
  - `lr` (learning rate): It has five possible values - 1, 0.1, 0.01, 0.001, and 0.0001.
  - `k2`: This parameter has four possible values - 0.1, 0.01, 0.0005, and 0.0001.

- `trials`: This is a list that contains the results of each completed trial. Each trial is represented as a dictionary with the following keys:
  - `k2` and `lr`: The specific values of these hyperparameters used in the trial.
  - `PSNR`: This stands for Peak Signal-to-Noise Ratio, which is often used as a metric to evaluate the quality of reconstruction in image processing tasks. It seems to be the objective function being optimized here.

Here's an example of how you might analyze or continue this optimization process using Python:

```python
import pandas as pd

# Assuming data is your dictionary
data = {'max_trials': 25, 'completed_trials': 3, 'search_space': {'lr': [1, 0.1, 0.01, 0.001, 0.0001], 'k2': [0.1, 0.01, 0.0005, 0.0001]}, 
         'trials': [{'k2': 0.01, 'lr': 1.0, 'PSNR': 6.982}, {'k2': 0.01, 'lr': 0.001, 'PSNR': 23.1309}, {'k2': 0.0005, 'lr': 0.001, 'PSNR': 21.1342}]}

# Convert trials to a DataFrame for easier analysis
trials_df = pd.DataFrame(data['trials'])

# Display the results of completed trials
print(trials_df)

# Example: Find the best trial based on PSNR
best_trial_index = trials_df['PSNR'].idxmax()
best_trial = trials_df.loc[best_trial_index]

print(f"Best Trial Parameters: k2={best_trial['k2']}, lr={best_trial['lr']}")
print(f"Best PSNR Achieved: {best_trial['PSNR']}")

# Further steps could involve continuing the optimization process,
# possibly using more sophisticated methods like Bayesian optimization
# to select the next trial parameters based on the outcomes of previous trials.
```

This code snippet converts the list of trials into a pandas DataFrame for easier manipulation and analysis, showing how you can quickly identify the best-performing set of hyperparameters so far based on the PSNR metric.
## Round 110
Response: The given data appears to be a dictionary that represents the status of a hyperparameter search process in machine learning, likely from an optimization library like Hyperopt or Optuna, though its structure is somewhat generic and could be used by various frameworks with slight modifications. Here's a breakdown of what each part of this dictionary typically means:

- **'max_trials': 25**: This indicates the total number of different combinations of hyperparameters that the search process is set to evaluate. The search will stop once it has evaluated this many combinations.

- **'completed_trials': 3**: This shows how many trials (evaluations of a specific combination of hyperparameters) have been completed so far. In this case, only 3 out of 25 trials have been finished.

- **'search_space': {'lr': [...], 'k2': [...]}}**: This defines the range of values that two hyperparameters (`lr` and `k2`) can take during the search process.
  - **'lr' (learning rate)**: A common hyperparameter in machine learning algorithms, especially those that involve gradient descent. The learning rate controls how quickly the model learns from its errors. The possible values for `lr` are `[1, 0.1, 0.01, 0.001, 0.0001]`.
  - **'k2'**: This likely represents another hyperparameter specific to the algorithm being optimized (potentially a regularization parameter or a coefficient in a more complex model). Its possible values are `[0.1, 0.01, 0.0005, 0.0001]`.

- **'trials': [...]**: This is a list of dictionaries, where each dictionary represents the outcome of a trial (i.e., an evaluation of a specific set of hyperparameters).
  - Each trial dictionary contains:
    - The values chosen for `k2` and `lr`.
    - `'PSNR'`: This likely stands for Peak Signal-to-Noise Ratio, a metric used to evaluate the quality of the model's outputs (e.g., in image processing tasks). Higher PSNR values generally indicate better performance.

For example, the first trial evaluated `k2 = 0.01` and `lr = 1.0`, resulting in a `PSNR` of `6.982`. The second trial used `k2 = 0.01` and `lr = 0.001`, achieving a much higher `PSNR` of `23.1309`.

To further analyze or utilize this data, you might:
1. **Plot the trials**: Create scatter plots where each point represents a trial, with x and y axes representing hyperparameters (`k2` and `lr`) and color or size indicating the PSNR value. This can visually reveal relationships between hyperparameters and performance.
2. **Predict better combinations**: Use machine learning models (like Gaussian Processes) to predict which untried combinations of hyperparameters might yield even higher PSNR values, based on patterns in the existing trials data.
3. **Further optimization**: If 25 trials are insufficient for convergence or exploration of the search space, consider expanding `max_trials` and possibly refining the `search_space` definition based on insights from initial results.

Here is a basic Python example to plot these trials using matplotlib:

```python
import matplotlib.pyplot as plt

# Assuming data is your dictionary
data = {'max_trials': 25, 'completed_trials': 3, 'search_space': {'lr': [1, 0.1, 0.01, 0.001, 0.0001], 'k2': [0.1, 0.01, 0.0005, 0.0001]}, 
         'trials': [{'k2': 0.01, 'lr': 1.0, 'PSNR': 6.982}, {'k2': 0.01, 'lr': 0.001, 'PSNR': 23.1309}, {'k2': 0.0005, 'lr': 0.001, 'PSNR': 21.1342}]}

# Extract data
trials = data['trials']
k2_values = [t['k2'] for t in trials]
lr_values = [t['lr'] for t in trials]
psnr_values = [t['PSNR'] for t in trials]

plt.scatter(k2_values, lr_values, c=psnr_values)
plt.colorbar(label='PSNR')
plt.xlabel('k2')
plt.ylabel('Learning Rate')
plt.title('Hyperparameter Search Trials')
plt.show()
```

This example plots each trial with its `k2` value on the x-axis and `lr` value on the y-axis, colored according to its PSNR value.
## Round 111
Response: The data you've provided appears to be the state of an optimization process, possibly from a hyperparameter tuning experiment in machine learning. Let's break down what each part of this dictionary represents:

- `max_trials`: This is the maximum number of trials (or experiments) that will be conducted during the optimization process. Here, it's set to 25.

- `completed_trials`: This indicates how many trials have been completed so far. Currently, it's at 3.

- `search_space`: This defines the range of hyperparameters that are being optimized. It includes:
  - `lr` (learning rate): A critical hyperparameter in machine learning algorithms that determines how quickly a model learns from its data. The potential values are `[1, 0.1, 0.01, 0.001, 0.0001]`.
  - `k2`: Another hyperparameter. Its specific role can vary depending on the problem but could represent a regularization strength or another model parameter. Potential values are `[0.1, 0.01, 0.0005, 0.0001]`.

- `trials`: A list of dictionaries where each dictionary represents a completed trial with its corresponding hyperparameters and outcome measure (`PSNR`, Peak Signal-to-Noise Ratio, which is often used as an evaluation metric in image processing tasks). The three trials are:
  1. `k2 = 0.01` and `lr = 1.0`, resulting in `PSNR = 6.982`.
  2. `k2 = 0.01` and `lr = 0.001`, resulting in `PSNR = 23.1309`.
  3. `k2 = 0.0005` and `lr = 0.001`, resulting in `PSNR = 21.1342`.

From this, we can infer a few things:
- The optimization is likely aiming to maximize the PSNR since higher values typically indicate better performance in image processing tasks.
- So far, the best result (`PSNR = 23.1309`) was achieved with `k2 = 0.01` and `lr = 0.001`.
- There are still `25 - 3 = 22` trials left to explore other combinations of hyperparameters within the defined search space.

To proceed, one might analyze these initial results to see if there's a clear direction towards better performance (e.g., checking how `k2` and `lr` affect PSNR in these trials). Additionally, depending on the specifics of the optimization algorithm being used (e.g., grid search, random search, Bayesian optimization), it may dynamically adjust which hyperparameter combinations to try next based on the outcomes of previous trials.
## Round 112
Response: This is a dictionary representing the state of an optimization process, likely using Bayesian optimization or grid search over a set of hyperparameters for a model (possibly related to image processing given the "PSNR" metric). Here's a breakdown of what each part of the dictionary represents:

1. **`max_trials`: 25** - The maximum number of trials (i.e., different combinations of hyperparameter values) that the optimization process is set to perform.

2. **`completed_trials`: 3** - Indicates how many trials have been completed out of the `max_trials`.

3. **`search_space`: {...}** - Defines the space over which the hyperparameters are optimized. This contains two main hyperparameters being tuned:
   - **`lr`: [1, 0.1, 0.01, 0.001, 0.0001]** - A list of possible learning rate values to be tested.
   - **`k2`: [0.1, 0.01, 0.0005, 0.0001]** - A list of possible `k2` (possibly a regularization parameter or another hyperparameter) values to be tested.

4. **`trials`: [...]** - A list containing the specific trials that have been run along with their outcomes:
   - Each trial is represented by a dictionary with keys for each hyperparameter being optimized (`k2`, `lr`) and a key for the performance metric (`PSNR`, likely standing for Peak Signal-to-Noise Ratio, which is commonly used to gauge the quality of an image or video in terms of distortion).
   - For example, one trial involved setting `k2` to 0.01, `lr` to 1.0, and resulted in a PSNR value of approximately 6.982.
   - Another trial set `k2` to 0.01, `lr` to 0.001, resulting in a much higher PSNR value of about 23.1309.

Based on the trials completed so far, it seems that a combination of lower learning rate (`lr = 0.001`) and specific values of `k2` (in this case, `k2 = 0.01`) can lead to significantly better performance as measured by PSNR, suggesting the optimization process is likely searching for more combinations in these regions of the search space or similar ones that could yield even higher PSNR values within the remaining trials.
## Round 113
Response: It looks like you have a dictionary representing the state of a hyperparameter search process. Here's a breakdown of what each part means:

* `max_trials`: The maximum number of trials (i.e., attempts to find the best combination of hyperparameters) that will be performed. In this case, it's set to 25.
* `completed_trials`: The number of trials that have been completed so far. Currently, it's at 3.
* `search_space`: A dictionary defining the range of values for each hyperparameter that can be tried during the search process. There are two hyperparameters:
	+ `lr` (learning rate): Can take on one of five possible values: 1, 0.1, 0.01, 0.001, or 0.0001.
	+ `k2`: Can take on one of four possible values: 0.1, 0.01, 0.0005, or 0.0001.
* `trials`: A list of dictionaries representing each completed trial. Each dictionary contains the following information:
	+ The value of `k2` and `lr` tried during that trial
	+ The resulting `PSNR` (Peak Signal-to-Noise Ratio) value for that trial

The three completed trials are:

1. `k2 = 0.01`, `lr = 1.0`, `PSNR = 6.982`
2. `k2 = 0.01`, `lr = 0.001`, `PSNR = 23.1309`
3. `k2 = 0.0005`, `lr = 0.001`, `PSNR = 21.1342`

This data suggests that the search process is trying to find the optimal combination of `k2` and `lr` values to maximize the `PSNR` value. The current best result is from trial 2, with a `PSNR` value of approximately 23.13. The search will continue until it reaches the maximum number of trials (25) or some other stopping criterion is met.
## Round 114
Response: The given data appears to be a dictionary representing the current state of a hyperparameter search process for an optimization problem, likely in machine learning. Here's a breakdown of what each part of the dictionary seems to represent:

- `max_trials`: The maximum number of trials (i.e., experiments or combinations of hyperparameters) that will be conducted. In this case, it's set to 25.

- `completed_trials`: The number of trials that have been completed so far. Here, it shows that 3 trials have been completed.

- `search_space`: This defines the range of values for each hyperparameter that will be explored during the search process.
  - `lr` (learning rate): The possible values are [1, 0.1, 0.01, 0.001, 0.0001].
  - `k2`: The possible values are [0.1, 0.01, 0.0005, 0.0001].

- `trials`: A list of dictionaries, where each dictionary represents a trial that has been completed. Each trial includes the selected value for each hyperparameter (`k2` and `lr`) and the outcome measure (`PSNR`, which stands for Peak Signal-to-Noise Ratio, often used as an evaluation metric in image processing tasks).

Let's examine each completed trial:

1. **Trial 1**:
   - `k2`: 0.01
   - `lr`: 1.0
   - `PSNR`: 6.982

2. **Trial 2**:
   - `k2`: 0.01
   - `lr`: 0.001
   - `PSNR`: 23.1309

3. **Trial 3**:
   - `k2`: 0.0005
   - `lr`: 0.001
   - `PSNR`: 21.1342

Based on the PSNR values, Trial 2 seems to have the best outcome so far with a PSNR of 23.1309. This suggests that for the current search space and trials conducted, using a learning rate of 0.001 and `k2` value of 0.01 results in the best performance according to the PSNR metric.

To proceed with further optimization or analysis, one might consider:

- **Expanding the Search Space**: If resources allow, increasing the range of hyperparameters or adding more granular steps within the current ranges could potentially lead to better outcomes.
  
- **Analyzing Interactions**: Understanding how `k2` and `lr` interact could be crucial. For instance, does changing `lr` have a consistent effect across different values of `k2`, or are there synergies where certain combinations outperform others disproportionately?

- **Using More Advanced Optimization Techniques**: Techniques like Bayesian optimization, gradient-based optimization (if the problem allows for it), or even evolutionary algorithms might offer more efficient paths to finding optimal hyperparameters compared to grid search or random search.

Without more specific context about the task, dataset, and computational constraints, these suggestions are based on general principles of hyperparameter tuning.
## Round 115
Response: The provided data appears to be a dictionary representing the state of an optimization process, likely from a Bayesian optimization or hyperparameter tuning algorithm. Here's a breakdown of what each part seems to represent:

- `max_trials`: The maximum number of trials (or experiments) that will be conducted during this optimization process. It is set to 25.
  
- `completed_trials`: The number of trials that have been completed so far, which is 3 in this case.

- `search_space`: This defines the hyperparameters space over which the optimization algorithm is searching for the best combination. It contains two hyperparameters:
  - `lr` (learning rate): Can take values from [1, 0.1, 0.01, 0.001, 0.0001].
  - `k2`: Can take values from [0.1, 0.01, 0.0005, 0.0001].

- `trials`: A list of dictionaries where each dictionary represents a trial that has been completed. Each trial includes the hyperparameter settings used (`k2` and `lr`) and the outcome metric (in this case, `PSNR`, which stands for Peak Signal-to-Noise Ratio), which is presumably what the optimization algorithm is trying to maximize.

Here's an example of how you might interpret or further process this data:

```python
import pandas as pd

# Assuming 'data' is your dictionary
data = {'max_trials': 25, 'completed_trials': 3, 
        'search_space': {'lr': [1, 0.1, 0.01, 0.001, 0.0001], 
                         'k2': [0.1, 0.01, 0.0005, 0.0001]}, 
        'trials': [{'k2': 0.01, 'lr': 1.0, 'PSNR': 6.982}, 
                   {'k2': 0.01, 'lr': 0.001, 'PSNR': 23.1309}, 
                   {'k2': 0.0005, 'lr': 0.001, 'PSNR': 21.1342}]}

# Convert trials to a DataFrame for easier analysis
trials_df = pd.DataFrame(data['trials'])

# Print the DataFrame
print(trials_df)

# Find the trial with the highest PSNR (assuming this is what we're optimizing)
best_trial = trials_df.loc[trials_df['PSNR'].idxmax()]
print("Best Trial:", best_trial)

# Plot PSNR vs. lr for each k2 value to visualize trends
import matplotlib.pyplot as plt

for k2 in data['search_space']['k2']:
    filtered_df = trials_df[trials_df['k2'] == k2]
    if not filtered_df.empty:
        plt.plot(filtered_df['lr'], filtered_df['PSNR'], label=f"k2={k2}")

plt.xlabel('Learning Rate')
plt.ylabel('PSNR')
plt.title('PSNR vs. Learning Rate for Different k2 Values')
plt.xscale('log')  # Since learning rates are on a log scale
plt.legend()
plt.show()
```

This example not only organizes the data into a more accessible format (a Pandas DataFrame) but also demonstrates how to find the best trial according to the `PSNR` metric and how to visualize the relationship between the learning rate (`lr`) and `PSNR` for different values of `k2`. The visualization can help in understanding how these hyperparameters affect the model's performance, which is crucial for further optimization.
## Round 116
Response: It appears you've provided a dictionary representing the state of an optimization search, possibly from a Bayesian optimization or hyperparameter tuning process. This dictionary seems to come from a Python environment, likely used in conjunction with libraries like `hyperopt` or similar frameworks for optimizing function parameters.

Here's a breakdown of what each part of this dictionary contains:

- **'max_trials': 25**: The maximum number of trials (or iterations) set for the optimization process. It means the optimizer is configured to try up to 25 different combinations of hyperparameters to find the best one.

- **'completed_trials': 3**: Indicates how many trials have been completed out of the 'max_trials'. Here, it shows that 3 trials have finished.

- **'search_space': {'lr': [1, 0.1, 0.01, 0.001, 0.0001], 'k2': [0.1, 0.01, 0.0005, 0.0001]}**: This defines the space within which the hyperparameters should be searched. 
    - **'lr' (Learning Rate)**: Can take values from 1 down to 0.0001.
    - **'k2'**: Another hyperparameter that can take on values of 0.1, 0.01, 0.0005, and 0.0001.

- **'trials': [...]**: A list containing the results of each completed trial. Each trial is a dictionary with keys for the hyperparameters tested ('k2', 'lr') and the objective function result ('PSNR').
    - For example, the first trial used `k2 = 0.01` and `lr = 1.0`, resulting in a PSNR (Peak Signal-to-Noise Ratio) of about 6.982.
    - The second trial used `k2 = 0.01` and `lr = 0.001`, achieving a PSNR of approximately 23.1309.
    - The third trial tested `k2 = 0.0005` and `lr = 0.001`, with a resulting PSNR of around 21.1342.

Given this data, it seems like the optimization process is trying to maximize the PSNR by tuning two hyperparameters: the learning rate (`lr`) and another parameter (`k2`). The highest PSNR achieved so far is about 23.1309 from the second trial with `k2 = 0.01` and `lr = 0.001`. This information can be useful for understanding how different hyperparameter settings affect the model's performance, measured here by PSNR.
## Round 117
Response: The data you've provided appears to be a dictionary representing the state of an optimization or hyperparameter tuning process for a machine learning model or another type of algorithm. Here's a breakdown of what each part of this dictionary seems to represent:

1. **`max_trials`**: This indicates the maximum number of trials (or experiments) that are planned to be conducted during the optimization process.

2. **`completed_trials`**: This shows how many trials have been completed so far out of `max_trials`.

3. **`search_space`**: This is a crucial part of the dictionary as it defines the range of values for each hyperparameter that will be tested during the optimization.
   - **`lr`** (learning rate) has five possible values: 1, 0.1, 0.01, 0.001, and 0.0001.
   - **`k2`** has four possible values: 0.1, 0.01, 0.0005, and 0.0001.

4. **`trials`**: This is a list of dictionaries where each dictionary represents the outcome of a completed trial.
   - Each trial includes:
     - The value of `k2` used in that trial.
     - The value of `lr` (learning rate) used in that trial.
     - The `PSNR` (Peak Signal-to-Noise Ratio), which is likely the performance metric or objective function being optimized. PSNR is a measure often used for image and video compression to assess the level of distortion or quality loss.

Given this structure, here are some insights or potential next steps:

- **Analysis**: You can analyze the `PSNR` values from completed trials to understand how different combinations of `k2` and `lr` affect performance. For instance, it seems that a combination of `k2=0.01` and `lr=0.001` yielded the highest `PSNR` so far (`23.1309`).

- **Optimization Strategies**: Depending on your optimization algorithm (which isn't specified here), you might consider strategies like Bayesian optimization or grid search to determine the next combinations of hyperparameters to try.

- **Visualization**: Plotting the performance metric (`PSNR`) against the hyperparameter values could provide insight into how these parameters interact.

Here's an example of how you might visualize this data using Python and matplotlib:

```python
import matplotlib.pyplot as plt

data = {'max_trials': 25, 'completed_trials': 3, 
        'search_space': {'lr': [1, 0.1, 0.01, 0.001, 0.0001], 
                         'k2': [0.1, 0.01, 0.0005, 0.0001]}, 
        'trials': [{'k2': 0.01, 'lr': 1.0, 'PSNR': 6.982}, 
                   {'k2': 0.01, 'lr': 0.001, 'PSNR': 23.1309}, 
                   {'k2': 0.0005, 'lr': 0.001, 'PSNR': 21.1342}]}

# Extract data for plotting
x = [trial['lr'] for trial in data['trials']]
y = [trial['k2'] for trial in data['trials']]
z = [trial['PSNR'] for trial in data['trials']]

plt.scatter(x, y, c=z)
plt.colorbar(label='PSNR')
plt.xlabel('Learning Rate (lr)')
plt.ylabel('k2')
plt.title('Hyperparameter Optimization')
plt.show()
```

This will give a simple scatter plot where points are colored according to their `PSNR` value, providing a visual way to explore the interactions between hyperparameters and performance.
## Round 118
Response: The data you've provided appears to be a dictionary representing the state of an optimization process, likely from a hyperparameter tuning experiment in machine learning. Let's break down what each part of this dictionary seems to represent:

1. **`'max_trials': 25`**:
   - This indicates that the optimization process is set to run for a maximum of 25 trials. Each trial represents an attempt to optimize the model with different hyperparameters.

2. **`'completed_trials': 3`**:
   - This tells us that, so far, 3 out of the possibly 25 trials have been completed.

3. **`'search_space': {'lr': [1, 0.1, 0.01, 0.001, 0.0001], 'k2': [0.1, 0.01, 0.0005, 0.0001]}`**:
   - This defines the search space for hyperparameter optimization. It contains two hyperparameters:
     - **`'lr'`** (Learning Rate): The values that will be tried for the learning rate are [1, 0.1, 0.01, 0.001, 0.0001].
     - **`'k2'`**: This seems to represent another hyperparameter with potential values of [0.1, 0.01, 0.0005, 0.0001].

4. **`'trials': [...]`**:
   - This is a list that stores the results of each completed trial. Each item in the list represents a single trial and contains the following information:
     - **Hyperparameter Values**: The specific values of `'k2'` and `'lr'` used for this trial.
     - **`'PSNR': ...`**: This is likely the Peak Signal-to-Noise Ratio, a metric used to evaluate the performance of image processing algorithms. Higher PSNR generally indicates better performance.

Example trials provided include:
- First trial: Used `'k2'=0.01`, `'lr'=1.0`, and resulted in `PSNR=6.982`.
- Second trial: Used `'k2'=0.01`, `'lr'=0.001`, resulting in a significantly higher `PSNR=23.1309`.
- Third trial: With `'k2'=0.0005` and `'lr'=0.001`, the `PSNR=21.1342`.

This data suggests that the optimization process is searching for the best combination of learning rate (`'lr'`) and another hyperparameter (`'k2'`) to maximize the model's performance as measured by PSNR in an image processing context. The second trial seems to have found a particularly effective combination, but the search will continue until all specified trials are completed or another stopping criterion is met.
## Round 119
Response: It appears you have a Python dictionary that represents the state of an optimization process, likely from a library such as `optuna` or a custom implementation for hyperparameter tuning in machine learning models. Here's a breakdown and some suggestions on how to approach this data:

### Dictionary Breakdown

- **max_trials**: The total number of trials planned for the optimization.
- **completed_trials**: The number of trials that have been completed so far.
- **search_space**: A dictionary specifying the hyperparameters to be tuned and their possible values. In this case, `lr` (learning rate) and `k2` are being optimized.
  - `lr`: Possible learning rates for the model.
  - `k2`: Another hyperparameter with its set of possible values.
- **trials**: A list of dictionaries, each representing a completed trial with the selected hyperparameters (`lr`, `k2`) and the resulting `PSNR` (Peak Signal-to-Noise Ratio), which is likely the metric being optimized.

### Example Use Case

If you're using this data to continue an optimization process or to analyze the results:

```python
import pandas as pd

# Assuming data is your dictionary
data = {'max_trials': 25, 'completed_trials': 3, 'search_space': {'lr': [1, 0.1, 0.01, 0.001, 0.0001], 'k2': [0.1, 0.01, 0.0005, 0.0001]}, 
        'trials': [{'k2': 0.01, 'lr': 1.0, 'PSNR': 6.982}, {'k2': 0.01, 'lr': 0.001, 'PSNR': 23.1309}, {'k2': 0.0005, 'lr': 0.001, 'PSNR': 21.1342}]}

# Convert trials to a pandas DataFrame for easier analysis
trials_df = pd.DataFrame(data['trials'])

# Display the best trial based on PSNR (assuming higher is better)
best_trial = trials_df.loc[trials_df['PSNR'].idxmax()]
print("Best Trial:", best_trial)

# You can also plot PSNR against different hyperparameters for visualization
import matplotlib.pyplot as plt

plt.figure(figsize=(10,6))
for k2_value in data['search_space']['k2']:
    k2_trials = trials_df[trials_df['k2'] == k2_value]
    if not k2_trials.empty:
        plt.plot(k2_trials['lr'], k2_trials['PSNR'], label=f'k2={k2_value}', marker='o')
plt.xscale('log')  # Since learning rates are on a log scale
plt.xlabel('Learning Rate (lr)')
plt.ylabel('PSNR')
plt.title('PSNR vs Learning Rate for Different k2 Values')
plt.legend()
plt.show()
```

This example converts the trials into a pandas DataFrame, finds the best trial based on PSNR, and plots PSNR against learning rates for different `k2` values. The plot is particularly useful for visually understanding how different hyperparameters affect the model's performance.
## Round 120
Response: The provided text appears to be a dictionary representing the state of an experiment or optimization process, likely using a Bayesian optimization framework or similar technique to search for optimal hyperparameters (`'k2'` and `'lr'`) that maximize a performance metric (`'PSNR'`). Here's a breakdown of what each part signifies:

- `max_trials`: This is the maximum number of trials (or experiments) planned for the optimization process. It indicates that up to 25 different combinations of hyperparameters will be tested.

- `completed_trials`: This shows how many trials have been completed so far, which in this case is 3 out of 25.

- `search_space`: This defines the range of values that each hyperparameter can take during the optimization process. For `'lr'` (learning rate), there are five different values to try: `[1, 0.1, 0.01, 0.001, 0.0001]`. For `'k2'`, there are four options: `[0.1, 0.01, 0.0005, 0.0001]`.

- `trials`: This is a list of completed trials, where each trial is a dictionary containing the specific values of `'k2'` and `'lr'` that were used for that trial, along with the resulting `'PSNR'` value (which could be Peak Signal-to-Noise Ratio, a measure often used in image processing to compare the original and compressed images). Higher PSNR generally indicates a better model performance or better compression quality.

Here is a Python code example to simulate the process of adding new trials based on this dictionary:

```python
from itertools import product

# The initial state as given
state = {
    'max_trials': 25,
    'completed_trials': 3,
    'search_space': {'lr': [1, 0.1, 0.01, 0.001, 0.0001], 'k2': [0.1, 0.01, 0.0005, 0.0001]},
    'trials': [
        {'k2': 0.01, 'lr': 1.0, 'PSNR': 6.982},
        {'k2': 0.01, 'lr': 0.001, 'PSNR': 23.1309},
        {'k2': 0.0005, 'lr': 0.001, 'PSNR': 21.1342}
    ]
}

# Function to calculate PSNR for given hyperparameters (simulated)
def calculate_psnr(k2, lr):
    # For demonstration purposes only; actual implementation would depend on the model and data
    return 20 + k2 * 1000 - lr * 10

# Generate all possible combinations of hyperparameters
combinations = list(product(state['search_space']['lr'], state['search_space']['k2']))

# Add new trials until max_trials is reached
while len(state['trials']) < state['max_trials']:
    # Select the next combination that hasn't been tried yet (simplified, not considering any optimization strategy)
    for lr, k2 in combinations:
        trial_exists = False
        for trial in state['trials']:
            if trial['lr'] == lr and trial['k2'] == k2:
                trial_exists = True
                break
        if not trial_exists:
            psnr = calculate_psnr(k2, lr)
            new_trial = {'k2': k2, 'lr': lr, 'PSNR': psnr}
            state['trials'].append(new_trial)
            state['completed_trials'] += 1
            print(f"New Trial: {new_trial}")
            break
    else:
        # If all combinations have been exhausted without reaching max_trials (this should not happen given the code structure above)
        print("All possible combinations exhausted.")
        break

print("\nFinal State:")
for key, value in state.items():
    print(key, ":", value)
```

This script iteratively tries different hyperparameter settings and simulates calculating a PSNR score for each combination until it reaches the maximum number of trials. Please note that the actual implementation of BayesOpt or similar optimization algorithms is much more sophisticated and involves probabilistic modeling to predict where in the search space the optimal hyperparameters might lie, significantly reducing the number of required trials.
## Round 121
Response: It seems like you have a dictionary representing the state of a hyperparameter search process. Here's a breakdown of what each part of this dictionary represents:

* `max_trials`: The maximum number of trials (i.e., attempts to find the best combination of hyperparameters) that will be performed.
* `completed_trials`: The number of trials that have been completed so far.
* `search_space`: A dictionary that defines the range of values for each hyperparameter. In your case, there are two hyperparameters:
	+ `lr`: Learning rate, which can take on one of five possible values: 1, 0.1, 0.01, 0.001, or 0.0001.
	+ `k2`: Another hyperparameter (perhaps related to a specific model architecture?) that can take on one of four possible values: 0.1, 0.01, 0.0005, or 0.0001.
* `trials`: A list of dictionaries, where each dictionary represents the outcome of a single trial. Each dictionary contains:
	+ The values of the hyperparameters used in that trial (`k2` and `lr`).
	+ The resulting performance metric (`PSNR`, which likely stands for Peak Signal-to-Noise Ratio).

Here are some potential next steps you could take with this data:

1. **Visualize the results**: You could create a scatter plot or heat map to visualize the relationship between the hyperparameters and the resulting PSNR values.
2. **Analyze the trends**: Look for patterns in the data, such as which hyperparameter combinations tend to result in higher or lower PSNR values.
3. **Choose the best combination**: Identify the trial with the highest PSNR value and consider using those hyperparameters as a starting point for further experimentation or model deployment.

Here's some sample Python code that could help you get started:
```python
import pandas as pd

# Convert the dictionary to a Pandas DataFrame
df = pd.DataFrame(trials)

# Print the first few rows of the DataFrame
print(df.head())

# Visualize the relationship between lr and PSNR
import matplotlib.pyplot as plt
plt.scatter(df['lr'], df['PSNR'])
plt.xlabel('Learning Rate')
plt.ylabel('PSNR')
plt.show()
```
Feel free to ask if you have any specific questions or need further assistance!
## Round 122
Response: The provided text appears to be a dictionary in Python, which is often used for storing and manipulating data in a structured way. This particular dictionary seems to represent the state of an optimization process, possibly from a machine learning or deep learning hyperparameter tuning task.

Here's a breakdown of what each part of the dictionary represents:

- `'max_trials': 25`: This indicates that the maximum number of trials (or experiments) for the optimization process is set to 25. However, it seems only 3 trials have been completed so far (`'completed_trials': 3`).

- `'search_space': {'lr': [1, 0.1, 0.01, 0.001, 0.0001], 'k2': [0.1, 0.01, 0.0005, 0.0001]}`: This defines the search space for the optimization process. It lists the possible values for two hyperparameters:
  - `lr`: likely the learning rate of a model, with potential values being 1, 0.1, 0.01, 0.001, and 0.0001.
  - `k2`: another hyperparameter with potential values of 0.1, 0.01, 0.0005, and 0.0001.

- `'trials': [...]`: This is a list of dictionaries, where each dictionary represents the outcome of a trial. Each trial includes:
  - The value chosen for `k2`.
  - The value chosen for `lr`.
  - The `PSNR` (Peak Signal-to-Noise Ratio) result for that combination of hyperparameters, which typically serves as an objective metric to evaluate the performance of the model being optimized.

For example, in the first trial:
- `k2 = 0.01`
- `lr = 1.0`
- The resulting PSNR was approximately 6.982

In the context of optimizing a model (perhaps for image processing given the use of PSNR), this dictionary tracks progress through different hyperparameter combinations and their outcomes, aiming to find the combination that yields the best performance (e.g., highest PSNR in this case). 

### Example Use Case:

To further optimize or understand the current optimization process based on this dictionary, you could perform actions like:

1. **Analyzing Results**: Look at the trials and see which hyperparameter combinations yield better results.
2. **Adding New Trials**: If `'completed_trials'` is less than `'max_trials'`, you can generate new combinations of `lr` and `k2` from the defined search space, perform the experiments, and add them to the list of trials.
3. **Visualization**: Plotting PSNR vs. different values of `lr` and `k2` could provide insights into how these hyperparameters affect performance.

Here's a simple example of how you might update this dictionary with new trial results:

```python
# Assuming 'data' is your dictionary
new_trial = {'k2': 0.0001, 'lr': 0.01, 'PSNR': 24.5}  # Example result from a new trial

# Update the dictionary
data['trials'].append(new_trial)
data['completed_trials'] += 1

print(data)
```

This code snippet adds a new trial with specific values for `k2`, `lr`, and a resulting `PSNR` value, then increments the count of completed trials.
## Round 123
Response: The provided JSON object appears to represent the state of a hyperparameter tuning process, likely for a machine learning or deep learning model. Here's a breakdown of what each part of the object seems to represent:

- **`max_trials`**: This indicates the maximum number of trials (or experiments) that will be conducted during the hyperparameter search. A value of `25` means the process is set to try up to 25 different combinations of hyperparameters.

- **`completed_trials`**: Shows how many trials have been completed so far. With a value of `3`, it means three experiments have already been run.

- **`search_space`**: This defines the range of values for each hyperparameter that will be searched during the tuning process.
  - **`lr`** (likely learning rate): The search space includes rates from `1` down to `0.0001`. Learning rate is a crucial parameter in training machine learning models, affecting how quickly the model learns from the data.
  - **`k2`**: This could represent another hyperparameter relevant to the specific problem or model being optimized (possibly related to a regularization term, kernel size, or another parameter). Its search space ranges from `0.1` down to `0.0001`.

- **`trials`**: A list of dictionaries where each dictionary represents a completed trial.
  - Each dictionary contains:
    - The specific values of **`k2`** and **`lr`** used for that trial.
    - The resulting **`PSNR`** (Peak Signal-to-Noise Ratio), which is likely the performance metric being optimized. PSNR is often used to measure the quality of an image or video; higher PSNR generally indicates better quality.

Given this structure, here's how one might proceed with analyzing or utilizing this data:

1. **Hyperparameter Tuning Analysis**: Look at the completed trials and their corresponding PSNR values. This can help identify trends in how different hyperparameters affect model performance. For example, does lowering `lr` tend to increase PSNR? Are there certain combinations of `k2` and `lr` that consistently yield higher PSNR scores?

2. **Predicting Future Trials**: With the data from completed trials, you could potentially use it to inform predictions about future trials before they are run. This might involve training a surrogate model on the data collected so far to predict outcomes for different hyperparameter combinations without having to run them.

3. **Deciding When to Stop**: Given `max_trials` is set to 25 and only 3 have been completed, there are still 22 trials potentially left to run. The decision to continue or stop early might depend on observed progress in PSNR values, available computational resources, or time constraints.

4. **Visualization**: Plotting the results of trials (e.g., PSNR vs. `lr` and `k2`) could help visually identify patterns or optimal zones within the search space that are yielding better performance metrics.

Remember, hyperparameter tuning is essentially a form of experimentation where you're exploring how different settings affect your model's performance. With each completed trial, you gather more information to refine your approach and make informed decisions about how to proceed with your project.
## Round 124
Response: The provided output appears to be a dictionary containing information about an optimization or hyperparameter tuning process for a machine learning model or algorithm. Here's a breakdown of what each part of the dictionary seems to represent:

- `max_trials`: This suggests the maximum number of trials (or experiments) that are intended to be run during this optimization process. The value is set to 25, meaning up to 25 different combinations of hyperparameters could be tested.

- `completed_trials`: Indicates how many trials have been completed so far. In this case, it shows that 3 trials out of the planned maximum have been finished.

- `search_space`: This defines the range of values for each hyperparameter that will be explored during the optimization process.
  - `lr` (learning rate): The learning rates to be tried are 1, 0.1, 0.01, 0.001, and 0.0001.
  - `k2`: Another hyperparameter with potential values of 0.1, 0.01, 0.0005, and 0.0001.

- `trials`: A list containing the specific hyperparameters tried in each completed trial along with their corresponding performance metric (`PSNR`, which typically stands for Peak Signal-to-Noise Ratio, a measure used to evaluate image quality).
  - Each trial is represented as a dictionary:
    - The first trial had `k2=0.01` and `lr=1.0`, resulting in a PSNR of approximately 6.982.
    - The second trial had `k2=0.01` and `lr=0.001`, with a much higher PSNR of about 23.1309.
    - The third trial with `k2=0.0005` and `lr=0.001` achieved a PSNR of roughly 21.1342.

The process seems to be searching for the optimal combination of learning rate (`lr`) and another parameter (`k2`) that maximizes the `PSNR`, which is a measure of image reconstruction quality in this context, possibly related to super-resolution, denoising, or deblurring tasks.

To analyze this data further or make decisions based on it, you might consider:
- Comparing the PSNR values across trials to identify which combination of hyperparameters (`lr` and `k2`) performs best.
- Deciding whether to continue with additional trials to potentially find better combinations within the defined search space.
- Possibly refining the search space if certain ranges or specific values for `lr` or `k2` show no promise based on completed trials.
## Round 125
Response: This appears to be a dictionary representing the state of a hyperparameter search process, likely using a Bayesian optimization or grid search algorithm. Here's a breakdown of what each key-value pair represents:

* `max_trials`: The maximum number of trials (i.e., evaluations of different hyperparameter combinations) that will be performed.
* `completed_trials`: The number of trials that have already been completed.
* `search_space`: A dictionary defining the search space for the hyperparameters. In this case, there are two hyperparameters:
	+ `lr` (learning rate): a list of possible values `[1, 0.1, 0.01, 0.001, 0.0001]`.
	+ `k2`: a list of possible values `[0.1, 0.01, 0.0005, 0.0001]`.
* `trials`: A list of dictionaries, where each dictionary represents the result of a single trial. Each trial has three key-value pairs:
	+ `k2` and `lr`: The values of the hyperparameters used for this trial.
	+ `PSNR`: The performance metric (Peak Signal-to-Noise Ratio) achieved by the model using these hyperparameters.

The data suggests that three trials have been completed, with the following results:

1. `k2=0.01`, `lr=1.0`, `PSNR=6.982`
2. `k2=0.01`, `lr=0.001`, `PSNR=23.1309`
3. `k2=0.0005`, `lr=0.001`, `PSNR=21.1342`

The search process can use these results to inform the selection of hyperparameters for future trials, with the goal of finding the combination that yields the best performance (i.e., highest PSNR).
## Round 126
Response: The provided dictionary appears to be a summary of the progress of a hyperparameter search process for a machine learning model. Here's an interpretation and analysis based on its content:

### Description of Keys
- **`max_trials`**: The total number of experiments intended to be conducted during this search.
- **`completed_trials`**: The current number of completed trials out of `max_trials`.
- **`search_space`**: A dictionary that outlines the possible values for each hyperparameter being tuned. 
    - **`lr`** (learning rate): This is a critical parameter in many machine learning algorithms, controlling how quickly the model learns from the data.
    - **`k2`**: This could be another hyperparameter specific to the algorithm or problem at hand (e.g., related to regularization or a specific mathematical operation).
- **`trials`**: A list of dictionaries, where each dictionary represents one completed experiment. It includes the values used for `lr` and `k2`, along with the resulting performance metric (`PSNR`, typically Peak Signal-to-Noise Ratio).

### Analysis
Given that only 3 out of 25 trials have been completed (`completed_trials`: 3), this search process is still in its early stages. The objective seems to be optimizing the learning rate (`lr`) and a parameter `k2` for maximizing (or optimizing) PSNR.

Looking at the results:
1. **First Trial**: `lr = 1.0`, `k2 = 0.01` resulted in a PSNR of approximately 6.98.
2. **Second Trial**: `lr = 0.001`, with the same `k2 = 0.01`, achieved a much higher PSNR of about 23.13, indicating that lower learning rates may be more beneficial for this task.
3. **Third Trial**: Decreasing `k2` to `0.0005` while maintaining `lr = 0.001`, resulted in a slightly reduced PSNR of about 21.13, suggesting that lowering `k2` below 0.01 might not lead to improvements when the learning rate is low.

### Conclusion
Based on these early results, it appears that lower learning rates (`lr`) are more effective for achieving higher PSNR values, with a noticeable improvement when moving from a high `lr` (1.0) to a much lower one (0.001). The effect of `k2` is less clear-cut based solely on the provided data but might indicate that a certain threshold or range exists beyond which decreasing `k2` does not provide significant improvements.

Further trials are needed, as indicated by the difference between `max_trials` and `completed_trials`, to fully explore the search space and determine the optimal combination of hyperparameters for maximizing PSNR.
## Round 127
Response: The provided dictionary appears to represent the state of a hyperparameter tuning process. Here's a breakdown of what each part signifies:

- `max_trials`: This is the maximum number of trials (or experiments) that will be conducted during the hyperparameter tuning process. It's set to 25, meaning the tuner is configured to try up to 25 different combinations of hyperparameters.

- `completed_trials`: This indicates how many trials have been completed so far. Currently, it's at 3, meaning three different sets of hyperparameters have been tested.

- `search_space`: This defines the range of values that each hyperparameter can take during the tuning process. In this case, there are two hyperparameters being tuned:
  - `lr` (learning rate): It has five possible values: 1, 0.1, 0.01, 0.001, and 0.0001.
  - `k2`: This has four possible values: 0.1, 0.01, 0.0005, and 0.0001.

- `trials`: This is a list of dictionaries, where each dictionary represents a completed trial with the hyperparameters that were used (`k2` and `lr`) and the result of that trial, which is measured by `PSNR` (Peak Signal-to-Noise Ratio), often used as an evaluation metric in image processing tasks. The higher the PSNR value, the better the result typically is.

  - The trials so far have resulted in the following PSNR values:
    - For `k2 = 0.01` and `lr = 1.0`, PSNR was approximately 6.982.
    - For `k2 = 0.01` and `lr = 0.001`, PSNR was approximately 23.1309.
    - For `k2 = 0.0005` and `lr = 0.001`, PSNR was approximately 21.1342.

At this point, the most successful trial in terms of achieving a high PSNR value (which is generally desirable as it indicates better image quality or reconstruction) is the second one with `k2 = 0.01` and `lr = 0.001`. The tuner will presumably continue to explore other combinations of hyperparameters from the defined search space until it reaches the maximum number of trials (`max_trials = 25`) in an effort to find even better performing settings.
## Round 128
Response: It appears you have provided a dictionary that represents the status of an optimization or hyperparameter tuning process. This dictionary contains information about the search space (the potential values for certain parameters), the total number of trials planned (`max_trials`), the number of trials that have been completed (`completed_trials`), and details about each trial that has been performed.

Here's a breakdown of what we can see:

- `max_trials`: This indicates the maximum number of experiments or trials that are intended to be run. In this case, it is set to 25.
- `completed_trials`: This shows how many trials have actually been completed out of the intended `max_trials`. Currently, 3 trials have been completed.
- `search_space`: This defines the range of values for each hyperparameter that will be tested during the optimization process. The search space includes two parameters:
  - `lr` (learning rate): Values to try are 1, 0.1, 0.01, 0.001, and 0.0001.
  - `k2`: Values to try are 0.1, 0.01, 0.0005, and 0.0001.
- `trials`: This is a list of dictionaries where each dictionary represents the outcome of a single trial. Each trial specifies:
  - The value of `k2` used in that trial.
  - The value of `lr` (learning rate) used in that trial.
  - The `PSNR` (Peak Signal-to-Noise Ratio), which is likely the performance metric being optimized for. A higher PSNR typically indicates better image quality or reconstruction.

Given this format and data, it seems like you are engaged in a process of finding optimal hyperparameters (`lr` and `k2`) that lead to the best possible outcome as measured by the PSNR value in some kind of signal processing or image reconstruction task. 

If your goal is to explore or analyze this data further (for example, determining which combination of `lr` and `k2` seems to yield the highest PSNR), you could proceed with techniques such as:

1. **Sorting Trials by PSNR**: Arrange the trials in descending order based on their PSNR values to quickly identify the most effective combinations.

2. **Plotting Outcomes**: Visualize how different values of `lr` and `k2` affect the PSNR, which might help in identifying trends or optimal ranges within the search space.

3. **Analyzing Hyperparameter Interactions**: Investigate if there are interactions between `lr` and `k2` that significantly impact the outcome (PSNR). This could involve analyzing pairs of trials where one parameter is varied while keeping the other constant.

If you're looking for advice on how to optimize your hyperparameters further or how to interpret these results in a broader context, providing more details about your specific task or goals might help in giving a more tailored response.
## Round 129
Response: It appears you have a dictionary that represents the state of a hyperparameter tuning process, possibly from an optimization library like Optuna or Hyperopt. This dictionary contains information about the search space (the range of hyperparameters to be explored), the maximum number of trials set for the experiment, how many trials have been completed so far, and details about each trial including the hyperparameters tested and their corresponding performance (measured by PSNR in this case).

Here's a breakdown of what we can infer from this dictionary:

1. **Max Trials**: The optimization process is set to run up to 25 trials (`'max_trials': 25`).
2. **Completed Trials**: Out of the maximum allowed, 3 trials have been completed so far (`'completed_trials': 3`).
3. **Search Space**:
   - `lr` (learning rate) can be one of `[1, 0.1, 0.01, 0.001, 0.0001]`.
   - `k2` can be one of `[0.1, 0.01, 0.0005, 0.0001]`.

4. **Trials**:
   - Each trial is a dictionary containing the specific hyperparameters tested (`'k2'` and `'lr'`) and their respective performance metrics (`'PSNR'`).
     - Trial 1: `k2 = 0.01`, `lr = 1.0`, resulted in `PSNR = 6.982`.
     - Trial 2: `k2 = 0.01`, `lr = 0.001`, resulted in `PSNR = 23.1309`.
     - Trial 3: `k2 = 0.0005`, `lr = 0.001`, resulted in `PSNR = 21.1342`.

### Example Usage

To analyze or continue the optimization process, you might want to perform tasks like adding new trials based on the existing search space, analyzing the impact of different hyperparameters on performance, or even predicting which combination of hyperparameters could lead to better results.

Here's a simple Python snippet that calculates and prints the average PSNR for all completed trials:

```python
import numpy as np

def calculate_average_psnr(trials):
    psnrs = [trial['PSNR'] for trial in trials]
    return np.mean(psnrs)

# Assuming data is your dictionary
data = {'max_trials': 25, 'completed_trials': 3, 'search_space': {'lr': [1, 0.1, 0.01, 0.001, 0.0001], 'k2': [0.1, 0.01, 0.0005, 0.0001]}, 
         'trials': [{'k2': 0.01, 'lr': 1.0, 'PSNR': 6.982}, {'k2': 0.01, 'lr': 0.001, 'PSNR': 23.1309}, {'k2': 0.0005, 'lr': 0.001, 'PSNR': 21.1342}]}

average_psnr = calculate_average_psnr(data['trials'])
print(f"Average PSNR: {average_psnr}")
```

This example demonstrates a basic analysis on the data provided by your hyperparameter tuning experiment. You can expand upon this by implementing more sophisticated analysis or prediction methods depending on your specific needs and goals.
## Round 130
Response: The provided text appears to be a Python dictionary representing the state of an optimization or hyperparameter tuning process for a machine learning model. Here's a breakdown and analysis of its components:

### Dictionary Breakdown

- **`max_trials`**: This key indicates the maximum number of trials (or experiments) planned for the hyperparameter tuning process. The value is set to 25, meaning up to 25 different combinations of hyperparameters will be tested.

- **`completed_trials`**: Shows how many trials have been completed so far. Currently, it's at 3, indicating that three sets of hyperparameters have been tested.

- **`search_space`**: Defines the range of values for each hyperparameter that can be tested during the optimization process.
  - `lr`: This likely stands for "learning rate," a key parameter in many machine learning algorithms that controls how quickly the model learns from its data. The possible values are `[1, 0.1, 0.01, 0.001, 0.0001]`, spanning several orders of magnitude to capture a wide range of potential optimal learning rates.
  - `k2`: This could represent another hyperparameter specific to the model or algorithm being optimized (potentially related to regularization or another aspect of model training). Its possible values are `[0.1, 0.01, 0.0005, 0.0001]`, again covering a range of potential optimal settings.

- **`trials`**: A list of dictionaries where each dictionary represents the results of a single trial (or experiment).
  - Each dictionary contains:
    - The value of `k2` used in the trial.
    - The learning rate (`lr`) used.
    - The `PSNR` (Peak Signal-to-Noise Ratio), which is likely the performance metric or objective function being optimized. Higher PSNR values generally indicate better model performance, with this context suggesting a problem related to image processing or reconstruction.

### Example Trials Analysis

1. **First Trial**: `k2 = 0.01`, `lr = 1.0`, resulted in a `PSNR` of approximately 6.982.
2. **Second Trial**: `k2 = 0.01`, `lr = 0.001`, resulted in a significantly higher `PSNR` of about 23.1309, suggesting that a lower learning rate performs much better with the same `k2`.
3. **Third Trial**: With `k2 = 0.0005` and `lr = 0.001`, the `PSNR` dropped to around 21.1342, indicating that changes in `k2` can impact performance but perhaps not as drastically as changes in `lr`.

### Next Steps

Given this setup, the next steps could involve:
- Continuing the trials until `max_trials` is reached.
- Analyzing the completed trials to identify trends or optimal hyperparameter combinations based on the PSNR metric.
- Possibly adjusting the search space based on insights gained from completed trials.
- Considering the use of more sophisticated optimization techniques (e.g., Bayesian optimization, genetic algorithms) if the current method does not yield satisfactory results within the given trial limit.
## Round 131
Response: It appears you have a Python dictionary representing the state of an optimization or hyperparameter tuning process, possibly from a library like `optuna` given the structure and terms used (like `'trials'`, `'search_space'`, etc.). This process is optimizing two parameters: `lr` (learning rate) and `k2`, with an objective function that measures performance via PSNR (Peak Signal-to-Noise Ratio), a measure often used in image processing to compare the quality of compressed images.

Here's a breakdown and interpretation of what this dictionary tells us:

1. **'max_trials': 25**: The maximum number of trials or experiments allowed for this optimization process. It means the optimizer will try up to 25 different combinations of hyperparameters (`lr` and `k2`) before stopping, unless all possible combinations are exhausted.

2. **'completed_trials': 3**: Out of the maximum allowed trials, only 3 have been completed so far. This suggests the optimization process is ongoing or has stopped prematurely for some reason.

3. **'search_space': {'lr': [1, 0.1, 0.01, 0.001, 0.0001], 'k2': [0.1, 0.01, 0.0005, 0.0001]}**: Defines the possible values for `lr` (learning rate) and `k2` that the optimizer can choose from during its trials. This represents a discrete space since both parameters have specific values to try.

4. **'trials': [...]}**: A list containing dictionaries, each representing a trial. Each dictionary includes:
   - The value of `'k2'` tried in this experiment.
   - The value of `'lr'` used.
   - The `'PSNR'` achieved, which is the performance metric being optimized.

For example, the first trial had `k2 = 0.01`, `lr = 1.0`, and achieved a PSNR of `6.982`. The second trial, with `k2 = 0.01` and `lr = 0.001`, did much better with a PSNR of `23.1309`.

**Interpretation**: Given the results from the completed trials, it appears that a lower learning rate (`lr`) significantly improves the performance (higher PSNR values) for both tested values of `k2`. Among these specific combinations, using an `lr` of `0.001` with a `k2` of `0.01` yields the best results so far.

**Next Steps**: Since only 3 out of up to 25 trials have been completed, the optimization process should continue to explore other combinations within the defined search space. Potentially beneficial future trials might include trying different learning rates (`lr`) with both smaller and larger values of `k2` (e.g., exploring how `0.1`, `0.0005`, or `0.0001` for `k2` perform with various `lr` values). Additionally, analyzing the performance metric (`PSNR`) from completed trials might offer clues about narrowing down parts of the search space to focus on more promising areas.
## Round 132
Response: The provided data appears to be a snapshot of the state of a hyperparameter search process, likely from an optimization algorithm used in machine learning or a similar field. Here's a breakdown of what each part of this dictionary might mean:

- **`max_trials`**: This indicates the total number of trials (or experiments) that the optimization algorithm is set to perform. In this case, it's set to 25.

- **`completed_trials`**: Shows how many trials have been completed so far. Currently, 3 trials are done.

- **`search_space`**: Defines the range of values for each hyperparameter that the algorithm will explore during its search. Here, there are two hyperparameters:
  - **`lr`** (learning rate): The algorithm is exploring five different learning rates: 1, 0.1, 0.01, 0.001, and 0.0001.
  - **`k2`**: For this hyperparameter, the algorithm will try four values: 0.1, 0.01, 0.0005, and 0.0001.

- **`trials`**: This is a list of dictionaries where each dictionary represents a completed trial. Each trial includes:
  - The value of `k2` used in that trial.
  - The value of `lr` (learning rate) used in that trial.
  - The result of the trial, measured by **`PSNR`** (Peak Signal-to-Noise Ratio), which is a measure often used to evaluate the quality of an image or video after it has been compressed or restored. Higher PSNR values typically indicate better quality.

Example trials include:
1. `k2 = 0.01`, `lr = 1.0`, with a resulting `PSNR` of approximately 6.98.
2. `k2 = 0.01`, `lr = 0.001`, with a resulting `PSNR` of about 23.13.
3. `k2 = 0.0005`, `lr = 0.001`, with a resulting `PSNR` of approximately 21.13.

This data suggests that the algorithm is searching for optimal combinations of learning rate (`lr`) and `k2` to maximize the PSNR of some image restoration or compression model, aiming to find the best hyperparameters within its defined search space across up to 25 trials.
## Round 133
Response: It appears you've shared a JSON-like object that represents the state of an optimization or hyperparameter search process, possibly from a Bayesian optimization or grid search algorithm in machine learning. Let's break down what each part means and potentially how it could be used:

```python
{
  'max_trials': 25,
  'completed_trials': 3,
  'search_space': {
    'lr': [1, 0.1, 0.01, 0.001, 0.0001],
    'k2': [0.1, 0.01, 0.0005, 0.0001]
  },
  'trials': [
    {'k2': 0.01, 'lr': 1.0, 'PSNR': 6.982},
    {'k2': 0.01, 'lr': 0.001, 'PSNR': 23.1309},
    {'k2': 0.0005, 'lr': 0.001, 'PSNR': 21.1342}
  ]
}
```

### Explanation:
- **`max_trials`:** This specifies the maximum number of experiments or trials that the algorithm is set to perform in total.
- **`completed_trials`:** Indicates how many trials have already been completed.
- **`search_space`:** Defines the range of hyperparameters that the algorithm can choose from. In this case, it's searching over two parameters:
  - **`lr`:** Learning rate, with possible values being `[1, 0.1, 0.01, 0.001, 0.0001]`.
  - **`k2`:** Another hyperparameter (possibly related to a specific model or algorithm), with potential values of `[0.1, 0.01, 0.0005, 0.0001]`.
- **`trials`:** A list of dictionaries where each dictionary represents a completed trial. Each trial includes the chosen values for `k2` and `lr`, along with the resulting metric (`PSNR`) from that trial.

### How It Could Be Used:
This data structure seems to be part of an iterative process where an algorithm is testing different combinations of hyperparameters (`lr` and `k2`) to optimize a model (perhaps a deep learning model) based on a performance metric like PSNR (Peak Signal-to-Noise Ratio), which is commonly used in image processing tasks.

Given this data, the next steps might involve:
1. **Analysis:** Reviewing the completed trials to see if any patterns emerge regarding the effects of `lr` and `k2` on the PSNR.
2. **Prediction:** Using the existing trials to predict which combination of hyperparameters might lead to an even better PSNR in future trials, possibly through a Bayesian approach or other optimization techniques.
3. **Execution:** Setting up additional trials based on these predictions until the `max_trials` limit is reached.

Here's a simple Python class that could be used to manage such a process:

```python
import json

class HyperparameterOptimizer:
    def __init__(self, max_trials, search_space):
        self.max_trials = max_trials
        self.search_space = search_space
        self.completed_trials = 0
        self.trials = []

    def add_trial(self, params, metric_value):
        self.trials.append({**params, 'PSNR': metric_value})
        self.completed_trials += 1

# Example usage:
optimizer = HyperparameterOptimizer(25, {'lr': [1, 0.1, 0.01], 'k2': [0.1, 0.01]})
optimizer.add_trial({'lr': 0.01, 'k2': 0.1}, 20.5)
print(json.dumps(optimizer.__dict__, indent=4))
```

This class allows for easy tracking of trials and their outcomes, which can be extended with methods to analyze results, predict future trial parameters, and more, depending on the specific requirements of your optimization process.
## Round 134
Response: This appears to be a dictionary representing the state of an optimization process, likely using Bayesian optimization or grid search to find the best hyperparameters for a model. Here's a breakdown of what each part of the dictionary represents:

- `max_trials`: The maximum number of trials (i.e., evaluations of different hyperparameter combinations) that will be performed.
- `completed_trials`: The number of trials that have been completed so far.
- `search_space`: A dictionary defining the range of values for each hyperparameter to be searched. In this case, there are two hyperparameters: 
  - `lr` (learning rate), which can take on values from `[1, 0.1, 0.01, 0.001, 0.0001]`.
  - `k2`, which can take on values from `[0.1, 0.01, 0.0005, 0.0001]`.
- `trials`: A list of dictionaries, where each dictionary represents the hyperparameters used and the result (in terms of PSNR, Peak Signal-to-Noise Ratio) for a completed trial.

Here's an example of how you might work with this data in Python:

```python
import pandas as pd

# Assuming 'data' is your dictionary
data = {'max_trials': 25, 
        'completed_trials': 3, 
        'search_space': {'lr': [1, 0.1, 0.01, 0.001, 0.0001], 'k2': [0.1, 0.01, 0.0005, 0.0001]}, 
        'trials': [{'k2': 0.01, 'lr': 1.0, 'PSNR': 6.982}, {'k2': 0.01, 'lr': 0.001, 'PSNR': 23.1309}, {'k2': 0.0005, 'lr': 0.001, 'PSNR': 21.1342}]}

# Convert trials to a DataFrame for easier analysis
df = pd.DataFrame(data['trials'])

# Display the DataFrame
print(df)

# Find the trial with the best PSNR (assuming higher is better)
best_trial = df.loc[df['PSNR'].idxmax()]

print(f"Best Trial: k2={best_trial['k2']}, lr={best_trial['lr']}, PSNR={best_trial['PSNR']}")
```

This script first converts the list of trials into a pandas DataFrame for easier manipulation and analysis. Then, it finds the row (trial) with the maximum PSNR value and prints out the details of that trial.
## Round 135
Response: This appears to be a dictionary representing the state of a hyperparameter search process. Here's a breakdown of what each part of the dictionary seems to represent:

* `max_trials`: The maximum number of trials (i.e., attempts to find the optimal hyperparameters) that will be performed. In this case, it is set to 25.
* `completed_trials`: The number of trials that have already been completed. Here, it is 3.
* `search_space`: A dictionary defining the range of values for each hyperparameter that will be searched. There are two hyperparameters:
	+ `lr` (likely short for "learning rate"): This has five possible values: 1, 0.1, 0.01, 0.001, and 0.0001.
	+ `k2`: This also has four possible values: 0.1, 0.01, 0.0005, and 0.0001.
* `trials`: A list of dictionaries, each representing a single trial that has been completed. Each dictionary contains the following keys:
	+ `k2` and `lr`: The specific values of these hyperparameters used in this trial.
	+ `PSNR`: The performance metric (likely Peak Signal-to-Noise Ratio) achieved by the model with these hyperparameters.

Based on the structure, it seems like this data might be part of a Bayesian optimization or grid search process for finding optimal hyperparameters for a machine learning model, possibly related to image processing given the use of PSNR as a metric. 

Here's how you could work with this data in Python if you wanted to analyze or extend the search:

```python
import pandas as pd

# Assuming 'data' is your dictionary
data = {'max_trials': 25, 'completed_trials': 3, 'search_space': {'lr': [1, 0.1, 0.01, 0.001, 0.0001], 'k2': [0.1, 0.01, 0.0005, 0.0001]}, 
         'trials': [{'k2': 0.01, 'lr': 1.0, 'PSNR': 6.982}, {'k2': 0.01, 'lr': 0.001, 'PSNR': 23.1309}, {'k2': 0.0005, 'lr': 0.001, 'PSNR': 21.1342}]}

# Convert trials to a DataFrame for easier analysis
trials_df = pd.DataFrame(data['trials'])

# Print the trials DataFrame
print(trials_df)

# Example: Find the trial with the best PSNR
best_trial_idx = trials_df['PSNR'].idxmax()
best_trial = trials_df.loc[best_trial_idx]
print("Best Trial:", best_trial)
```

This example shows how to convert the `trials` list into a pandas DataFrame, which can be very convenient for data manipulation and analysis. It also demonstrates finding the trial with the highest PSNR value, which in many contexts would represent the most successful set of hyperparameters found so far.
## Round 136
Response: This appears to be a dictionary representing the state of an ongoing hyperparameter tuning process, possibly using Bayesian optimization or grid search. Here's a breakdown of what each part seems to represent:

- `max_trials`: The maximum number of trials (or experiments) that will be conducted during the hyperparameter tuning process. In this case, it is set to 25.

- `completed_trials`: The number of trials that have been completed so far. As of this snapshot, 3 trials have been completed.

- `search_space`: This dictionary defines the range of hyperparameters that are being tuned. 
  - `lr` (likely learning rate) can take on values from [1, 0.1, 0.01, 0.001, 0.0001].
  - `k2` can take on values from [0.1, 0.01, 0.0005, 0.0001].

- `trials`: This list contains the results of each completed trial.
  - Each trial is represented as a dictionary containing the hyperparameter settings (`k2` and `lr`) used for that trial and the result (in this case, `PSNR`, which stands for Peak Signal-to-Noise Ratio, often used to measure image quality).

Here's an example of how you might read or manipulate this data:

```python
import pandas as pd

# Sample data
data = {
    'max_trials': 25,
    'completed_trials': 3,
    'search_space': {'lr': [1, 0.1, 0.01, 0.001, 0.0001], 'k2': [0.1, 0.01, 0.0005, 0.0001]},
    'trials': [
        {'k2': 0.01, 'lr': 1.0, 'PSNR': 6.982},
        {'k2': 0.01, 'lr': 0.001, 'PSNR': 23.1309},
        {'k2': 0.0005, 'lr': 0.001, 'PSNR': 21.1342}
    ]
}

# Create a DataFrame from the trials
df = pd.DataFrame(data['trials'])

# Print the DataFrame for easier viewing
print(df)

# Find the trial with the best PSNR
best_trial_idx = df['PSNR'].idxmax()
print(f"Best Trial: {df.loc[best_trial_idx]}")
```

This code snippet takes the provided data, converts the trials into a pandas DataFrame for easy manipulation and viewing, and then finds the trial with the highest PSNR value.
## Round 137
Response: The data you've provided appears to be a dictionary that represents the current state of a hyperparameter search or optimization process for some machine learning model. Let's break down what each part of this dictionary means and possibly how it could be used:

### Overview
- **`max_trials`**: This indicates the maximum number of trials (or experiments) that are planned to be conducted during the hyperparameter tuning process.
- **`completed_trials`**: This shows how many trials have been completed so far.

### Search Space
The search space defines the range of values for each hyperparameter that will be tested:
- **`lr`** (learning rate): A list of possible learning rates to try. The learning rate is a crucial hyperparameter in machine learning that controls how quickly the model learns from the data.
- **`k2`**: Another hyperparameter with its own set of potential values. Without context, it's hard to say what `k2` represents, but it could be related to any number of model parameters (e.g., regularization strength, decay rate).

### Trials
This section details each completed trial:
- Each trial is a dictionary containing the specific hyperparameter settings used (`k2` and `lr`) and the outcome measured by `PSNR`, which stands for Peak Signal-to-Noise Ratio. PSNR is often used to measure the quality of an image after it has been compressed or reconstructed, acting as a metric for the model's performance.

Example trial: 
```python
{'k2': 0.01, 'lr': 1.0, 'PSNR': 6.982}
```
This means in one particular run (or trial), `k2` was set to `0.01`, the learning rate (`lr`) was set to `1.0`, and the resulting PSNR value (a measure of the model's performance) was `6.982`.

### Using This Data
To proceed with this hyperparameter tuning process, you could implement a loop that iterates through all combinations of the provided hyperparameters in the search space until `max_trials` is reached. After each trial, evaluate your model using these parameters and update the `trials` list with the results.

Here's a simple Python example to give you an idea of how this might look:

```python
import itertools

# Define the search space
search_space = {
    'lr': [1, 0.1, 0.01, 0.001, 0.0001],
    'k2': [0.1, 0.01, 0.0005, 0.0001]
}

# Define the max trials
max_trials = 25

# Initialize completed trials counter and results list
completed_trials = 0
trials = []

# Iterate over all combinations of hyperparameters in the search space
for lr, k2 in itertools.product(search_space['lr'], search_space['k2']):
    # Simulate running a trial (this is where you'd actually train your model)
    psnr_value = simulate_trial(lr, k2)  # Replace with actual model training and evaluation
    
    # Store the results
    trials.append({'k2': k2, 'lr': lr, 'PSNR': psnr_value})
    
    completed_trials += 1
    
    if completed_trials >= max_trials:
        break

# Example simulation function (you'd replace this with your actual model training and evaluation)
def simulate_trial(lr, k2):
    # For demonstration purposes only; implement your actual model training and PSNR calculation here
    return 20.0  # Dummy result

```

This example shows how to systematically explore the defined hyperparameter space. However, in real-world scenarios, you might want to use more sophisticated methods for hyperparameter tuning, such as grid search, random search, Bayesian optimization, or use libraries like Hyperopt, Optuna, or Scikit-optimize that provide efficient ways to perform hyperparameter tuning.
## Round 138
Response: The provided text appears to be a dictionary in Python, representing the state of a hyperparameter search process for some machine learning model or optimization task. Here's an explanation and breakdown of its components:

1. **'max_trials'**: This specifies the total number of trials (different combinations of hyperparameters) that are intended to be performed during the search.

2. **'completed_trials'**: Indicates how many trials have been completed out of the maximum planned.

3. **'search_space'**: Defines the range of values for each hyperparameter that will be considered in the search.
   - **'lr'** (learning rate): A critical parameter in machine learning, governing how quickly a model learns from its data. The values to be tried are 1, 0.1, 0.01, 0.001, and 0.0001.
   - **'k2'**: Another hyperparameter under investigation, with potential values being 0.1, 0.01, 0.0005, and 0.0001.

4. **'trials'**: A list of dictionaries where each dictionary represents a trial that has been completed.
   - Each trial includes the specific **'k2'** and **'lr'** values used in that trial and the resulting **'PSNR'** (Peak Signal-to-Noise Ratio), which is a measure of the model's performance. High PSNR values typically indicate better model performance.

Based on this, it seems like an optimization process aimed at finding the best combination of learning rate (`lr`) and another parameter (`k2`) to maximize the PSNR, likely in the context of image processing or compression tasks.

Here is a more formatted version for clarity:

```python
{
    'max_trials': 25,
    'completed_trials': 3,
    'search_space': {
        'lr': [1, 0.1, 0.01, 0.001, 0.0001],
        'k2': [0.1, 0.01, 0.0005, 0.0001]
    },
    'trials': [
        {'k2': 0.01, 'lr': 1.0, 'PSNR': 6.982},
        {'k2': 0.01, 'lr': 0.001, 'PSNR': 23.1309},
        {'k2': 0.0005, 'lr': 0.001, 'PSNR': 21.1342}
    ]
}
```

This setup suggests the use of a hyperparameter tuning library or framework that systematically tries different combinations of `lr` and `k2` within the specified ranges to find the combination yielding the best PSNR value for the task at hand.
## Round 139
Response: The provided data is in JSON format and represents the current state of a hyperparameter tuning process for a machine learning model or an optimization algorithm, likely using Bayesian optimization or grid search methods. Here's a breakdown of what each part signifies:

- `max_trials`: The total number of experiments (or trials) that are planned to be conducted during the hyperparameter tuning process.
- `completed_trials`: The current number of trials that have been completed out of `max_trials`.
- `search_space`: This defines the range of possible values for each hyperparameter being optimized. In this case, there are two hyperparameters:
  - `lr` (learning rate): It can take any value from `[1, 0.1, 0.01, 0.001, 0.0001]`.
  - `k2`: This can take values from `[0.1, 0.01, 0.0005, 0.0001]`.
- `trials`: A list of dictionaries where each dictionary represents a trial that has been completed. Each dictionary contains the hyperparameter settings used for the trial (`k2` and `lr`) and the result or performance measure (`PSNR`, which stands for Peak Signal-to-Noise Ratio, often used in image processing to gauge the quality of an image).

For example, looking at one of the trials:
```json
{
  'k2': 0.01,
  'lr': 1.0,
  'PSNR': 6.982
}
```
This means that for a particular run with `k2 = 0.01` and learning rate `lr = 1.0`, the PSNR (a measure of image quality, where higher is generally better) achieved was approximately 6.982.

Given this data, you might be interested in analyzing or visualizing how different combinations of hyperparameters (`lr` and `k2`) affect the outcome (`PSNR`). Some potential next steps could include:
1. **Completing Remaining Trials**: Continue running trials to fill out the rest of the experiment space defined by `max_trials`.
2. **Analysis**: Look at correlations between hyperparameter values and PSNR scores, potentially using statistical methods or machine learning models to predict which combinations might yield better results.
3. **Visualization**: Plotting PSNR against different levels of `lr` and `k2` could help in visually identifying trends or optimal ranges for these parameters.

Below is a simple example of how you might start to analyze this data in Python, focusing on visualizing the distribution of PSNR scores based on the hyperparameters:

```python
import matplotlib.pyplot as plt
import numpy as np

# Your data
data = {
    'max_trials': 25,
    'completed_trials': 3,
    'search_space': {'lr': [1, 0.1, 0.01, 0.001, 0.0001], 'k2': [0.1, 0.01, 0.0005, 0.0001]},
    'trials': [
        {'k2': 0.01, 'lr': 1.0, 'PSNR': 6.982},
        {'k2': 0.01, 'lr': 0.001, 'PSNR': 23.1309},
        {'k2': 0.0005, 'lr': 0.001, 'PSNR': 21.1342}
    ]
}

# Extract trials into lists for easier plotting
lrs = [trial['lr'] for trial in data['trials']]
k2s = [trial['k2'] for trial in data['trials']]
psnrs = [trial['PSNR'] for trial in data['trials']]

plt.figure(figsize=(10, 5))

# Plotting PSNR against lr
plt.subplot(1, 2, 1)
plt.scatter(lrs, psnrs)
plt.xscale('log')  # Log scale since lr values span orders of magnitude
plt.title('PSNR vs. Learning Rate')
plt.xlabel('Learning Rate (lr)')
plt.ylabel('PSNR')

# Plotting PSNR against k2
plt.subplot(1, 2, 2)
plt.scatter(k2s, psnrs)
plt.xscale('log')  # Log scale for k2 as well
plt.title('PSNR vs. k2')
plt.xlabel('k2')
plt.ylabel('PSNR')

plt.tight_layout()
plt.show()
```

This code provides a simple scatter plot to visualize the relationship between `lr` and PSNR, and `k2` and PSNR, respectively. Note that with only three data points, these plots might not reveal much, but as more trials are completed and added to the dataset, such visualizations could become more informative.
## Round 140
Response: The provided data appears to be a dictionary that represents the state of an optimization process, potentially from a hyperparameter tuning task in machine learning. Here's a breakdown of what each part seems to represent:

- **`max_trials`**: The maximum number of trials (or experiments) intended for the optimization process. It's set to 25, meaning the process aims to explore up to 25 different combinations of parameters.

- **`completed_trials`**: Indicates how many trials have been completed so far. With a value of 3, it means three sets of hyperparameters have been tested and evaluated.

- **`search_space`**: This defines the range of values that each hyperparameter can take during the optimization process.
  - **`lr`** (learning rate): Can be one of `[1, 0.1, 0.01, 0.001, 0.0001]`. Learning rate is a crucial parameter in machine learning algorithms, especially in gradient-based optimization methods, determining how quickly the model learns from data.
  - **`k2`**: Can be one of `[0.1, 0.01, 0.0005, 0.0001]`. Without specific context, `k2` could represent any kind of hyperparameter (e.g., regularization strength, a coefficient in a custom loss function, etc.), but it's being explored in conjunction with the learning rate to find optimal combinations.

- **`trials`**: A list of dictionaries, where each dictionary represents a single trial that has been completed. Each trial includes:
  - The values chosen for `k2` and `lr` during that trial.
  - **`PSNR`** (Peak Signal-to-Noise Ratio): A metric used to measure the quality of an image or signal after it's been processed (in this case, likely after being affected by a model trained with the given hyperparameters). Higher PSNR values typically indicate better quality or less distortion.

Based on this structure and content:

1. **Analysis**:
   - The optimization process is aiming to maximize the `PSNR` metric.
   - From the `completed_trials`, we can see that different combinations of learning rates and `k2` values are being evaluated for their impact on PSNR.
   - The trial with `lr=0.001` and `k2=0.01` resulted in a significantly higher PSNR (`23.1309`) than the other trials, suggesting this combination may be optimal or near-optimal based on current data.

2. **Next Steps**:
   - Continue the optimization process to fill out the remaining (`max_trials` - `completed_trials`) number of experiments.
   - Analyze how different hyperparameters affect PSNR and ideally narrow down the search space for more efficient exploration if possible.
   - Consider applying strategies like early stopping or additional regularization techniques based on the observed relationships between hyperparameters and PSNR.

3. **Potential Concerns**:
   - The large difference in outcomes (e.g., `PSNR` values) might indicate that some combinations of parameters are not viable for achieving high-quality results, suggesting a need to refine the search space or adjust the optimization strategy.
   - Overfitting could be an issue if the model is too complex relative to the dataset size or quality. Monitoring validation metrics alongside training performance can help identify such problems.

Without more specific details about the application (e.g., image processing, neural network architecture), these observations and recommendations are somewhat generic. Adjustments to hyperparameters like `lr` and custom parameters like `k2` should be tailored to the specific model and task at hand.
## Round 141
Response: The data you've provided appears to be a snapshot of an optimization process, likely from a hyperparameter tuning procedure in machine learning, where parameters like learning rate (`lr`) and another parameter (`k2`) are being varied across multiple trials to find the best combination that yields the highest Peak Signal-to-Noise Ratio (`PSNR`), which is often used as a measure of image quality. The process seems to be using some form of grid search or random search across the defined hyperparameter space.

Here's a breakdown and interpretation of the information:

### Information Overview

- **Max Trials**: 25 - This suggests that the optimization process is set to explore up to 25 different combinations of hyperparameters.
  
- **Completed Trials**: 3 - Out of the maximum 25 trials, only 3 have been completed so far.

- **Search Space**:
  - `lr` (Learning Rate): [1, 0.1, 0.01, 0.001, 0.0001] - A range of learning rates to be tested.
  - `k2`: [0.1, 0.01, 0.0005, 0.0001] - Another hyperparameter with its own set of values to test.

- **Trials**: Detailed outcomes for each completed trial.
  - Each trial lists the specific values of `lr` and `k2` tested, along with the resulting `PSNR` value.

### Example Trials

1. `{ 'k2': 0.01, 'lr': 1.0, 'PSNR': 6.982 }`
   - In this first trial, `k2 = 0.01`, `lr = 1.0`, resulting in a `PSNR` of approximately 6.98.

2. `{ 'k2': 0.01, 'lr': 0.001, 'PSNR': 23.1309 }`
   - Here, with the same `k2` but a much lower learning rate (`lr = 0.001`), the `PSNR` significantly improves to about 23.13.

3. `{ 'k2': 0.0005, 'lr': 0.001, 'PSNR': 21.1342 }`
   - This trial tests a different value of `k2` (`0.0005`) with the same lower learning rate (`0.001`), achieving a `PSNR` of about 21.13.

### Insights

- The results indicate that lowering the learning rate can significantly impact the model's performance, as evidenced by the large increase in PSNR from the first to the second trial.
- The comparison between the second and third trials suggests that changing `k2` while keeping `lr` constant also affects performance but not as dramatically as altering the learning rate.

Given this is an ongoing process with only 3 out of 25 trials completed, more insights will emerge as additional trials are executed. It's likely that further optimization steps would consider varying both `lr` and `k2` across their specified ranges to identify the combination yielding the highest PSNR value.
## Round 142
Response: This is a dictionary that appears to contain information about a hyperparameter search process for a machine learning model. Here's a breakdown of what each part of the dictionary represents:

* `max_trials`: The maximum number of trials (i.e., experiments) to be performed in the hyperparameter search. In this case, it's set to 25.
* `completed_trials`: The number of trials that have been completed so far. Currently, it's at 3.
* `search_space`: A dictionary defining the search space for the hyperparameters. It contains two keys:
	+ `lr` (learning rate): a list of possible values for the learning rate, ranging from 1 to 0.0001.
	+ `k2`: a list of possible values for another hyperparameter (`k2`), ranging from 0.1 to 0.0001.
* `trials`: A list of dictionaries, each representing a completed trial. Each dictionary contains:
	+ The value of the `k2` hyperparameter used in that trial.
	+ The value of the `lr` (learning rate) hyperparameter used in that trial.
	+ The resulting `PSNR` (Peak Signal-to-Noise Ratio) value, which is likely a metric used to evaluate the performance of the model.

The three completed trials are:

1. `k2=0.01`, `lr=1.0`, `PSNR=6.982`
2. `k2=0.01`, `lr=0.001`, `PSNR=23.1309`
3. `k2=0.0005`, `lr=0.001`, `PSNR=21.1342`

This information can be useful for analyzing the results of the hyperparameter search, identifying trends and correlations between hyperparameters and performance metrics, and selecting the optimal combination of hyperparameters for the model.
## Round 143
Response: It appears you're dealing with the output of a Bayesian optimization process or a hyperparameter tuning experiment in machine learning. This structure represents the state of a search for optimal hyperparameters in a model, where `max_trials` indicates the maximum number of experiments to run, `completed_trials` shows how many have been completed so far, and `search_space` outlines the range of values that hyperparameters can take during the optimization.

Here's a breakdown of this structure:

- **`max_trials`: 25** - This suggests that the experiment is set up to try different combinations of hyperparameters up to 25 times before stopping.
  
- **`completed_trials`: 3** - So far, 3 experiments have been completed out of the planned 25.

- **`search_space`:** 
  - This defines the possible values for two hyperparameters:
    - **`lr` (learning rate):** Can be one of `[1, 0.1, 0.01, 0.001, 0.0001]`. The learning rate affects how quickly a model learns from its data.
    - **`k2`:** Can be one of `[0.1, 0.01, 0.0005, 0.0001]`. This could represent another hyperparameter, possibly related to regularization or some other aspect of the model's architecture.

- **`trials`:** 
  - This is a list of dictionaries where each dictionary represents an experiment that has been completed.
    - Each dictionary contains:
      - The values chosen for `k2` and `lr`.
      - The result of the trial, measured in `PSNR`, which stands for Peak Signal-to-Noise Ratio. PSNR is often used to evaluate the quality of an image or video after compression or other processing.

For example, the first experiment (`{'k2': 0.01, 'lr': 1.0, 'PSNR': 6.982}`) tried `k2=0.01` and a learning rate of `1.0`, resulting in a PSNR value of approximately `6.982`.

### Example Use Case

This output could be used to further optimize the model by analyzing which combinations of hyperparameters lead to better results (higher PSNR values). For instance, one might notice that:

- The second trial (`{'k2': 0.01, 'lr': 0.001, 'PSNR': 23.1309}`) achieved a significantly higher PSNR than the first with `lr=1.0`. This suggests that a lower learning rate may lead to better outcomes.
  
Given this data, one might decide to:
- Continue exploring different combinations within the defined search space.
- Analyze the relationship between hyperparameters and performance metrics more deeply.
- Adjust the search space based on insights gained from completed trials.

Here is how you can parse and use this information in Python:

```python
data = {
    'max_trials': 25, 
    'completed_trials': 3, 
    'search_space': {'lr': [1, 0.1, 0.01, 0.001, 0.0001], 'k2': [0.1, 0.01, 0.0005, 0.0001]}, 
    'trials': [{'k2': 0.01, 'lr': 1.0, 'PSNR': 6.982}, {'k2': 0.01, 'lr': 0.001, 'PSNR': 23.1309}, {'k2': 0.0005, 'lr': 0.001, 'PSNR': 21.1342}]
}

# Get the best trial based on PSNR
best_trial = max(data['trials'], key=lambda x: x['PSNR'])

print("Best Trial:", best_trial)
```

This code snippet would output:

```python
Best Trial: {'k2': 0.01, 'lr': 0.001, 'PSNR': 23.1309}
```
## Round 144
Response: The given data appears to be a dictionary representing the state of an optimization process, likely from an experiment using Bayesian optimization or a similar method for finding the best hyperparameters for a machine learning model (or any other type of numerical computation). Let's break down what each part of this dictionary seems to represent:

- **'max_trials': 25**: This indicates the maximum number of experiments (trials) that are planned to be conducted in order to find the optimal set of hyperparameters. The optimization process will stop once it has tried 25 different combinations of parameters.

- **'completed_trials': 3**: This shows how many trials have been completed up to this point, indicating that there are still 22 more trials (out of 25) left to conduct before stopping the optimization process.

- **'search_space': {'lr': [...], 'k2': [...]}}**: This defines the range of hyperparameters that will be explored during the optimization process. Specifically:
  - `'lr'` seems to represent a learning rate parameter with possible values being `[1, 0.1, 0.01, 0.001, 0.0001]`.
  - `'k2'` represents another hyperparameter (possibly related to regularization or another aspect of the model) with possible values of `[0.1, 0.01, 0.0005, 0.0001]`.

- **'trials': [...]**: This is a list that keeps track of each trial that has been completed, including the specific combination of hyperparameters tried and the resulting performance metric `'PSNR'` (which stands for Peak Signal-to-Noise Ratio, often used to evaluate image processing models but can be adapted for other uses). Each entry in this list represents one trial:
  - For example, `{'k2': 0.01, 'lr': 1.0, 'PSNR': 6.982}` shows that when using a learning rate (`'lr'`) of `1.0` and `'k2'` value of `0.01`, the model achieved a PSNR of `6.982`.

Given this information, someone looking at this data might be interested in understanding how different hyperparameters affect the performance (PSNR) of the model, possibly to manually optimize or fine-tune these parameters based on observed trends or to plan future experiments by analyzing gaps in the search space that haven't been explored yet.

Here is an example of Python code that could be used to analyze this data further:

```python
import pandas as pd

data = {'max_trials': 25, 'completed_trials': 3, 
        'search_space': {'lr': [1, 0.1, 0.01, 0.001, 0.0001], 
                         'k2': [0.1, 0.01, 0.0005, 0.0001]}, 
        'trials': [{'k2': 0.01, 'lr': 1.0, 'PSNR': 6.982}, 
                   {'k2': 0.01, 'lr': 0.001, 'PSNR': 23.1309}, 
                   {'k2': 0.0005, 'lr': 0.001, 'PSNR': 21.1342}]}

# Convert trials to a pandas DataFrame for easier analysis
df = pd.DataFrame(data['trials'])

print(df)

# Example: Find the best trial based on PSNR
best_trial = df.loc[df['PSNR'].idxmax()]
print("Best Trial:", best_trial)
```

This script converts the `trials` list into a pandas DataFrame, which allows for easy manipulation and analysis of the data, including filtering, sorting, and calculation of statistics. The example at the end finds the trial with the highest PSNR value.
## Round 145
Response: The provided text appears to be a dictionary in Python format, containing information about the parameters and results of some optimization or search process, likely in the context of machine learning model tuning. Here's a breakdown of what each part of the dictionary seems to represent:

- `max_trials`: This indicates the maximum number of trials (or experiments) that will be conducted in this search process.
- `completed_trials`: The number of trials that have been completed so far.
- `search_space`: This defines the range of values for parameters that are being optimized. It includes two parameters:
  - `lr` (learning rate): A crucial hyperparameter in machine learning that controls how quickly a model learns from the data. The options provided here span several orders of magnitude, which is common to find an optimal learning rate.
  - `k2`: Another parameter whose meaning can vary depending on the context, but it could represent a regularization strength or another type of hyperparameter. Like `lr`, it has various values to be tested.
- `trials`: A list of dictionaries, where each dictionary represents a completed trial (or experiment). Each trial includes:
  - The specific value of `k2` and `lr` used in that trial.
  - `PSNR` (Peak Signal-to-Noise Ratio): This is likely the performance metric being optimized. Higher PSNR values generally indicate better model performance, assuming this is being used in the context of image or signal processing.

Example interpretation based on the provided trials:
- The first trial tested with `k2 = 0.01` and `lr = 1.0`, resulting in a PSNR of about 6.98.
- The second trial used `k2 = 0.01` again but reduced the learning rate to `0.001`, achieving a significantly higher PSNR of approximately 23.13, suggesting that a lower learning rate was beneficial for this combination.
- The third trial changed `k2` to `0.0005` while keeping `lr = 0.001`, resulting in a slightly lower PSNR of about 21.13 compared to the second trial.

To further analyze or utilize this data, one might plot the PSNR against different combinations of `k2` and `lr` to visually identify trends or optimal configurations. Also, since only three trials have been completed out of a maximum of twenty-five, it suggests that this optimization process is ongoing, aiming to explore other combinations within the defined search space to potentially find even better-performing models. 

Here's an example in Python on how you could manipulate and extend this data for analysis:

```python
import pandas as pd

data = {
    'max_trials': 25,
    'completed_trials': 3,
    'search_space': {
        'lr': [1, 0.1, 0.01, 0.001, 0.0001],
        'k2': [0.1, 0.01, 0.0005, 0.0001]
    },
    'trials': [
        {'k2': 0.01, 'lr': 1.0, 'PSNR': 6.982},
        {'k2': 0.01, 'lr': 0.001, 'PSNR': 23.1309},
        {'k2': 0.0005, 'lr': 0.001, 'PSNR': 21.1342}
    ]
}

# Convert trials into a DataFrame for easier analysis
trials_df = pd.DataFrame(data['trials'])

print(trials_df)

# Example analysis: Finding the best PSNR and its corresponding parameters
best_psnr_row = trials_df.loc[trials_df['PSNR'].idxmax()]
print("Best PSNR found:", best_psnr_row['PSNR'])
print("At k2 =", best_psnr_row['k2'], "and lr =", best_psnr_row['lr'])
```

This code snippet creates a pandas DataFrame from the trials data for easier manipulation and analysis, then finds the row (trial) with the highest PSNR along with its corresponding `k2` and `lr` values.
## Round 146
Response: The provided data represents the progress and parameters of a hyperparameter search process, likely in the context of machine learning model optimization. Here's an explanation of what each part signifies:

1. **`max_trials`**: This is the maximum number of trials (or iterations) that the hyperparameter tuning process will perform to find the optimal combination of hyperparameters.

2. **`completed_trials`**: This indicates how many trials have been completed out of the `max_trials`. It shows the current progress in the search for optimal hyperparameters.

3. **`search_space`**: This defines the range of values that each hyperparameter can take during the search process.
   - **`lr`** (learning rate): A critical parameter in many machine learning algorithms, controlling how quickly a model learns from its data. It has been set to be searched across five orders of magnitude: 1, 0.1, 0.01, 0.001, and 0.0001.
   - **`k2`**: Another hyperparameter being tuned, potentially representing a coefficient or factor specific to the model or algorithm being optimized. It is also being searched across different values.

4. **`trials`**: This section lists each completed trial with its corresponding hyperparameters (`k2`, `lr`) and the evaluation metric result for that trial (`PSNR`, which stands for Peak Signal-to-Noise Ratio, commonly used in image processing to evaluate quality).

For example, one of the trials had `k2 = 0.01` and `lr = 1.0`, resulting in a PSNR of approximately `6.982`. Another trial with `k2 = 0.01` but `lr = 0.001` achieved a significantly higher PSNR of about `23.1309`.

Given this data, one might infer several things:

- **The Influence of Learning Rate**: The trials suggest that the choice of learning rate (`lr`) can drastically affect performance (measured by PSNR). For instance, decreasing `lr` from `1.0` to `0.001` with `k2 = 0.01` led to a substantial improvement in PSNR.
- **Importance of Hyperparameter Tuning**: The significant difference in results between trials emphasizes the importance of hyperparameter tuning for achieving optimal performance in machine learning models.
- **Current Status and Future Trials**: With only 3 out of 25 trials completed, there's still considerable space to explore within the defined search space, potentially leading to better combinations of `k2` and `lr` that could further improve model performance.

This process is part of what's known as a grid search or random search strategy (depending on how the next trial parameters are chosen), aimed at identifying the best hyperparameters for the specific task at hand.
## Round 147
Response: The given data is in a JSON format and represents the current state of an optimization process. Here's a breakdown of what each part means:

- `max_trials`: The maximum number of trials (experiments) to be conducted during the optimization process. It's set to 25, meaning the optimization will stop once it has tried 25 different combinations of parameters.

- `completed_trials`: Indicates how many trials have been completed so far. In this case, 3 trials have been finished.

- `search_space`: Defines the range of values that each parameter can take during the optimization. There are two parameters being optimized:
  - `lr` (learning rate): Can be one of `[1, 0.1, 0.01, 0.001, 0.0001]`.
  - `k2`: Can be one of `[0.1, 0.01, 0.0005, 0.0001]`.

- `trials`: A list containing the details of each trial that has been completed. Each trial includes:
  - The values chosen for `k2` and `lr`.
  - The result of the trial, measured in `PSNR` (Peak Signal-to-Noise Ratio), which is a measure used to assess the quality of an image or video.

For example, the first trial (`{'k2': 0.01, 'lr': 1.0, 'PSNR': 6.982}`) means that when `k2` was set to `0.01` and the learning rate `lr` was set to `1.0`, the optimization process achieved a PSNR of approximately `6.982`.

Given this information, one could analyze the effectiveness of different parameter combinations on the outcome (PSNR in this case) and potentially infer which direction the optimization might take next based on the patterns observed so far.

Here is an example of how you might work with this data in Python to analyze or extend it:

```python
import json

# Assuming 'data' is your dictionary
data = {
    'max_trials': 25, 
    'completed_trials': 3, 
    'search_space': {'lr': [1, 0.1, 0.01, 0.001, 0.0001], 'k2': [0.1, 0.01, 0.0005, 0.0001]}, 
    'trials': [{'k2': 0.01, 'lr': 1.0, 'PSNR': 6.982}, {'k2': 0.01, 'lr': 0.001, 'PSNR': 23.1309}, {'k2': 0.0005, 'lr': 0.001, 'PSNR': 21.1342}]
}

# Convert to JSON and back for demonstration
json_string = json.dumps(data)
loaded_data = json.loads(json_string)

print("Completed Trials:", loaded_data['completed_trials'])
for i, trial in enumerate(loaded_data['trials']):
    print(f"Trial {i+1}: k2={trial['k2']}, lr={trial['lr']}, PSNR={trial['PSNR']}")

# Example: Find the trial with the highest PSNR
best_trial = max(loaded_data['trials'], key=lambda x:x['PSNR'])
print(f"Best Trial so far: k2={best_trial['k2']}, lr={best_trial['lr']}, PSNR={best_trial['PSNR']}")
```

This code snippet demonstrates loading the JSON data, printing out details of each trial, and finding the trial with the highest PSNR value.
## Round 148
Response: It seems like you have a dictionary representing the state of a hyperparameter search for a machine learning model. This dictionary contains information about the search space, completed trials, and their respective outcomes measured by PSNR (Peak Signal-to-Noise Ratio), which is often used as an evaluation metric in image processing tasks.

Here's a breakdown of what each part of your dictionary represents:

1. **`max_trials`**: The maximum number of trials to be performed during the hyperparameter search. In this case, it's set to 25, meaning the search is configured to explore up to 25 different combinations of hyperparameters before stopping.

2. **`completed_trials`**: The number of trials that have been completed so far. With a value of 3, this indicates that three different sets of hyperparameters have been tested.

3. **`search_space`**: This defines the range of hyperparameters to be explored during the search. It includes two parameters:
   - **`lr` (learning rate)**: A list of possible learning rates for the model. The values are 1, 0.1, 0.01, 0.001, and 0.0001.
   - **`k2`**: A list of possible values for another hyperparameter named `k2`. The potential values are 0.1, 0.01, 0.0005, and 0.0001.

4. **`trials`**: This is a list containing the details of each completed trial. Each trial includes:
   - The specific value of `k2` used.
   - The specific learning rate (`lr`) used.
   - The resulting `PSNR`, which indicates how well the model performed with those hyperparameter settings.

For example, in the first trial:
- `k2` was set to 0.01.
- `lr` was set to 1.0 (which seems unusually high and might explain the low PSNR value of 6.982).
- The second trial used `k2=0.01` and `lr=0.001`, achieving a significantly higher PSNR of 23.1309, indicating much better performance.

Based on this information, you could analyze how different combinations of hyperparameters (`k2` and `lr`) affect the model's performance (as measured by PSNR) to identify trends or optimal settings for future runs.
## Round 149
----------------------------------------------------------------------------------------------------
## Round 1
It appears you have a dictionary representing the state of an optimization process, possibly from a hyperparameter tuning task using a library like Optuna or Hyperopt. This dictionary contains information about the search space for hyperparameters, the number of trials that have been completed, and the results of those trials.

Here's a breakdown of what each part of this dictionary seems to represent:

- `max_trials`: The maximum number of trials (or experiments) to be conducted in the optimization process. In your case, it's set to 25, meaning up to 25 different combinations of hyperparameters will be tried out.
  
- `completed_trials`: This indicates how many trials have been completed so far. With a value of 3, this means three sets of hyperparameters have been tested.

- `search_space`: This defines the range of values that the optimization algorithm can choose from for each hyperparameter. You have two hyperparameters being optimized:
  - `lr` (learning rate): It can take any of the following values: 1, 0.1, 0.01, 0.001, or 0.0001.
  - `k2`: This can be any of the following: 0.1, 0.01, 0.0005, or 0.0001.

- `trials`: A list that records the results of each completed trial. Each trial is a dictionary containing:
  - The values of `k2` and `lr` used in that trial.
  - `PSNR`, which seems to be the metric used for evaluating the performance (higher might be better, depending on the context). PSNR stands for Peak Signal-to-Noise Ratio, often used in image processing as a measure of quality.

For example, one of your trials had `k2=0.01` and `lr=1.0`, resulting in a `PSNR` of 6.982. Another trial with `k2=0.01` and `lr=0.001` achieved a much higher `PSNR` of 23.1309, suggesting that the combination of these hyperparameters led to significantly better performance according to this metric.

This data can be used for further analysis or visualization to understand how different combinations of `k2` and `lr` affect the model's performance (as measured by PSNR). It could also inform decisions about which hyperparameter settings are most promising to explore further in more extensive trials.
## Round 2
The provided text appears to be a dictionary in Python that represents the state of an optimization or hyperparameter tuning process for a model, likely within the context of machine learning or deep learning. This process often utilizes techniques such as grid search, random search, or Bayesian optimization to find the best combination of hyperparameters (`'lr'` and `'k2'` in this case) that yields the highest performance metric (`'PSNR'`, which stands for Peak Signal-to-Noise Ratio, often used in image processing and reconstruction tasks).

Here's a breakdown of what each part of this dictionary signifies:

1. **'max_trials': 25**: This indicates the maximum number of different hyperparameter combinations that will be tried during the optimization process.

2. **'completed_trials': 3**: The number of trials that have been completed so far, indicating how many unique sets of hyperparameters have been evaluated.

3. **'search_space': {'lr': [...], 'k2': [...]}}**: This defines the range of values for each hyperparameter being optimized.
   - `'lr'`: Short for learning rate, a critical parameter in training machine learning models that controls how quickly the model learns from data.
   - `'k2'`: Another hyperparameter whose specific meaning can depend on the context but might relate to a regularization strength or another model-specific parameter.

4. **'trials': [...]**: This is a list of dictionaries, where each dictionary represents a trial (a single run with a particular set of hyperparameters) and includes:
   - The values of `'k2'` and `'lr'` used in the trial.
   - The `'PSNR'` value achieved by the model trained with these hyperparameters, serving as an evaluation metric.

For example, one trial used `k2 = 0.01`, `lr = 1.0`, and resulted in a `PSNR` of `6.982`. Another trial with `k2 = 0.01` and `lr = 0.001` achieved a `PSNR` of `23.1309`.

To use or manipulate this data further, you could access the dictionary keys directly. For instance, to iterate through each trial's results:

```python
data = {'max_trials': 25, 'completed_trials': 3, 'search_space': {'lr': [1, 0.1, 0.01, 0.001, 0.0001], 'k2': [0.1, 0.01, 0.0005, 0.0001]}, 'trials': [{'k2': 0.01, 'lr': 1.0, 'PSNR': 6.982}, {'k2': 0.01, 'lr': 0.001, 'PSNR': 23.1309}, {'k2': 0.0005, 'lr': 0.001, 'PSNR': 21.1342}]}

for trial in data['trials']:
    print(f"Hyperparameters: k2={trial['k2']}, lr={trial['lr']}. PSNR: {trial['PSNR']}")
```

This would output:

```
Hyperparameters: k2=0.01, lr=1.0. PSNR: 6.982
Hyperparameters: k2=0.01, lr=0.001. PSNR: 23.1309
Hyperparameters: k2=0.0005, lr=0.001. PSNR: 21.1342
```

This information can be useful in understanding how different hyperparameter settings affect the model's performance and in identifying the most promising configurations for further refinement or use.
## Round 3
This is a dictionary representing the current state of a hyperparameter tuning process. Here's a breakdown of what each part represents:

* `max_trials`: The maximum number of trials (i.e., attempts to find good hyperparameters) that will be performed. In this case, it's 25.
* `completed_trials`: The number of trials that have already been completed. In this case, it's 3.
* `search_space`: A dictionary representing the range of values to search for each hyperparameter. There are two hyperparameters being tuned:
	+ `lr` (learning rate): The possible values are [1, 0.1, 0.01, 0.001, 0.0001].
	+ `k2`: The possible values are [0.1, 0.01, 0.0005, 0.0001].
* `trials`: A list of dictionaries representing the individual trials that have been completed. Each trial has three keys:
	+ `k2` and `lr`: The specific values of these hyperparameters used for this trial.
	+ `PSNR` (Peak Signal-to-Noise Ratio): The metric being optimized, presumably a measure of performance.

The contents of the `trials` list show that:

1. Trial 1: Used `k2=0.01` and `lr=1.0`, achieving a PSNR of 6.982.
2. Trial 2: Used `k2=0.01` and `lr=0.001`, achieving a PSNR of 23.1309.
3. Trial 3: Used `k2=0.0005` and `lr=0.001`, achieving a PSNR of 21.1342.

The hyperparameter tuning process can now use this information to inform its next trial, potentially selecting new combinations of `k2` and `lr` values to try and achieve an even better PSNR score.
## Round 4
This is a JSON-like object representing the state of an optimization process, specifically a hyperparameter tuning experiment. Let's break it down:

**Top-level keys**

* `max_trials`: The maximum number of trials (i.e., experiments) to be performed during the optimization process. In this case, it's set to 25.
* `completed_trials`: The number of trials that have already been completed. Here, it's 3.
* `search_space`: This defines the hyperparameter space to be explored during the optimization process. It contains two sub-keys: `lr` and `k2`, which represent two hyperparameters to be tuned.
	+ `lr` (learning rate): The possible values for this hyperparameter are `[1, 0.1, 0.01, 0.001, 0.0001]`.
	+ `k2`: The possible values for this hyperparameter are `[0.1, 0.01, 0.0005, 0.0001]`.
* `trials`: This is a list of completed trials, where each trial represents a single experiment with specific hyperparameter settings and its corresponding result (PSNR value).

**Trials**

The `trials` list contains three experiments:

1. The first trial used `k2=0.01` and `lr=1.0`, resulting in a PSNR of 6.982.
2. The second trial used `k2=0.01` and `lr=0.001`, resulting in a PSNR of 23.1309.
3. The third trial used `k2=0.0005` and `lr=0.001`, resulting in a PSNR of 21.1342.

The goal of this optimization process is likely to find the best combination of hyperparameters (`lr` and `k2`) that yields the highest PSNR (Peak Signal-to-Noise Ratio) value, which is a measure of image quality.

To analyze or extend this experiment, one might:

* Extract insights from the completed trials to inform future experiments
* Use statistical methods (e.g., Bayesian optimization) to guide the selection of the next hyperparameter combinations to try
* Implement additional trials using different hyperparameter settings within the defined search space
* Consider adjusting the `max_trials` value or modifying the `search_space` based on the results and desired trade-offs between exploration and exploitation.
## Round 5
----------------------------------------------------------------------------------------------------
## Round 1
To address the instructions provided, we'll go through each task step by step.

### Analysis of Current Trials

1. **Summarize performance metrics**: 
   - The highest PSNR achieved so far is 23.1309 with `k2 = 0.01` and `lr = 0.001`.
   - The lowest PSNR is 6.982 with `k2 = 0.01` and `lr = 1.0`.

2. **Evaluate performance trends for hyper-parameters**:
   - A lower learning rate (`lr`) seems to lead to better PSNR values, as seen in the trial where `lr = 0.001` resulted in higher PSNR compared to when `lr = 1.0`.
   - The effect of `k2` is less clear with only three trials, but `k2 = 0.01` has been associated with both the highest and lowest PSNR values so far.

3. **Highlight promising hyper-parameter combinations**:
   - Combining lower learning rates (`lr = 0.001`) with various `k2` values could lead to higher PSNR values, based on current trends.
   - Exploring other `k2` values (like `0.0005`, as in the third trial) with low learning rates might also yield promising results.

### Optimization Recommendation

For the next 3 trials, considering the analysis and the constraints provided:
- We should avoid repeating hyper-parameter combinations already tested and aim to explore the search space efficiently.
- Given that lower learning rates seem more promising, prioritizing these could be beneficial.

Recommendations for the next trials:

1. **Trial**: `k2 = 0.0001`, `lr = 0.001` - This combination tests a very low `k2` value with a low learning rate.
2. **Trial**: `k2 = 0.1`, `lr = 0.01` - To explore the effect of `k2` at its highest value in the search space and with a moderate learning rate.
3. **Trial**: `k2 = 0.0005`, `lr = 0.01` - This explores another low `k2` value (previously tested with `lr = 0.001`) but with a higher learning rate to compare performance.

These recommendations aim to balance exploration of different hyper-parameters and their potential interactions, focusing on untested combinations that might yield high performance based on current trends.

### Experiment Planning

Convert Optimization Recommendation to YAML:
```
trials:
- k2: 0.0001
  lr: 0.001
- k2: 0.1
  lr: 0.01
- k2: 0.0005
  lr: 0.01
```

### Stop Optimization

Given the current highest PSNR value is 23.1309, without a specified threshold for when to stop optimization, it's difficult to make an informed decision based solely on provided information.

However, if we consider high PSNR values typically being closer to 30 or above in many image processing contexts (though this can vary widely), the current best might not be considered "high enough" depending on specific requirements. Thus, there's likely still room for improvement, but without a clear threshold, it's reasonable to continue optimizing.

Answer: No with confidence score: 0.6
## Round 2
----------------------------------------------------------------------------------------------------
## Round 1
Based on the provided instructions, I will address each task step by step.

### Analysis of Current Trials
1. **Summarize performance metrics**: The current trials show PSNR values ranging from 6.982 to 23.1309. The highest PSNR value is 23.1309 for `k2 = 0.01` and `lr = 0.001`, indicating the best combination so far.
2. **Evaluate performance trends for hyper-parameters**: From the trials, we can observe that a lower learning rate (`lr`) tends to result in higher PSNR values. For instance, `lr = 0.001` yields significantly better results than `lr = 1.0`. The effect of `k2` is less clear with the current data but suggests that smaller values might be beneficial.
3. **Highlight promising hyper-parameter combinations**: The combination of `k2 = 0.01` and `lr = 0.001` appears to be the most promising based on the completed trials.

### Optimization Recommendation
Given the analysis, for the next three trials, we should explore combinations that are likely to yield high PSNR values without re-testing existing hyper-parameters. The suggestions are as follows:
1. **Trial 4**: `k2 = 0.0005` and `lr = 0.01`. This combination explores a smaller `k2` value with a moderate learning rate, which might offer a balance between convergence speed and accuracy.
2. **Trial 5**: `k2 = 0.0001` and `lr = 0.001`. Given the success of small `k2` values and low learning rates in previous trials, this combination could potentially yield even higher PSNR values by minimizing `k2`.
3. **Trial 6**: `k2 = 0.01` and `lr = 0.0001`. This trial tests a very low learning rate with a previously successful `k2` value, aiming to find if an even lower learning rate can improve the PSNR further.

These suggestions satisfy all requirements by not re-testing completed trials or the same hyper-parameters and are chosen from the given search space based on observed trends in performance metrics.

### Experiment Planning
Converting the Optimization Recommendation into YAML format:
```yml
trials:
- k2: 0.0005
  lr: 0.01
- k2: 0.0001
  lr: 0.001
- k2: 0.01
  lr: 0.0001
```

### Stop Optimization
Given that the highest PSNR achieved is 23.1309, which might be considered high depending on the context (though without a specified threshold), and considering the significant improvement from initial to later trials, there's potential for further optimization. However, without knowing the threshold or more details about the acceptable performance level, it's challenging to definitively answer whether to stop.
Answer: No with confidence score: 0.6


## Round 2
----------------------------------------------------------------------------------------------------
## Round 1
To address the instructions provided, we will break down the response into sections corresponding to each task.

### Analysis of Current Trials

1. **Summarize performance metrics**: The current trials have shown PSNR values ranging from 6.982 to 23.1309. The highest PSNR value is 23.1309 for `k2 = 0.01` and `lr = 0.001`, indicating the best combination so far.

2. **Evaluate performance trends for hyper-parameters**: 
   - For `lr`, lower values tend to perform better, as seen with `lr = 0.001` yielding higher PSNR than `lr = 1.0`.
   - For `k2`, a value of `0.01` seems promising, but we need more data points to confirm its impact compared to other values like `0.0005`.

3. **Highlight promising hyper-parameter combinations**:
   - The combination `k2 = 0.01` and `lr = 0.001` is the most promising so far.
   - Other combinations involving lower `lr` values (e.g., `0.01`, `0.0001`) with various `k2` values could be promising but need testing.

### Optimization Recommendation

Based on the analysis, here are recommendations for the next 3 trials:

1. **Trial 4**: `k2 = 0.0005` and `lr = 0.01`. This tests a lower `k2` value with a moderate `lr`, which hasn't been tried yet.
2. **Trial 5**: `k2 = 0.01` and `lr = 0.0001`. Since `k2 = 0.01` has shown promise, testing it with an even lower `lr` could lead to better results.
3. **Trial 6**: `k2 = 0.0001` and `lr = 0.001`. This explores the effect of a very low `k2` value with a proven effective `lr`.

These suggestions adhere to the requirements by not re-testing completed trials or suggesting hyper-parameters outside the given search space.

### Experiment Planning

```yml
trials:
- k2: 0.0005
  lr: 0.01
  PSNR: null
- k2: 0.01
  lr: 0.0001
  PSNR: null
- k2: 0.0001
  lr: 0.001
  PSNR: null
```

### Stop Optimization

Given the current highest PSNR value is 23.1309, which might be considered high depending on the specific requirements of the project (since a threshold isn't provided), and considering we have only just begun exploring the search space with limited trials, there's still potential for improvement.

Answer: No  
Confidence Score: 0.6


## Round 2
To address the given instructions, we will break down the response into sections corresponding to each task outlined in the 'instructions' section of the provided dictionary.

### Analysis of Current Trials
The current trials show a range of PSNR (Peak Signal-to-Noise Ratio) values from 6.982 to 23.1309, indicating significant variability in performance based on different hyper-parameter combinations. 
- The combination of `k2 = 0.01` and `lr = 1.0` resulted in the lowest PSNR of 6.982.
- The combination of `k2 = 0.01` and `lr = 0.001` yielded a high PSNR of 23.1309, suggesting that lower learning rates can significantly improve performance when combined with certain values of `k2`.
- The third trial with `k2 = 0.0005` and `lr = 0.001` gave a PSNR of 21.1342, which is also relatively high but lower than the second trial.

Performance trends indicate that:
- Lower learning rates (`lr`) tend to result in higher PSNR values.
- The value of `k2` also affects performance, with `k2 = 0.01` yielding a very high PSNR when combined with `lr = 0.001`.

Promising hyper-parameter combinations include low learning rates paired with specific `k2` values, particularly the combination of `k2 = 0.01` and `lr = 0.001`, which showed the highest PSNR.

### Optimization Recommendation
For the next three trials, we recommend the following hyper-parameter combinations based on the analysis:
1. **`k2 = 0.0001` and `lr = 0.001`**: This combination explores a lower value of `k2` with a learning rate that has shown promise in previous trials.
2. **`k2 = 0.01` and `lr = 0.01`**: Given the success of `k2 = 0.01` with `lr = 0.001`, testing it with a moderate learning rate (`lr = 0.01`) could reveal further insights into how `lr` affects performance.
3. **`k2 = 0.0005` and `lr = 0.0001`**: This option explores another low `k2` value with the lowest learning rate available, potentially capitalizing on the trend of lower learning rates yielding better results.

These suggestions meet the requirements by not repeating any completed trials and only selecting hyper-parameters from the given search space.

### Experiment Planning
```yml
trials:
- k2: 0.0001
  lr: 0.001
- k2: 0.01
  lr: 0.01
- k2: 0.0005
  lr: 0.0001
```

### Stop Optimization
Given the high PSNR value of 23.1309 achieved in one of the trials, which indicates a potentially satisfactory performance level depending on the specific requirements of the task at hand (e.g., image quality restoration), and considering that further optimization might only yield marginal improvements while consuming additional resources, it could be reasonable to stop or pause the optimization process for evaluation.

Answer: Yes 
Confidence Score: 0.8


## Round 3
----------------------------------------------------------------------------------------------------
## Round 1
To address the instructions provided, we'll break down the response into sections corresponding to each task.

### Analysis of Current Trials

1. **Summarize performance metrics**: The current trials show PSNR values ranging from 6.982 to 23.1309. The highest PSNR value is 23.1309 for `k2 = 0.01` and `lr = 0.001`, indicating the best combination so far.

2. **Evaluate performance trends for hyper-parameters**: 
   - For `lr`, a lower value (0.001) seems to perform better than higher values (1.0).
   - For `k2`, the trend is less clear with only three trials, but `k2 = 0.01` shows promising results.

3. **Highlight promising hyper-parameter combinations**:
   - The combination of `k2 = 0.01` and `lr = 0.001` seems particularly promising based on the high PSNR value.

### Optimization Recommendation

Given the analysis, for the next three trials, we should explore other combinations within the search space that have not been tested yet:

1. **Trial 4**: `k2 = 0.0005` and `lr = 0.01`. This combination tests a lower `k2` value with a moderate `lr`, exploring if a balance can yield better results.
   
2. **Trial 5**: `k2 = 0.1` and `lr = 0.001`. Here, we test the highest `k2` value with the lowest `lr` that showed promise in previous trials, assessing its impact on PSNR.

3. **Trial 6**: `k2 = 0.0001` and `lr = 0.1`. This trial explores the effect of the smallest `k2` value with a higher `lr`, providing insight into how these extremes interact.

### Experiment Planning

```yml
trials:
- k2: 0.0005
  lr: 0.01
- k2: 0.1
  lr: 0.001
- k2: 0.0001
  lr: 0.1
```

### Stop Optimization

Given the highest PSNR value of 23.1309 is already quite high and considering typical thresholds for stopping optimization might be around or below this value, we can consider stopping further optimization if a threshold has been reached or exceeded.

Answer: Yes with confidence score: 0.8


----------------------------------------------------------------------------------------------------
## Round 1
To address the provided instructions, we'll break down the response into sections corresponding to each task.

### Analysis of Current Trials
1. **Summarize performance metrics**: The current trials have PSNR values ranging from 6.982 to 23.1309. The highest PSNR value is 23.1309 for `k2 = 0.01` and `lr = 0.001`, indicating the best combination so far.
2. **Evaluate performance trends for hyper-parameters**: 
   - For `k2`, lower values (e.g., `0.0005`, `0.0001`) seem to perform better than higher values (`0.1`).
   - For `lr`, a value of `0.001` seems most promising, given its association with the highest PSNR.
3. **Highlight promising hyper-parameter combinations**: 
   - `k2 = 0.01` and `lr = 0.001`
   - `k2 = 0.0005` and `lr = 0.001`

### Optimization Recommendation
Given the analysis, for the next three trials, we should explore:
1. **Combination of low `k2` with medium to low `lr`**: Since lower `k2` values showed promise, combining them with a medium `lr` could yield interesting results.
2. **Avoid re-testing same hyper-parameters**: Ensure that each new trial has a unique combination of `k2` and `lr`.
3. **Suggested trials**:
   - Trial 1: `k2 = 0.0001`, `lr = 0.01`
   - Trial 2: `k2 = 0.001` (not directly provided in search space, so we adjust to) `k2 = 0.0005`, `lr = 0.0001`
   - Trial 3: `k2 = 0.01`, `lr = 0.0001`

These combinations are chosen based on the observed trends and ensuring diversity in hyper-parameter settings.

### Experiment Planning
```yml
trials:
- k2: 0.0001
  lr: 0.01
  PSNR: null
- k2: 0.0005
  lr: 0.0001
  PSNR: null
- k2: 0.01
  lr: 0.0001
  PSNR: null
```

### Stop Optimization
Given the highest PSNR is 23.1309, which might be considered high depending on the context (though a specific threshold isn't provided), and considering we've only completed 6 out of 25 trials, it seems premature to stop without further exploration.
Answer: No with confidence score: 0.7


----------------------------------------------------------------------------------------------------
## Round 1
To address the given instructions, we will break down the response into sections corresponding to each task.

### Analysis of Current Trials

1. **Summarize performance metrics**: 
   - The current trials show a range of PSNR (Peak Signal-to-Noise Ratio) values from 6.982 to 23.1309.
   - Hyper-parameter combinations and their respective PSNR values are as follows:
     - `k2=0.01, lr=1.0`: PSNR = 6.982
     - `k2=0.01, lr=0.001`: PSNR = 23.1309
     - `k2=0.0005, lr=0.001`: PSNR = 21.1342

2. **Evaluate performance trends for hyper-parameters**:
   - The learning rate (`lr`) significantly impacts the PSNR, with lower learning rates (e.g., `lr=0.001`) resulting in higher PSNR values compared to higher learning rates (e.g., `lr=1.0`).
   - For the same learning rate (`lr=0.001`), a smaller `k2` value (`k2=0.0005`) results in a slightly lower PSNR than a larger `k2` value (`k2=0.01`).

3. **Highlight promising hyper-parameter combinations**:
   - The combination of `k2=0.01` and `lr=0.001` shows the highest PSNR (23.1309), indicating it is a promising set of hyper-parameters.
   - Further exploration around these values, considering both lower learning rates and adjusting `k2`, could potentially lead to even better performance.

### Optimization Recommendation

Given the analysis, for the next 3 trials, we recommend the following hyper-parameter combinations along with reasons for each choice:

1. **Trial 1**: `k2=0.0001, lr=0.001`
   - Reason: Exploring the effect of a lower `k2` value with an already proven effective learning rate (`lr=0.001`) to see if it improves or maintains high PSNR values.

2. **Trial 2**: `k2=0.01, lr=0.0001`
   - Reason: Investigating the impact of a lower learning rate (`lr=0.0001`) with a `k2` value that has shown promise (`k2=0.01`), aiming to potentially increase PSNR further.

3. **Trial 3**: `k2=0.0005, lr=0.01`
   - Reason: This combination assesses the performance of a moderate `k2` value with a higher learning rate than previously tested (`lr=0.01`), providing insight into how these parameters interact at different scales.

These recommendations satisfy the requirements by not re-testing completed trials and only suggesting hyper-parameters from the given search space.

### Experiment Planning

```yml
trials:
- k2: 0.0001
  lr: 0.001
  PSNR: null
- k2: 0.01
  lr: 0.0001
  PSNR: null
- k2: 0.0005
  lr: 0.01
  PSNR: null
```

### Stop Optimization

Answer: No with confidence score: 0.6

Reasoning: The current highest PSNR (23.1309) is significantly higher than the lowest (6.982), indicating there's room for optimization and that the results are not yet at a maximum potential threshold. However, without a specified threshold, it's difficult to assert with high confidence whether to stop or continue optimization based solely on the provided data. The confidence score reflects a moderate level of certainty in continuing optimization efforts due to observed performance trends and unexplored hyper-parameter combinations.


## Round 2
To address each task in the instructions:

### Analysis of Current Trials

1. **Summarize performance metrics**: 
   - The current trials show a range of PSNR values from 6.982 to 24.8842, indicating significant variability in performance based on different combinations of `lr` (learning rate) and `k2`.
   - The highest PSNR value is 24.8842 for `k2 = 0.01` and `lr = 0.0001`, suggesting that lower learning rates with a moderate to high `k2` might be beneficial.
   - The lowest PSNR of 6.982 is for `k2 = 0.01` and `lr = 1.0`, indicating very high learning rates are suboptimal.

2. **Evaluate performance trends for hyper-parameters**:
   - Lower learning rates (`lr`) tend to perform better, with the highest PSNR values achieved at `lr = 0.0001` or `lr = 0.001`.
   - For `k2`, a value of `0.01` seems promising as it achieves high PSNR when combined with appropriate learning rates.

3. **Highlight promising hyper-parameter combinations**:
   - (`k2 = 0.01`, `lr = 0.0001`) shows the highest PSNR.
   - Combinations involving lower `lr` values (e.g., `0.001`, `0.0001`) are generally more promising.

### Optimization Recommendation

Given the analysis, for the next 3 trials, we should aim to explore combinations that haven't been tested yet but seem promising based on current trends:

1. **Trial**: (`k2 = 0.1`, `lr = 0.001`): This combination tests a higher `k2` value with a lower learning rate, which hasn't been explored and could potentially yield high PSNR values.
   
2. **Trial**: (`k2 = 0.0005`, `lr = 0.0001`): Since lower learning rates have shown promise, combining the lowest tested learning rate with an intermediate `k2` value could lead to better performance.

3. **Trial**: (`k2 = 0.01`, `lr = 0.01`): Although we've seen good results from `k2 = 0.01`, combining it with a moderate learning rate like `0.01` (which hasn't been tested in this context) could provide insight into how the model behaves with slightly increased learning rates.

### Experiment Planning

Here are the suggested trials in YAML format:

```yml
trials:
- k2: 0.1
  lr: 0.001
- k2: 0.0005
  lr: 0.0001
- k2: 0.01
  lr: 0.01
```

### Stop Optimization

Given the highest PSNR value achieved is around 24.88, which seems relatively high and considering we haven't been given a specific threshold to compare against, it might be reasonable to consider stopping optimization if one assumes that values above 24 could be satisfactory for the task at hand.

Answer: Yes with confidence score: 0.8


