----------------------------------------------------------------------------------------------------
Start Optimization: DNN_molecular_property_train_qwen2.5:32b
----------------------------------------------------------------------------------------------------
vvvvvvvvvvvvvvvvvvvvvvvvvvvvvvvvvvvvvvvvvvvvvvvvvv[INFO] Round [3][30], Failed: [0]/[3]vvvvvvvvvvvvvvvvvvvvvvvvvvvvvvvvvvvvvvvvvvvvvvvvvv
{'description': "You are a Senior Neural Architecture Search Researcher specializing in neural networks applied to molecular property prediction. 'nan' denotes unknown data. Provide professional and detailed answers for molecular property prediction using deep learning and machine learning methods, based on the comparative study in drug discovery datasets.", 'model': 'deep neural network (chagas ep20) (Hyper-parameter optimization of multiple machine learning algorithms for molecular property prediction using hyperopt library) based on (Comparison of Deep Learning With Multiple Machine Learning Methods and Metrics Using Diverse Drug Discovery Data Sets) ', 'task': 'molecular property prediction', 'basic_idea': 'Utilize a comparative analysis of deep learning models to predict molecular properties relevant to drug discovery. ', 'instruction': 'Employ hyperparameter tuning via grid search or hyperopt to optimize model performance. Compare results across multiple evaluation metrics and datasets to determine the most robust predictive approach.'}
3-find_trials-analyse-cognitive: ### Task 1: Analyze Current Task

**Basic Idea:** The task involves predicting molecular properties using deep neural networks, which are trained on drug discovery datasets. This prediction can help in understanding the behavior and potential applications of molecules in pharmaceutical research.

**Objective:** To optimize hyperparameters for a deep learning model to achieve high accuracy in predicting molecular properties. Hyperparameter tuning is performed using methods like grid search or hyperopt to find the best configuration that maximizes predictive performance across various datasets.

**Hyperparameters:**
- **Dropout Rate (dropout):** Controls the proportion of neurons to drop during training, which helps prevent overfitting.
- **Learning Rate (lr):** Determines how much to adjust model weights with respect to loss gradient. A smaller learning rate means slower convergence but potentially better accuracy.
- **Activation Function (activation_type):** Defines the non-linear transformation applied to the output of a neuron. Here, ReLU is used.
- **Number of Layers (n_layers):** Specifies the depth of the neural network.

### Task 2: Analysis of Completed Trials

#### Step 1: Summarize Performance Metrics for Completed Trials
The completed trials have yielded varying levels of accuracy:
- Trial 13 with dropout=0.223, lr=0.164, activation_type='relu', n_layers=4 achieved an accuracy of 75.03%.
- Trial 18 with dropout=0.235, lr=0.230, activation_type='relu', n_layers=3 achieved an accuracy of 74.91%.
- Trial 24 with dropout=0.285, lr=0.090, activation_type='relu', n_layers=2 achieved an accuracy of 73.31%.

#### Step 2: Evaluate Performance Trends for Hyperparameters
**Dropout Rate:** The trials suggest that a moderate dropout rate (around 0.22 to 0.24) tends to perform better than higher rates like 0.285.

**Learning Rate:** A learning rate around 0.164 seems more effective compared to the higher value of 0.230, indicating that a slightly lower learning rate might be beneficial for convergence and accuracy.

**Number of Layers:** The model with four layers (Trial 13) performed marginally better than those with three or two layers, suggesting that deeper networks may capture more complex patterns in molecular data.

#### Step 3: Highlight Promising Hyper-parameter Combinations
- **Top-performing configuration:** Trial 13 with dropout=0.223, lr=0.164, activation_type='relu', n_layers=4 achieved the highest accuracy of 75.03%. This combination suggests that a moderate dropout rate and a slightly lower learning rate can lead to better performance.

**Insights:**
- **Dropout Rate:** A value around 0.22 seems optimal for preventing overfitting while maintaining model complexity.
- **Learning Rate:** Lower values (around 0.164) appear more effective in achieving higher accuracy compared to a higher learning rate of 0.230.
- **Network Depth:** Deeper networks with four layers seem to perform better than shallower ones, indicating that the additional depth helps capture intricate molecular features.

These insights can guide further hyperparameter tuning and model development for improved performance in predicting molecular properties relevant to drug discovery datasets.
3-find_trials-cognitive: ### Task 1: Review Analysis of All Completed Trials

From the completed trials, we have observed the following:

- **Top-performing configuration:** Trial 13 with dropout=0.223, lr=0.164, activation_type='relu', n_layers=4 achieved an accuracy of 75.03%.
- **Moderate performance configurations:**
  - Trial 18 with dropout=0.235, lr=0.230, activation_type='relu', n_layers=3 achieved an accuracy of 74.91%.
  - Trial 24 with dropout=0.285, lr=0.090, activation_type='relu', n_layers=2 achieved an accuracy of 73.31%.

**Insights:**
- **Dropout Rate:** A moderate value around 0.22 to 0.24 seems optimal.
- **Learning Rate:** Lower values (around 0.164) are more effective than higher ones like 0.230.
- **Activation Function:** ReLU has been used in all trials, and it performed well.
- **Number of Layers:** Deeper networks with 4 or 5 layers seem to perform better.

### Task 2: Optimization Recommendation

Based on the analysis from Task 1, we will recommend three promising trials from the provided Search Space. We aim to explore configurations that align with the observed trends and potentially under-explored regions.

#### Recommendation 1:
- **Number:** 6
- **Params:** {'dropout': 0.03732098421338331, 'lr': 0.9146035994618431, 'activation_type': 'relu', 'n_layers': 5}
- **Reasoning:** This configuration has a deep network (5 layers) and uses ReLU activation, which aligns with the trend of deeper networks performing well. Although the learning rate is high, it might be worth exploring as it could potentially lead to better performance in under-explored regions.

#### Recommendation 2:
- **Number:** 14
- **Params:** {'dropout': 0.011315144339827332, 'lr': 0.6357231179202232, 'activation_type': 'relu', 'n_layers': 2}
- **Reasoning:** This configuration has a shallow network (2 layers) and uses ReLU activation. The low dropout rate might help in reducing overfitting, and the high learning rate could potentially lead to faster convergence.

#### Recommendation 3:
- **Number:** 15
- **Params:** {'dropout': 0.2449828548608105, 'lr': 0.029651974828576864, 'activation_type': 'relu', 'n_layers': 5}
- **Reasoning:** This configuration has a deep network (5 layers) and uses ReLU activation with a moderate learning rate. The dropout value is also within the optimal range observed in previous trials.

### Task 3: JSON Format

```json
[
    {"number": 6, "params": {"dropout": 0.03732098421338331, "lr": 0.9146035994618431, "activation_type": "relu", "n_layers": 5}},
    {"number": 14, "params": {"dropout": 0.011315144339827332, "lr": 0.6357231179202232, "activation_type": "relu", "n_layers": 2}},
    {"number": 15, "params": {"dropout": 0.2449828548608105, "lr": 0.029651974828576864, "activation_type": "relu", "n_layers": 5}}
]
```
- [difflib] amnbious matches: ['dropout:0.03732098421338331_lr:0.9146035994618431_activation_type:relu_n_layers:5'], raw output: dropout:0.03732098421338331_lr:0.9146035994618431_activation_type:relu_n_layers:5_
- [difflib] amnbious matches: ['dropout:0.011315144339827332_lr:0.6357231179202232_activation_type:relu_n_layers:2'], raw output: dropout:0.011315144339827332_lr:0.6357231179202232_activation_type:relu_n_layers:2_
- [difflib] amnbious matches: ['dropout:0.2449828548608105_lr:0.029651974828576864_activation_type:relu_n_layers:5'], raw output: dropout:0.2449828548608105_lr:0.029651974828576864_activation_type:relu_n_layers:5_
Number of trials: 3 -> 3, 
Error_trials: [] is non-empty. 
Repeated_trials: 0 is non-empty. 
 []
^^^^^^^^^^^^^^^^^^^^^^^^^^^^^^^^^^^^^^^^^^^^^^^^^^qwen2.5:32b: Round: 3, Failed: 0^^^^^^^^^^^^^^^^^^^^^^^^^^^^^^^^^^^^^^^^^^^^^^^^^^
vvvvvvvvvvvvvvvvvvvvvvvvvvvvvvvvvvvvvvvvvvvvvvvvvv[INFO] Round [6][30], Failed: [0]/[3]vvvvvvvvvvvvvvvvvvvvvvvvvvvvvvvvvvvvvvvvvvvvvvvvvv
{'description': "You are a Senior Neural Architecture Search Researcher specializing in neural networks applied to molecular property prediction. 'nan' denotes unknown data. Provide professional and detailed answers for molecular property prediction using deep learning and machine learning methods, based on the comparative study in drug discovery datasets.", 'model': 'deep neural network (chagas ep20) (Hyper-parameter optimization of multiple machine learning algorithms for molecular property prediction using hyperopt library) based on (Comparison of Deep Learning With Multiple Machine Learning Methods and Metrics Using Diverse Drug Discovery Data Sets) ', 'task': 'molecular property prediction', 'basic_idea': 'Utilize a comparative analysis of deep learning models to predict molecular properties relevant to drug discovery. ', 'instruction': 'Employ hyperparameter tuning via grid search or hyperopt to optimize model performance. Compare results across multiple evaluation metrics and datasets to determine the most robust predictive approach.'}
6-find_trials-analyse-cognitive: ### Task 1: Analyze Current Task

**Basic Idea:** The task involves predicting molecular properties using deep neural networks, which are trained on datasets relevant to drug discovery. This entails classifying nodes (molecules) based on their properties.

**Objective:** To optimize the performance of a deep learning model by tuning hyperparameters and evaluating its predictive accuracy across different configurations.

**Hyperparameters:**
- **Dropout Rate**: Controls the proportion of neurons that are randomly ignored during training to prevent overfitting.
- **Learning Rate (lr)**: Determines how much to adjust the weights in response to the estimated error each time the model weights are updated.
- **Activation Type**: The type of activation function used, such as ReLU, which introduces non-linearity into the model.
- **Number of Layers (n_layers)**: Specifies the depth of the neural network.

### Task 2: Analysis of Completed Trials

#### Step 1: Summarize Performance Metrics for Completed Trials
The trials have been evaluated based on accuracy. Here are the summarized results:

| Trial Number | Dropout Rate | Learning Rate | Activation Type | Layers (n_layers) | Accuracy |
|--------------|--------------|---------------|-----------------|-------------------|----------|
| 6            | 0.037        | 0.915         | ReLU            | 5                 | 0.7158   |
| 14           | 0.011        | 0.636         | ReLU            | 2                 | 0.7540   |
| 15           | 0.245        | 0.030         | ReLU            | 5                 | 0.7540   |
| 18           | 0.235        | 0.230         | ReLU            | 3                 | 0.7491   |
| 13           | 0.223        | 0.164         | ReLU            | 4                 | 0.7503   |
| 24           | 0.285        | 0.090         | ReLU            | 2                 | 0.7331   |

#### Step 2: Evaluate Performance Trends for Hyper-parameters
**Dropout Rate:** Trials with lower dropout rates (e.g., Trial 6 and Trial 14) tend to perform better than those with higher dropout rates (e.g., Trial 24).

**Learning Rate:** Higher learning rates (Trial 6, Trial 14) seem to yield good results. However, very low learning rates (Trial 15) also show competitive performance.

**Activation Type:** All trials use ReLU activation, which is a common choice for introducing non-linearity and has shown consistent performance across different configurations.

**Number of Layers:** Models with fewer layers (2 or 3 layers) tend to perform better than those with more layers (4 or 5 layers).

#### Step 3: Highlight Promising Hyper-parameter Combinations
- **Top-performing configuration**: Trial 14 and Trial 15 both achieve the highest accuracy of 0.7540, but they have different configurations:
  - **Trial 14:** Dropout rate = 0.011, Learning Rate = 0.636, Activation Type = ReLU, Layers (n_layers) = 2
  - **Trial 15:** Dropout rate = 0.245, Learning Rate = 0.030, Activation Type = ReLU, Layers (n_layers) = 5

**Insights:**
- A lower dropout rate combined with a moderate learning rate and fewer layers can yield high accuracy.
- Interestingly, a higher learning rate in Trial 14 performs well despite the low dropout rate, suggesting that aggressive learning rates might be beneficial when overfitting is controlled by other means.

### Conclusion
The analysis suggests that configurations with fewer layers (2 or 3) and moderate to lower dropout rates tend to perform better. Additionally, a balance between high and low learning rates can also lead to optimal performance. Further exploration of these trends could help in identifying the most robust predictive approach for molecular property prediction using deep neural networks.
####################################################################################################
6-find_trials-stop-cognitive: 
    Completed trials:

    [{'params': {'dropout': '0.22338180801006463', 'lr': '0.16435095137468458', 'activation_type': 'relu', 'n_layers': '4'}, 'accuracy': 0.7503075030750308, 'number': 13}, {'params': {'dropout': '0.2348551527669941', 'lr': '0.23020080946447427', 'activation_type': 'relu', 'n_layers': '3'}, 'accuracy': 0.7490774907749077, 'number': 18}, {'params': {'dropout': '0.284601013262899', 'lr': '0.0898065130419396', 'activation_type': 'relu', 'n_layers': '2'}, 'accuracy': 0.7330873308733087, 'number': 24}, {'number': 6, 'params': {'dropout': 0.03732098421338331, 'lr': 0.9146035994618431, 'activation_type': 'relu', 'n_layers': 5}, 'accuracy': 0.7158671586715867}, {'number': 14, 'params': {'dropout': 0.011315144339827332, 'lr': 0.6357231179202232, 'activation_type': 'relu', 'n_layers': 2}, 'accuracy': 0.7539975399753998}, {'number': 15, 'params': {'dropout': 0.2449828548608105, 'lr': 0.029651974828576864, 'activation_type': 'relu', 'n_layers': 5}, 'accuracy': 0.7539975399753998}]

    The following **Search Space** contains **unexplored** trials.

    [{'number': 0, 'params': {'dropout': 0.0952480975892695, 'lr': 0.0005719179305852714, 'activation_type': 'relu', 'n_layers': 3}}, {'number': 1, 'params': {'dropout': 0.09388743787647363, 'lr': 0.0012675870498253744, 'activation_type': 'relu', 'n_layers': 3}}, {'number': 2, 'params': {'dropout': 0.20506387381704605, 'lr': 0.06474534108746133, 'activation_type': 'tanh', 'n_layers': 4}}, {'number': 3, 'params': {'dropout': 0.4482089840399741, 'lr': 0.00181804155602952, 'activation_type': 'relu', 'n_layers': 2}}, {'number': 4, 'params': {'dropout': 0.1872339318800582, 'lr': 0.5083309220423554, 'activation_type': 'relu', 'n_layers': 2}}, {'number': 5, 'params': {'dropout': 0.40601009805684546, 'lr': 0.03098114688872353, 'activation_type': 'relu', 'n_layers': 3}}, {'number': 7, 'params': {'dropout': 0.46909032451271176, 'lr': 0.00013655438146003486, 'activation_type': 'tanh', 'n_layers': 3}}, {'number': 8, 'params': {'dropout': 0.4304671730340771, 'lr': 0.00024937307922955716, 'activation_type': 'relu', 'n_layers': 2}}, {'number': 9, 'params': {'dropout': 0.4476619171728022, 'lr': 0.009669417887145098, 'activation_type': 'tanh', 'n_layers': 4}}, {'number': 10, 'params': {'dropout': 0.23280058467307402, 'lr': 0.008782859667426144, 'activation_type': 'tanh', 'n_layers': 4}}, {'number': 11, 'params': {'dropout': 0.33791212903854506, 'lr': 0.016691693497082934, 'activation_type': 'relu', 'n_layers': 3}}, {'number': 12, 'params': {'dropout': 0.3407041230206877, 'lr': 0.5239824134292922, 'activation_type': 'relu', 'n_layers': 4}}, {'number': 16, 'params': {'dropout': 0.13750814177692117, 'lr': 0.0036920195953658004, 'activation_type': 'tanh', 'n_layers': 5}}, {'number': 17, 'params': {'dropout': 0.07890552851351357, 'lr': 0.0017903113779818647, 'activation_type': 'tanh', 'n_layers': 5}}, {'number': 19, 'params': {'dropout': 0.4039610748021166, 'lr': 0.009792174551753295, 'activation_type': 'tanh', 'n_layers': 2}}, {'number': 20, 'params': {'dropout': 0.00288726160072994, 'lr': 0.07718412814911169, 'activation_type': 'relu', 'n_layers': 5}}, {'number': 21, 'params': {'dropout': 0.31203436774313015, 'lr': 0.18080913111953428, 'activation_type': 'relu', 'n_layers': 2}}, {'number': 22, 'params': {'dropout': 0.2994263500666499, 'lr': 0.9474726358333334, 'activation_type': 'relu', 'n_layers': 2}}, {'number': 23, 'params': {'dropout': 0.30431491125777504, 'lr': 0.24794619270628265, 'activation_type': 'relu', 'n_layers': 2}}, {'number': 25, 'params': {'dropout': 0.36929442586158073, 'lr': 0.900032008734707, 'activation_type': 'relu', 'n_layers': 2}}, {'number': 26, 'params': {'dropout': 0.2858992071447708, 'lr': 0.32508141505593774, 'activation_type': 'relu', 'n_layers': 2}}, {'number': 27, 'params': {'dropout': 0.3629718045609969, 'lr': 0.12253894412391511, 'activation_type': 'relu', 'n_layers': 2}}, {'number': 28, 'params': {'dropout': 0.15959224607822495, 'lr': 0.03739930310654518, 'activation_type': 'relu', 'n_layers': 2}}, {'number': 29, 'params': {'dropout': 0.4934863314239467, 'lr': 0.38536483119403464, 'activation_type': 'relu', 'n_layers': 2}}]


    Instructions:

    ** Task 1: Review Analysis of Completed Trials (trial analysis, performance trends, highlights and other insights)**

    ** Task 2: Decide Whether to Stop Optimization**

    Based on the above analysis and **Completed Trials**, determine whether the optimization process should be stopped.

    Carefully analyze each of the following stop rules and provide a short (1-2 sentences) justification for whether it is met:

    
        You do not need to test all configuration.

        ---
        **Step 1: Analyze the following criteria:**

        Based on the above trial analysis, observed performance trends, and highlighted promising regions in the **Completed Trials**:

        1. Have all promising configurations, as identified from performance trends, already been tested?

        2. Are unexplored configurations unlikely to perform better, based on observed trends and diminishing returns?

        3. Has the best metric `accuracy` improved significantly compared to the first three **Completed Trials**?

        ---
        

    **Step 2: Decide whether **all** conditions are met.**

    If **all** criteria in Step 1 are met or early stopping,

    Answer: Yes with confidence score: $confidence_socre. Otherwise, Answer: No with confidence score: $confidence_socre.

    Note that: **You MUST complete Step 1 before Step 2.** 
    Do not speculate beyond **Search Space**.

    Finally, you MUST output 'Answer: No/Yes' with confidence score: $confidence_socre


    
####################################################################################################
6-find_trials-stop-cognitive: ### Task 1: Review Analysis of Completed Trials

#### Trial Analysis and Performance Trends:
- **Dropout Rate:** Lower dropout rates (e.g., 0.037, 0.011) tend to perform better than higher ones.
- **Learning Rate:** Moderate learning rates (e.g., 0.635, 0.914) show good performance, but very low learning rates also yield competitive results.
- **Activation Type:** All trials use ReLU activation, which has shown consistent performance across different configurations.
- **Number of Layers:** Models with fewer layers (2 or 3 layers) tend to perform better than those with more layers.

#### Promising Hyper-parameter Combinations:
- Trial 14: Dropout rate = 0.011, Learning Rate = 0.6357, Activation Type = ReLU, Layers (n_layers) = 2
- Trial 15: Dropout rate = 0.245, Learning Rate = 0.0296, Activation Type = ReLU, Layers (n_layers) = 5

### Task 2: Decide Whether to Stop Optimization

#### Step 1: Analyze the Following Criteria:

1. **Have all promising configurations, as identified from performance trends, already been tested?**
   - The analysis shows that lower dropout rates and moderate learning rates with fewer layers (2 or 3) perform well. However, there are still unexplored trials in the search space that might fit these criteria.

2. **Are unexplored configurations unlikely to perform better, based on observed trends and diminishing returns?**
   - While some promising configurations have been tested, there are still several unexplored trials with similar hyperparameter settings (e.g., low dropout rates, moderate learning rates) that could potentially yield better performance.

3. **Has the best metric `accuracy` improved significantly compared to the first three Completed Trials?**
   - The best accuracy observed is around 0.6357 for Trial 14 and 0.0296 for Trial 15, which shows some improvement over initial trials but not a significant jump.

#### Step 2: Decide Whether All Conditions Are Met

Based on the above analysis:
- Not all promising configurations have been tested.
- Unexplored configurations still hold potential to perform better based on observed trends.
- The best metric `accuracy` has shown some improvement, but it is not significantly better than initial trials.

**Answer: No with confidence score: 0.7**

The optimization process should continue as there are still promising unexplored configurations that could yield better performance.
6-find_trials-cognitive: ### Task 1: Review Analysis of All Completed Trials

#### Summary of Performance Metrics for Completed Trials:

| Trial Number | Dropout Rate | Learning Rate (lr) | Activation Type | Layers (n_layers) | Accuracy |
|--------------|--------------|--------------------|-----------------|-------------------|----------|
| 6            | 0.037        | 0.915              | ReLU            | 5                 | 0.7158   |
| 14           | 0.011        | 0.636              | ReLU            | 2                 | 0.7540   |
| 15           | 0.245        | 0.030              | ReLU            | 5                 | 0.7540   |
| 18           | 0.235        | 0.230              | ReLU            | 3                 | 0.7491   |
| 13           | 0.223        | 0.164              | ReLU            | 4                 | 0.7503   |
| 24           | 0.285        | 0.090              | ReLU            | 2                 | 0.7331   |

#### Performance Trends:
- **Dropout Rate:** Lower dropout rates (e.g., Trial 6 and Trial 14) tend to perform better.
- **Learning Rate:** Higher learning rates (Trial 6, Trial 14) seem to yield good results, but very low learning rates (Trial 15) also show competitive performance.
- **Activation Type:** All trials use ReLU activation, which has shown consistent performance across different configurations.
- **Number of Layers:** Models with fewer layers (2 or 3 layers) tend to perform better than those with more layers (4 or 5).

### Task 2: Optimization Recommendation

Based on the analysis in Task 1, we will recommend trials that explore under-explored regions while maintaining promising configurations.

#### Recommendations:

1. **Trial Number:** 4
   - **Params:** {'dropout': 0.31203436774313015, 'lr': 0.18080913111953428, 'activation_type': 'relu', 'n_layers': 2}
   - **Reasoning:** This trial has a moderate dropout rate and a reasonable learning rate with ReLU activation and only 2 layers. It aligns well with the trend of fewer layers performing better.

2. **Trial Number:** 16
   - **Params:** {'dropout': 0.13750814177692117, 'lr': 0.0036920195953658004, 'activation_type': 'tanh', 'n_layers': 5}
   - **Reasoning:** This trial explores the use of tanh activation with a lower learning rate and more layers (5). While tanh is under-explored in our completed trials, it might offer a different performance profile.

3. **Trial Number:** 28
   - **Params:** {'dropout': 0.15959224607822495, 'lr': 0.03739930310654518, 'activation_type': 'relu', 'n_layers': 2}
   - **Reasoning:** This trial has a moderate dropout rate and a reasonable learning rate with ReLU activation and only 2 layers. It aligns well with the trend of fewer layers performing better.

### Task 3: JSON Format

```json
[
    {"number": 4, "params": {"dropout": 0.31203436774313015, "lr": 0.18080913111953428, "activation_type": "relu", "n_layers": 2}},
    {"number": 16, "params": {"dropout": 0.13750814177692117, "lr": 0.0036920195953658004, "activation_type": "tanh", "n_layers": 5}},
    {"number": 28, "params": {"dropout": 0.15959224607822495, "lr": 0.03739930310654518, "activation_type": "relu", "n_layers": 2}}
]
```
- [difflib] amnbious matches: ['dropout:0.31203436774313015_lr:0.18080913111953428_activation_type:relu_n_layers:2'], raw output: dropout:0.31203436774313015_lr:0.18080913111953428_activation_type:relu_n_layers:2_
- [difflib] amnbious matches: ['dropout:0.13750814177692117_lr:0.0036920195953658004_activation_type:tanh_n_layers:5'], raw output: dropout:0.13750814177692117_lr:0.0036920195953658004_activation_type:tanh_n_layers:5_
- [difflib] amnbious matches: ['dropout:0.15959224607822495_lr:0.03739930310654518_activation_type:relu_n_layers:2'], raw output: dropout:0.15959224607822495_lr:0.03739930310654518_activation_type:relu_n_layers:2_
Number of trials: 3 -> 3, 
Error_trials: [] is non-empty. 
Repeated_trials: 0 is non-empty. 
 []
^^^^^^^^^^^^^^^^^^^^^^^^^^^^^^^^^^^^^^^^^^^^^^^^^^qwen2.5:32b: Round: 6, Failed: 0^^^^^^^^^^^^^^^^^^^^^^^^^^^^^^^^^^^^^^^^^^^^^^^^^^
vvvvvvvvvvvvvvvvvvvvvvvvvvvvvvvvvvvvvvvvvvvvvvvvvv[INFO] Round [9][30], Failed: [0]/[3]vvvvvvvvvvvvvvvvvvvvvvvvvvvvvvvvvvvvvvvvvvvvvvvvvv
{'description': "You are a Senior Neural Architecture Search Researcher specializing in neural networks applied to molecular property prediction. 'nan' denotes unknown data. Provide professional and detailed answers for molecular property prediction using deep learning and machine learning methods, based on the comparative study in drug discovery datasets.", 'model': 'deep neural network (chagas ep20) (Hyper-parameter optimization of multiple machine learning algorithms for molecular property prediction using hyperopt library) based on (Comparison of Deep Learning With Multiple Machine Learning Methods and Metrics Using Diverse Drug Discovery Data Sets) ', 'task': 'molecular property prediction', 'basic_idea': 'Utilize a comparative analysis of deep learning models to predict molecular properties relevant to drug discovery. ', 'instruction': 'Employ hyperparameter tuning via grid search or hyperopt to optimize model performance. Compare results across multiple evaluation metrics and datasets to determine the most robust predictive approach.'}
9-find_trials-analyse-cognitive: ### Task 1: Analyze Current Task

**Basic Idea:** The task involves predicting molecular properties using deep neural networks, which are trained on drug discovery datasets. This prediction can help in understanding the behavior and potential applications of molecules in pharmaceutical research.

**Objective:** To optimize hyperparameters for a deep learning model to achieve high accuracy in predicting molecular properties. Hyperparameter tuning is performed using the `hyperopt` library to find the best configuration that maximizes predictive performance across multiple evaluation metrics.

**Hyperparameters:**
- **Dropout Rate (dropout):** Controls the proportion of neurons to drop during training, helping prevent overfitting.
- **Learning Rate (lr):** Determines how much to adjust model weights with respect to loss gradient.
- **Activation Function (activation_type):** Defines the non-linear transformation applied to the output of each neuron. Common choices include ReLU and Tanh.
- **Number of Layers (n_layers):** Specifies the depth of the neural network.

### Task 2: Analysis of Completed Trials

#### Step 1: Summarize Performance Metrics for Completed Trials
The trials have been conducted with varying hyperparameters, and their performance is measured by accuracy. Here are some key observations:

- The highest accuracy achieved was **0.75399754**.
- The lowest accuracy observed was **0.71586716**.

#### Step 2: Evaluate Performance Trends for Hyper-parameters
Analyzing the trends in hyperparameter settings, we can observe several patterns:

- **Dropout Rate:** Trials with dropout rates between 0.03 and 0.31 have shown relatively consistent performance.
- **Learning Rate (lr):** Learning rates ranging from approximately 0.02 to 0.91 have been tested, with no clear trend indicating a specific range that universally improves accuracy.
- **Activation Function:** The ReLU activation function has been used in all trials except one where Tanh was employed, which resulted in slightly lower performance (accuracy of 0.717097).
- **Number of Layers (n_layers):** Models with 2 to 5 layers have been tested. Generally, models with fewer layers tend to perform better.

#### Step 3: Highlight Promising Hyper-parameter Combinations

**Top-performing configuration:** The top accuracy was achieved by two different configurations:
1. Dropout rate = 0.011315, Learning Rate (lr) = 0.635723, Activation Function = ReLU, Number of Layers = 2.
2. Dropout rate = 0.244983, Learning Rate (lr) = 0.029652, Activation Function = ReLU, Number of Layers = 5.

**Promising Trends:**
- **Dropout and Learning Rate:** Trials with dropout rates around 0.2 to 0.3 and learning rates between 0.1 and 0.2 have shown good performance.
- **Number of Layers:** Models with fewer layers (2 or 3) tend to perform better than those with more layers, possibly due to reduced complexity and overfitting risk.

**Insights:**
- The use of ReLU as the activation function seems beneficial across all trials.
- A moderate dropout rate (around 0.2 to 0.3) appears to be effective in preventing overfitting without significantly degrading performance.
- Learning rates between 0.1 and 0.2 seem to strike a good balance, allowing for efficient learning while avoiding overshooting the optimal solution.

By focusing on these trends and configurations, further optimization can be pursued to enhance model accuracy and robustness in predicting molecular properties relevant to drug discovery datasets.
####################################################################################################
9-find_trials-stop-cognitive: 
    Completed trials:

    [{'params': {'dropout': '0.22338180801006463', 'lr': '0.16435095137468458', 'activation_type': 'relu', 'n_layers': '4'}, 'accuracy': 0.7503075030750308, 'number': 13}, {'params': {'dropout': '0.2348551527669941', 'lr': '0.23020080946447427', 'activation_type': 'relu', 'n_layers': '3'}, 'accuracy': 0.7490774907749077, 'number': 18}, {'params': {'dropout': '0.284601013262899', 'lr': '0.0898065130419396', 'activation_type': 'relu', 'n_layers': '2'}, 'accuracy': 0.7330873308733087, 'number': 24}, {'number': 6, 'params': {'dropout': 0.03732098421338331, 'lr': 0.9146035994618431, 'activation_type': 'relu', 'n_layers': 5}, 'accuracy': 0.7158671586715867}, {'number': 14, 'params': {'dropout': 0.011315144339827332, 'lr': 0.6357231179202232, 'activation_type': 'relu', 'n_layers': 2}, 'accuracy': 0.7539975399753998}, {'number': 15, 'params': {'dropout': 0.2449828548608105, 'lr': 0.029651974828576864, 'activation_type': 'relu', 'n_layers': 5}, 'accuracy': 0.7539975399753998}, {'number': 21, 'params': {'dropout': 0.31203436774313015, 'lr': 0.18080913111953428, 'activation_type': 'relu', 'n_layers': 2}, 'accuracy': 0.7539975399753998}, {'number': 16, 'params': {'dropout': 0.13750814177692117, 'lr': 0.0036920195953658004, 'activation_type': 'tanh', 'n_layers': 5}, 'accuracy': 0.7170971709717097}, {'number': 28, 'params': {'dropout': 0.15959224607822495, 'lr': 0.03739930310654518, 'activation_type': 'relu', 'n_layers': 2}, 'accuracy': 0.7404674046740467}]

    The following **Search Space** contains **unexplored** trials.

    [{'number': 0, 'params': {'dropout': 0.0952480975892695, 'lr': 0.0005719179305852714, 'activation_type': 'relu', 'n_layers': 3}}, {'number': 1, 'params': {'dropout': 0.09388743787647363, 'lr': 0.0012675870498253744, 'activation_type': 'relu', 'n_layers': 3}}, {'number': 2, 'params': {'dropout': 0.20506387381704605, 'lr': 0.06474534108746133, 'activation_type': 'tanh', 'n_layers': 4}}, {'number': 3, 'params': {'dropout': 0.4482089840399741, 'lr': 0.00181804155602952, 'activation_type': 'relu', 'n_layers': 2}}, {'number': 4, 'params': {'dropout': 0.1872339318800582, 'lr': 0.5083309220423554, 'activation_type': 'relu', 'n_layers': 2}}, {'number': 5, 'params': {'dropout': 0.40601009805684546, 'lr': 0.03098114688872353, 'activation_type': 'relu', 'n_layers': 3}}, {'number': 7, 'params': {'dropout': 0.46909032451271176, 'lr': 0.00013655438146003486, 'activation_type': 'tanh', 'n_layers': 3}}, {'number': 8, 'params': {'dropout': 0.4304671730340771, 'lr': 0.00024937307922955716, 'activation_type': 'relu', 'n_layers': 2}}, {'number': 9, 'params': {'dropout': 0.4476619171728022, 'lr': 0.009669417887145098, 'activation_type': 'tanh', 'n_layers': 4}}, {'number': 10, 'params': {'dropout': 0.23280058467307402, 'lr': 0.008782859667426144, 'activation_type': 'tanh', 'n_layers': 4}}, {'number': 11, 'params': {'dropout': 0.33791212903854506, 'lr': 0.016691693497082934, 'activation_type': 'relu', 'n_layers': 3}}, {'number': 12, 'params': {'dropout': 0.3407041230206877, 'lr': 0.5239824134292922, 'activation_type': 'relu', 'n_layers': 4}}, {'number': 17, 'params': {'dropout': 0.07890552851351357, 'lr': 0.0017903113779818647, 'activation_type': 'tanh', 'n_layers': 5}}, {'number': 19, 'params': {'dropout': 0.4039610748021166, 'lr': 0.009792174551753295, 'activation_type': 'tanh', 'n_layers': 2}}, {'number': 20, 'params': {'dropout': 0.00288726160072994, 'lr': 0.07718412814911169, 'activation_type': 'relu', 'n_layers': 5}}, {'number': 22, 'params': {'dropout': 0.2994263500666499, 'lr': 0.9474726358333334, 'activation_type': 'relu', 'n_layers': 2}}, {'number': 23, 'params': {'dropout': 0.30431491125777504, 'lr': 0.24794619270628265, 'activation_type': 'relu', 'n_layers': 2}}, {'number': 25, 'params': {'dropout': 0.36929442586158073, 'lr': 0.900032008734707, 'activation_type': 'relu', 'n_layers': 2}}, {'number': 26, 'params': {'dropout': 0.2858992071447708, 'lr': 0.32508141505593774, 'activation_type': 'relu', 'n_layers': 2}}, {'number': 27, 'params': {'dropout': 0.3629718045609969, 'lr': 0.12253894412391511, 'activation_type': 'relu', 'n_layers': 2}}, {'number': 29, 'params': {'dropout': 0.4934863314239467, 'lr': 0.38536483119403464, 'activation_type': 'relu', 'n_layers': 2}}]


    Instructions:

    ** Task 1: Review Analysis of Completed Trials (trial analysis, performance trends, highlights and other insights)**

    ** Task 2: Decide Whether to Stop Optimization**

    Based on the above analysis and **Completed Trials**, determine whether the optimization process should be stopped.

    Carefully analyze each of the following stop rules and provide a short (1-2 sentences) justification for whether it is met:

    
        You do not need to test all configuration.

        ---
        **Step 1: Analyze the following criteria:**

        Based on the above trial analysis, observed performance trends, and highlighted promising regions in the **Completed Trials**:

        1. Have all promising configurations, as identified from performance trends, already been tested?

        2. Are unexplored configurations unlikely to perform better, based on observed trends and diminishing returns?

        3. Has the best metric `accuracy` improved significantly compared to the first three **Completed Trials**?

        ---
        

    **Step 2: Decide whether **all** conditions are met.**

    If **all** criteria in Step 1 are met or early stopping,

    Answer: Yes with confidence score: $confidence_socre. Otherwise, Answer: No with confidence score: $confidence_socre.

    Note that: **You MUST complete Step 1 before Step 2.** 
    Do not speculate beyond **Search Space**.

    Finally, you MUST output 'Answer: No/Yes' with confidence score: $confidence_socre


    
####################################################################################################
9-find_trials-stop-cognitive: ### Task 1: Review Analysis of Completed Trials

#### Trial Analysis and Performance Trends:
- The highest accuracy achieved was **0.75399754**.
- The lowest accuracy observed was **0.71586716**.

#### Promising Hyperparameter Combinations:
- **Top-performing configurations:**
  - Dropout rate = 0.244983, Learning Rate (lr) = 0.029652, Activation Function = ReLU, Number of Layers = 5.
  - Dropout rate = 0.312034, Learning Rate (lr) = 0.180809, Activation Function = ReLU, Number of Layers = 2.
- **Promising trends:**
  - Moderate dropout rates (around 0.2 to 0.3).
  - Learning rates between 0.1 and 0.2.
  - Fewer layers (2 or 3) tend to perform better.

### Task 2: Decide Whether to Stop Optimization

#### Step 1: Analyze the Following Criteria:

1. **Have all promising configurations, as identified from performance trends, already been tested?**
   - The top-performing configurations have dropout rates around 0.2 to 0.3 and learning rates between 0.1 and 0.2. While some of these combinations have been tested (e.g., dropout = 0.244983, lr = 0.029652), there are still unexplored configurations within this range.

2. **Are unexplored configurations unlikely to perform better, based on observed trends and diminishing returns?**
   - There are several unexplored configurations with dropout rates around 0.2 to 0.3 and learning rates between 0.1 and 0.2 (e.g., number = 11, 12). These configurations have not been tested yet and could potentially perform better.

3. **Has the best metric `accuracy` improved significantly compared to the first three Completed Trials?**
   - The accuracy has shown some improvement from the initial trials, but it is not a significant jump. The highest accuracies are clustered around 0.754, indicating that further improvements might be marginal.

#### Step 2: Decide Whether All Conditions Are Met

Based on the analysis:
- Not all promising configurations have been tested.
- Unexplored configurations within the identified ranges could still perform better.
- While there has been some improvement in accuracy, it is not significant enough to justify stopping optimization prematurely.

**Answer: No with confidence score: 0.7**

Justification: There are still unexplored configurations that fall within the promising regions identified by performance trends, and these configurations have a reasonable chance of improving the best metric further. Therefore, continuing the optimization process would be prudent.
9-find_trials-cognitive: ### Task 1: Review Analysis of All Completed Trials

From the completed trials, we can observe several trends and insights:

- **Top Performers:** The highest accuracy achieved was 0.7539975399753998 by two different configurations:
  - Trial 14 with dropout = 0.011315144339827332, lr = 0.6357231179202232, activation_type = 'relu', n_layers = 2.
  - Trial 15 with dropout = 0.2449828548608105, lr = 0.029651974828576864, activation_type = 'relu', n_layers = 5.
- **General Trends:**
  - Dropout rates between 0.2 and 0.3 seem to perform well.
  - Learning rates around 0.03 to 0.1 are effective.
  - ReLU activation function is consistently used in the top performers.
  - Models with fewer layers (2 or 3) tend to perform better.

### Task 2: Optimization Recommendation

Based on the analysis, we recommend exploring configurations that align with these trends while also considering under-explored regions:

1. **Trial Number:** 4
   - **Params:** {'dropout': 0.1872339318800582, 'lr': 0.5083309220423554, 'activation_type': 'relu', 'n_layers': 2}
   - **Reasoning:** This configuration has a moderate dropout rate and a relatively high learning rate, which could help in achieving good performance given the trend of effective configurations with similar parameters.

2. **Trial Number:** 11
   - **Params:** {'dropout': 0.33791212903854506, 'lr': 0.016691693497082934, 'activation_type': 'relu', 'n_layers': 3}
   - **Reasoning:** This configuration has a dropout rate within the effective range and a low learning rate, which could complement the moderate number of layers (3) to achieve good performance.

3. **Trial Number:** 12
   - **Params:** {'dropout': 0.3407041230206877, 'lr': 0.5239824134292922, 'activation_type': 'relu', 'n_layers': 4}
   - **Reasoning:** This configuration has a dropout rate within the effective range and a high learning rate, which could be beneficial given the trend of effective configurations with similar parameters. Additionally, it explores a slightly higher number of layers (4) to see if performance can be further improved.

### Task 3: JSON Format

```json
[
    {"number": 4, "params": {"dropout": 0.1872339318800582, "lr": 0.5083309220423554, "activation_type": "relu", "n_layers": 2}},
    {"number": 11, "params": {"dropout": 0.33791212903854506, "lr": 0.016691693497082934, "activation_type": "relu", "n_layers": 3}},
    {"number": 12, "params": {"dropout": 0.3407041230206877, "lr": 0.5239824134292922, "activation_type": "relu", "n_layers": 4}}
]
```
- [difflib] amnbious matches: ['dropout:0.1872339318800582_lr:0.5083309220423554_activation_type:relu_n_layers:2'], raw output: dropout:0.1872339318800582_lr:0.5083309220423554_activation_type:relu_n_layers:2_
- [difflib] amnbious matches: ['dropout:0.33791212903854506_lr:0.016691693497082934_activation_type:relu_n_layers:3'], raw output: dropout:0.33791212903854506_lr:0.016691693497082934_activation_type:relu_n_layers:3_
- [difflib] amnbious matches: ['dropout:0.3407041230206877_lr:0.5239824134292922_activation_type:relu_n_layers:4'], raw output: dropout:0.3407041230206877_lr:0.5239824134292922_activation_type:relu_n_layers:4_
Number of trials: 3 -> 3, 
Error_trials: [] is non-empty. 
Repeated_trials: 0 is non-empty. 
 []
^^^^^^^^^^^^^^^^^^^^^^^^^^^^^^^^^^^^^^^^^^^^^^^^^^qwen2.5:32b: Round: 9, Failed: 0^^^^^^^^^^^^^^^^^^^^^^^^^^^^^^^^^^^^^^^^^^^^^^^^^^
vvvvvvvvvvvvvvvvvvvvvvvvvvvvvvvvvvvvvvvvvvvvvvvvvv[INFO] Round [12][30], Failed: [0]/[3]vvvvvvvvvvvvvvvvvvvvvvvvvvvvvvvvvvvvvvvvvvvvvvvvvv
{'description': "You are a Senior Neural Architecture Search Researcher specializing in neural networks applied to molecular property prediction. 'nan' denotes unknown data. Provide professional and detailed answers for molecular property prediction using deep learning and machine learning methods, based on the comparative study in drug discovery datasets.", 'model': 'deep neural network (chagas ep20) (Hyper-parameter optimization of multiple machine learning algorithms for molecular property prediction using hyperopt library) based on (Comparison of Deep Learning With Multiple Machine Learning Methods and Metrics Using Diverse Drug Discovery Data Sets) ', 'task': 'molecular property prediction', 'basic_idea': 'Utilize a comparative analysis of deep learning models to predict molecular properties relevant to drug discovery. ', 'instruction': 'Employ hyperparameter tuning via grid search or hyperopt to optimize model performance. Compare results across multiple evaluation metrics and datasets to determine the most robust predictive approach.'}
12-find_trials-analyse-cognitive: ### Task 1: Analyze Current Task

**Basic Idea:** The task involves predicting molecular properties using deep neural networks, which are trained on drug discovery datasets. This prediction can help in understanding the behavior and potential applications of molecules in pharmaceutical research.

**Objective:** To optimize hyperparameters for a deep learning model to achieve high accuracy in predicting molecular properties. Hyperparameter tuning is performed using the `hyperopt` library to find the best configuration that maximizes predictive performance across multiple evaluation metrics.

**Hyperparameters:**
- **Dropout Rate (dropout):** Controls the proportion of neurons to drop during training, helping prevent overfitting.
- **Learning Rate (lr):** Determines how much to adjust model weights with respect to loss gradient.
- **Activation Function (activation_type):** Defines the non-linear transformation applied to the output of each neuron. Common choices include ReLU and Tanh.
- **Number of Layers (n_layers):** Specifies the depth of the neural network.

### Task 2: Analysis of Completed Trials

#### Step 1: Summarize Performance Metrics for Completed Trials
The trials have been conducted with varying hyperparameters, and their performance is measured by accuracy. The highest accuracy achieved across all trials is approximately **0.754**, while the lowest is around **0.716**.

#### Step 2: Evaluate Performance Trends for Hyper-Parameters

**Dropout Rate (dropout):**
- Trials with dropout rates between **0.223 to 0.341** have shown relatively high accuracy, indicating that moderate dropout helps in preventing overfitting.
- Lower dropout rates (<0.1) and higher dropout rates (>0.35) tend to yield lower accuracies.

**Learning Rate (lr):**
- Learning rates between **0.0296 to 0.2302** have resulted in the highest accuracy scores, suggesting that moderate learning rates are optimal.
- Very low (<0.01) and very high (>0.5) learning rates tend to yield lower accuracies.

**Activation Function (activation_type):**
- ReLU activation function has been used consistently across all trials with varying success.
- A single trial using Tanh achieved an accuracy of **0.717**, which is relatively low compared to the other configurations, indicating that ReLU might be more suitable for this task.

**Number of Layers (n_layers):**
- Models with 2 and 3 layers have shown competitive performance, achieving accuracies around **0.754**.
- Deeper models (4 or 5 layers) also performed well but not as consistently as the shallower ones.

#### Step 3: Highlight Promising Hyper-parameter Combinations

**Top-performing Configuration:**
The top-performing configuration is:
- Dropout Rate: **0.223**
- Learning Rate: **0.164**
- Activation Function: **ReLU**
- Number of Layers: **4**

This combination achieved an accuracy of approximately **0.750**, which is among the highest recorded.

**Promising Trends:**
- Moderate dropout rates (around 0.2 to 0.3) and learning rates (between 0.1 to 0.2) seem to be beneficial.
- Shallow networks with 2 or 3 layers perform well, suggesting that simplicity might be advantageous in this context.

**Insights:**
- The use of ReLU as the activation function appears to be more effective than Tanh for this task.
- A balance between dropout and learning rate is crucial; too much dropout can lead to underfitting, while a high learning rate can cause instability during training.

By focusing on these trends and configurations, further optimization could potentially yield even better performance in predicting molecular properties.
####################################################################################################
12-find_trials-stop-cognitive: 
    Completed trials:

    [{'params': {'dropout': '0.22338180801006463', 'lr': '0.16435095137468458', 'activation_type': 'relu', 'n_layers': '4'}, 'accuracy': 0.7503075030750308, 'number': 13}, {'params': {'dropout': '0.2348551527669941', 'lr': '0.23020080946447427', 'activation_type': 'relu', 'n_layers': '3'}, 'accuracy': 0.7490774907749077, 'number': 18}, {'params': {'dropout': '0.284601013262899', 'lr': '0.0898065130419396', 'activation_type': 'relu', 'n_layers': '2'}, 'accuracy': 0.7330873308733087, 'number': 24}, {'number': 6, 'params': {'dropout': 0.03732098421338331, 'lr': 0.9146035994618431, 'activation_type': 'relu', 'n_layers': 5}, 'accuracy': 0.7158671586715867}, {'number': 14, 'params': {'dropout': 0.011315144339827332, 'lr': 0.6357231179202232, 'activation_type': 'relu', 'n_layers': 2}, 'accuracy': 0.7539975399753998}, {'number': 15, 'params': {'dropout': 0.2449828548608105, 'lr': 0.029651974828576864, 'activation_type': 'relu', 'n_layers': 5}, 'accuracy': 0.7539975399753998}, {'number': 21, 'params': {'dropout': 0.31203436774313015, 'lr': 0.18080913111953428, 'activation_type': 'relu', 'n_layers': 2}, 'accuracy': 0.7539975399753998}, {'number': 16, 'params': {'dropout': 0.13750814177692117, 'lr': 0.0036920195953658004, 'activation_type': 'tanh', 'n_layers': 5}, 'accuracy': 0.7170971709717097}, {'number': 28, 'params': {'dropout': 0.15959224607822495, 'lr': 0.03739930310654518, 'activation_type': 'relu', 'n_layers': 2}, 'accuracy': 0.7404674046740467}, {'number': 4, 'params': {'dropout': 0.1872339318800582, 'lr': 0.5083309220423554, 'activation_type': 'relu', 'n_layers': 2}, 'accuracy': 0.7441574415744158}, {'number': 11, 'params': {'dropout': 0.33791212903854506, 'lr': 0.016691693497082934, 'activation_type': 'relu', 'n_layers': 3}, 'accuracy': 0.7503075030750308}, {'number': 12, 'params': {'dropout': 0.3407041230206877, 'lr': 0.5239824134292922, 'activation_type': 'relu', 'n_layers': 4}, 'accuracy': 0.7478474784747847}]

    The following **Search Space** contains **unexplored** trials.

    [{'number': 0, 'params': {'dropout': 0.0952480975892695, 'lr': 0.0005719179305852714, 'activation_type': 'relu', 'n_layers': 3}}, {'number': 1, 'params': {'dropout': 0.09388743787647363, 'lr': 0.0012675870498253744, 'activation_type': 'relu', 'n_layers': 3}}, {'number': 2, 'params': {'dropout': 0.20506387381704605, 'lr': 0.06474534108746133, 'activation_type': 'tanh', 'n_layers': 4}}, {'number': 3, 'params': {'dropout': 0.4482089840399741, 'lr': 0.00181804155602952, 'activation_type': 'relu', 'n_layers': 2}}, {'number': 5, 'params': {'dropout': 0.40601009805684546, 'lr': 0.03098114688872353, 'activation_type': 'relu', 'n_layers': 3}}, {'number': 7, 'params': {'dropout': 0.46909032451271176, 'lr': 0.00013655438146003486, 'activation_type': 'tanh', 'n_layers': 3}}, {'number': 8, 'params': {'dropout': 0.4304671730340771, 'lr': 0.00024937307922955716, 'activation_type': 'relu', 'n_layers': 2}}, {'number': 9, 'params': {'dropout': 0.4476619171728022, 'lr': 0.009669417887145098, 'activation_type': 'tanh', 'n_layers': 4}}, {'number': 10, 'params': {'dropout': 0.23280058467307402, 'lr': 0.008782859667426144, 'activation_type': 'tanh', 'n_layers': 4}}, {'number': 17, 'params': {'dropout': 0.07890552851351357, 'lr': 0.0017903113779818647, 'activation_type': 'tanh', 'n_layers': 5}}, {'number': 19, 'params': {'dropout': 0.4039610748021166, 'lr': 0.009792174551753295, 'activation_type': 'tanh', 'n_layers': 2}}, {'number': 20, 'params': {'dropout': 0.00288726160072994, 'lr': 0.07718412814911169, 'activation_type': 'relu', 'n_layers': 5}}, {'number': 22, 'params': {'dropout': 0.2994263500666499, 'lr': 0.9474726358333334, 'activation_type': 'relu', 'n_layers': 2}}, {'number': 23, 'params': {'dropout': 0.30431491125777504, 'lr': 0.24794619270628265, 'activation_type': 'relu', 'n_layers': 2}}, {'number': 25, 'params': {'dropout': 0.36929442586158073, 'lr': 0.900032008734707, 'activation_type': 'relu', 'n_layers': 2}}, {'number': 26, 'params': {'dropout': 0.2858992071447708, 'lr': 0.32508141505593774, 'activation_type': 'relu', 'n_layers': 2}}, {'number': 27, 'params': {'dropout': 0.3629718045609969, 'lr': 0.12253894412391511, 'activation_type': 'relu', 'n_layers': 2}}, {'number': 29, 'params': {'dropout': 0.4934863314239467, 'lr': 0.38536483119403464, 'activation_type': 'relu', 'n_layers': 2}}]


    Instructions:

    ** Task 1: Review Analysis of Completed Trials (trial analysis, performance trends, highlights and other insights)**

    ** Task 2: Decide Whether to Stop Optimization**

    Based on the above analysis and **Completed Trials**, determine whether the optimization process should be stopped.

    Carefully analyze each of the following stop rules and provide a short (1-2 sentences) justification for whether it is met:

    
        You do not need to test all configuration.

        ---
        **Step 1: Analyze the following criteria:**

        Based on the above trial analysis, observed performance trends, and highlighted promising regions in the **Completed Trials**:

        1. Have all promising configurations, as identified from performance trends, already been tested?

        2. Are unexplored configurations unlikely to perform better, based on observed trends and diminishing returns?

        3. Has the best metric `accuracy` improved significantly compared to the first three **Completed Trials**?

        ---
        

    **Step 2: Decide whether **all** conditions are met.**

    If **all** criteria in Step 1 are met or early stopping,

    Answer: Yes with confidence score: $confidence_socre. Otherwise, Answer: No with confidence score: $confidence_socre.

    Note that: **You MUST complete Step 1 before Step 2.** 
    Do not speculate beyond **Search Space**.

    Finally, you MUST output 'Answer: No/Yes' with confidence score: $confidence_socre


    
####################################################################################################
12-find_trials-stop-cognitive: ### Task 1: Review Analysis of Completed Trials

#### Trial Analysis and Performance Trends

- **Top-performing Configuration:** The highest accuracy achieved is approximately **0.754**.
- **Dropout Rate (dropout):**
  - Moderate dropout rates between **0.2 to 0.3** have shown relatively high accuracy, indicating that moderate dropout helps in preventing overfitting.
- **Learning Rate (lr):**
  - Learning rates between **0.1 to 0.2** have resulted in the highest accuracies, suggesting that moderate learning rates are optimal.
- **Activation Function (activation_type):**
  - ReLU activation function has been used consistently across all trials with varying success.
  - A single trial using Tanh achieved an accuracy of **0.717**, which is relatively low compared to the other configurations, indicating that ReLU might be more suitable for this task.
- **Number of Layers (n_layers):**
  - Models with 2 and 3 layers have shown competitive performance, achieving accuracies around **0.754**.

#### Promising Regions
- Moderate dropout rates (around 0.2 to 0.3) and learning rates (between 0.1 to 0.2).
- Shallow networks with 2 or 3 layers perform well.
- ReLU activation function appears more effective than Tanh for this task.

### Task 2: Decide Whether to Stop Optimization

#### Step 1: Analyze the Following Criteria

1. **Have all promising configurations, as identified from performance trends, already been tested?**
   - The analysis shows that moderate dropout rates (0.2-0.3) and learning rates (0.1-0.2) have performed well.
   - Shallow networks with 2 or 3 layers using ReLU activation function are promising.
   - However, there are still unexplored configurations within these ranges.

2. **Are unexplored configurations unlikely to perform better, based on observed trends and diminishing returns?**
   - While the best configurations have been identified, some unexplored configurations with similar dropout rates and learning rates might still yield slightly better results.
   - Diminishing returns are not evident yet as there is a possibility of finding slightly better configurations.

3. **Has the best metric `accuracy` improved significantly compared to the first three Completed Trials?**
   - The initial trials had accuracies around 0.717, and the best accuracy achieved so far is approximately 0.754.
   - There has been a significant improvement from the initial trials.

#### Step 2: Decide Whether All Conditions Are Met

- **Criteria Analysis Summary:**
  - Promising configurations have not been fully explored yet.
  - Unexplored configurations within promising regions might still yield better results.
  - Significant improvements in accuracy compared to initial trials are observed, but further exploration could lead to marginal gains.

**Answer:** No with confidence score: 0.7

- **Justification:** While significant improvements have been made and some promising configurations have been tested, there are still unexplored regions within the identified ranges that might yield slightly better results. Therefore, it is advisable to continue optimization for potential marginal gains.
12-find_trials-cognitive: ### Task 1: Review Analysis of All Completed Trials

From the completed trials, we can observe several trends and insights:

- **Dropout Rate (dropout):** Moderate dropout rates between 0.2 to 0.3 have shown relatively high accuracy scores.
- **Learning Rate (lr):** Learning rates around 0.1 to 0.2 tend to yield better performance compared to very low or very high learning rates.
- **Activation Function (activation_type):** ReLU activation function has generally performed well, while Tanh showed lower accuracies.
- **Number of Layers (n_layers):** Shallow networks with 2 to 3 layers have shown competitive performance.

### Task 2: Optimization Recommendation

Based on the analysis from Task 1, we will recommend three promising trials from the provided Search Space. The recommendations are guided by the trends observed in the completed trials and an exploration of under-explored regions that show potential for performance gains.

#### Recommendation 1:
- **Number:** 0
- **Params:**
  - `dropout`: 0.0952480975892695
  - `lr`: 0.0005719179305852714
  - `activation_type`: relu
  - `n_layers`: 3

**Reasoning:** This configuration explores a lower dropout rate and an extremely low learning rate, which might help in fine-tuning the model without overfitting. The use of ReLU activation function is consistent with previous successful trials.

#### Recommendation 2:
- **Number:** 1
- **Params:**
  - `dropout`: 0.09388743787647363
  - `lr`: 0.0012675870498253744
  - `activation_type`: relu
  - `n_layers`: 3

**Reasoning:** Similar to the first recommendation, this configuration explores a slightly higher learning rate while maintaining a low dropout rate and using ReLU activation. This combination might help in achieving better convergence.

#### Recommendation 3:
- **Number:** 26
- **Params:**
  - `dropout`: 0.2858992071447708
  - `lr`: 0.32508141505593774
  - `activation_type`: relu
  - `n_layers`: 2

**Reasoning:** This configuration explores a moderate dropout rate and a higher learning rate, which might help in faster convergence while maintaining model stability. The use of ReLU activation function is consistent with previous successful trials.

### Task 3: JSON Format

```json
[
    {"number": 0, "params": {"dropout": 0.0952480975892695, "lr": 0.0005719179305852714, "activation_type": "relu", "n_layers": 3}},
    {"number": 1, "params": {"dropout": 0.09388743787647363, "lr": 0.0012675870498253744, "activation_type": "relu", "n_layers": 3}},
    {"number": 26, "params": {"dropout": 0.2858992071447708, "lr": 0.32508141505593774, "activation_type": "relu", "n_layers": 2}}
]
```
- [difflib] amnbious matches: ['dropout:0.0952480975892695_lr:0.0005719179305852714_activation_type:relu_n_layers:3'], raw output: dropout:0.0952480975892695_lr:0.0005719179305852714_activation_type:relu_n_layers:3_
- [difflib] amnbious matches: ['dropout:0.09388743787647363_lr:0.0012675870498253744_activation_type:relu_n_layers:3'], raw output: dropout:0.09388743787647363_lr:0.0012675870498253744_activation_type:relu_n_layers:3_
- [difflib] amnbious matches: ['dropout:0.2858992071447708_lr:0.32508141505593774_activation_type:relu_n_layers:2'], raw output: dropout:0.2858992071447708_lr:0.32508141505593774_activation_type:relu_n_layers:2_
Number of trials: 3 -> 3, 
Error_trials: [] is non-empty. 
Repeated_trials: 0 is non-empty. 
 []
^^^^^^^^^^^^^^^^^^^^^^^^^^^^^^^^^^^^^^^^^^^^^^^^^^qwen2.5:32b: Round: 12, Failed: 0^^^^^^^^^^^^^^^^^^^^^^^^^^^^^^^^^^^^^^^^^^^^^^^^^^
vvvvvvvvvvvvvvvvvvvvvvvvvvvvvvvvvvvvvvvvvvvvvvvvvv[INFO] Round [15][30], Failed: [0]/[3]vvvvvvvvvvvvvvvvvvvvvvvvvvvvvvvvvvvvvvvvvvvvvvvvvv
{'description': "You are a Senior Neural Architecture Search Researcher specializing in neural networks applied to molecular property prediction. 'nan' denotes unknown data. Provide professional and detailed answers for molecular property prediction using deep learning and machine learning methods, based on the comparative study in drug discovery datasets.", 'model': 'deep neural network (chagas ep20) (Hyper-parameter optimization of multiple machine learning algorithms for molecular property prediction using hyperopt library) based on (Comparison of Deep Learning With Multiple Machine Learning Methods and Metrics Using Diverse Drug Discovery Data Sets) ', 'task': 'molecular property prediction', 'basic_idea': 'Utilize a comparative analysis of deep learning models to predict molecular properties relevant to drug discovery. ', 'instruction': 'Employ hyperparameter tuning via grid search or hyperopt to optimize model performance. Compare results across multiple evaluation metrics and datasets to determine the most robust predictive approach.'}
15-find_trials-analyse-cognitive: ### Task 1: Analyze Current Task

**Basic Idea:** The task involves predicting molecular properties using deep neural networks, which are trained on drug discovery datasets. This prediction can help in understanding the behavior and potential applications of molecules in pharmaceutical research.

**Objective:** To optimize hyperparameters for a deep learning model to achieve high accuracy in predicting molecular properties relevant to drug discovery.

**Hyperparameters:**
- **Dropout Rate (dropout):** Controls the proportion of neurons that are randomly ignored during training to prevent overfitting.
- **Learning Rate (lr):** Determines how much to adjust the weights of the network with respect to the loss gradient.
- **Activation Function (activation_type):** Defines the output of a neuron given an input or set of inputs. Common choices include ReLU and Tanh.
- **Number of Layers (n_layers):** Specifies the depth of the neural network.

### Task 2: Analysis of Completed Trials

#### Step 1: Summarize Performance Metrics for Completed Trials
The trials have been conducted with varying hyperparameters, and their performance is measured by accuracy. The highest accuracy achieved across all trials is approximately **0.754**, while the lowest is around **0.716**.

#### Step 2: Evaluate Performance Trends for Hyper-Parameters

**Dropout Rate (dropout):**
- Trials with dropout rates between **0.03 to 0.35** have shown varying levels of accuracy, but no clear trend emerges.
- Higher dropout rates do not necessarily correlate with better performance; some trials with lower dropout rates also performed well.

**Learning Rate (lr):**
- Learning rates ranging from **0.001 to 0.9146** were tested.
- Trials with moderate learning rates, such as around **0.23**, have shown good accuracy.
- Extremely low or high learning rates did not perform significantly better than intermediate values.

**Activation Function (activation_type):**
- Most trials used the ReLU activation function, which generally performed well across different configurations.
- The single trial using Tanh had a lower accuracy compared to those with ReLU.

**Number of Layers (n_layers):**
- Trials with 2 to 5 layers were tested.
- Models with **3 or 4 layers** tended to perform better than models with fewer or more layers, suggesting that moderate depth is optimal for this task.

#### Step 3: Highlight Promising Hyper-parameter Combinations

**Top-performing configuration:**
The top-performing configurations are:
1. Dropout rate around **0.22**, learning rate around **0.164**, ReLU activation function, and **4 layers** (Trial number 13).
2. Dropout rate around **0.011**, learning rate around **0.6357**, ReLU activation function, and **2 layers** (Trial number 14).

These configurations achieved an accuracy of approximately **0.754**.

**Promising Trends:**
- Moderate dropout rates between **0.2 to 0.3** seem beneficial.
- Learning rates around **0.16 to 0.23** appear optimal.
- ReLU activation function consistently outperformed Tanh in these trials.
- Models with **3 or 4 layers** generally performed better than those with fewer or more layers.

### Conclusion
The analysis suggests that a moderate number of layers, combined with an appropriate dropout rate and learning rate, can significantly improve the model's accuracy for molecular property prediction. Further tuning within these ranges could potentially yield even better results.
####################################################################################################
15-find_trials-stop-cognitive: 
    Completed trials:

    [{'params': {'dropout': '0.22338180801006463', 'lr': '0.16435095137468458', 'activation_type': 'relu', 'n_layers': '4'}, 'accuracy': 0.7503075030750308, 'number': 13}, {'params': {'dropout': '0.2348551527669941', 'lr': '0.23020080946447427', 'activation_type': 'relu', 'n_layers': '3'}, 'accuracy': 0.7490774907749077, 'number': 18}, {'params': {'dropout': '0.284601013262899', 'lr': '0.0898065130419396', 'activation_type': 'relu', 'n_layers': '2'}, 'accuracy': 0.7330873308733087, 'number': 24}, {'number': 6, 'params': {'dropout': 0.03732098421338331, 'lr': 0.9146035994618431, 'activation_type': 'relu', 'n_layers': 5}, 'accuracy': 0.7158671586715867}, {'number': 14, 'params': {'dropout': 0.011315144339827332, 'lr': 0.6357231179202232, 'activation_type': 'relu', 'n_layers': 2}, 'accuracy': 0.7539975399753998}, {'number': 15, 'params': {'dropout': 0.2449828548608105, 'lr': 0.029651974828576864, 'activation_type': 'relu', 'n_layers': 5}, 'accuracy': 0.7539975399753998}, {'number': 21, 'params': {'dropout': 0.31203436774313015, 'lr': 0.18080913111953428, 'activation_type': 'relu', 'n_layers': 2}, 'accuracy': 0.7539975399753998}, {'number': 16, 'params': {'dropout': 0.13750814177692117, 'lr': 0.0036920195953658004, 'activation_type': 'tanh', 'n_layers': 5}, 'accuracy': 0.7170971709717097}, {'number': 28, 'params': {'dropout': 0.15959224607822495, 'lr': 0.03739930310654518, 'activation_type': 'relu', 'n_layers': 2}, 'accuracy': 0.7404674046740467}, {'number': 4, 'params': {'dropout': 0.1872339318800582, 'lr': 0.5083309220423554, 'activation_type': 'relu', 'n_layers': 2}, 'accuracy': 0.7441574415744158}, {'number': 11, 'params': {'dropout': 0.33791212903854506, 'lr': 0.016691693497082934, 'activation_type': 'relu', 'n_layers': 3}, 'accuracy': 0.7503075030750308}, {'number': 12, 'params': {'dropout': 0.3407041230206877, 'lr': 0.5239824134292922, 'activation_type': 'relu', 'n_layers': 4}, 'accuracy': 0.7478474784747847}, {'number': 0, 'params': {'dropout': 0.0952480975892695, 'lr': 0.0005719179305852714, 'activation_type': 'relu', 'n_layers': 3}, 'accuracy': 0.7392373923739237}, {'number': 1, 'params': {'dropout': 0.09388743787647363, 'lr': 0.0012675870498253744, 'activation_type': 'relu', 'n_layers': 3}, 'accuracy': 0.7429274292742928}, {'number': 26, 'params': {'dropout': 0.2858992071447708, 'lr': 0.32508141505593774, 'activation_type': 'relu', 'n_layers': 2}, 'accuracy': 0.7429274292742928}]

    The following **Search Space** contains **unexplored** trials.

    [{'number': 2, 'params': {'dropout': 0.20506387381704605, 'lr': 0.06474534108746133, 'activation_type': 'tanh', 'n_layers': 4}}, {'number': 3, 'params': {'dropout': 0.4482089840399741, 'lr': 0.00181804155602952, 'activation_type': 'relu', 'n_layers': 2}}, {'number': 5, 'params': {'dropout': 0.40601009805684546, 'lr': 0.03098114688872353, 'activation_type': 'relu', 'n_layers': 3}}, {'number': 7, 'params': {'dropout': 0.46909032451271176, 'lr': 0.00013655438146003486, 'activation_type': 'tanh', 'n_layers': 3}}, {'number': 8, 'params': {'dropout': 0.4304671730340771, 'lr': 0.00024937307922955716, 'activation_type': 'relu', 'n_layers': 2}}, {'number': 9, 'params': {'dropout': 0.4476619171728022, 'lr': 0.009669417887145098, 'activation_type': 'tanh', 'n_layers': 4}}, {'number': 10, 'params': {'dropout': 0.23280058467307402, 'lr': 0.008782859667426144, 'activation_type': 'tanh', 'n_layers': 4}}, {'number': 17, 'params': {'dropout': 0.07890552851351357, 'lr': 0.0017903113779818647, 'activation_type': 'tanh', 'n_layers': 5}}, {'number': 19, 'params': {'dropout': 0.4039610748021166, 'lr': 0.009792174551753295, 'activation_type': 'tanh', 'n_layers': 2}}, {'number': 20, 'params': {'dropout': 0.00288726160072994, 'lr': 0.07718412814911169, 'activation_type': 'relu', 'n_layers': 5}}, {'number': 22, 'params': {'dropout': 0.2994263500666499, 'lr': 0.9474726358333334, 'activation_type': 'relu', 'n_layers': 2}}, {'number': 23, 'params': {'dropout': 0.30431491125777504, 'lr': 0.24794619270628265, 'activation_type': 'relu', 'n_layers': 2}}, {'number': 25, 'params': {'dropout': 0.36929442586158073, 'lr': 0.900032008734707, 'activation_type': 'relu', 'n_layers': 2}}, {'number': 27, 'params': {'dropout': 0.3629718045609969, 'lr': 0.12253894412391511, 'activation_type': 'relu', 'n_layers': 2}}, {'number': 29, 'params': {'dropout': 0.4934863314239467, 'lr': 0.38536483119403464, 'activation_type': 'relu', 'n_layers': 2}}]


    Instructions:

    ** Task 1: Review Analysis of Completed Trials (trial analysis, performance trends, highlights and other insights)**

    ** Task 2: Decide Whether to Stop Optimization**

    Based on the above analysis and **Completed Trials**, determine whether the optimization process should be stopped.

    Carefully analyze each of the following stop rules and provide a short (1-2 sentences) justification for whether it is met:

    
        You do not need to test all configuration.

        ---
        **Step 1: Analyze the following criteria:**

        Based on the above trial analysis, observed performance trends, and highlighted promising regions in the **Completed Trials**:

        1. Have all promising configurations, as identified from performance trends, already been tested?

        2. Are unexplored configurations unlikely to perform better, based on observed trends and diminishing returns?

        3. Has the best metric `accuracy` improved significantly compared to the first three **Completed Trials**?

        ---
        

    **Step 2: Decide whether **all** conditions are met.**

    If **all** criteria in Step 1 are met or early stopping,

    Answer: Yes with confidence score: $confidence_socre. Otherwise, Answer: No with confidence score: $confidence_socre.

    Note that: **You MUST complete Step 1 before Step 2.** 
    Do not speculate beyond **Search Space**.

    Finally, you MUST output 'Answer: No/Yes' with confidence score: $confidence_socre


    
####################################################################################################
15-find_trials-stop-cognitive: ### Task 1: Review Analysis of Completed Trials

#### Performance Trends and Insights:

- **Dropout Rate (dropout):**
  - The dropout rates between **0.2 to 0.3** have shown good performance, with some trials achieving high accuracy.
  
- **Learning Rate (lr):**
  - Moderate learning rates around **0.16 to 0.23** seem optimal, while extremely low or high values did not perform as well.

- **Activation Function (activation_type):**
  - ReLU consistently outperformed Tanh in the trials conducted.
  
- **Number of Layers (n_layers):**
  - Models with **3 or 4 layers** generally performed better than those with fewer or more layers.

#### Top-performing Configurations:
1. Trial number 13: Dropout rate around **0.22**, learning rate around **0.164**, ReLU activation function, and **4 layers** (Accuracy: ~0.75).
2. Trial number 14: Dropout rate around **0.011**, learning rate around **0.6357**, ReLU activation function, and **2 layers** (Accuracy: ~0.75).

### Task 2: Decide Whether to Stop Optimization

#### Step 1: Analyze the Following Criteria:

1. **Have all promising configurations, as identified from performance trends, already been tested?**
   - Promising configurations include dropout rates between **0.2 to 0.3**, learning rates around **0.16 to 0.23**, ReLU activation function, and models with **3 or 4 layers**.
   - Some of these promising configurations have been tested (e.g., Trial 13), but not all combinations within the identified ranges.

2. **Are unexplored configurations unlikely to perform better, based on observed trends and diminishing returns?**
   - While some high-performing configurations have been found, there are still unexplored regions in the search space that could potentially yield even better results.
   
3. **Has the best metric `accuracy` improved significantly compared to the first three Completed Trials?**
   - The accuracy has shown improvement from initial trials (e.g., Trial 0 with ~0.74) to later trials (e.g., Trial 13 and 14 with ~0.75).

#### Step 2: Decide Whether All Conditions Are Met

Based on the analysis:
- Not all promising configurations have been tested.
- There are still unexplored regions that could potentially yield better results.
- The accuracy has shown some improvement, but it is not clear if further exploration will lead to significant gains.

**Answer: No with confidence score: 0.7**

Justification: While we have identified some high-performing configurations, there are still promising regions in the search space that have not been fully explored. Therefore, stopping optimization at this point might miss out on potentially better results.
15-find_trials-cognitive: ### Task 1: Review Analysis of All Completed Trials

From the completed trials, we can observe several trends and insights:

- **Dropout Rate (dropout):** The dropout rates between 0.2 to 0.35 have shown good performance, with some configurations achieving high accuracy.
- **Learning Rate (lr):** Moderate learning rates around 0.16 to 0.23 seem optimal. Extremely low or high learning rates did not perform as well.
- **Activation Function (activation_type):** ReLU consistently outperformed Tanh in these trials.
- **Number of Layers (n_layers):** Models with 3 or 4 layers generally performed better than those with fewer or more layers.

### Task 2: Optimization Recommendation

Based on the analysis, we will recommend three promising trials from the provided search space. We aim to explore under-explored regions while leveraging the insights gained from the completed trials.

1. **Trial Number 5**
   - `params`: {"dropout": 0.40601009805684546, "lr": 0.03098114688872353, "activation_type": "relu", "n_layers": 3}
   - **Reasoning:** This trial has a higher dropout rate (around 0.4) and moderate learning rate (around 0.03). While the dropout rate is higher than what we've seen in top-performing trials, it's worth exploring as it might help prevent overfitting in deeper models.

2. **Trial Number 19**
   - `params`: {"dropout": 0.4039610748021166, "lr": 0.009792174551753295, "activation_type": "tanh", "n_layers": 2}
   - **Reasoning:** This trial uses Tanh as the activation function and has a relatively high dropout rate (around 0.4). Although Tanh did not perform well in previous trials, it's worth exploring with a higher dropout rate to see if it can improve performance.

3. **Trial Number 27**
   - `params`: {"dropout": 0.3629718045609969, "lr": 0.12253894412391511, "activation_type": "relu", "n_layers": 2}
   - **Reasoning:** This trial has a moderate dropout rate (around 0.36) and learning rate (around 0.12). It uses ReLU as the activation function and only two layers. Given that models with fewer layers have shown decent performance, this configuration is worth exploring further.

### Task 3: JSON Format

```json
[
    {"number": 5, "params": {"dropout": 0.40601009805684546, "lr": 0.03098114688872353, "activation_type": "relu", "n_layers": 3}},
    {"number": 19, "params": {"dropout": 0.4039610748021166, "lr": 0.009792174551753295, "activation_type": "tanh", "n_layers": 2}},
    {"number": 27, "params": {"dropout": 0.3629718045609969, "lr": 0.12253894412391511, "activation_type": "relu", "n_layers": 2}}
]
```
- [difflib] amnbious matches: ['dropout:0.40601009805684546_lr:0.03098114688872353_activation_type:relu_n_layers:3'], raw output: dropout:0.40601009805684546_lr:0.03098114688872353_activation_type:relu_n_layers:3_
- [difflib] amnbious matches: ['dropout:0.4039610748021166_lr:0.009792174551753295_activation_type:tanh_n_layers:2'], raw output: dropout:0.4039610748021166_lr:0.009792174551753295_activation_type:tanh_n_layers:2_
- [difflib] amnbious matches: ['dropout:0.3629718045609969_lr:0.12253894412391511_activation_type:relu_n_layers:2'], raw output: dropout:0.3629718045609969_lr:0.12253894412391511_activation_type:relu_n_layers:2_
Number of trials: 3 -> 3, 
Error_trials: [] is non-empty. 
Repeated_trials: 0 is non-empty. 
 []
^^^^^^^^^^^^^^^^^^^^^^^^^^^^^^^^^^^^^^^^^^^^^^^^^^qwen2.5:32b: Round: 15, Failed: 0^^^^^^^^^^^^^^^^^^^^^^^^^^^^^^^^^^^^^^^^^^^^^^^^^^
vvvvvvvvvvvvvvvvvvvvvvvvvvvvvvvvvvvvvvvvvvvvvvvvvv[INFO] Round [18][30], Failed: [0]/[3]vvvvvvvvvvvvvvvvvvvvvvvvvvvvvvvvvvvvvvvvvvvvvvvvvv
{'description': "You are a Senior Neural Architecture Search Researcher specializing in neural networks applied to molecular property prediction. 'nan' denotes unknown data. Provide professional and detailed answers for molecular property prediction using deep learning and machine learning methods, based on the comparative study in drug discovery datasets.", 'model': 'deep neural network (chagas ep20) (Hyper-parameter optimization of multiple machine learning algorithms for molecular property prediction using hyperopt library) based on (Comparison of Deep Learning With Multiple Machine Learning Methods and Metrics Using Diverse Drug Discovery Data Sets) ', 'task': 'molecular property prediction', 'basic_idea': 'Utilize a comparative analysis of deep learning models to predict molecular properties relevant to drug discovery. ', 'instruction': 'Employ hyperparameter tuning via grid search or hyperopt to optimize model performance. Compare results across multiple evaluation metrics and datasets to determine the most robust predictive approach.'}
18-find_trials-analyse-cognitive: ### Task 1: Analyze Current Task

**Basic Idea:** The task involves predicting molecular properties using deep neural networks, which are trained on drug discovery datasets. This prediction can help in understanding the biological activity and potential therapeutic effects of molecules.

**Objective:** To optimize hyperparameters for a deep learning model to achieve high accuracy in predicting molecular properties relevant to drug discovery.

**Hyperparameters:**
- **Dropout Rate (dropout):** Controls the proportion of neurons that are randomly ignored during training to prevent overfitting.
- **Learning Rate (lr):** Determines how much to adjust the weights of the network with respect to the loss gradient.
- **Activation Function (activation_type):** Defines the output of a neuron given an input or set of inputs. Common choices include ReLU and Tanh.
- **Number of Layers (n_layers):** Specifies the depth of the neural network.

### Task 2: Analysis of Completed Trials

#### Step 1: Summarize Performance Metrics for Completed Trials
The trials have been conducted with varying hyperparameters, and the accuracy metric has been used to evaluate model performance. The highest accuracy achieved is approximately **0.754**, while the lowest is around **0.716**.

#### Step 2: Evaluate Performance Trends for Hyper-Parameters

**Dropout Rate (dropout):**
- Higher dropout rates (around 0.3) seem to perform well, as seen in trials with accuracies of 0.754 and above.
- Lower dropout rates (below 0.1) generally yield lower accuracy.

**Learning Rate (lr):**
- Learning rates between **0.0296** and **0.2302** have produced the highest accuracies, indicating that moderate learning rates are beneficial for this task.
- Very low or very high learning rates tend to result in poorer performance.

**Activation Function (activation_type):**
- ReLU activation function has consistently outperformed Tanh across all trials, suggesting it is more suitable for this dataset and model architecture.

**Number of Layers (n_layers):**
- Models with **2 to 4 layers** have shown the best results. Specifically:
  - Two-layer models achieved accuracies around 0.753.
  - Three-layer models also performed well, achieving accuracies up to 0.750.
  - Four and five-layer models had mixed performance but generally lower than two or three-layer configurations.

#### Step 3: Highlight Promising Hyper-Parameter Combinations

**Top-performing configuration:** 
- **Dropout Rate (dropout):** ~0.2846
- **Learning Rate (lr):** ~0.1808
- **Activation Function (activation_type):** ReLU
- **Number of Layers (n_layers):** 2

This combination achieved an accuracy of approximately **0.754**, which is among the highest recorded.

### Insights and Trends:
- The use of ReLU as the activation function consistently outperforms Tanh, indicating that it better captures the non-linear relationships in molecular property prediction tasks.
- Moderate dropout rates (around 0.28) help prevent overfitting while maintaining model performance.
- Learning rates within a moderate range (between ~0.03 and ~0.23) are optimal for this task.
- Deeper models with more than four layers do not necessarily improve accuracy, suggesting that simpler architectures may be sufficient.

These insights can guide further hyperparameter tuning to optimize the deep learning model's performance in predicting molecular properties relevant to drug discovery.
####################################################################################################
18-find_trials-stop-cognitive: 
    Completed trials:

    [{'params': {'dropout': '0.22338180801006463', 'lr': '0.16435095137468458', 'activation_type': 'relu', 'n_layers': '4'}, 'accuracy': 0.7503075030750308, 'number': 13}, {'params': {'dropout': '0.2348551527669941', 'lr': '0.23020080946447427', 'activation_type': 'relu', 'n_layers': '3'}, 'accuracy': 0.7490774907749077, 'number': 18}, {'params': {'dropout': '0.284601013262899', 'lr': '0.0898065130419396', 'activation_type': 'relu', 'n_layers': '2'}, 'accuracy': 0.7330873308733087, 'number': 24}, {'number': 6, 'params': {'dropout': 0.03732098421338331, 'lr': 0.9146035994618431, 'activation_type': 'relu', 'n_layers': 5}, 'accuracy': 0.7158671586715867}, {'number': 14, 'params': {'dropout': 0.011315144339827332, 'lr': 0.6357231179202232, 'activation_type': 'relu', 'n_layers': 2}, 'accuracy': 0.7539975399753998}, {'number': 15, 'params': {'dropout': 0.2449828548608105, 'lr': 0.029651974828576864, 'activation_type': 'relu', 'n_layers': 5}, 'accuracy': 0.7539975399753998}, {'number': 21, 'params': {'dropout': 0.31203436774313015, 'lr': 0.18080913111953428, 'activation_type': 'relu', 'n_layers': 2}, 'accuracy': 0.7539975399753998}, {'number': 16, 'params': {'dropout': 0.13750814177692117, 'lr': 0.0036920195953658004, 'activation_type': 'tanh', 'n_layers': 5}, 'accuracy': 0.7170971709717097}, {'number': 28, 'params': {'dropout': 0.15959224607822495, 'lr': 0.03739930310654518, 'activation_type': 'relu', 'n_layers': 2}, 'accuracy': 0.7404674046740467}, {'number': 4, 'params': {'dropout': 0.1872339318800582, 'lr': 0.5083309220423554, 'activation_type': 'relu', 'n_layers': 2}, 'accuracy': 0.7441574415744158}, {'number': 11, 'params': {'dropout': 0.33791212903854506, 'lr': 0.016691693497082934, 'activation_type': 'relu', 'n_layers': 3}, 'accuracy': 0.7503075030750308}, {'number': 12, 'params': {'dropout': 0.3407041230206877, 'lr': 0.5239824134292922, 'activation_type': 'relu', 'n_layers': 4}, 'accuracy': 0.7478474784747847}, {'number': 0, 'params': {'dropout': 0.0952480975892695, 'lr': 0.0005719179305852714, 'activation_type': 'relu', 'n_layers': 3}, 'accuracy': 0.7392373923739237}, {'number': 1, 'params': {'dropout': 0.09388743787647363, 'lr': 0.0012675870498253744, 'activation_type': 'relu', 'n_layers': 3}, 'accuracy': 0.7429274292742928}, {'number': 26, 'params': {'dropout': 0.2858992071447708, 'lr': 0.32508141505593774, 'activation_type': 'relu', 'n_layers': 2}, 'accuracy': 0.7429274292742928}, {'number': 5, 'params': {'dropout': 0.40601009805684546, 'lr': 0.03098114688872353, 'activation_type': 'relu', 'n_layers': 3}, 'accuracy': 0.7490774907749077}, {'number': 19, 'params': {'dropout': 0.4039610748021166, 'lr': 0.009792174551753295, 'activation_type': 'tanh', 'n_layers': 2}, 'accuracy': 0.7355473554735548}, {'number': 27, 'params': {'dropout': 0.3629718045609969, 'lr': 0.12253894412391511, 'activation_type': 'relu', 'n_layers': 2}, 'accuracy': 0.7527675276752768}]

    The following **Search Space** contains **unexplored** trials.

    [{'number': 2, 'params': {'dropout': 0.20506387381704605, 'lr': 0.06474534108746133, 'activation_type': 'tanh', 'n_layers': 4}}, {'number': 3, 'params': {'dropout': 0.4482089840399741, 'lr': 0.00181804155602952, 'activation_type': 'relu', 'n_layers': 2}}, {'number': 7, 'params': {'dropout': 0.46909032451271176, 'lr': 0.00013655438146003486, 'activation_type': 'tanh', 'n_layers': 3}}, {'number': 8, 'params': {'dropout': 0.4304671730340771, 'lr': 0.00024937307922955716, 'activation_type': 'relu', 'n_layers': 2}}, {'number': 9, 'params': {'dropout': 0.4476619171728022, 'lr': 0.009669417887145098, 'activation_type': 'tanh', 'n_layers': 4}}, {'number': 10, 'params': {'dropout': 0.23280058467307402, 'lr': 0.008782859667426144, 'activation_type': 'tanh', 'n_layers': 4}}, {'number': 17, 'params': {'dropout': 0.07890552851351357, 'lr': 0.0017903113779818647, 'activation_type': 'tanh', 'n_layers': 5}}, {'number': 20, 'params': {'dropout': 0.00288726160072994, 'lr': 0.07718412814911169, 'activation_type': 'relu', 'n_layers': 5}}, {'number': 22, 'params': {'dropout': 0.2994263500666499, 'lr': 0.9474726358333334, 'activation_type': 'relu', 'n_layers': 2}}, {'number': 23, 'params': {'dropout': 0.30431491125777504, 'lr': 0.24794619270628265, 'activation_type': 'relu', 'n_layers': 2}}, {'number': 25, 'params': {'dropout': 0.36929442586158073, 'lr': 0.900032008734707, 'activation_type': 'relu', 'n_layers': 2}}, {'number': 29, 'params': {'dropout': 0.4934863314239467, 'lr': 0.38536483119403464, 'activation_type': 'relu', 'n_layers': 2}}]


    Instructions:

    ** Task 1: Review Analysis of Completed Trials (trial analysis, performance trends, highlights and other insights)**

    ** Task 2: Decide Whether to Stop Optimization**

    Based on the above analysis and **Completed Trials**, determine whether the optimization process should be stopped.

    Carefully analyze each of the following stop rules and provide a short (1-2 sentences) justification for whether it is met:

    
        You do not need to test all configuration.

        ---
        **Step 1: Analyze the following criteria:**

        Based on the above trial analysis, observed performance trends, and highlighted promising regions in the **Completed Trials**:

        1. Have all promising configurations, as identified from performance trends, already been tested?

        2. Are unexplored configurations unlikely to perform better, based on observed trends and diminishing returns?

        3. Has the best metric `accuracy` improved significantly compared to the first three **Completed Trials**?

        ---
        

    **Step 2: Decide whether **all** conditions are met.**

    If **all** criteria in Step 1 are met or early stopping,

    Answer: Yes with confidence score: $confidence_socre. Otherwise, Answer: No with confidence score: $confidence_socre.

    Note that: **You MUST complete Step 1 before Step 2.** 
    Do not speculate beyond **Search Space**.

    Finally, you MUST output 'Answer: No/Yes' with confidence score: $confidence_socre


    
####################################################################################################
18-find_trials-stop-cognitive: ### Task 1: Review Analysis of Completed Trials

#### Performance Trends and Insights:

- **Dropout Rate (dropout):**
  - Higher dropout rates around 0.2 to 0.3 have generally performed well.
  
- **Learning Rate (lr):**
  - Moderate learning rates between ~0.03 and ~0.23 have produced the highest accuracies.

- **Activation Function (activation_type):**
  - ReLU consistently outperforms Tanh across all trials.

- **Number of Layers (n_layers):**
  - Models with 2 to 4 layers have shown the best results, particularly two-layer models achieving high accuracy.

#### Promising Configurations:
- The top-performing configurations include dropout rates around 0.28, learning rates between ~0.03 and ~0.23, ReLU activation function, and 2 to 4 layers.

### Task 2: Decide Whether to Stop Optimization

**Step 1: Analyze the following criteria:**

1. **Have all promising configurations, as identified from performance trends, already been tested?**
   - The analysis shows that configurations with dropout rates around 0.28, learning rates between ~0.03 and ~0.23, ReLU activation function, and 2 to 4 layers have performed well.
   - However, there are still unexplored configurations within these promising regions (e.g., `number: 26` with dropout 0.2859 and lr 0.3251).

2. **Are unexplored configurations unlikely to perform better, based on observed trends and diminishing returns?**
   - While the best configurations have been identified, there are still some unexplored configurations within the promising regions that could potentially yield slightly better results.

3. **Has the best metric `accuracy` improved significantly compared to the first three Completed Trials?**
   - The initial trials had accuracies around 0.74, and subsequent trials have shown improvements up to 0.7528.
   - There has been a significant improvement from the initial trials.

**Step 2: Decide whether all conditions are met.**

Based on the analysis:
- Not all promising configurations have been tested (e.g., some unexplored configurations within the identified ranges).
- Unexplored configurations could still perform better, given the diminishing returns observed.
- The best metric `accuracy` has improved significantly compared to the first three trials.

Given these points:

**Answer: No with confidence score: 0.7**

The optimization process should continue as there are still unexplored promising configurations that could potentially yield better results.
18-find_trials-cognitive: ### Task 1: Review Analysis of All Completed Trials

From the completed trials, we can observe several trends and insights:

- **Dropout Rate (dropout):** Higher dropout rates around 0.2 to 0.3 generally perform well.
- **Learning Rate (lr):** Moderate learning rates between ~0.03 and ~0.23 tend to yield better results.
- **Activation Function (activation_type):** ReLU consistently outperforms Tanh.
- **Number of Layers (n_layers):** Models with 2 to 4 layers perform well, while deeper models do not necessarily improve performance.

### Task 2: Optimization Recommendation

Based on the analysis from Task 1, we will recommend three promising trials from the provided Search Space. We aim to explore under-explored regions that show potential for performance gains based on the trends observed.

#### Recommendation 1:
- **Number:** 3
- **Params:** {'dropout': 0.4482089840399741, 'lr': 0.00181804155602952, 'activation_type': 'relu', 'n_layers': 2}

**Reasoning:** This trial has a high dropout rate and a very low learning rate. While the dropout rate is higher than what we typically see in top-performing models, it might help prevent overfitting in deeper architectures. The low learning rate could allow for more precise convergence.

#### Recommendation 2:
- **Number:** 8
- **Params:** {'dropout': 0.4304671730340771, 'lr': 0.00024937307922955716, 'activation_type': 'relu', 'n_layers': 2}

**Reasoning:** This trial also has a high dropout rate and an extremely low learning rate. The combination of these parameters might help in stabilizing the training process for shallower architectures.

#### Recommendation 3:
- **Number:** 23
- **Params:** {'dropout': 0.30431491125777504, 'lr': 0.24794619270628265, 'activation_type': 'relu', 'n_layers': 2}

**Reasoning:** This trial has a moderate dropout rate and a relatively high learning rate. The combination of these parameters might help in achieving faster convergence while maintaining regularization through dropout.

### Task 3: JSON Format

```json
[
    {"number": 3, "params": {"dropout": 0.4482089840399741, "lr": 0.00181804155602952, "activation_type": "relu", "n_layers": 2}},
    {"number": 8, "params": {"dropout": 0.4304671730340771, "lr": 0.00024937307922955716, "activation_type": "relu", "n_layers": 2}},
    {"number": 23, "params": {"dropout": 0.30431491125777504, "lr": 0.24794619270628265, "activation_type": "relu", "n_layers": 2}}
]
```
- [difflib] amnbious matches: ['dropout:0.4482089840399741_lr:0.00181804155602952_activation_type:relu_n_layers:2'], raw output: dropout:0.4482089840399741_lr:0.00181804155602952_activation_type:relu_n_layers:2_
- [difflib] amnbious matches: ['dropout:0.4304671730340771_lr:0.00024937307922955716_activation_type:relu_n_layers:2'], raw output: dropout:0.4304671730340771_lr:0.00024937307922955716_activation_type:relu_n_layers:2_
- [difflib] amnbious matches: ['dropout:0.30431491125777504_lr:0.24794619270628265_activation_type:relu_n_layers:2'], raw output: dropout:0.30431491125777504_lr:0.24794619270628265_activation_type:relu_n_layers:2_
Number of trials: 3 -> 3, 
Error_trials: [] is non-empty. 
Repeated_trials: 0 is non-empty. 
 []
^^^^^^^^^^^^^^^^^^^^^^^^^^^^^^^^^^^^^^^^^^^^^^^^^^qwen2.5:32b: Round: 18, Failed: 0^^^^^^^^^^^^^^^^^^^^^^^^^^^^^^^^^^^^^^^^^^^^^^^^^^
vvvvvvvvvvvvvvvvvvvvvvvvvvvvvvvvvvvvvvvvvvvvvvvvvv[INFO] Round [21][30], Failed: [0]/[3]vvvvvvvvvvvvvvvvvvvvvvvvvvvvvvvvvvvvvvvvvvvvvvvvvv
{'description': "You are a Senior Neural Architecture Search Researcher specializing in neural networks applied to molecular property prediction. 'nan' denotes unknown data. Provide professional and detailed answers for molecular property prediction using deep learning and machine learning methods, based on the comparative study in drug discovery datasets.", 'model': 'deep neural network (chagas ep20) (Hyper-parameter optimization of multiple machine learning algorithms for molecular property prediction using hyperopt library) based on (Comparison of Deep Learning With Multiple Machine Learning Methods and Metrics Using Diverse Drug Discovery Data Sets) ', 'task': 'molecular property prediction', 'basic_idea': 'Utilize a comparative analysis of deep learning models to predict molecular properties relevant to drug discovery. ', 'instruction': 'Employ hyperparameter tuning via grid search or hyperopt to optimize model performance. Compare results across multiple evaluation metrics and datasets to determine the most robust predictive approach.'}
21-find_trials-analyse-cognitive: ### Task 1: Analyze Current Task

**Basic Idea:** The task involves predicting molecular properties using a deep neural network. This is crucial for drug discovery, where accurate predictions can significantly speed up the development process by identifying promising compounds early on.

**Objective:** To optimize hyperparameters of the neural network to achieve high accuracy in predicting molecular properties across various datasets relevant to drug discovery.

**Hyperparameters:**
- **Dropout Rate (dropout):** Controls the proportion of neurons that are randomly ignored during training to prevent overfitting.
- **Learning Rate (lr):** Determines how much to adjust the model's weights with respect to the loss gradient.
- **Activation Function (activation_type):** Defines the output of a neuron given an input or set of inputs. Common choices include ReLU and Tanh.
- **Number of Layers (n_layers):** Specifies the depth of the neural network, impacting its capacity to learn complex patterns.

### Task 2: Analysis of Completed Trials

#### Step 1: Summarize Performance Metrics for Completed Trials
The trials have been conducted with varying hyperparameters, and the accuracy metric has been used to evaluate performance. The highest accuracy achieved is approximately **0.754**, while the lowest is around **0.716**.

#### Step 2: Evaluate Performance Trends for Hyper-Parameters

**Dropout Rate (dropout):**
- Trials with dropout rates between **0.2** and **0.3** generally perform well, achieving accuracies above **0.75**.
- Higher dropout rates (>0.4) tend to yield slightly lower accuracies but still within the range of 0.73 to 0.75.

**Learning Rate (lr):**
- Learning rates between **0.01** and **0.2** seem optimal, with several trials achieving high accuracy.
- Very low learning rates (<0.01) can also perform well but are less consistent compared to the mid-range values.

**Activation Function (activation_type):**
- ReLU consistently outperforms Tanh across all configurations tested, indicating that it is more suitable for this task.

**Number of Layers (n_layers):**
- Networks with **2 or 3 layers** tend to perform better than those with 4 or 5 layers.
- The optimal number of layers appears to be around 2 or 3, achieving accuracies above **0.75**.

#### Step 3: Highlight Promising Hyper-parameter Combinations

**Top-performing configuration:**
- **Dropout Rate:** ~0.2
- **Learning Rate:** ~0.18
- **Activation Function:** ReLU
- **Number of Layers:** 4

This combination achieved an accuracy of approximately **0.75399**, which is among the highest recorded.

**Promising Trends:**
- Configurations with dropout rates between **0.2** and **0.3** and learning rates around **0.18** tend to perform well.
- Using ReLU as the activation function consistently yields better results than Tanh.
- Networks with 2 or 3 layers generally outperform those with more layers, suggesting that simpler architectures might be sufficient for this task.

### Conclusion
The analysis indicates that a combination of moderate dropout rates (0.2 to 0.3), learning rates around 0.18, ReLU activation function, and 2-3 layers can achieve high accuracy in predicting molecular properties relevant to drug discovery. Further tuning within these ranges could potentially yield even better results.
####################################################################################################
21-find_trials-stop-cognitive: 
    Completed trials:

    [{'params': {'dropout': '0.22338180801006463', 'lr': '0.16435095137468458', 'activation_type': 'relu', 'n_layers': '4'}, 'accuracy': 0.7503075030750308, 'number': 13}, {'params': {'dropout': '0.2348551527669941', 'lr': '0.23020080946447427', 'activation_type': 'relu', 'n_layers': '3'}, 'accuracy': 0.7490774907749077, 'number': 18}, {'params': {'dropout': '0.284601013262899', 'lr': '0.0898065130419396', 'activation_type': 'relu', 'n_layers': '2'}, 'accuracy': 0.7330873308733087, 'number': 24}, {'number': 6, 'params': {'dropout': 0.03732098421338331, 'lr': 0.9146035994618431, 'activation_type': 'relu', 'n_layers': 5}, 'accuracy': 0.7158671586715867}, {'number': 14, 'params': {'dropout': 0.011315144339827332, 'lr': 0.6357231179202232, 'activation_type': 'relu', 'n_layers': 2}, 'accuracy': 0.7539975399753998}, {'number': 15, 'params': {'dropout': 0.2449828548608105, 'lr': 0.029651974828576864, 'activation_type': 'relu', 'n_layers': 5}, 'accuracy': 0.7539975399753998}, {'number': 21, 'params': {'dropout': 0.31203436774313015, 'lr': 0.18080913111953428, 'activation_type': 'relu', 'n_layers': 2}, 'accuracy': 0.7539975399753998}, {'number': 16, 'params': {'dropout': 0.13750814177692117, 'lr': 0.0036920195953658004, 'activation_type': 'tanh', 'n_layers': 5}, 'accuracy': 0.7170971709717097}, {'number': 28, 'params': {'dropout': 0.15959224607822495, 'lr': 0.03739930310654518, 'activation_type': 'relu', 'n_layers': 2}, 'accuracy': 0.7404674046740467}, {'number': 4, 'params': {'dropout': 0.1872339318800582, 'lr': 0.5083309220423554, 'activation_type': 'relu', 'n_layers': 2}, 'accuracy': 0.7441574415744158}, {'number': 11, 'params': {'dropout': 0.33791212903854506, 'lr': 0.016691693497082934, 'activation_type': 'relu', 'n_layers': 3}, 'accuracy': 0.7503075030750308}, {'number': 12, 'params': {'dropout': 0.3407041230206877, 'lr': 0.5239824134292922, 'activation_type': 'relu', 'n_layers': 4}, 'accuracy': 0.7478474784747847}, {'number': 0, 'params': {'dropout': 0.0952480975892695, 'lr': 0.0005719179305852714, 'activation_type': 'relu', 'n_layers': 3}, 'accuracy': 0.7392373923739237}, {'number': 1, 'params': {'dropout': 0.09388743787647363, 'lr': 0.0012675870498253744, 'activation_type': 'relu', 'n_layers': 3}, 'accuracy': 0.7429274292742928}, {'number': 26, 'params': {'dropout': 0.2858992071447708, 'lr': 0.32508141505593774, 'activation_type': 'relu', 'n_layers': 2}, 'accuracy': 0.7429274292742928}, {'number': 5, 'params': {'dropout': 0.40601009805684546, 'lr': 0.03098114688872353, 'activation_type': 'relu', 'n_layers': 3}, 'accuracy': 0.7490774907749077}, {'number': 19, 'params': {'dropout': 0.4039610748021166, 'lr': 0.009792174551753295, 'activation_type': 'tanh', 'n_layers': 2}, 'accuracy': 0.7355473554735548}, {'number': 27, 'params': {'dropout': 0.3629718045609969, 'lr': 0.12253894412391511, 'activation_type': 'relu', 'n_layers': 2}, 'accuracy': 0.7527675276752768}, {'number': 3, 'params': {'dropout': 0.4482089840399741, 'lr': 0.00181804155602952, 'activation_type': 'relu', 'n_layers': 2}, 'accuracy': 0.7527675276752768}, {'number': 8, 'params': {'dropout': 0.4304671730340771, 'lr': 0.00024937307922955716, 'activation_type': 'relu', 'n_layers': 2}, 'accuracy': 0.7515375153751538}, {'number': 23, 'params': {'dropout': 0.30431491125777504, 'lr': 0.24794619270628265, 'activation_type': 'relu', 'n_layers': 2}, 'accuracy': 0.7515375153751538}]

    The following **Search Space** contains **unexplored** trials.

    [{'number': 2, 'params': {'dropout': 0.20506387381704605, 'lr': 0.06474534108746133, 'activation_type': 'tanh', 'n_layers': 4}}, {'number': 7, 'params': {'dropout': 0.46909032451271176, 'lr': 0.00013655438146003486, 'activation_type': 'tanh', 'n_layers': 3}}, {'number': 9, 'params': {'dropout': 0.4476619171728022, 'lr': 0.009669417887145098, 'activation_type': 'tanh', 'n_layers': 4}}, {'number': 10, 'params': {'dropout': 0.23280058467307402, 'lr': 0.008782859667426144, 'activation_type': 'tanh', 'n_layers': 4}}, {'number': 17, 'params': {'dropout': 0.07890552851351357, 'lr': 0.0017903113779818647, 'activation_type': 'tanh', 'n_layers': 5}}, {'number': 20, 'params': {'dropout': 0.00288726160072994, 'lr': 0.07718412814911169, 'activation_type': 'relu', 'n_layers': 5}}, {'number': 22, 'params': {'dropout': 0.2994263500666499, 'lr': 0.9474726358333334, 'activation_type': 'relu', 'n_layers': 2}}, {'number': 25, 'params': {'dropout': 0.36929442586158073, 'lr': 0.900032008734707, 'activation_type': 'relu', 'n_layers': 2}}, {'number': 29, 'params': {'dropout': 0.4934863314239467, 'lr': 0.38536483119403464, 'activation_type': 'relu', 'n_layers': 2}}]


    Instructions:

    ** Task 1: Review Analysis of Completed Trials (trial analysis, performance trends, highlights and other insights)**

    ** Task 2: Decide Whether to Stop Optimization**

    Based on the above analysis and **Completed Trials**, determine whether the optimization process should be stopped.

    Carefully analyze each of the following stop rules and provide a short (1-2 sentences) justification for whether it is met:

    
        You do not need to test all configuration.

        ---
        **Step 1: Analyze the following criteria:**

        Based on the above trial analysis, observed performance trends, and highlighted promising regions in the **Completed Trials**:

        1. Have all promising configurations, as identified from performance trends, already been tested?

        2. Are unexplored configurations unlikely to perform better, based on observed trends and diminishing returns?

        3. Has the best metric `accuracy` improved significantly compared to the first three **Completed Trials**?

        ---
        

    **Step 2: Decide whether **all** conditions are met.**

    If **all** criteria in Step 1 are met or early stopping,

    Answer: Yes with confidence score: $confidence_socre. Otherwise, Answer: No with confidence score: $confidence_socre.

    Note that: **You MUST complete Step 1 before Step 2.** 
    Do not speculate beyond **Search Space**.

    Finally, you MUST output 'Answer: No/Yes' with confidence score: $confidence_socre


    
####################################################################################################
21-find_trials-stop-cognitive: ### Task 1: Review Analysis of Completed Trials

#### Performance Trends and Insights:

- **Dropout Rate (dropout):**
  - Values between **0.2** to **0.3** generally perform well, achieving accuracies above **0.75**.
  - Higher dropout rates (>0.4) tend to yield slightly lower but still competitive accuracies.

- **Learning Rate (lr):**
  - Learning rates around **0.18** and between **0.01** to **0.2** perform well, achieving high accuracy.
  - Very low learning rates (<0.01) can also perform well but are less consistent compared to mid-range values.

- **Activation Function (activation_type):**
  - ReLU consistently outperforms Tanh across all configurations tested.

- **Number of Layers (n_layers):**
  - Networks with **2 or 3 layers** tend to perform better than those with more layers.
  - Configurations with fewer layers generally achieve higher accuracy.

#### Promising Regions:
- The best accuracies are achieved with dropout rates between **0.2** and **0.4**, learning rates around **0.18**, ReLU activation, and 2 or 3 layers.

### Task 2: Decide Whether to Stop Optimization

#### Step 1: Analyze the Criteria:

1. **Have all promising configurations already been tested?**
   - The best performing configurations have dropout rates between **0.2** and **0.4**, learning rates around **0.18**, ReLU activation, and 2 or 3 layers.
   - Most of these regions have been explored, but there are still some unexplored configurations within this range.

2. **Are unexplored configurations unlikely to perform better?**
   - Based on the observed trends, it seems that most promising configurations have already been tested.
   - The remaining unexplored configurations do not significantly deviate from the best-performing regions identified so far.

3. **Has the best metric `accuracy` improved significantly compared to the first three Completed Trials?**
   - The initial trials had accuracies around **0.74**.
   - The best accuracy achieved is **0.7528**, which represents a significant improvement over the initial trials.

#### Step 2: Decide Whether All Conditions Are Met

Based on the analysis:

- Most promising configurations have been tested, and unexplored configurations are unlikely to perform better given the observed trends.
- There has been a significant improvement in accuracy compared to the first three trials.

**Answer: Yes with confidence score: 0.85**

The optimization process can be stopped as most promising regions have been explored, and further exploration is unlikely to yield significantly better results.
^^^^^^^^^^^^^^^^^^^^^^^^^^^^^^^^^^^^^^^^^^^^^^^^^^qwen2.5:32b: Round: 21, Failed: 0^^^^^^^^^^^^^^^^^^^^^^^^^^^^^^^^^^^^^^^^^^^^^^^^^^
