----------------------------------------------------------------------------------------------------
Start Optimization: LCBench_FashionMnist_Classification_train_qwen2.5:14b
----------------------------------------------------------------------------------------------------
vvvvvvvvvvvvvvvvvvvvvvvvvvvvvvvvvvvvvvvvvvvvvvvvvv[INFO] Round [3][2000], Failed: [0]/[3]vvvvvvvvvvvvvvvvvvvvvvvvvvvvvvvvvvvvvvvvvvvvvvvvvv
{'description': "You are a Senior Computer Vision Researcher specializing in neural networks. 'nan' denotes unknown data. Provide professional and detailed answers for Fashion-MNIST classification.", 'model': 'neural network', 'task': 'Image Classification on Fashion-MNIST', 'basic_idea': 'Leverage neural networks to extract spatial features from Fashion-MNIST images (28x28x1) and classify them into 10 categories.', 'instruction': 'Design, implement, and optimize the model for Fashion-MNIST classification under limited computational trials.'}
3-find_trials-analyse-cognitive: ### Task 1: Analyze Current Task

The current task involves designing, implementing, and optimizing a neural network model for the Fashion-MNIST image classification dataset. The objective is to classify images into one of ten categories using limited computational trials. Key hyperparameters include batch size, learning rate, momentum, weight decay, number of layers, maximum units per layer, and dropout rate.

### Task 2: Analysis of Completed Trials

#### Step 1: Summarize Performance Metrics for Completed Trials
- **Trial 820**: Validation accuracy = 63.19%
- **Trial 1444**: Validation accuracy = 74.98%
- **Trial 1535**: Validation accuracy = 81.61%

#### Step 2: Evaluate Performance Trends for Hyperparameters
- **Batch Size**:
  - Trial 820 (batch size = 494) and Trial 1444 (batch size = 277) show a significant improvement in validation accuracy compared to smaller batch sizes.
  - Trial 1535 (batch size = 34) demonstrates the lowest performance among these trials, indicating that very small batch sizes may hinder model training.

- **Learning Rate**:
  - A wide range of learning rates was tested: from 0.00097 to 0.02769.
  - Trial 1535 with a higher learning rate (0.02769) achieved the highest validation accuracy, suggesting that moderate to high learning rates can be beneficial.

- **Momentum**:
  - Momentum values ranged from 0.156 to 0.524.
  - Trial 1535 with a momentum of 0.447 showed better performance compared to lower momentum values in other trials, indicating that moderate momentum can help stabilize training.

- **Weight Decay**:
  - Weight decay values ranged from 0.00655 to 0.08602.
  - Trial 1444 with a weight decay of 0.08602 achieved higher accuracy compared to lower values, suggesting that moderate regularization can improve model performance.

- **Number of Layers and Units**:
  - Trials varied from 2 to 3 layers and unit counts ranging from 66 to 761.
  - Trial 1535 with fewer layers (num_layers = True) and units (max_units = 66) achieved the highest accuracy, indicating that a simpler architecture can be effective.

- **Dropout**:
  - Dropout rates ranged widely: from 0.196 to 0.984.
  - Trial 1535 with a dropout rate of 0.585 showed better performance compared to higher or lower dropout values, suggesting that moderate dropout can prevent overfitting.

#### Step 3: Highlight Promising Hyperparameter Combinations
- **Top-performing configurations**:
  - **Trial 1444**: batch size = 277, learning rate = 0.00602, momentum = 0.156, weight decay = 0.08602, num_layers = 2, max_units = 761, dropout = 0.984
  - **Trial 1535**: batch size = 34, learning rate = 0.02769, momentum = 0.447, weight decay = 0.04398, num_layers = True (likely fewer layers), max_units = 66, dropout = 0.585

- **Key Insights**:
  - Moderate to high learning rates and moderate momentum values can improve model performance.
  - A balance between regularization (weight decay) and overfitting prevention (dropout) is crucial.
  - Smaller batch sizes may hinder training but can be effective with the right hyperparameter tuning.
  - Simpler architectures (fewer layers, fewer units) can achieve high accuracy if optimized correctly.

These insights suggest that further exploration of simpler architectures with moderate learning rates and regularization techniques could yield even better results.
3-find_trials-cognitive: Based on the analysis from Task 1, we can identify promising trials by focusing on parameters that have shown potential for better performance. Here are three recommendations:

### Recommendation 1: Trial Number 1987

**Params:**
- `batch_size`: 31
- `learning_rate`: 0.05659724412014916
- `momentum`: 0.3432385729619786
- `weight_decay`: 0.02238775474279114
- `num_layers`: 1
- `max_units`: 115
- `dropout`: 0.4294566641264662

**Reasoning:**
This trial has a relatively low learning rate and weight decay, which can help in fine-tuning the model without causing overfitting or underfitting issues. The single layer architecture with moderate dropout suggests it might be well-balanced for performance.

### Recommendation 2: Trial Number 1983

**Params:**
- `batch_size`: 47
- `learning_rate`: 0.0659724412014916
- `momentum`: 0.3432385729619786
- `weight_decay`: 0.02238775474279114
- `num_layers`: 2
- `max_units`: 896
- `dropout`: 0.43162799901159155

**Reasoning:**
This trial has a slightly higher learning rate and momentum compared to the previous recommendation, which can help in faster convergence. The two-layer architecture with high max units suggests it might capture more complex patterns effectively.

### Recommendation 3: Trial Number 1980

**Params:**
- `batch_size`: 47
- `learning_rate`: 0.0659724412014916
- `momentum`: 0.3432385729619786
- `weight_decay`: 0.02238775474279114
- `num_layers`: 3
- `max_units`: 296
- `dropout`: 0.05656887935870625

**Reasoning:**
This trial has a three-layer architecture with moderate max units and dropout, which can balance model complexity and generalization well. The learning rate and momentum values are similar to the previous trials but might benefit from additional layers for better performance.

### JSON Format:

```json
[
    {"number": 1987, "params": {"batch_size": 31, "learning_rate": 0.05659724412014916, "momentum": 0.3432385729619786, "weight_decay": 0.02238775474279114, "num_layers": 1, "max_units": 115, "dropout": 0.4294566641264662}},
    {"number": 1983, "params": {"batch_size": 47, "learning_rate": 0.0659724412014916, "momentum": 0.3432385729619786, "weight_decay": 0.02238775474279114, "num_layers": 2, "max_units": 896, "dropout": 0.43162799901159155}},
    {"number": 1980, "params": {"batch_size": 47, "learning_rate": 0.0659724412014916, "momentum": 0.3432385729619786, "weight_decay": 0.02238775474279114, "num_layers": 3, "max_units": 296, "dropout": 0.05656887935870625}}
]
```
- [difflib] amnbious matches: ['batch_size:31_learning_rate:0.05659724412014916_momentum:0.3432385729619786_weight_decay:0.02238775474279114_num_layers:1_max_units:115_dropout:0.4294566641264662'], raw output: batch_size:31_learning_rate:0.05659724412014916_momentum:0.3432385729619786_weight_decay:0.02238775474279114_num_layers:1_max_units:115_dropout:0.4294566641264662_
- [difflib] amnbious matches: ['batch_size:31_learning_rate:0.05659724412014916_momentum:0.3432385729619786_weight_decay:0.02238775474279114_num_layers:1_max_units:115_dropout:0.4294566641264662'], raw output: batch_size:47_learning_rate:0.0659724412014916_momentum:0.3432385729619786_weight_decay:0.02238775474279114_num_layers:2_max_units:896_dropout:0.43162799901159155_
- [difflib] amnbious matches: ['batch_size:31_learning_rate:0.05659724412014916_momentum:0.3432385729619786_weight_decay:0.02238775474279114_num_layers:1_max_units:115_dropout:0.4294566641264662'], raw output: batch_size:47_learning_rate:0.0659724412014916_momentum:0.3432385729619786_weight_decay:0.02238775474279114_num_layers:3_max_units:296_dropout:0.05656887935870625_
Number of trials: 3 -> 1, 
Error_trials: [] is non-empty. 
Repeated_trials: 2 is non-empty. 
 [[], []]
^^^^^^^^^^^^^^^^^^^^^^^^^^^^^^^^^^^^^^^^^^^^^^^^^^qwen2.5:14b: Round: 3, Failed: 0^^^^^^^^^^^^^^^^^^^^^^^^^^^^^^^^^^^^^^^^^^^^^^^^^^
vvvvvvvvvvvvvvvvvvvvvvvvvvvvvvvvvvvvvvvvvvvvvvvvvv[INFO] Round [4][2000], Failed: [0]/[3]vvvvvvvvvvvvvvvvvvvvvvvvvvvvvvvvvvvvvvvvvvvvvvvvvv
{'description': "You are a Senior Computer Vision Researcher specializing in neural networks. 'nan' denotes unknown data. Provide professional and detailed answers for Fashion-MNIST classification.", 'model': 'neural network', 'task': 'Image Classification on Fashion-MNIST', 'basic_idea': 'Leverage neural networks to extract spatial features from Fashion-MNIST images (28x28x1) and classify them into 10 categories.', 'instruction': 'Design, implement, and optimize the model for Fashion-MNIST classification under limited computational trials.'}
4-find_trials-analyse-cognitive: ### Task 1: Analyze Current Task

The current task involves designing, implementing, and optimizing a neural network model for the Fashion-MNIST image classification dataset. The objective is to achieve high validation accuracy with limited computational trials. Key hyperparameters include batch size, learning rate, momentum, weight decay, number of layers, maximum units per layer, and dropout rate.

### Task 2: Analysis of Completed Trials

#### Step 1: Summarize Performance Metrics for Completed Trials
- **Trial 820**: Validation accuracy = 63.19%
- **Trial 1444**: Validation accuracy = 74.98%
- **Trial 1535**: Validation accuracy = 81.61% (Top-performing)
- **Trial 1987**: Validation accuracy = 81.25%

#### Step 2: Evaluate Performance Trends for Hyperparameters
- **Batch Size**:
  - Trial 820 used a large batch size of 494, which resulted in lower validation accuracy.
  - Trials 1444 and 1987 used smaller batch sizes (277 and 31 respectively), showing better performance.
  - Trial 1535 had an extremely small batch size of 34, achieving the highest validation accuracy.

- **Learning Rate**:
  - Higher learning rates generally led to higher validation accuracies. For instance, Trial 1535 (0.02769) and Trial 1987 (0.05659) performed better than Trial 820 (0.00097).

- **Momentum**:
  - Lower momentum values seem to correlate with higher validation accuracy, as seen in Trials 1444 (0.1565), 1535 (0.4474), and 1987 (0.3432). Trial 820 had a moderate momentum value of 0.5243.

- **Weight Decay**:
  - Lower weight decay values generally resulted in better performance, with Trials 1535 (0.04398) and 1987 (0.02239) achieving higher validation accuracies compared to Trial 1444 (0.08602).

- **Number of Layers**:
  - Fewer layers generally led to better performance, with Trials 1444 and 1987 using only one or two layers, while Trial 820 used three layers.

- **Maximum Units per Layer**:
  - Higher maximum units did not necessarily lead to higher accuracy. For example, Trial 1444 had a high number of units (761) but still performed well, whereas Trial 820 with fewer units (213) showed lower performance.

- **Dropout Rate**:
  - Moderate dropout rates seem beneficial; Trials 1535 and 1987 used moderate values (0.5851 and 0.4295 respectively), while Trial 1444 had a very high dropout rate of 0.9846, which did not yield the best results.

#### Step 3: Highlight Promising Hyperparameter Combinations
- **Top-performing configurations**:
  - Trials 1535 and 1987 stand out with validation accuracies above 81%. Both trials used moderate to small batch sizes (34 and 31), higher learning rates, lower weight decay values, fewer layers, and moderate dropout rates.

- **Key Insights**:
  - Smaller batch sizes tend to improve model performance.
  - Higher learning rates generally correlate with better validation accuracy.
  - Lower momentum values are beneficial for convergence.
  - Moderate weight decay values prevent overfitting without hindering training.
  - Fewer layers and moderate dropout rates contribute to improved generalization.

These insights suggest that further exploration of smaller batch sizes, higher learning rates, lower momentum, moderate weight decay, fewer layers, and moderate dropout rates could lead to even better performance.
4-find_trials-cognitive: Based on the analysis from Task 1, we can identify promising trials by focusing on parameters that have shown potential for better performance. We will look at combinations of batch size, learning rate, momentum, weight decay, number of layers, maximum units per layer, and dropout rates that have demonstrated good results or under-explored regions with potential.

### Recommendation 1
**Number:** 1986  
**Params:**
```json
{
    "batch_size": 69,
    "learning_rate": 0.07398762842527538,
    "momentum": 0.42826868724651623,
    "weight_decay": 0.045718681860068396,
    "num_layers": 4,
    "max_units": 81,
    "dropout": 0.585054414268562
}
```
**Reasoning:** This trial has a relatively high learning rate and momentum, which can help in escaping local minima. The weight decay is moderate, preventing overfitting while allowing the model to learn effectively. With 4 layers and fewer units per layer, it balances complexity and training efficiency.

### Recommendation 2
**Number:** 1988  
**Params:**
```json
{
    "batch_size": 20,
    "learning_rate": 0.00201849284995381,
    "momentum": 0.842987128055932,
    "weight_decay": 0.0268391281639566,
    "num_layers": 2,
    "max_units": 896,
    "dropout": 0.43162799901159155
}
```
**Reasoning:** This trial has a small batch size and low learning rate, which can help in fine-tuning the model with high precision. The momentum is very high, aiding in faster convergence. With fewer layers but more units per layer, it focuses on depth rather than breadth, potentially capturing complex patterns effectively.

### Recommendation 3
**Number:** 1997  
**Params:**
```json
{
    "batch_size": 166,
    "learning_rate": 0.037966280954296834,
    "momentum": 0.4964137828331017,
    "weight_decay": 0.017773569131463184,
    "num_layers": 3,
    "max_units": 236,
    "dropout": 0.36345372331369563
}
```
**Reasoning:** This trial has a moderate batch size and learning rate, balancing between speed and accuracy. The momentum is also moderate, ensuring steady progress without overshooting. With fewer layers but more units per layer, it strikes a balance between model complexity and training efficiency.

### JSON Format Response:
```json
[
    {"number": 1986, "params": {"batch_size": 69, "learning_rate": 0.07398762842527538, "momentum": 0.42826868724651623, "weight_decay": 0.045718681860068396, "num_layers": 4, "max_units": 81, "dropout": 0.585054414268562}},
    {"number": 1988, "params": {"batch_size": 20, "learning_rate": 0.00201849284995381, "momentum": 0.842987128055932, "weight_decay": 0.0268391281639566, "num_layers": 2, "max_units": 896, "dropout": 0.43162799901159155}},
    {"number": 1997, "params": {"batch_size": 166, "learning_rate": 0.037966280954296834, "momentum": 0.4964137828331017, "weight_decay": 0.017773569131463184, "num_layers": 3, "max_units": 236, "dropout": 0.36345372331369563}}
]
```
- [difflib] amnbious matches: ['batch_size:69_learning_rate:0.07398762842527538_momentum:0.42826868724651623_weight_decay:0.045718681860068396_num_layers:4_max_units:81_dropout:0.585054414268562'], raw output: batch_size:69_learning_rate:0.07398762842527538_momentum:0.42826868724651623_weight_decay:0.045718681860068396_num_layers:4_max_units:81_dropout:0.585054414268562_
- [difflib] amnbious matches: ['batch_size:20_learning_rate:0.00201849284995381_momentum:0.842987128055932_weight_decay:0.0268391281639566_num_layers:2_max_units:896_dropout:0.43162799901159155'], raw output: batch_size:20_learning_rate:0.00201849284995381_momentum:0.842987128055932_weight_decay:0.0268391281639566_num_layers:2_max_units:896_dropout:0.43162799901159155_
- [difflib] amnbious matches: ['batch_size:166_learning_rate:0.037966280954296834_momentum:0.4964137828331017_weight_decay:0.017773569131463184_num_layers:3_max_units:236_dropout:0.36345372331369563'], raw output: batch_size:166_learning_rate:0.037966280954296834_momentum:0.4964137828331017_weight_decay:0.017773569131463184_num_layers:3_max_units:236_dropout:0.36345372331369563_
Number of trials: 3 -> 3, 
Error_trials: [] is non-empty. 
Repeated_trials: 0 is non-empty. 
 []
^^^^^^^^^^^^^^^^^^^^^^^^^^^^^^^^^^^^^^^^^^^^^^^^^^qwen2.5:14b: Round: 4, Failed: 0^^^^^^^^^^^^^^^^^^^^^^^^^^^^^^^^^^^^^^^^^^^^^^^^^^
vvvvvvvvvvvvvvvvvvvvvvvvvvvvvvvvvvvvvvvvvvvvvvvvvv[INFO] Round [7][2000], Failed: [0]/[3]vvvvvvvvvvvvvvvvvvvvvvvvvvvvvvvvvvvvvvvvvvvvvvvvvv
{'description': "You are a Senior Computer Vision Researcher specializing in neural networks. 'nan' denotes unknown data. Provide professional and detailed answers for Fashion-MNIST classification.", 'model': 'neural network', 'task': 'Image Classification on Fashion-MNIST', 'basic_idea': 'Leverage neural networks to extract spatial features from Fashion-MNIST images (28x28x1) and classify them into 10 categories.', 'instruction': 'Design, implement, and optimize the model for Fashion-MNIST classification under limited computational trials.'}
7-find_trials-analyse-cognitive: ### Task 1: Analyze Current Task

The objective is to design, implement, and optimize a neural network model for classifying images from the Fashion-MNIST dataset. The basic idea involves leveraging spatial feature extraction techniques using convolutional layers followed by fully connected layers to classify images into one of ten categories.

### Task 2: Analysis of Completed Trials

#### Step 1: Summarize Performance Metrics for Completed Trials
The trials exhibit a range of validation accuracies, with the highest accuracy being 84.48766326904297 (Trial 1988) and the lowest being 63.19292068481445 (Trial 820). The majority of trials fall within a range of 74% to 84%, indicating that there is significant room for optimization.

#### Step 2: Evaluate Performance Trends for Hyper-Parameters

**Batch Size:** 
- Trials with smaller batch sizes (e.g., 31, 20) tend to perform better than those with larger batch sizes (e.g., 494).
- Smaller batch sizes allow the model to adapt more frequently and may help in escaping local minima.

**Learning Rate:**
- Lower learning rates (e.g., 0.002018, 0.00602) generally yield better results compared to higher learning rates (e.g., 0.07398).
- A lower learning rate ensures more stable convergence but may require more epochs.

**Momentum:**
- Higher momentum values (e.g., 0.84298, 0.52426) seem to improve performance compared to lower momentum values (e.g., 0.15654).
- Momentum helps in accelerating convergence and can help the model escape shallow local minima.

**Weight Decay:**
- Moderate weight decay values (e.g., 0.02683, 0.04398) appear to be beneficial compared to very high or low values.
- Weight decay prevents overfitting by penalizing large weights and helps in achieving better generalization.

**Number of Layers:**
- Trials with fewer layers (e.g., 1, 2) tend to perform well, while deeper networks (e.g., 4) do not necessarily yield better results.
- Fewer layers can reduce the risk of overfitting and simplify model training.

**Max Units per Layer:**
- Moderate unit counts (e.g., 896, 236) seem to be more effective than extremely high or low values.
- A balance between complexity and simplicity is crucial for optimal performance.

**Dropout Rate:**
- Higher dropout rates (e.g., 0.98462, 0.58510) appear to improve model robustness but can also lead to underfitting if too high.
- Moderate dropout values help in preventing overfitting without significantly reducing the model's capacity.

#### Step 3: Highlight Promising Hyper-parameter Combinations

**Top-performing configurations:**
- Trial 1988 (batch_size=20, learning_rate=0.002018, momentum=0.842987, weight_decay=0.026839, num_layers=2, max_units=896, dropout=0.431628)
- Trial 1535 (batch_size=34, learning_rate=0.027695, momentum=0.447400, weight_decay=0.043985, num_layers=True, max_units=66, dropout=0.585104)
- Trial 1997 (batch_size=166, learning_rate=0.037966, momentum=0.496414, weight_decay=0.017774, num_layers=3, max_units=236, dropout=0.363454)

**Key Insights:**
- Smaller batch sizes (e.g., 20) and moderate learning rates (e.g., 0.002) tend to yield better results.
- Higher momentum values (e.g., 0.842987) can improve convergence speed and stability.
- Moderate weight decay values (e.g., 0.026839) help in preventing overfitting without penalizing the model too harshly.
- Fewer layers (e.g., 2) with moderate unit counts (e.g., 896, 236) and appropriate dropout rates (e.g., 0.431628) can achieve high accuracy while maintaining simplicity.

These configurations suggest a balance between model complexity and regularization techniques to optimize performance on the Fashion-MNIST dataset.
7-find_trials-cognitive: Based on the analysis from Task 1, we can identify several promising trials that have shown good performance trends and potential for further optimization. Here are three recommendations:

### Recommendation 1:
**Number:** 1985  
**Params:**
```json
{
    "batch_size": 406,
    "learning_rate": 0.030200237998715577,
    "momentum": 0.10464546515347424,
    "weight_decay": 0.09189442017921046,
    "num_layers": 4,
    "max_units": 513,
    "dropout": 0.012144466454216518
}
```
**Reasoning:** Trial 1985 has a relatively low learning rate and high weight decay, which suggests it might be in an under-explored region with potential for better performance if the hyperparameters are slightly adjusted. The combination of four layers and minimal dropout indicates stability and precision, making this trial promising.

### Recommendation 2:
**Number:** 1984  
**Params:**
```json
{
    "batch_size": 295,
    "learning_rate": 0.008779398962515663,
    "momentum": 0.26638848354568195,
    "weight_decay": 0.030964958869527374,
    "num_layers": 2,
    "max_units": 635,
    "dropout": 0.24323664062969996
}
```
**Reasoning:** Trial 1984 has a moderate learning rate and weight decay, along with a high batch size and dropout value. This combination suggests it might be in an optimal region for performance, especially given the higher number of units per layer (max_units). The two-layer architecture also indicates simplicity and efficiency.

### Recommendation 3:
**Number:** 1982  
**Params:**
```json
{
    "batch_size": 460,
    "learning_rate": 0.005779398962515663,
    "momentum": 0.26638848354568195,
    "weight_decay": 0.030964958869527374,
    "num_layers": 2,
    "max_units": 635,
    "dropout": 0.24323664062969996
}
```
**Reasoning:** Trial 1982 has a similar configuration to trial 1984 but with a slightly lower learning rate, which might help in fine-tuning the model for better performance. The high batch size and dropout value indicate robustness against overfitting, making this trial promising.

### JSON Format:
```json
[
    {"number": 1985, "params": {"batch_size": 406, "learning_rate": 0.030200237998715577, "momentum": 0.10464546515347424, "weight_decay": 0.09189442017921046, "num_layers": 4, "max_units": 513, "dropout": 0.012144466454216518}},
    {"number": 1984, "params": {"batch_size": 295, "learning_rate": 0.008779398962515663, "momentum": 0.26638848354568195, "weight_decay": 0.030964958869527374, "num_layers": 2, "max_units": 635, "dropout": 0.24323664062969996}},
    {"number": 1982, "params": {"batch_size": 460, "learning_rate": 0.005779398962515663, "momentum": 0.26638848354568195, "weight_decay": 0.030964958869527374, "num_layers": 2, "max_units": 635, "dropout": 0.24323664062969996}}
]
```
- [difflib] amnbious matches: ['batch_size:406_learning_rate:0.030200237998715577_momentum:0.10464546515347424_weight_decay:0.09189442017921046_num_layers:4_max_units:513_dropout:0.012144466454216518'], raw output: batch_size:406_learning_rate:0.030200237998715577_momentum:0.10464546515347424_weight_decay:0.09189442017921046_num_layers:4_max_units:513_dropout:0.012144466454216518_
- [difflib] amnbious matches: ['batch_size:295_learning_rate:0.008779398962515663_momentum:0.26638848354568195_weight_decay:0.030964958869527374_num_layers:2_max_units:635_dropout:0.24323664062969996'], raw output: batch_size:295_learning_rate:0.008779398962515663_momentum:0.26638848354568195_weight_decay:0.030964958869527374_num_layers:2_max_units:635_dropout:0.24323664062969996_
- [difflib] amnbious matches: ['batch_size:295_learning_rate:0.008779398962515663_momentum:0.26638848354568195_weight_decay:0.030964958869527374_num_layers:2_max_units:635_dropout:0.24323664062969996'], raw output: batch_size:460_learning_rate:0.005779398962515663_momentum:0.26638848354568195_weight_decay:0.030964958869527374_num_layers:2_max_units:635_dropout:0.24323664062969996_
Number of trials: 3 -> 2, 
Error_trials: [] is non-empty. 
Repeated_trials: 1 is non-empty. 
 [[]]
^^^^^^^^^^^^^^^^^^^^^^^^^^^^^^^^^^^^^^^^^^^^^^^^^^qwen2.5:14b: Round: 7, Failed: 0^^^^^^^^^^^^^^^^^^^^^^^^^^^^^^^^^^^^^^^^^^^^^^^^^^
vvvvvvvvvvvvvvvvvvvvvvvvvvvvvvvvvvvvvvvvvvvvvvvvvv[INFO] Round [9][2000], Failed: [0]/[3]vvvvvvvvvvvvvvvvvvvvvvvvvvvvvvvvvvvvvvvvvvvvvvvvvv
{'description': "You are a Senior Computer Vision Researcher specializing in neural networks. 'nan' denotes unknown data. Provide professional and detailed answers for Fashion-MNIST classification.", 'model': 'neural network', 'task': 'Image Classification on Fashion-MNIST', 'basic_idea': 'Leverage neural networks to extract spatial features from Fashion-MNIST images (28x28x1) and classify them into 10 categories.', 'instruction': 'Design, implement, and optimize the model for Fashion-MNIST classification under limited computational trials.'}
9-find_trials-analyse-cognitive: ### Task 1: Analyze Current Task

The current task involves designing, implementing, and optimizing a neural network model for the Fashion-MNIST image classification dataset. The objective is to achieve high validation accuracy with limited computational trials. Key hyperparameters include batch size, learning rate, momentum, weight decay, number of layers, maximum units per layer, and dropout rate.

### Task 2: Analysis of Completed Trials

#### Step 1: Summarize Performance Metrics for Completed Trials
The completed trials exhibit a wide range of validation accuracies from 63.19% to 84.49%. The highest accuracy is achieved by trial number 1988 with an accuracy of 84.49%, followed closely by trial numbers 1997 and 1535, both achieving around 84.40% and 81.61% respectively.

#### Step 2: Evaluate Performance Trends for Hyper-Parameters

**Batch Size**: 
- Smaller batch sizes (e.g., 20, 31) tend to perform better than larger ones (e.g., 494, 406).
- Trials with smaller batch sizes generally achieve higher validation accuracies.

**Learning Rate**:
- Lower learning rates (e.g., 0.002018) often result in better performance compared to higher learning rates (e.g., 0.073988).
- Moderate learning rates also show promising results, indicating a balance between exploration and exploitation.

**Momentum**:
- Higher momentum values (e.g., 0.842987) can lead to improved validation accuracy.
- Lower momentum values (e.g., 0.156545) are less effective in achieving high accuracies.

**Weight Decay**:
- Moderate weight decay values (e.g., 0.026839, 0.043985) tend to yield better results compared to very low or high values.
- Excessive weight decay can hinder model performance by overly penalizing large weights.

**Number of Layers and Maximum Units per Layer**:
- Fewer layers (e.g., 1 layer) with moderate units (e.g., 115 units) perform well, suggesting that simplicity in architecture can be beneficial.
- More complex architectures (e.g., 4 layers with up to 813 units) may not necessarily lead to better performance if overfitting occurs.

**Dropout Rate**:
- Moderate dropout rates (e.g., 0.585104, 0.429457) tend to improve model generalization.
- Extremely high or low dropout rates can negatively impact validation accuracy.

#### Step 3: Highlight Promising Hyper-Parameter Combinations

**Top-performing Configurations**:
- Trial number 1988 with a batch size of 20, learning rate of 0.002018, momentum of 0.842987, weight decay of 0.026839, two layers, and maximum units of 896.
- Trial number 1997 with a batch size of 166, learning rate of 0.037966, momentum of 0.496414, weight decay of 0.017774, three layers, and maximum units of 236.
- Trial number 1535 with a batch size of 34, learning rate of 0.027695, momentum of 0.447400, weight decay of 0.043985, one layer, and maximum units of 66.

**Key Insights**:
- Smaller batch sizes (e.g., 20) combined with moderate learning rates (e.g., 0.002) and high momentum values (e.g., 0.84) can lead to significant improvements in validation accuracy.
- Moderate weight decay values (e.g., 0.017 - 0.030) help prevent overfitting while maintaining model complexity.
- A balance between the number of layers and units per layer is crucial; simpler architectures with moderate dropout rates tend to generalize better.

These insights suggest that further exploration around these hyperparameter ranges could yield even higher validation accuracies for Fashion-MNIST classification.
9-find_trials-cognitive: Based on the analysis from Task 1, we can identify several promising trials that show potential for further optimization. Here are three recommendations:

### Recommendation 1:
**Number:** 1983  
**Params:**
```json
{
    "batch_size": 36,
    "learning_rate": 0.00025813520648253045,
    "momentum": 0.4024689924917636,
    "weight_decay": 0.07563397781656633,
    "num_layers": 4,
    "max_units": 84,
    "dropout": 0.13311399580790562
}
```
**Reasoning:** This trial has a relatively low learning rate and dropout, which suggests it might be exploring a region with stable performance but potentially under-explored in terms of layer depth and unit size.

### Recommendation 2:
**Number:** 1993  
**Params:**
```json
{
    "batch_size": 98,
    "learning_rate": 0.003649481164554704,
    "momentum": 0.7358882129370595,
    "weight_decay": 0.09186574894289257,
    "num_layers": 4,
    "max_units": 109,
    "dropout": 0.8291542222582079
}
```
**Reasoning:** This trial has a high momentum and dropout, which might indicate it is exploring the edge of stability but could potentially yield better performance with slight adjustments in learning rate or weight decay.

### Recommendation 3:
**Number:** 1996  
**Params:**
```json
{
    "batch_size": 490,
    "learning_rate": 0.009033933337892193,
    "momentum": 0.36498221426319816,
    "weight_decay": 0.06642147260734924,
    "num_layers": 4,
    "max_units": 237,
    "dropout": 0.7280610421070669
}
```
**Reasoning:** This trial has a high batch size and learning rate, which might indicate it is exploring the edge of stability but could potentially yield better performance with slight adjustments in momentum or dropout.

### JSON Format:
```json
[
    {"number": 1983, "params": {"batch_size": 36, "learning_rate": 0.00025813520648253045, "momentum": 0.4024689924917636, "weight_decay": 0.07563397781656633, "num_layers": 4, "max_units": 84, "dropout": 0.13311399580790562}},
    {"number": 1993, "params": {"batch_size": 98, "learning_rate": 0.003649481164554704, "momentum": 0.7358882129370595, "weight_decay": 0.09186574894289257, "num_layers": 4, "max_units": 109, "dropout": 0.8291542222582079}},
    {"number": 1996, "params": {"batch_size": 490, "learning_rate": 0.009033933337892193, "momentum": 0.36498221426319816, "weight_decay": 0.06642147260734924, "num_layers": 4, "max_units": 237, "dropout": 0.7280610421070669}}
]
```
- [difflib] amnbious matches: ['batch_size:36_learning_rate:0.00025813520648253045_momentum:0.4024689924917636_weight_decay:0.07563397781656633_num_layers:4_max_units:84_dropout:0.13311399580790562'], raw output: batch_size:36_learning_rate:0.00025813520648253045_momentum:0.4024689924917636_weight_decay:0.07563397781656633_num_layers:4_max_units:84_dropout:0.13311399580790562_
- [difflib] amnbious matches: ['batch_size:98_learning_rate:0.003649481164554704_momentum:0.7358882129370595_weight_decay:0.09186574894289257_num_layers:4_max_units:109_dropout:0.8291542222582079'], raw output: batch_size:98_learning_rate:0.003649481164554704_momentum:0.7358882129370595_weight_decay:0.09186574894289257_num_layers:4_max_units:109_dropout:0.8291542222582079_
- [difflib] amnbious matches: ['batch_size:490_learning_rate:0.009033933337892193_momentum:0.36498221426319816_weight_decay:0.06642147260734924_num_layers:4_max_units:237_dropout:0.7280610421070669'], raw output: batch_size:490_learning_rate:0.009033933337892193_momentum:0.36498221426319816_weight_decay:0.06642147260734924_num_layers:4_max_units:237_dropout:0.7280610421070669_
Number of trials: 3 -> 3, 
Error_trials: [] is non-empty. 
Repeated_trials: 0 is non-empty. 
 []
^^^^^^^^^^^^^^^^^^^^^^^^^^^^^^^^^^^^^^^^^^^^^^^^^^qwen2.5:14b: Round: 9, Failed: 0^^^^^^^^^^^^^^^^^^^^^^^^^^^^^^^^^^^^^^^^^^^^^^^^^^
vvvvvvvvvvvvvvvvvvvvvvvvvvvvvvvvvvvvvvvvvvvvvvvvvv[INFO] Round [12][2000], Failed: [0]/[3]vvvvvvvvvvvvvvvvvvvvvvvvvvvvvvvvvvvvvvvvvvvvvvvvvv
{'description': "You are a Senior Computer Vision Researcher specializing in neural networks. 'nan' denotes unknown data. Provide professional and detailed answers for Fashion-MNIST classification.", 'model': 'neural network', 'task': 'Image Classification on Fashion-MNIST', 'basic_idea': 'Leverage neural networks to extract spatial features from Fashion-MNIST images (28x28x1) and classify them into 10 categories.', 'instruction': 'Design, implement, and optimize the model for Fashion-MNIST classification under limited computational trials.'}
12-find_trials-analyse-cognitive: ### Task 1: Analyze Current Task

The current task involves designing, implementing, and optimizing a neural network model for the Fashion-MNIST image classification dataset. The objective is to achieve high accuracy by leveraging spatial feature extraction techniques suitable for 28x28 grayscale images across 10 distinct categories.

### Task 2: Analysis of Completed Trials

#### Step 1: Summarize Performance Metrics for Completed Trials
The trials exhibit a wide range of validation accuracies, from as low as 53.2% to as high as 84.5%. The top-performing configurations consistently achieve accuracies above 80%, indicating significant progress in model optimization.

#### Step 2: Evaluate Performance Trends for Hyper-parameters

1. **Batch Size**: 
   - Smaller batch sizes (e.g., 36, 20) tend to perform better than larger ones (e.g., 490), suggesting that smaller batches may help the model converge more effectively.
   
2. **Learning Rate**:
   - Lower learning rates (e.g., 0.00025813520648253045) can lead to better performance, but this is not a strict trend as some trials with higher learning rates also perform well.
   
3. **Momentum**:
   - Higher momentum values (e.g., 0.842987128055932) seem to improve model accuracy in certain configurations, possibly aiding in faster convergence and better generalization.

4. **Weight Decay**:
   - Moderate weight decay values (e.g., 0.0268391281639566) appear beneficial for preventing overfitting without overly penalizing the model's learning process.
   
5. **Number of Layers and Units**:
   - Models with fewer layers (e.g., 1 or 2) often outperform those with more layers, especially when combined with appropriate dropout rates to prevent overfitting.

6. **Dropout Rate**:
   - Moderate to high dropout rates (e.g., 0.43162799901159155) can significantly enhance model performance by reducing overfitting and improving generalization capabilities.

#### Step 3: Highlight Promising Hyper-parameter Combinations

- **Top-performing configurations**:
  - Trial 1988: Batch size = 20, Learning rate = 0.00201849284995381, Momentum = 0.842987128055932, Weight decay = 0.0268391281639566, Number of layers = 2, Max units = 896, Dropout rate = 0.43162799901159155 (Validation accuracy: 84.49%)
  - Trial 1997: Batch size = 166, Learning rate = 0.037966280954296834, Momentum = 0.4964137828331017, Weight decay = 0.017773569131463184, Number of layers = 3, Max units = 236, Dropout rate = 0.36345372331369563 (Validation accuracy: 84.40%)
  
- **Key Insights**:
  - Smaller batch sizes and moderate learning rates tend to yield better results.
  - Higher momentum values can improve convergence speed and model performance.
  - Moderate weight decay helps in balancing regularization without overly penalizing the model.
  - Fewer layers with appropriate dropout rates prevent overfitting effectively.

These insights suggest that further optimization should focus on refining these hyperparameters, particularly by exploring smaller batch sizes, moderate learning rates, higher momentum values, and effective use of dropout to enhance generalization.
12-find_trials-cognitive: Based on the analysis from Task 1, we can identify several promising trials that have shown good performance trends and potential for further optimization. Here are three recommendations:

### Recommendation 1:
**Number:** 1958  
**Params:**
```json
{
    "batch_size": 240,
    "learning_rate": 0.003765555555555556,
    "momentum": 0.29999999999999998,
    "weight_decay": 0.04166666666666667,
    "num_layers": 3,
    "max_units": 512,
    "dropout": 0.1
}
```
**Reasoning:** Trial 1958 has a relatively high batch size and moderate learning rate, which can help in stabilizing the training process while allowing for efficient updates. The momentum value is also well-balanced to avoid overfitting. The weight decay parameter is set at a reasonable level to prevent model complexity issues. Additionally, having three layers with 512 units each provides sufficient capacity without being overly complex.

### Recommendation 2:
**Number:** 1989  
**Params:**
```json
{
    "batch_size": 195,
    "learning_rate": 0.016578021991466383,
    "momentum": 0.21759528863785083,
    "weight_decay": 0.0743226851586795,
    "num_layers": 1,
    "max_units": 65,
    "dropout": 0.1264930200200618
}
```
**Reasoning:** Trial 1989 has a lower batch size and higher learning rate, which can help in faster convergence but with the risk of overfitting if not managed properly. The momentum value is set to moderate levels to balance between exploration and exploitation. The weight decay parameter is relatively high, which helps in regularizing the model effectively. Having only one layer with 65 units suggests a simpler architecture that might be less prone to overfitting.

### Recommendation 3:
**Number:** 1998  
**Params:**
```json
{
    "batch_size": 460,
    "learning_rate": 0.000970679187264114,
    "momentum": 0.10831280722274315,
    "weight_decay": 0.04399929984181338,
    "num_layers": 2,
    "max_units": 711,
    "dropout": 0.04374660218549853
}
```
**Reasoning:** Trial 1998 has a high batch size and very low learning rate, which can help in achieving stable training but might require more epochs to converge. The momentum value is set at a lower level, allowing for finer adjustments during training. The weight decay parameter is moderate, balancing model complexity effectively. Having two layers with 711 units each provides sufficient capacity while avoiding overfitting due to the low dropout rate.

These recommendations are based on the performance trends and insights from Task 1, focusing on promising configurations that have shown potential for further optimization without introducing new or untested parameters.
- [difflib] amnbious matches: [], raw output: batch_size:240_learning_rate:0.003765555555555556_momentum:0.3_weight_decay:0.04166666666666667_num_layers:3_max_units:512_dropout:0.1_
Traceback (most recent call last):
  File "/remote-home/xiaowu/XiaoWu/agent/parse_content.py", line 252, in filtered_trials
    number = merged_gt_results[name[:-1]]["number"]
             ~~~~~~~~~~~~~~~~~^^^^^^^^^^^
KeyError: 'batch_size:240_learning_rate:0.003765555555555556_momentum:0.3_weight_decay:0.04166666666666667_num_layers:3_max_units:512_dropout:0.1'


- [difflib] amnbious matches: ['batch_size:195_learning_rate:0.016578021991466383_momentum:0.21759528863785083_weight_decay:0.0743226851586795_num_layers:1_max_units:65_dropout:0.1264930200200618'], raw output: batch_size:195_learning_rate:0.016578021991466383_momentum:0.21759528863785083_weight_decay:0.0743226851586795_num_layers:1_max_units:65_dropout:0.1264930200200618_
- [difflib] amnbious matches: ['batch_size:460_learning_rate:0.000970679187264114_momentum:0.10831280722274315_weight_decay:0.04399929984181338_num_layers:2_max_units:711_dropout:0.04374660218549853'], raw output: batch_size:460_learning_rate:0.000970679187264114_momentum:0.10831280722274315_weight_decay:0.04399929984181338_num_layers:2_max_units:711_dropout:0.04374660218549853_
Number of trials: 3 -> 2, 
Error_trials: [0] is non-empty. 
Repeated_trials: 0 is non-empty. 
 []
^^^^^^^^^^^^^^^^^^^^^^^^^^^^^^^^^^^^^^^^^^^^^^^^^^qwen2.5:14b: Round: 12, Failed: 0^^^^^^^^^^^^^^^^^^^^^^^^^^^^^^^^^^^^^^^^^^^^^^^^^^
vvvvvvvvvvvvvvvvvvvvvvvvvvvvvvvvvvvvvvvvvvvvvvvvvv[INFO] Round [14][2000], Failed: [0]/[3]vvvvvvvvvvvvvvvvvvvvvvvvvvvvvvvvvvvvvvvvvvvvvvvvvv
{'description': "You are a Senior Computer Vision Researcher specializing in neural networks. 'nan' denotes unknown data. Provide professional and detailed answers for Fashion-MNIST classification.", 'model': 'neural network', 'task': 'Image Classification on Fashion-MNIST', 'basic_idea': 'Leverage neural networks to extract spatial features from Fashion-MNIST images (28x28x1) and classify them into 10 categories.', 'instruction': 'Design, implement, and optimize the model for Fashion-MNIST classification under limited computational trials.'}
14-find_trials-analyse-cognitive: ### Task 1: Analyze Current Task

The current task involves designing, implementing, and optimizing a neural network model for the Fashion-MNIST image classification dataset. The objective is to classify images into one of ten categories using spatial features extracted from 28x28 grayscale images.

### Task 2: Analysis of Completed Trials

#### Step 1: Summarize Performance Metrics for Completed Trials
The trials exhibit a wide range of validation accuracies, with the lowest being around 55% and the highest reaching approximately 84.5%. The majority of configurations fall within the mid-range accuracy spectrum (60-75%), indicating that there is significant room for optimization.

#### Step 2: Evaluate Performance Trends for Hyperparameters

1. **Batch Size**: 
   - Smaller batch sizes (e.g., 31, 49) tend to yield higher validation accuracies compared to larger batch sizes (e.g., 406, 490).
   - Batch size does not show a clear monotonic relationship with accuracy; however, smaller batches seem more effective in achieving high performance.

2. **Learning Rate**:
   - Lower learning rates (e.g., 0.000258) generally result in better validation accuracies compared to higher learning rates (e.g., 0.0739).
   - There is a noticeable drop in accuracy when the learning rate exceeds approximately 0.01.

3. **Momentum**:
   - Moderate momentum values (around 0.4-0.5) appear to be beneficial, while very high or low momentum values tend to degrade performance.
   - Momentum does not show a strong trend but seems to work well in the mid-range.

4. **Weight Decay**:
   - Lower weight decay values (e.g., 0.0268) are associated with higher validation accuracies compared to higher values (e.g., 0.0918).
   - Weight decay appears to be more effective when set at lower levels, possibly preventing overfitting.

5. **Number of Layers**:
   - Models with fewer layers (1-2) tend to perform better than those with more layers (4), suggesting that deeper architectures may not always yield the best results for this dataset.
   
6. **Max Units per Layer**:
   - Higher unit counts (e.g., 896, 761) do not necessarily correlate with higher accuracy; in fact, they often result in lower performance.
   - Moderate unit counts (around 200-300 units) seem to be more effective.

7. **Dropout**:
   - Lower dropout rates (e.g., 0.012) are generally less effective compared to moderate rates (e.g., 0.4, 0.5).
   - Higher dropout values (e.g., 0.8, 0.98) can lead to significant performance drops.

#### Step 3: Highlight Promising Hyperparameter Combinations

**Top-Performing Configurations**:
1. **Trial 1987**: 
   - Batch Size: 31
   - Learning Rate: 0.05659724412014916
   - Momentum: 0.3432385729619786
   - Weight Decay: 0.02238775474279114
   - Number of Layers: 1
   - Max Units per Layer: 115
   - Dropout Rate: 0.4294566641264662
   - Validation Accuracy: 81.25%

2. **Trial 1988**:
   - Batch Size: 20
   - Learning Rate: 0.00201849284995381
   - Momentum: 0.842987128055932
   - Weight Decay: 0.0268391281639566
   - Number of Layers: 2
   - Max Units per Layer: 896
   - Dropout Rate: 0.43162799901159155
   - Validation Accuracy: 84.49%

**Promising Trends**:
- **Smaller Batch Sizes**: Smaller batch sizes (e.g., 20, 31) tend to yield higher validation accuracies.
- **Moderate Learning Rates and Momentum Values**: Lower learning rates combined with moderate momentum values appear effective.
- **Lower Weight Decay**: Using lower weight decay values helps in achieving better performance without overfitting.
- **Simpler Architectures**: Models with fewer layers (1 or 2) perform well, suggesting that deeper architectures may not be necessary for this dataset.

These insights suggest a focus on simpler network structures and hyperparameters that balance regularization and learning dynamics effectively.
14-find_trials-cognitive: Based on the analysis from Task 1, we can identify several promising trials that show potential for further optimization. Here are three recommendations:

### Recommendation 1:
**Number:** 1978  
**Params:**
```json
{
    "batch_size": 78,
    "learning_rate": 0.00014839130432528938,
    "momentum": 0.19991922142779964,
    "weight_decay": 0.08419571302959351,
    "num_layers": 3,
    "max_units": 931,
    "dropout": 0.30906916669678
}
```
**Reasoning:** Trial 1978 has a relatively low learning rate and moderate weight decay, which suggests it might be in an optimal region for hyperparameter tuning. The combination of three layers with high max units (931) indicates potential for capturing complex patterns in the data.

### Recommendation 2:
**Number:** 1905  
**Params:**
```json
{
    "batch_size": 46,
    "learning_rate": 0.0007899999999999999,
    "momentum": 0.32999999999999996,
    "weight_decay": 0.041500000000000004,
    "num_layers": 3,
    "max_units": 789,
    "dropout": 0.29
}
```
**Reasoning:** Trial 1905 has a moderate learning rate and weight decay, which is balanced with three layers and high max units (789). The dropout value of 0.29 suggests it might be avoiding overfitting while still capturing important features.

### Recommendation 3:
**Number:** 1946  
**Params:**
```json
{
    "batch_size": 15,
    "learning_rate": 0.0007899999999999999,
    "momentum": 0.23999999999999998,
    "weight_decay": 0.041500000000000004,
    "num_layers": 3,
    "max_units": 768,
    "dropout": 0.29
}
```
**Reasoning:** Trial 1946 has a very small batch size, which can help in exploring the parameter space more thoroughly and avoiding local minima. The learning rate and weight decay are similar to trial 1905, suggesting it might be in a promising region for further exploration.

These trials have shown potential based on their performance metrics and hyperparameter configurations, making them suitable candidates for further optimization.
- [difflib] amnbious matches: ['batch_size:78_learning_rate:0.00014839130432528938_momentum:0.19991922142779964_weight_decay:0.08419571302959351_num_layers:3_max_units:931_dropout:0.30906916669678'], raw output: batch_size:78_learning_rate:0.00014839130432528938_momentum:0.19991922142779964_weight_decay:0.08419571302959351_num_layers:3_max_units:931_dropout:0.30906916669678_
- [difflib] amnbious matches: [], raw output: batch_size:46_learning_rate:0.0007899999999999999_momentum:0.32999999999999996_weight_decay:0.0415_num_layers:3_max_units:789_dropout:0.29_
Traceback (most recent call last):
  File "/remote-home/xiaowu/XiaoWu/agent/parse_content.py", line 252, in filtered_trials
    number = merged_gt_results[name[:-1]]["number"]
             ~~~~~~~~~~~~~~~~~^^^^^^^^^^^
KeyError: 'batch_size:46_learning_rate:0.0007899999999999999_momentum:0.32999999999999996_weight_decay:0.0415_num_layers:3_max_units:789_dropout:0.29'


- [difflib] amnbious matches: [], raw output: batch_size:15_learning_rate:0.0007899999999999999_momentum:0.24_weight_decay:0.0415_num_layers:3_max_units:768_dropout:0.29_
Traceback (most recent call last):
  File "/remote-home/xiaowu/XiaoWu/agent/parse_content.py", line 252, in filtered_trials
    number = merged_gt_results[name[:-1]]["number"]
             ~~~~~~~~~~~~~~~~~^^^^^^^^^^^
KeyError: 'batch_size:15_learning_rate:0.0007899999999999999_momentum:0.24_weight_decay:0.0415_num_layers:3_max_units:768_dropout:0.29'


Number of trials: 3 -> 1, 
Error_trials: [1, 2] is non-empty. 
Repeated_trials: 0 is non-empty. 
 []
^^^^^^^^^^^^^^^^^^^^^^^^^^^^^^^^^^^^^^^^^^^^^^^^^^qwen2.5:14b: Round: 14, Failed: 0^^^^^^^^^^^^^^^^^^^^^^^^^^^^^^^^^^^^^^^^^^^^^^^^^^
vvvvvvvvvvvvvvvvvvvvvvvvvvvvvvvvvvvvvvvvvvvvvvvvvv[INFO] Round [15][2000], Failed: [0]/[3]vvvvvvvvvvvvvvvvvvvvvvvvvvvvvvvvvvvvvvvvvvvvvvvvvv
{'description': "You are a Senior Computer Vision Researcher specializing in neural networks. 'nan' denotes unknown data. Provide professional and detailed answers for Fashion-MNIST classification.", 'model': 'neural network', 'task': 'Image Classification on Fashion-MNIST', 'basic_idea': 'Leverage neural networks to extract spatial features from Fashion-MNIST images (28x28x1) and classify them into 10 categories.', 'instruction': 'Design, implement, and optimize the model for Fashion-MNIST classification under limited computational trials.'}
15-find_trials-analyse-cognitive: ### Task 1: Analyze Current Task

The current task involves designing, implementing, and optimizing a neural network model for the Fashion-MNIST image classification dataset. The objective is to achieve high validation accuracy with limited computational trials. Key hyperparameters include batch size, learning rate, momentum, weight decay, number of layers, maximum units per layer, and dropout rate.

### Task 2: Analysis of Completed Trials

#### Step 1: Summarize Performance Metrics for Completed Trials
The performance metrics indicate a wide range of validation accuracies from 55.20% to 84.49%. The highest accuracy is achieved with trial number 1987, followed closely by trials 1997 and 1988.

#### Step 2: Evaluate Performance Trends for Hyper-parameters

**Batch Size**: 
- Smaller batch sizes (e.g., 31) tend to perform better than larger ones (e.g., 490).
- Trials with batch sizes between 20 and 69 show the highest accuracies.

**Learning Rate**:
- Lower learning rates generally yield higher validation accuracy.
- The best-performing trials have learning rates ranging from 0.002 to 0.057, indicating a sweet spot for this hyperparameter.

**Momentum**:
- Higher momentum values (e.g., around 0.8) seem beneficial in some cases but not consistently across all top-performing configurations.
- Moderate momentum values (around 0.3 to 0.4) are also effective.

**Weight Decay**:
- Lower weight decay rates (e.g., below 0.1) tend to produce better results compared to higher rates.
- Trials with weight decay between 0.02 and 0.09 show the highest accuracies.

**Number of Layers**:
- Models with fewer layers (1 or 2) generally outperform those with more layers (4).
- The best-performing models have either one or two layers, suggesting a simpler architecture might be optimal for this dataset.

**Maximum Units per Layer**:
- Higher unit counts do not necessarily correlate with better performance.
- Trials with moderate to high unit counts (e.g., 65 to 896) show varying levels of success depending on other hyperparameters.

**Dropout Rate**:
- Moderate dropout rates (around 0.4 to 0.5) tend to yield the best results, while very low or very high dropout rates are less effective.
- Trials with dropout rates between 0.1 and 0.9 show a range of performance levels, but those in the middle tend to perform better.

#### Step 3: Highlight Promising Hyper-parameter Combinations

**Top-performing Configurations**:
- **Trial 1987**: Batch size = 31, Learning rate = 0.0566, Momentum = 0.3432, Weight decay = 0.0224, Number of layers = 1, Max units = 115, Dropout = 0.4295
- **Trial 1997**: Batch size = 166, Learning rate = 0.0380, Momentum = 0.4964, Weight decay = 0.0178, Number of layers = 3, Max units = 236, Dropout = 0.3635
- **Trial 1988**: Batch size = 20, Learning rate = 0.0020, Momentum = 0.8430, Weight decay = 0.0268, Number of layers = 2, Max units = 896, Dropout = 0.4316

**Common Trends in Top-performing Configurations**:
- **Batch Size**: Smaller batch sizes (e.g., 20 to 69) tend to perform better.
- **Learning Rate and Weight Decay**: Lower values for both learning rate and weight decay are generally more effective.
- **Number of Layers**: Simpler architectures with fewer layers (1 or 2) often yield higher accuracy.
- **Dropout Rate**: Moderate dropout rates (around 0.4 to 0.5) tend to improve model performance.

These insights suggest that focusing on smaller batch sizes, lower learning and weight decay rates, simpler network architectures, and moderate dropout rates can lead to better validation accuracies in future trials.
15-find_trials-cognitive: Based on the analysis from Task 1, we can identify several promising trials that have shown good performance trends and potential for further optimization. Here are three recommendations:

### Recommendation 1:
- **Number:** 1976
- **Params:**
```json
{
    "batch_size": 454,
    "learning_rate": 0.00389807613502906,
    "momentum": 0.27269115996334625,
    "weight_decay": 0.05107428003940984,
    "num_layers": 3,
    "max_units": 553,
    "dropout": 0.2711996365207163
}
```
**Reasoning:** This trial has a balanced set of hyperparameters with moderate learning rate, momentum, and weight decay values. The number of layers (3) is optimal for many neural network architectures, and the dropout value is low enough to avoid overfitting while still allowing some regularization.

### Recommendation 2:
- **Number:** 1980
- **Params:**
```json
{
    "batch_size": 164,
    "learning_rate": 0.04200249287184766,
    "momentum": 0.16559514147091875,
    "weight_decay": 0.059717225012018926,
    "num_layers": 2,
    "max_units": 285,
    "dropout": 0.7612654656668524
}
```
**Reasoning:** This trial has a relatively high learning rate and moderate momentum, which can help in escaping local minima. The number of layers (2) is minimal but effective for simpler models, and the dropout value is quite high to prevent overfitting.

### Recommendation 3:
- **Number:** 1975
- **Params:**
```json
{
    "batch_size": 40,
    "learning_rate": 0.0009269788588407484,
    "momentum": 0.6294143647913284,
    "weight_decay": 0.0624529982768402,
    "num_layers": 4,
    "max_units": 76,
    "dropout": 0.3857753853080127
}
```
**Reasoning:** This trial has a very low learning rate, which can be beneficial for fine-tuning and convergence in complex models. The high momentum value helps in accelerating the training process towards the minimum. The number of layers (4) is higher but manageable with careful tuning, and the dropout value is moderate to balance regularization.

These recommendations are based on the performance trends observed from previous trials and aim to explore promising regions of the hyperparameter space that have shown potential for better model performance.
- [difflib] amnbious matches: ['batch_size:454_learning_rate:0.00389807613502906_momentum:0.27269115996334625_weight_decay:0.05107428003940984_num_layers:3_max_units:553_dropout:0.2711996365207163'], raw output: batch_size:454_learning_rate:0.00389807613502906_momentum:0.27269115996334625_weight_decay:0.05107428003940984_num_layers:3_max_units:553_dropout:0.2711996365207163_
- [difflib] amnbious matches: ['batch_size:164_learning_rate:0.04200249287184766_momentum:0.16559514147091875_weight_decay:0.059717225012018926_num_layers:2_max_units:285_dropout:0.7612654656668524'], raw output: batch_size:164_learning_rate:0.04200249287184766_momentum:0.16559514147091875_weight_decay:0.059717225012018926_num_layers:2_max_units:285_dropout:0.7612654656668524_
- [difflib] amnbious matches: ['batch_size:40_learning_rate:0.0009269788588407484_momentum:0.6294143647913284_weight_decay:0.0624529982768402_num_layers:4_max_units:76_dropout:0.3857753853080127'], raw output: batch_size:40_learning_rate:0.0009269788588407484_momentum:0.6294143647913284_weight_decay:0.0624529982768402_num_layers:4_max_units:76_dropout:0.3857753853080127_
Number of trials: 3 -> 3, 
Error_trials: [] is non-empty. 
Repeated_trials: 0 is non-empty. 
 []
^^^^^^^^^^^^^^^^^^^^^^^^^^^^^^^^^^^^^^^^^^^^^^^^^^qwen2.5:14b: Round: 15, Failed: 0^^^^^^^^^^^^^^^^^^^^^^^^^^^^^^^^^^^^^^^^^^^^^^^^^^
vvvvvvvvvvvvvvvvvvvvvvvvvvvvvvvvvvvvvvvvvvvvvvvvvv[INFO] Round [18][2000], Failed: [0]/[3]vvvvvvvvvvvvvvvvvvvvvvvvvvvvvvvvvvvvvvvvvvvvvvvvvv
{'description': "You are a Senior Computer Vision Researcher specializing in neural networks. 'nan' denotes unknown data. Provide professional and detailed answers for Fashion-MNIST classification.", 'model': 'neural network', 'task': 'Image Classification on Fashion-MNIST', 'basic_idea': 'Leverage neural networks to extract spatial features from Fashion-MNIST images (28x28x1) and classify them into 10 categories.', 'instruction': 'Design, implement, and optimize the model for Fashion-MNIST classification under limited computational trials.'}
18-find_trials-analyse-cognitive: ### Task 1: Analyze Current Task

The current task involves designing, implementing, and optimizing a neural network model for the Fashion-MNIST image classification dataset. The objective is to achieve high accuracy by leveraging spatial feature extraction from 28x28 grayscale images across 10 categories.

### Task 2: Analysis of Completed Trials

#### Step 1: Summarize Performance Metrics for Completed Trials
The trials exhibit a wide range of validation accuracies, with the lowest being around 55% and the highest reaching over 84%. The majority of configurations fall between 60-75%, indicating significant room for optimization.

#### Step 2: Evaluate Performance Trends for Hyperparameters

1. **Batch Size**: 
   - Smaller batch sizes (e.g., 31, 40) tend to perform better than larger ones (e.g., 490).
   - Batch size does not show a clear monotonic relationship with accuracy; however, smaller batches seem more effective in achieving higher validation accuracies.

2. **Learning Rate**:
   - Lower learning rates generally yield better results compared to higher values.
   - The optimal range appears to be around 0.001-0.01, with some configurations showing improved performance at even lower rates (e.g., 0.0001).

3. **Momentum**:
   - Moderate momentum values (around 0.2-0.5) seem to work well.
   - Higher momentum values can lead to oscillations and instability in training, while very low momentum may slow down convergence.

4. **Weight Decay**:
   - A moderate weight decay value around 0.03-0.08 appears optimal for most configurations.
   - Excessive weight decay (e.g., 0.1) can hinder learning by overly penalizing large weights, while too little (e.g., 0.005) may not regularize the model sufficiently.

5. **Number of Layers**:
   - Models with fewer layers (2-3) tend to perform better than those with more layers.
   - A single-layer configuration can also achieve high accuracy under certain conditions, suggesting that depth alone is not a decisive factor for performance.

6. **Max Units per Layer**:
   - Moderate unit counts (e.g., 109-513) generally yield the best results.
   - Extremely large or small unit counts may lead to overfitting or underfitting respectively, indicating that there is an optimal range of units for each layer.

7. **Dropout Rate**:
   - Moderate dropout rates (e.g., 0.2-0.5) are effective in preventing overfitting.
   - Very high dropout rates can hinder learning by excessively reducing the number of active neurons, while very low dropout may not provide sufficient regularization.

#### Step 3: Highlight Promising Hyperparameter Combinations

**Top-performing configurations**:
1. **Trial 1987**: 
   - Batch Size: 31
   - Learning Rate: 0.05659724412014916
   - Momentum: 0.3432385729619786
   - Weight Decay: 0.02238775474279114
   - Number of Layers: 1
   - Max Units per Layer: 115
   - Dropout Rate: 0.4294566641264662

2. **Trial 1988**: 
   - Batch Size: 20
   - Learning Rate: 0.00201849284995381
   - Momentum: 0.842987128055932
   - Weight Decay: 0.0268391281639566
   - Number of Layers: 2
   - Max Units per Layer: 896
   - Dropout Rate: 0.43162799901159155

3. **Trial 1997**: 
   - Batch Size: 166
   - Learning Rate: 0.037966280954296834
   - Momentum: 0.4964137828331017
   - Weight Decay: 0.017773569131463184
   - Number of Layers: 3
   - Max Units per Layer: 236
   - Dropout Rate: 0.36345372331369563

**Common Trends in Top-performing Configurations**:
- **Moderate Batch Sizes**: Smaller batch sizes (e.g., 20, 31) tend to perform better.
- **Optimal Learning Rates and Momentum Values**: Lower learning rates with moderate momentum values are effective.
- **Balanced Regularization**: Moderate weight decay and dropout rates prevent overfitting without hindering learning.
- **Simpler Architectures**: Fewer layers (2-3) or even a single layer can achieve high accuracy, suggesting that depth is not the sole determinant of performance.

These insights suggest focusing on configurations with smaller batch sizes, moderate learning rates and momentum values, balanced regularization techniques, and simpler network architectures for further optimization.
18-find_trials-cognitive: Based on the analysis from Task 1, we can identify several promising trials that have shown good performance trends and potential for further optimization. Here are three recommendations:

### Recommendation 1:
- **Number:** 1973
- **Params:**
```json
{
    "batch_size": 16,
    "learning_rate": 0.002441187893682329,
    "momentum": 0.5312407517145417,
    "weight_decay": 0.023515117417148245,
    "num_layers": 3,
    "max_units": 519,
    "dropout": 0.7420999425759608
}
```
**Reasoning:** This trial has a relatively low learning rate and moderate weight decay, which suggests it might be in a stable region of the hyperparameter space. The high number of layers (3) combined with a large max_units value indicates potential for deeper network exploration without overfitting due to the dropout setting.

### Recommendation 2:
- **Number:** 1974
- **Params:**
```json
{
    "batch_size": 129,
    "learning_rate": 0.00012419994100247786,
    "momentum": 0.21033715943093514,
    "weight_decay": 0.09684557985973082,
    "num_layers": 1,
    "max_units": 317,
    "dropout": 0.510790899538214
}
```
**Reasoning:** This trial has a very low learning rate and high weight decay, which might indicate it is in an area of the hyperparameter space that requires careful tuning to avoid overfitting or underfitting. The single layer with a large max_units value suggests potential for further exploration of simpler network architectures.

### Recommendation 3:
- **Number:** 1979
- **Params:**
```json
{
    "batch_size": 38,
    "learning_rate": 0.022985901281510627,
    "momentum": 0.29366423187877494,
    "weight_decay": 0.09143109305552369,
    "num_layers": 2,
    "max_units": 334,
    "dropout": 0.48147678427585816
}
```
**Reasoning:** This trial has a moderate learning rate and weight decay, which suggests it might be in an optimal region for balancing model complexity and performance. The two layers with a reasonable max_units value indicate potential for further exploration of intermediate network architectures.

These recommendations are based on the trends observed from previous trials and aim to explore promising regions of the hyperparameter space that could lead to improved performance.
- [difflib] amnbious matches: ['batch_size:16_learning_rate:0.002441187893682329_momentum:0.5312407517145417_weight_decay:0.023515117417148245_num_layers:3_max_units:519_dropout:0.7420999425759608'], raw output: batch_size:16_learning_rate:0.002441187893682329_momentum:0.5312407517145417_weight_decay:0.023515117417148245_num_layers:3_max_units:519_dropout:0.7420999425759608_
- [difflib] amnbious matches: ['batch_size:129_learning_rate:0.00012419994100247786_momentum:0.21033715943093514_weight_decay:0.09684557985973082_num_layers:1_max_units:317_dropout:0.510790899538214'], raw output: batch_size:129_learning_rate:0.00012419994100247786_momentum:0.21033715943093514_weight_decay:0.09684557985973082_num_layers:1_max_units:317_dropout:0.510790899538214_
- [difflib] amnbious matches: ['batch_size:38_learning_rate:0.022985901281510627_momentum:0.29366423187877494_weight_decay:0.09143109305552369_num_layers:2_max_units:334_dropout:0.48147678427585816'], raw output: batch_size:38_learning_rate:0.022985901281510627_momentum:0.29366423187877494_weight_decay:0.09143109305552369_num_layers:2_max_units:334_dropout:0.48147678427585816_
Number of trials: 3 -> 3, 
Error_trials: [] is non-empty. 
Repeated_trials: 0 is non-empty. 
 []
^^^^^^^^^^^^^^^^^^^^^^^^^^^^^^^^^^^^^^^^^^^^^^^^^^qwen2.5:14b: Round: 18, Failed: 0^^^^^^^^^^^^^^^^^^^^^^^^^^^^^^^^^^^^^^^^^^^^^^^^^^
vvvvvvvvvvvvvvvvvvvvvvvvvvvvvvvvvvvvvvvvvvvvvvvvvv[INFO] Round [21][2000], Failed: [0]/[3]vvvvvvvvvvvvvvvvvvvvvvvvvvvvvvvvvvvvvvvvvvvvvvvvvv
{'description': "You are a Senior Computer Vision Researcher specializing in neural networks. 'nan' denotes unknown data. Provide professional and detailed answers for Fashion-MNIST classification.", 'model': 'neural network', 'task': 'Image Classification on Fashion-MNIST', 'basic_idea': 'Leverage neural networks to extract spatial features from Fashion-MNIST images (28x28x1) and classify them into 10 categories.', 'instruction': 'Design, implement, and optimize the model for Fashion-MNIST classification under limited computational trials.'}
21-find_trials-analyse-cognitive: ### Task 1: Analyze Current Task

The current task involves designing, implementing, and optimizing a neural network model for the Fashion-MNIST image classification dataset. The objective is to achieve high accuracy by leveraging spatial feature extraction techniques suitable for 28x28 grayscale images across 10 categories.

### Task 2: Analysis of Completed Trials

#### Step 1: Summarize Performance Metrics for Completed Trials
The trials exhibit a wide range of validation accuracies, from 55.2% to 84.49%. The top-performing configurations consistently achieve accuracies above 80%, with the highest accuracy being 84.49%.

#### Step 2: Evaluate Performance Trends for Hyper-parameters

**Batch Size:** 
- Smaller batch sizes (e.g., 16, 31) tend to perform better than larger ones (e.g., 454, 490).
- Batch size does not show a clear trend but smaller values generally yield higher accuracy.

**Learning Rate:**
- Lower learning rates (e.g., around 0.002) often result in better performance compared to higher rates.
- Learning rates between 0.001 and 0.03 tend to perform well, with the optimal range being closer to 0.002.

**Momentum:**
- Higher momentum values (e.g., around 0.84) can improve accuracy but are not consistently better than moderate values.
- Momentum between 0.1 and 0.8 generally performs well, with no clear trend indicating a specific optimal range.

**Weight Decay:**
- Lower weight decay values (e.g., around 0.02 to 0.05) tend to yield higher accuracy compared to higher values.
- Weight decay in the range of 0.01 to 0.09 performs well, with lower values generally better than higher ones.

**Number of Layers:**
- Models with fewer layers (e.g., 1 or 2) often outperform those with more layers (e.g., 4).
- A single layer model can achieve high accuracy if other hyperparameters are optimized correctly.

**Max Units per Layer:**
- Higher unit counts (e.g., around 500 to 896) tend to perform better than lower values.
- Unit count between 300 and 800 generally performs well, with higher values often yielding better results.

**Dropout Rate:**
- Moderate dropout rates (e.g., around 0.4 to 0.7) tend to improve model performance compared to very low or high dropout rates.
- Dropout rates in the range of 0.3 to 0.8 generally perform well, with moderate values often better than extremes.

#### Step 3: Highlight Promising Hyper-parameter Combinations

**Top-performing Configurations:**
1. **Batch Size:** Small (e.g., 16, 20)
2. **Learning Rate:** Low (e.g., around 0.002)
3. **Momentum:** Moderate to High (e.g., 0.5 to 0.84)
4. **Weight Decay:** Low (e.g., around 0.02 to 0.05)
5. **Number of Layers:** Fewer layers (1 or 2)
6. **Max Units per Layer:** Higher units (300-896)
7. **Dropout Rate:** Moderate (e.g., 0.4 to 0.7)

**Promising Trends:**
- Models with fewer layers and higher unit counts tend to perform well.
- Smaller batch sizes combined with moderate learning rates yield better accuracy.
- Lower weight decay values improve model performance, especially when dropout is used effectively.

These insights suggest that focusing on smaller batch sizes, lower learning rates, moderate momentum, low weight decay, fewer layers, higher units per layer, and moderate dropout can lead to improved performance in the Fashion-MNIST classification task.
21-find_trials-cognitive: Based on the analysis from Task 1, we can identify several promising trials that have shown good performance trends and potential for further optimization. Here are three recommendations:

### Recommendation 1:
- **Number:** 1972
- **Params:**
```json
{
    "batch_size": 29,
    "learning_rate": 0.005890550617117782,
    "momentum": 0.8308498173270186,
    "weight_decay": 0.029978187475344812,
    "num_layers": 3,
    "max_units": 80,
    "dropout": 0.2650753665543889
}
```
**Reasoning:** This trial has a relatively low learning rate and high momentum, which can help in navigating through complex loss landscapes effectively. The moderate weight decay value helps prevent overfitting while allowing the model to learn intricate patterns. Additionally, the small number of units (max_units) suggests that this configuration might be efficient for capturing essential features without overcomplicating the model.

### Recommendation 2:
- **Number:** 1977
- **Params:**
```json
{
    "batch_size": 305,
    "learning_rate": 0.036679398021341604,
    "momentum": 0.17473834535032015,
    "weight_decay": 0.08004435916795632,
    "num_layers": 4,
    "max_units": 530,
    "dropout": 0.03750063491149769
}
```
**Reasoning:** This trial has a higher learning rate and moderate momentum, which can help in faster convergence during the initial stages of training. The high number of units (max_units) suggests that this configuration might be capable of capturing more complex patterns in the data. Additionally, the low dropout value indicates minimal regularization, allowing the model to potentially learn more detailed features.

### Recommendation 3:
- **Number:** 1982
- **Params:**
```json
{
    "batch_size": 150,
    "learning_rate": 0.003679744126557601,
    "momentum": 0.1251410583624418,
    "weight_decay": 0.0716631841579152,
    "num_layers": 2,
    "max_units": 622,
    "dropout": 0.4127169435572027
}
```
**Reasoning:** This trial has a moderate learning rate and low momentum, which can help in achieving stable convergence during training. The high number of units (max_units) suggests that this configuration might be capable of capturing intricate patterns in the data. Additionally, the higher dropout value helps prevent overfitting by introducing randomness and simplifying the model.

These recommendations are based on a balanced approach to hyperparameter tuning, considering both performance trends and potential for further optimization within the given search space.
- [difflib] amnbious matches: ['batch_size:29_learning_rate:0.005890550617117782_momentum:0.8308498173270186_weight_decay:0.029978187475344812_num_layers:3_max_units:80_dropout:0.2650753665543889'], raw output: batch_size:29_learning_rate:0.005890550617117782_momentum:0.8308498173270186_weight_decay:0.029978187475344812_num_layers:3_max_units:80_dropout:0.2650753665543889_
- [difflib] amnbious matches: ['batch_size:305_learning_rate:0.036679398021341604_momentum:0.17473834535032015_weight_decay:0.08004435916795632_num_layers:4_max_units:530_dropout:0.03750063491149769'], raw output: batch_size:305_learning_rate:0.036679398021341604_momentum:0.17473834535032015_weight_decay:0.08004435916795632_num_layers:4_max_units:530_dropout:0.03750063491149769_
- [difflib] amnbious matches: ['batch_size:150_learning_rate:0.003679744126557601_momentum:0.1251410583624418_weight_decay:0.0716631841579152_num_layers:2_max_units:622_dropout:0.4127169435572027'], raw output: batch_size:150_learning_rate:0.003679744126557601_momentum:0.1251410583624418_weight_decay:0.0716631841579152_num_layers:2_max_units:622_dropout:0.4127169435572027_
Number of trials: 3 -> 3, 
Error_trials: [] is non-empty. 
Repeated_trials: 0 is non-empty. 
 []
^^^^^^^^^^^^^^^^^^^^^^^^^^^^^^^^^^^^^^^^^^^^^^^^^^qwen2.5:14b: Round: 21, Failed: 0^^^^^^^^^^^^^^^^^^^^^^^^^^^^^^^^^^^^^^^^^^^^^^^^^^
vvvvvvvvvvvvvvvvvvvvvvvvvvvvvvvvvvvvvvvvvvvvvvvvvv[INFO] Round [24][2000], Failed: [0]/[3]vvvvvvvvvvvvvvvvvvvvvvvvvvvvvvvvvvvvvvvvvvvvvvvvvv
{'description': "You are a Senior Computer Vision Researcher specializing in neural networks. 'nan' denotes unknown data. Provide professional and detailed answers for Fashion-MNIST classification.", 'model': 'neural network', 'task': 'Image Classification on Fashion-MNIST', 'basic_idea': 'Leverage neural networks to extract spatial features from Fashion-MNIST images (28x28x1) and classify them into 10 categories.', 'instruction': 'Design, implement, and optimize the model for Fashion-MNIST classification under limited computational trials.'}
24-find_trials-analyse-cognitive: ### Task 1: Analyze Current Task

The current task involves designing, implementing, and optimizing a neural network model for the Fashion-MNIST image classification dataset. The objective is to achieve high validation accuracy with limited computational trials. Key hyperparameters include batch size, learning rate, momentum, weight decay, number of layers, maximum units per layer, and dropout rate.

### Task 2: Analysis of Completed Trials

#### Step 1: Summarize Performance Metrics for Completed Trials
The completed trials exhibit a wide range of validation accuracies from 55.20% to 84.40%. The top-performing configurations consistently achieve accuracies above 80%, with the highest accuracy being 84.40%.

#### Step 2: Evaluate Performance Trends for Hyper-parameters

1. **Batch Size**: 
   - Smaller batch sizes (e.g., 16, 30) tend to perform better than larger ones (e.g., 295, 310).
   - Batch size does not show a clear monotonic relationship with accuracy; however, smaller batches often yield higher accuracies.

2. **Learning Rate**:
   - Higher learning rates (e.g., 0.04, 0.05) generally perform better than lower ones (e.g., 0.008).
   - Learning rates around 0.03 to 0.05 seem optimal for achieving high accuracy.

3. **Momentum**:
   - Higher momentum values (e.g., 0.8, 0.9) tend to improve performance compared to lower ones.
   - Momentum in the range of 0.4 to 0.8 often yields better results.

4. **Weight Decay**:
   - Lower weight decay values (e.g., 0.017, 0.023) generally perform better than higher ones (e.g., 0.09).
   - Weight decay in the range of 0.01 to 0.04 is optimal for most configurations.

5. **Number of Layers**:
   - Models with fewer layers (1 or 2) tend to outperform those with more layers (3, 4).
   - A single layer model can achieve high accuracy if other hyperparameters are well-tuned.

6. **Maximum Units per Layer**:
   - Higher maximum units (e.g., 500-600) do not necessarily lead to better performance; in fact, they often result in lower accuracies.
   - Optimal ranges for max units vary but tend to be around 100-300.

7. **Dropout Rate**:
   - Moderate dropout rates (e.g., 0.25, 0.4) generally yield better results than very low or high rates.
   - Dropout rates between 0.2 and 0.6 are optimal for most configurations.

#### Step 3: Highlight Promising Hyper-parameter Combinations

**Top-performing Configurations**:
- **Batch Size**: 16, 30
- **Learning Rate**: 0.02 to 0.05
- **Momentum**: 0.4 to 0.8
- **Weight Decay**: 0.01 to 0.04
- **Number of Layers**: 1 or 2
- **Max Units per Layer**: 60 to 300
- **Dropout Rate**: 0.25 to 0.4

These configurations consistently achieve high validation accuracies, indicating a balance between model complexity and regularization. Further trials should focus on refining these ranges to identify the optimal hyperparameter settings for maximum performance.

### Insights:
1. Smaller batch sizes tend to improve generalization.
2. Higher learning rates are beneficial but must be balanced with momentum and weight decay.
3. Fewer layers often yield better results, suggesting simpler models can achieve high accuracy if other parameters are well-tuned.
4. Moderate dropout rates help prevent overfitting without excessively reducing model capacity.

By focusing on these promising configurations, future trials can efficiently explore the hyperparameter space to further optimize performance.
24-find_trials-cognitive: Based on the analysis from Task 1, we can identify several promising trials that show potential for further optimization. Here are three recommendations:

### Recommendation 1:
**Number:** 1965  
**Params:**
```json
{
    "batch_size": 378,
    "learning_rate": 0.0024633520444752643,
    "momentum": 0.9593159299280853,
    "weight_decay": 0.023132352453007633,
    "num_layers": 3,
    "max_units": 296,
    "dropout": 0.05656887935870625
}
```
**Reasoning:** Trial 1965 has a relatively low learning rate and high momentum, which can help in fine-tuning the model parameters effectively. The weight decay value is also quite small, indicating minimal regularization to avoid overfitting. Additionally, it uses three layers with moderate units and dropout, balancing complexity and generalization.

### Recommendation 2:
**Number:** 1968  
**Params:**
```json
{
    "batch_size": 477,
    "learning_rate": 0.0018723686142138518,
    "momentum": 0.15603697543864903,
    "weight_decay": 0.045417693872676274,
    "num_layers": 1,
    "max_units": 82,
    "dropout": 0.6276252863276511
}
```
**Reasoning:** Trial 1968 has a small learning rate and moderate momentum, which can help in achieving stable convergence. The weight decay is also relatively low to prevent overfitting. It uses only one layer with fewer units but higher dropout, suggesting it might be effective for simpler models that require robust regularization.

### Recommendation 3:
**Number:** 1970  
**Params:**
```json
{
    "batch_size": 66,
    "learning_rate": 0.001176698102336868,
    "momentum": 0.48658368246989436,
    "weight_decay": 0.09854723631038233,
    "num_layers": 1,
    "max_units": 666,
    "dropout": 0.749954966501362
}
```
**Reasoning:** Trial 1970 has a small learning rate and moderate momentum, which can help in achieving stable convergence with high regularization (high weight decay). It uses only one layer but with many units and high dropout, suggesting it might be effective for models that require fewer layers but more complex unit configurations.

These trials are selected based on their performance trends and the potential to explore under-explored regions of the search space while maintaining a balance between model complexity and regularization.
- [difflib] amnbious matches: ['batch_size:37_learning_rate:0.00019555667978210612_momentum:0.9593159299280853_weight_decay:0.023132352453007633_num_layers:1_max_units:195_dropout:0.7755646521239984'], raw output: batch_size:378_learning_rate:0.0024633520444752644_momentum:0.9593159299280853_weight_decay:0.023132352453007633_num_layers:3_max_units:296_dropout:0.05656887935870625_
- [difflib] amnbious matches: ['batch_size:477_learning_rate:0.0018723686142138518_momentum:0.15603697543864903_weight_decay:0.045417693872676274_num_layers:1_max_units:82_dropout:0.6276252863276511'], raw output: batch_size:477_learning_rate:0.0018723686142138518_momentum:0.15603697543864903_weight_decay:0.045417693872676274_num_layers:1_max_units:82_dropout:0.6276252863276511_
- [difflib] amnbious matches: ['batch_size:66_learning_rate:0.001176698102336868_momentum:0.48658368246989436_weight_decay:0.09854723631038233_num_layers:1_max_units:666_dropout:0.749954966501362'], raw output: batch_size:66_learning_rate:0.001176698102336868_momentum:0.48658368246989436_weight_decay:0.09854723631038233_num_layers:1_max_units:666_dropout:0.749954966501362_
Number of trials: 3 -> 3, 
Error_trials: [] is non-empty. 
Repeated_trials: 0 is non-empty. 
 []
^^^^^^^^^^^^^^^^^^^^^^^^^^^^^^^^^^^^^^^^^^^^^^^^^^qwen2.5:14b: Round: 24, Failed: 0^^^^^^^^^^^^^^^^^^^^^^^^^^^^^^^^^^^^^^^^^^^^^^^^^^
vvvvvvvvvvvvvvvvvvvvvvvvvvvvvvvvvvvvvvvvvvvvvvvvvv[INFO] Round [27][2000], Failed: [0]/[3]vvvvvvvvvvvvvvvvvvvvvvvvvvvvvvvvvvvvvvvvvvvvvvvvvv
{'description': "You are a Senior Computer Vision Researcher specializing in neural networks. 'nan' denotes unknown data. Provide professional and detailed answers for Fashion-MNIST classification.", 'model': 'neural network', 'task': 'Image Classification on Fashion-MNIST', 'basic_idea': 'Leverage neural networks to extract spatial features from Fashion-MNIST images (28x28x1) and classify them into 10 categories.', 'instruction': 'Design, implement, and optimize the model for Fashion-MNIST classification under limited computational trials.'}
27-find_trials-analyse-cognitive: ### Task 1: Analyze Current Task

The current task involves designing, implementing, and optimizing a neural network model for the Fashion-MNIST image classification dataset. The objective is to achieve high accuracy with limited computational trials by carefully tuning hyperparameters such as batch size, learning rate, momentum, weight decay, number of layers, maximum units per layer, and dropout rates.

### Task 2: Analysis of Completed Trials

#### Step 1: Summarize Performance Metrics for Completed Trials
The validation accuracies range from a low of 55.20% to a high of 84.03%. The majority of the trials fall within the 70-82% accuracy range, with several configurations achieving over 80%.

#### Step 2: Evaluate Performance Trends for Hyperparameters

1. **Batch Size**: 
   - Smaller batch sizes (e.g., 29, 31) tend to perform better than larger ones (e.g., 69, 295).
   - Batch size does not show a clear monotonic relationship with accuracy; however, smaller batches seem to yield higher accuracies in many cases.

2. **Learning Rate**:
   - Higher learning rates (0.07398) can lead to better performance but also risk overfitting or instability.
   - Lower learning rates (e.g., 0.001176, 0.002463) tend to stabilize training and achieve high accuracy.

3. **Momentum**:
   - Moderate momentum values (around 0.4-0.5) seem to work well.
   - Higher momentum values can help in faster convergence but may also cause instability if too high.

4. **Weight Decay**:
   - Lower weight decay values (e.g., 0.0231, 0.0299) tend to perform better than higher ones (e.g., 0.0716).
   - Weight decay helps in regularization but should be carefully tuned.

5. **Number of Layers and Units**:
   - Fewer layers (1-2) often outperform deeper networks.
   - Moderate unit counts per layer (around 80-334 units) tend to yield better results compared to very high or low values.

6. **Dropout Rate**:
   - Higher dropout rates (e.g., 0.749, 0.761) can improve generalization but should be balanced with other hyperparameters.
   - Moderate dropout rates (around 0.5-0.6) also show promising results.

#### Step 3: Highlight Promising Hyperparameter Combinations

**Top-performing configurations**:
- **Trial 1987**: Batch size = 31, Learning rate = 0.056597, Momentum = 0.343238, Weight decay = 0.022387, Layers = 1, Units = 115, Dropout = 0.429
- **Trial 1986**: Batch size = 69, Learning rate = 0.073987, Momentum = 0.428268, Weight decay = 0.045718, Layers = 4, Units = 81, Dropout = 0.585
- **Trial 1981**: Batch size = 378, Learning rate = 0.002463, Momentum = 0.959315, Weight decay = 0.023132, Layers = 3, Units = 296, Dropout = 0.056
- **Trial 1980**: Batch size = 164, Learning rate = 0.042002, Momentum = 0.165595, Weight decay = 0.059717, Layers = 2, Units = 285, Dropout = 0.761
- **Trial 1973**: Batch size = 29, Learning rate = 0.005890, Momentum = 0.830849, Weight decay = 0.029978, Layers = 3, Units = 80, Dropout = 0.265

**Key Insights**:
- **Batch Size**: Smaller batch sizes (e.g., 29-31) tend to yield higher accuracy.
- **Learning Rate and Momentum**: Moderate learning rates combined with moderate momentum values often result in better performance.
- **Weight Decay**: Lower weight decay values help prevent overfitting while maintaining model complexity.
- **Network Architecture**: Fewer layers (1-2) with moderate unit counts per layer (80-334 units) generally perform well.
- **Dropout Rate**: Moderate to high dropout rates can improve generalization but should be balanced.

These insights suggest that a combination of smaller batch sizes, moderate learning and momentum values, lower weight decay, fewer layers with moderate unit counts, and appropriate dropout rates is likely to yield the best performance.
27-find_trials-cognitive: Based on the analysis from Task 1, we can identify several promising trials that show potential for further optimization. Here are three recommendations:

### Recommendation 1:
**Number:** 1965  
**Params:**
```json
{
    "batch_size": 69,
    "learning_rate": 0.0001788140604519203,
    "momentum": 0.10168826838725037,
    "weight_decay": 0.05039034032601648,
    "num_layers": 1,
    "max_units": 672,
    "dropout": 0.7029009211760336
}
```
**Reasoning:** This trial has a relatively low learning rate and weight decay, which can help in fine-tuning the model without causing instability. The single layer architecture with high max units suggests it might be focusing on capturing complex patterns effectively.

### Recommendation 2:
**Number:** 1990  
**Params:**
```json
{
    "batch_size": 368,
    "learning_rate": 0.0007619522238776456,
    "momentum": 0.15251754393468603,
    "weight_decay": 0.0014932534536087187,
    "num_layers": 3,
    "max_units": 296,
    "dropout": 0.05656887935870625
}
```
**Reasoning:** This trial has a low learning rate and weight decay, which can help in stabilizing the training process. The three-layer architecture with moderate max units suggests it might be balancing complexity and generalization well.

### Recommendation 3:
**Number:** 1994  
**Params:**
```json
{
    "batch_size": 215,
    "learning_rate": 0.08720189293398417,
    "momentum": 0.12244940476127698,
    "weight_decay": 0.026564663695399254,
    "num_layers": 2,
    "max_units": 387,
    "dropout": 0.5175433825508995
}
```
**Reasoning:** This trial has a relatively high learning rate and moderate weight decay, which can help in faster convergence while avoiding overfitting due to the dropout value. The two-layer architecture with high max units suggests it might be capturing important features effectively.

These recommendations are based on balancing hyperparameters that have shown potential for better performance in previous trials.
- [difflib] amnbious matches: ['batch_size:69_learning_rate:0.0001788140604519203_momentum:0.10168826838725037_weight_decay:0.05039034032601648_num_layers:1_max_units:672_dropout:0.7029009211760336'], raw output: batch_size:69_learning_rate:0.0001788140604519203_momentum:0.10168826838725037_weight_decay:0.05039034032601648_num_layers:1_max_units:672_dropout:0.7029009211760336_
- [difflib] amnbious matches: ['batch_size:368_learning_rate:0.0007619522238776456_momentum:0.15251754393468603_weight_decay:0.0014932534536087187_num_layers:3_max_units:296_dropout:0.05656887935870625'], raw output: batch_size:368_learning_rate:0.0007619522238776456_momentum:0.15251754393468603_weight_decay:0.0014932534536087187_num_layers:3_max_units:296_dropout:0.05656887935870625_
- [difflib] amnbious matches: ['batch_size:215_learning_rate:0.08720189293398417_momentum:0.12244940476127698_weight_decay:0.026564663695399254_num_layers:2_max_units:387_dropout:0.5175433825508995'], raw output: batch_size:215_learning_rate:0.08720189293398417_momentum:0.12244940476127698_weight_decay:0.026564663695399254_num_layers:2_max_units:387_dropout:0.5175433825508995_
Number of trials: 3 -> 3, 
Error_trials: [] is non-empty. 
Repeated_trials: 0 is non-empty. 
 []
^^^^^^^^^^^^^^^^^^^^^^^^^^^^^^^^^^^^^^^^^^^^^^^^^^qwen2.5:14b: Round: 27, Failed: 0^^^^^^^^^^^^^^^^^^^^^^^^^^^^^^^^^^^^^^^^^^^^^^^^^^
vvvvvvvvvvvvvvvvvvvvvvvvvvvvvvvvvvvvvvvvvvvvvvvvvv[INFO] Round [30][2000], Failed: [0]/[3]vvvvvvvvvvvvvvvvvvvvvvvvvvvvvvvvvvvvvvvvvvvvvvvvvv
{'description': "You are a Senior Computer Vision Researcher specializing in neural networks. 'nan' denotes unknown data. Provide professional and detailed answers for Fashion-MNIST classification.", 'model': 'neural network', 'task': 'Image Classification on Fashion-MNIST', 'basic_idea': 'Leverage neural networks to extract spatial features from Fashion-MNIST images (28x28x1) and classify them into 10 categories.', 'instruction': 'Design, implement, and optimize the model for Fashion-MNIST classification under limited computational trials.'}
30-find_trials-analyse-cognitive: ### Task 1: Analyze Current Task

The current task involves designing, implementing, and optimizing a neural network model for the Fashion-MNIST image classification dataset. The objective is to achieve high accuracy by leveraging spatial feature extraction techniques suitable for 28x28 grayscale images with 10 distinct categories.

### Task 2: Analysis of Completed Trials

#### Step 1: Summarize Performance Metrics for Completed Trials
The trials exhibit a wide range of validation accuracies, from approximately 55% to over 83%. The highest accuracy achieved is 82.98%, while the lowest is around 55%.

#### Step 2: Evaluate Performance Trends for Hyper-parameters

**Batch Size**: 
- Smaller batch sizes (e.g., 29, 31) tend to perform better than larger ones (e.g., 477).
- Batch size does not show a clear trend but smaller values seem more effective.

**Learning Rate**:
- Higher learning rates (0.0566 - 0.0872) generally yield higher accuracies, suggesting that aggressive updates can be beneficial.
- Lower learning rates (e.g., 0.0018) also perform well but not as consistently high as moderate to high values.

**Momentum**:
- Moderate momentum values (around 0.4 - 0.5) seem to work better than very low or very high values.
- High momentum values (e.g., 0.83) can be effective in some cases, but not universally.

**Weight Decay**:
- Lower weight decay values (e.g., 0.00149) tend to perform well, indicating that regularization might be less necessary for this dataset.
- Higher weight decay values (e.g., 0.09143) can also work but are not as consistent.

**Number of Layers and Units**:
- Models with fewer layers (1 or 2) often outperform those with more layers, suggesting that simplicity might be beneficial.
- The number of units per layer varies widely, but models with moderate unit counts (e.g., 672, 387) tend to perform well.

#### Step 3: Highlight Promising Hyper-parameter Combinations

**Top-performing Configurations**:
1. **Batch Size**: Small values like 29 and 31.
2. **Learning Rate**: Moderate to high values (0.02 - 0.08).
3. **Momentum**: Values around 0.4 - 0.5, with some success at higher values (e.g., 0.83).
4. **Weight Decay**: Lower values (e.g., 0.00149) are generally better.
5. **Number of Layers and Units**: Models with fewer layers (1 or 2) tend to perform well, especially when combined with moderate unit counts.

**Promising Trends**:
- Smaller batch sizes can lead to faster convergence and potentially higher accuracy.
- Moderate learning rates coupled with high momentum values seem effective in achieving good performance.
- Lower weight decay values indicate that regularization might not be necessary for this dataset.
- Simpler architectures (fewer layers) often outperform more complex ones, suggesting that overfitting is less of an issue.

These insights suggest focusing on configurations with smaller batch sizes, moderate learning rates and momentum, lower weight decay, and simpler network structures to achieve optimal performance.
30-find_trials-cognitive: Based on the analysis from Task 1, we can identify several promising trials that show potential for further optimization. Here are three recommendations:

### Recommendation 1:
**Number:** 1964  
**Params:**
```json
{
    "batch_size": 361,
    "learning_rate": 0.00023498107689928478,
    "momentum": 0.7953508613532566,
    "weight_decay": 0.09183871553228967,
    "num_layers": 3,
    "max_units": 152,
    "dropout": 0.8163652023822562
}
```
**Reasoning:** This trial has a relatively low learning rate and high momentum, which can help in navigating through complex loss landscapes more effectively. The moderate weight decay value helps prevent overfitting while allowing the model to learn intricate patterns from the data.

### Recommendation 2:
**Number:** 1967  
**Params:**
```json
{
    "batch_size": 37,
    "learning_rate": 0.00016709320216412132,
    "momentum": 0.24270678962174952,
    "weight_decay": 0.018997528982235213,
    "num_layers": 2,
    "max_units": 214,
    "dropout": 0.11074744751601684
}
```
**Reasoning:** This trial has a very low learning rate and minimal weight decay, which can be beneficial for fine-tuning the model parameters. The small batch size combined with dropout helps in reducing overfitting by introducing randomness during training.

### Recommendation 3:
**Number:** 1969  
**Params:**
```json
{
    "batch_size": 210,
    "learning_rate": 0.00153151277630178,
    "momentum": 0.11845150231073465,
    "weight_decay": 0.057255512934847166,
    "num_layers": 3,
    "max_units": 381,
    "dropout": 0.3508613301197677
}
```
**Reasoning:** This trial has a balanced set of hyperparameters, with a moderate learning rate and weight decay that can help in achieving good generalization performance. The dropout value is also reasonable for preventing overfitting while allowing the model to learn complex patterns.

These recommendations are based on the trends observed from previous trials, focusing on configurations that have shown potential for better performance or stability during training.
- [difflib] amnbious matches: ['batch_size:361_learning_rate:0.00023498107689928478_momentum:0.7953508613532566_weight_decay:0.09183871553228967_num_layers:3_max_units:152_dropout:0.8163652023822562'], raw output: batch_size:361_learning_rate:0.00023498107689928478_momentum:0.7953508613532566_weight_decay:0.09183871553228967_num_layers:3_max_units:152_dropout:0.8163652023822562_
- [difflib] amnbious matches: ['batch_size:37_learning_rate:0.00016709320216412132_momentum:0.24270678962174952_weight_decay:0.018997528982235213_num_layers:2_max_units:214_dropout:0.11074744751601684'], raw output: batch_size:37_learning_rate:0.00016709320216412132_momentum:0.24270678962174952_weight_decay:0.018997528982235213_num_layers:2_max_units:214_dropout:0.11074744751601684_
- [difflib] amnbious matches: ['batch_size:210_learning_rate:0.00153151277630178_momentum:0.11845150231073465_weight_decay:0.057255512934847166_num_layers:3_max_units:381_dropout:0.3508613301197677'], raw output: batch_size:210_learning_rate:0.00153151277630178_momentum:0.11845150231073465_weight_decay:0.057255512934847166_num_layers:3_max_units:381_dropout:0.3508613301197677_
Number of trials: 3 -> 3, 
Error_trials: [] is non-empty. 
Repeated_trials: 0 is non-empty. 
 []
^^^^^^^^^^^^^^^^^^^^^^^^^^^^^^^^^^^^^^^^^^^^^^^^^^qwen2.5:14b: Round: 30, Failed: 0^^^^^^^^^^^^^^^^^^^^^^^^^^^^^^^^^^^^^^^^^^^^^^^^^^
vvvvvvvvvvvvvvvvvvvvvvvvvvvvvvvvvvvvvvvvvvvvvvvvvv[INFO] Round [33][2000], Failed: [0]/[3]vvvvvvvvvvvvvvvvvvvvvvvvvvvvvvvvvvvvvvvvvvvvvvvvvv
{'description': "You are a Senior Computer Vision Researcher specializing in neural networks. 'nan' denotes unknown data. Provide professional and detailed answers for Fashion-MNIST classification.", 'model': 'neural network', 'task': 'Image Classification on Fashion-MNIST', 'basic_idea': 'Leverage neural networks to extract spatial features from Fashion-MNIST images (28x28x1) and classify them into 10 categories.', 'instruction': 'Design, implement, and optimize the model for Fashion-MNIST classification under limited computational trials.'}
33-find_trials-analyse-cognitive: ### Task 1: Analyze Current Task

The current task involves designing, implementing, and optimizing a neural network model for the Fashion-MNIST image classification dataset. The objective is to achieve high accuracy by leveraging spatial feature extraction techniques suitable for 28x28 grayscale images with 10 distinct categories.

### Task 2: Analysis of Completed Trials

#### Step 1: Summarize Performance Metrics for Completed Trials
The trials exhibit a wide range of validation accuracies, from approximately 55% to over 81%. The highest accuracy achieved is around 81.6%, indicating significant progress in model optimization.

#### Step 2: Evaluate Performance Trends for Hyper-parameters

**Batch Size:**
- Smaller batch sizes (e.g., 30-47) tend to perform better, achieving accuracies above 80%.
- Larger batch sizes (e.g., 150-690) generally yield lower accuracy, with some exceptions.

**Learning Rate:**
- Lower learning rates (e.g., around 0.0002) often result in poor performance.
- Moderate to high learning rates (e.g., 0.027 - 0.074) are associated with better model performance and higher accuracy.

**Momentum:**
- Higher momentum values (e.g., above 0.3) tend to correlate with improved validation accuracy, especially when combined with moderate batch sizes.
- Lower momentum values generally result in lower accuracies unless paired with optimal learning rates.

**Weight Decay:**
- Moderate weight decay values (around 0.04 - 0.09) are associated with better performance compared to very low or high values.
- High weight decay can lead to overfitting, reducing model accuracy.

**Number of Layers and Units per Layer:**
- Models with fewer layers (1-2) tend to perform well when combined with moderate batch sizes and learning rates.
- Increasing the number of units per layer generally improves performance up to a certain point but can degrade if too high or low.

#### Step 3: Highlight Promising Hyper-parameter Combinations

**Top-performing Configurations:**
- **Batch Size:** Small (e.g., 30-47)
- **Learning Rate:** Moderate to High (e.g., 0.02 - 0.08)
- **Momentum:** Higher values (e.g., above 0.3)
- **Weight Decay:** Moderate (e.g., around 0.05 - 0.09)
- **Number of Layers and Units per Layer:** Fewer layers with moderate to high units

**Example Promising Configurations:**
1. Batch Size: 34, Learning Rate: 0.02769, Momentum: 0.447, Weight Decay: 0.04398, Layers: True (2), Units per Layer: 66
2. Batch Size: 31, Learning Rate: 0.05659, Momentum: 0.343, Weight Decay: 0.02238, Layers: 1, Units per Layer: 115

These configurations demonstrate a balance between model complexity and training efficiency, leading to high validation accuracy.

### Insights
- **Batch Size Impact:** Smaller batch sizes enable better generalization by introducing more noise during training.
- **Learning Rate Sensitivity:** Moderate learning rates allow for effective weight updates without overshooting the optimal solution.
- **Momentum Role:** Higher momentum helps in navigating through local minima and accelerating convergence towards global optima.
- **Weight Decay Moderation:** Appropriate regularization prevents overfitting while maintaining model capacity.

By focusing on these promising configurations, further optimization can be achieved to enhance performance even more.
33-find_trials-cognitive: Based on the analysis from Task 1, we can identify several promising trials that show potential for further optimization. Here are three recommendations:

### Recommendation 1:
**Number:** 1966  
**Params:**
```json
{
    "batch_size": 364,
    "learning_rate": 0.05760459613576595,
    "momentum": 0.7618805968911863,
    "weight_decay": 0.06368948899329846,
    "num_layers": 4,
    "max_units": 321,
    "dropout": 0.7010864186707801
}
```
**Reasoning:** Trial 1966 has a relatively high learning rate and momentum, which can help in escaping local minima and accelerating convergence. The weight decay value is moderate, suggesting it might balance regularization effectively. Additionally, the number of layers (4) and dropout rate (0.701) indicate a complex model with significant regularization to prevent overfitting.

### Recommendation 2:
**Number:** 1995  
**Params:**
```json
{
    "batch_size": 155,
    "learning_rate": 0.00024633520444752643,
    "momentum": 0.43817473471411583,
    "weight_decay": 0.08404347250877163,
    "num_layers": 2,
    "max_units": 325,
    "dropout": 0.635370024639694
}
```
**Reasoning:** Trial 1995 has a very low learning rate, which can be beneficial for fine-tuning and achieving better convergence in complex models. The moderate momentum value suggests it balances between exploration and exploitation effectively. Additionally, the weight decay is high, indicating strong regularization to prevent overfitting. The model architecture with two layers and significant dropout also indicates robustness against overfitting.

### Recommendation 3:
**Number:** 1971  
**Params:**
```json
{
    "batch_size": 39,
    "learning_rate": 0.027881900498758383,
    "momentum": 0.3117491706253363,
    "weight_decay": 0.06857724674517676,
    "num_layers": 1,
    "max_units": 113,
    "dropout": 0.9992073059281495
}
```
**Reasoning:** Trial 1971 has a relatively high learning rate and moderate momentum, which can help in faster convergence and escaping local minima. The weight decay value is moderate, suggesting it might balance regularization effectively. Additionally, the model architecture with only one layer but significant dropout (0.999) indicates strong regularization to prevent overfitting.

### JSON Format:
```json
[
    {"number": 1966, "params": {"batch_size": 364, "learning_rate": 0.05760459613576595, "momentum": 0.7618805968911863, "weight_decay": 0.06368948899329846, "num_layers": 4, "max_units": 321, "dropout": 0.7010864186707801}},
    {"number": 1995, "params": {"batch_size": 155, "learning_rate": 0.00024633520444752643, "momentum": 0.43817473471411583, "weight_decay": 0.08404347250877163, "num_layers": 2, "max_units": 325, "dropout": 0.635370024639694}},
    {"number": 1971, "params": {"batch_size": 39, "learning_rate": 0.027881900498758383, "momentum": 0.3117491706253363, "weight_decay": 0.06857724674517676, "num_layers": 1, "max_units": 113, "dropout": 0.9992073059281495}}
]
```
- [difflib] amnbious matches: ['batch_size:364_learning_rate:0.05760459613576595_momentum:0.7618805968911863_weight_decay:0.06368948899329846_num_layers:4_max_units:321_dropout:0.7010864186707801'], raw output: batch_size:364_learning_rate:0.05760459613576595_momentum:0.7618805968911863_weight_decay:0.06368948899329846_num_layers:4_max_units:321_dropout:0.7010864186707801_
- [difflib] amnbious matches: ['batch_size:155_learning_rate:0.00024633520444752643_momentum:0.43817473471411583_weight_decay:0.08404347250877163_num_layers:2_max_units:325_dropout:0.635370024639694'], raw output: batch_size:155_learning_rate:0.00024633520444752643_momentum:0.43817473471411583_weight_decay:0.08404347250877163_num_layers:2_max_units:325_dropout:0.635370024639694_
- [difflib] amnbious matches: ['batch_size:39_learning_rate:0.027881900498758383_momentum:0.3117491706253363_weight_decay:0.06857724674517676_num_layers:1_max_units:113_dropout:0.9992073059281495'], raw output: batch_size:39_learning_rate:0.027881900498758383_momentum:0.3117491706253363_weight_decay:0.06857724674517676_num_layers:1_max_units:113_dropout:0.9992073059281495_
Number of trials: 3 -> 3, 
Error_trials: [] is non-empty. 
Repeated_trials: 0 is non-empty. 
 []
^^^^^^^^^^^^^^^^^^^^^^^^^^^^^^^^^^^^^^^^^^^^^^^^^^qwen2.5:14b: Round: 33, Failed: 0^^^^^^^^^^^^^^^^^^^^^^^^^^^^^^^^^^^^^^^^^^^^^^^^^^
vvvvvvvvvvvvvvvvvvvvvvvvvvvvvvvvvvvvvvvvvvvvvvvvvv[INFO] Round [36][2000], Failed: [0]/[3]vvvvvvvvvvvvvvvvvvvvvvvvvvvvvvvvvvvvvvvvvvvvvvvvvv
{'description': "You are a Senior Computer Vision Researcher specializing in neural networks. 'nan' denotes unknown data. Provide professional and detailed answers for Fashion-MNIST classification.", 'model': 'neural network', 'task': 'Image Classification on Fashion-MNIST', 'basic_idea': 'Leverage neural networks to extract spatial features from Fashion-MNIST images (28x28x1) and classify them into 10 categories.', 'instruction': 'Design, implement, and optimize the model for Fashion-MNIST classification under limited computational trials.'}
36-find_trials-analyse-cognitive: ### Task 1: Analyze Current Task

The current task involves designing, implementing, and optimizing a neural network model for the Fashion-MNIST image classification dataset. The objective is to achieve high accuracy by leveraging spatial feature extraction techniques suitable for 28x28 grayscale images with 10 distinct categories.

### Task 2: Analysis of Completed Trials

#### Step 1: Summarize Performance Metrics for Completed Trials
The trials exhibit a wide range of validation accuracies, from approximately 55% to over 81%. The highest accuracy achieved is 81.9486%, while the lowest is around 55.20%.

#### Step 2: Evaluate Performance Trends for Hyper-parameters

**Batch Size:**
- Smaller batch sizes (e.g., 37, 39, 40) tend to perform better than larger ones (e.g., 155, 406).
- Batch size does not show a clear monotonic relationship with accuracy; however, smaller batches generally yield higher accuracies.

**Learning Rate:**
- Lower learning rates (e.g., around 0.0001) often result in better performance compared to higher rates.
- Extremely high learning rates (e.g., 0.07398762842527538) can lead to poor performance, indicating the importance of balancing this parameter.

**Momentum:**
- Moderate momentum values (around 0.1 - 0.4) seem to yield better results compared to very high or low values.
- High momentum (e.g., 0.6294143647913284, 0.7618805968911863) can improve performance but may also lead to instability if not balanced with other parameters.

**Weight Decay:**
- Moderate weight decay values (e.g., around 0.04 - 0.08) generally perform well.
- Very high or very low weight decay values tend to degrade model performance.

**Number of Layers and Units per Layer:**
- Models with fewer layers (1 or 2) often outperform those with more layers (3, 4).
- The number of units per layer also plays a significant role; models with moderate unit counts (e.g., around 60 - 70) tend to perform better than very high or low values.

**Dropout Rate:**
- Moderate dropout rates (around 0.3 - 0.5) generally yield the best results.
- Extremely high dropout rates can lead to underfitting, while very low rates may result in overfitting.

#### Step 3: Highlight Promising Hyper-parameter Combinations

**Top-performing Configurations:**
1. **Trial 1971:** 
   - Batch Size: 39
   - Learning Rate: 0.027881900498758383
   - Momentum: 0.3117491706253363
   - Weight Decay: 0.06857724674517676
   - Layers: 1
   - Units per Layer: 113
   - Dropout Rate: 0.9992073059281495

2. **Trial 1982:** 
   - Batch Size: 150
   - Learning Rate: 0.003679744126557601
   - Momentum: 0.1251410583624418
   - Weight Decay: 0.0716631841579152
   - Layers: 2
   - Units per Layer: 622
   - Dropout Rate: 0.4127169435572027

3. **Trial 1975:** 
   - Batch Size: 40
   - Learning Rate: 0.0009269788588407484
   - Momentum: 0.6294143647913284
   - Weight Decay: 0.0624529982768402
   - Layers: 4
   - Units per Layer: 76
   - Dropout Rate: 0.3857753853080127

**Common Trends in Top-performing Configurations:**
- Smaller batch sizes (e.g., 39, 40).
- Moderate learning rates (around 0.0036 - 0.0278).
- Balanced momentum values (around 0.125 - 0.629).
- Moderate weight decay (around 0.062 - 0.072).
- Fewer layers (1 or 2) with moderate unit counts.
- Moderate dropout rates (around 0.385 - 0.413).

These configurations suggest that a balanced approach to hyperparameters, particularly in terms of batch size, learning rate, momentum, and weight decay, is crucial for achieving high accuracy on the Fashion-MNIST dataset.
36-find_trials-cognitive: Based on the analysis from Task 1, we can identify several promising trials that have shown good performance trends and potential for further optimization. Here are three recommendations:

### Recommendation 1:
- **Number:** 1958
- **Params:**
```json
{
    "batch_size": 68,
    "learning_rate": 0.006429705379057127,
    "momentum": 0.862647495885412,
    "weight_decay": 0.09868595159739037,
    "num_layers": 4,
    "max_units": 164,
    "dropout": 0.9210013201080003
}
```
**Reasoning:** Trial 1958 has a high learning rate and momentum, which can help in escaping local minima and accelerating convergence. The weight decay is also relatively high to prevent overfitting. Additionally, the dropout value is quite high (0.92), indicating aggressive regularization. This combination of parameters seems promising for further exploration.

### Recommendation 2:
- **Number:** 1956
- **Params:**
```json
{
    "batch_size": 149,
    "learning_rate": 0.016472279880777704,
    "momentum": 0.45785600794276426,
    "weight_decay": 0.005173667371961281,
    "num_layers": 2,
    "max_units": 268,
    "dropout": 0.8147241284965092
}
```
**Reasoning:** Trial 1956 has a high learning rate and moderate momentum, which can help in faster convergence while maintaining stability. The weight decay is relatively low, suggesting that the model might be less prone to overfitting. Additionally, the dropout value is quite high (0.81), indicating strong regularization. This combination of parameters seems promising for further exploration.

### Recommendation 3:
- **Number:** 1957
- **Params:**
```json
{
    "batch_size": 28,
    "learning_rate": 0.0009844398625793373,
    "momentum": 0.5768573002863628,
    "weight_decay": 0.08442276903416131,
    "num_layers": 2,
    "max_units": 67,
    "dropout": 0.3193626936877997
}
```
**Reasoning:** Trial 1957 has a low learning rate and moderate momentum, which can help in fine-tuning the model parameters effectively. The weight decay is relatively high (0.084), suggesting that the model might be well-regularized to prevent overfitting. Additionally, the dropout value is moderate (0.32), indicating balanced regularization. This combination of parameters seems promising for further exploration.

### JSON Format:
```json
[
    {"number": 1958, "params": {"batch_size": 68, "learning_rate": 0.006429705379057127, "momentum": 0.862647495885412, "weight_decay": 0.09868595159739037, "num_layers": 4, "max_units": 164, "dropout": 0.9210013201080003}},
    {"number": 1956, "params": {"batch_size": 149, "learning_rate": 0.016472279880777704, "momentum": 0.45785600794276426, "weight_decay": 0.005173667371961281, "num_layers": 2, "max_units": 268, "dropout": 0.8147241284965092}},
    {"number": 1957, "params": {"batch_size": 28, "learning_rate": 0.0009844398625793373, "momentum": 0.5768573002863628, "weight_decay": 0.08442276903416131, "num_layers": 2, "max_units": 67, "dropout": 0.3193626936877997}}
]
```
- [difflib] amnbious matches: ['batch_size:68_learning_rate:0.006429705379057127_momentum:0.862647495885412_weight_decay:0.09868595159739037_num_layers:4_max_units:164_dropout:0.9210013201080003'], raw output: batch_size:68_learning_rate:0.006429705379057127_momentum:0.862647495885412_weight_decay:0.09868595159739037_num_layers:4_max_units:164_dropout:0.9210013201080003_
- [difflib] amnbious matches: ['batch_size:149_learning_rate:0.016472279880777704_momentum:0.45785600794276426_weight_decay:0.005173667371961281_num_layers:2_max_units:268_dropout:0.8147241284965092'], raw output: batch_size:149_learning_rate:0.016472279880777704_momentum:0.45785600794276426_weight_decay:0.005173667371961281_num_layers:2_max_units:268_dropout:0.8147241284965092_
- [difflib] amnbious matches: ['batch_size:28_learning_rate:0.0009844398625793373_momentum:0.5768573002863628_weight_decay:0.08442276903416131_num_layers:2_max_units:67_dropout:0.3193626936877997'], raw output: batch_size:28_learning_rate:0.0009844398625793373_momentum:0.5768573002863628_weight_decay:0.08442276903416131_num_layers:2_max_units:67_dropout:0.3193626936877997_
Number of trials: 3 -> 3, 
Error_trials: [] is non-empty. 
Repeated_trials: 0 is non-empty. 
 []
^^^^^^^^^^^^^^^^^^^^^^^^^^^^^^^^^^^^^^^^^^^^^^^^^^qwen2.5:14b: Round: 36, Failed: 0^^^^^^^^^^^^^^^^^^^^^^^^^^^^^^^^^^^^^^^^^^^^^^^^^^
vvvvvvvvvvvvvvvvvvvvvvvvvvvvvvvvvvvvvvvvvvvvvvvvvv[INFO] Round [39][2000], Failed: [0]/[3]vvvvvvvvvvvvvvvvvvvvvvvvvvvvvvvvvvvvvvvvvvvvvvvvvv
{'description': "You are a Senior Computer Vision Researcher specializing in neural networks. 'nan' denotes unknown data. Provide professional and detailed answers for Fashion-MNIST classification.", 'model': 'neural network', 'task': 'Image Classification on Fashion-MNIST', 'basic_idea': 'Leverage neural networks to extract spatial features from Fashion-MNIST images (28x28x1) and classify them into 10 categories.', 'instruction': 'Design, implement, and optimize the model for Fashion-MNIST classification under limited computational trials.'}
39-find_trials-analyse-cognitive: ### Task 1: Analyze Current Task

The current task involves designing, implementing, and optimizing a neural network model for the Fashion-MNIST image classification dataset. The objective is to achieve high accuracy by leveraging spatial feature extraction techniques on 28x28 grayscale images across 10 categories.

### Task 2: Analysis of Completed Trials

#### Step 1: Summarize Performance Metrics for Completed Trials
The trials exhibit a wide range of validation accuracies, from approximately 55% to over 85%. The highest accuracy achieved is 85.61%, while the lowest is around 55%.

#### Step 2: Evaluate Performance Trends for Hyper-parameters

**Batch Size**: 
- Smaller batch sizes (e.g., 30-40) tend to perform well, achieving high accuracies like 78.55% and 76.44%. However, larger batch sizes can also yield good results, such as 81.24% with a batch size of 149.
- There is no clear trend indicating that smaller or larger batch sizes are universally better; performance varies widely.

**Learning Rate**: 
- Lower learning rates (e.g., around 0.0001) often result in higher accuracy, such as 76.44% and 85.62%. However, some trials with moderate learning rates (around 0.03) also achieve high accuracies like 78.55%.
- Higher learning rates can lead to lower performance if not properly tuned.

**Momentum**: 
- Moderate momentum values (e.g., around 0.1-0.2) generally yield better results, such as 76.44% and 78.55%. However, higher momentum values like 0.86 can also achieve high accuracy if other parameters are well-tuned.
- Momentum seems to play a significant role in stabilizing training but requires careful tuning.

**Weight Decay**: 
- Lower weight decay values (e.g., around 0.01) often result in better performance, such as 75.44% and 85.62%. Higher weight decay can lead to overfitting or underfitting depending on other hyperparameters.
- Weight decay needs to be balanced carefully with learning rate and momentum.

**Number of Layers**: 
- Models with fewer layers (1 layer) tend to perform well, achieving high accuracies like 78.54% and 76.44%. However, models with more layers can also achieve good results if properly tuned.
- The number of layers seems less critical compared to other hyperparameters but still impacts performance.

**Number of Units per Layer**: 
- Smaller numbers of units (e.g., around 100) often yield better results, such as 78.54% and 76.44%. However, larger numbers can also achieve high accuracy if properly tuned.
- The number of units needs to be balanced with the complexity of the model.

**Dropout Rate**: 
- Moderate dropout rates (e.g., around 0.3-0.7) tend to perform well, achieving high accuracies like 81.24% and 76.44%. Higher or lower dropout rates can lead to overfitting or underfitting.
- Dropout is crucial for preventing overfitting but requires careful tuning.

#### Step 3: Highlight Promising Hyper-parameter Combinations

**Top-performing Configurations**:
- **Trial 1958**: Batch size = 68, Learning rate = 0.0064, Momentum = 0.8626, Weight decay = 0.0987, Layers = 4, Units per layer = 164, Dropout = 0.9210 (Accuracy: 85.62%)
- **Trial 1956**: Batch size = 149, Learning rate = 0.0165, Momentum = 0.4579, Weight decay = 0.0052, Layers = 2, Units per layer = 268, Dropout = 0.8147 (Accuracy: 85.62%)
- **Trial 1968**: Batch size = 477, Learning rate = 0.0019, Momentum = 0.1560, Weight decay = 0.0454, Layers = 1, Units per layer = 82, Dropout = 0.6276 (Accuracy: 78.54%)

**Common Trends in Top-performing Configurations**:
- Moderate to high momentum values.
- Balanced weight decay and learning rate settings.
- Smaller batch sizes tend to perform well but larger ones can also achieve good results if tuned properly.
- Moderate dropout rates are effective for preventing overfitting.

These configurations provide a solid foundation for further optimization and experimentation.
####################################################################################################
39-find_trials-stop-cognitive: 
    Completed trials:

    [{'number': 820, 'params': {'batch_size': '494', 'learning_rate': '0.0009728868244350338', 'momentum': '0.5242654373897977', 'weight_decay': '0.006555437986605685', 'num_layers': '3', 'max_units': '213', 'dropout': '0.19608926533204352'}, 'validation accuracy': 63.19292068481445}, {'number': 1444, 'params': {'batch_size': '277', 'learning_rate': '0.006022407145923392', 'momentum': '0.15654493893785848', 'weight_decay': '0.08602307385353301', 'num_layers': '2', 'max_units': '761', 'dropout': '0.9846267585408929'}, 'validation accuracy': 74.97738647460938}, {'number': 1535, 'params': {'batch_size': '34', 'learning_rate': '0.027694513611783437', 'momentum': '0.44739995454169945', 'weight_decay': '0.04398464850332192', 'num_layers': 'True', 'max_units': '66', 'dropout': '0.585104284168454'}, 'validation accuracy': 81.61260986328125}, {'number': 1987, 'params': {'batch_size': 31, 'learning_rate': 0.05659724412014916, 'momentum': 0.3432385729619786, 'weight_decay': 0.02238775474279114, 'num_layers': 1, 'max_units': 115, 'dropout': 0.4294566641264662}, 'validation accuracy': 81.25080871582031}, {'number': 1986, 'params': {'batch_size': 69, 'learning_rate': 0.07398762842527538, 'momentum': 0.42826868724651623, 'weight_decay': 0.045718681860068396, 'num_layers': 4, 'max_units': 81, 'dropout': 0.585054414268562}, 'validation accuracy': 78.9959945678711}, {'number': 1988, 'params': {'batch_size': 20, 'learning_rate': 0.00201849284995381, 'momentum': 0.842987128055932, 'weight_decay': 0.0268391281639566, 'num_layers': 2, 'max_units': 896, 'dropout': 0.43162799901159155}, 'validation accuracy': 84.48766326904297}, {'number': 1997, 'params': {'batch_size': 166, 'learning_rate': 0.037966280954296834, 'momentum': 0.4964137828331017, 'weight_decay': 0.017773569131463184, 'num_layers': 3, 'max_units': 236, 'dropout': 0.36345372331369563}, 'validation accuracy': 84.40367126464844}, {'number': 1985, 'params': {'batch_size': 406, 'learning_rate': 0.030200237998715577, 'momentum': 0.10464546515347424, 'weight_decay': 0.09189442017921046, 'num_layers': 4, 'max_units': 513, 'dropout': 0.012144466454216518}, 'validation accuracy': 73.91781616210938}, {'number': 1984, 'params': {'batch_size': 295, 'learning_rate': 0.008779398962515663, 'momentum': 0.26638848354568195, 'weight_decay': 0.030964958869527374, 'num_layers': 2, 'max_units': 635, 'dropout': 0.24323664062969996}, 'validation accuracy': 82.54296112060547}, {'number': 1983, 'params': {'batch_size': 36, 'learning_rate': 0.00025813520648253045, 'momentum': 0.4024689924917636, 'weight_decay': 0.07563397781656633, 'num_layers': 4, 'max_units': 84, 'dropout': 0.13311399580790562}, 'validation accuracy': 55.20093154907226}, {'number': 1993, 'params': {'batch_size': 98, 'learning_rate': 0.003649481164554704, 'momentum': 0.7358882129370595, 'weight_decay': 0.09186574894289257, 'num_layers': 4, 'max_units': 109, 'dropout': 0.8291542222582079}, 'validation accuracy': 68.71688842773439}, {'number': 1996, 'params': {'batch_size': 490, 'learning_rate': 0.009033933337892193, 'momentum': 0.36498221426319816, 'weight_decay': 0.06642147260734924, 'num_layers': 4, 'max_units': 237, 'dropout': 0.7280610421070669}, 'validation accuracy': 58.85127258300781}, {'params': {'batch_size': 195, 'learning_rate': 0.016578021991466383, 'momentum': 0.21759528863785083, 'weight_decay': 0.0743226851586795, 'num_layers': 1, 'max_units': 65, 'dropout': 0.1264930200200618}, 'validation accuracy': 82.94999694824219, 'number': 1989}, {'params': {'batch_size': 460, 'learning_rate': 0.000970679187264114, 'momentum': 0.10831280722274315, 'weight_decay': 0.04399929984181338, 'num_layers': 2, 'max_units': 711, 'dropout': 0.04374660218549853}, 'validation accuracy': 70.44837951660156, 'number': 1998}, {'params': {'batch_size': 78, 'learning_rate': 0.00014839130432528938, 'momentum': 0.19991922142779964, 'weight_decay': 0.08419571302959351, 'num_layers': 3, 'max_units': 931, 'dropout': 0.30906916669678}, 'validation accuracy': 59.20015335083008, 'number': 1978}, {'params': {'batch_size': 454, 'learning_rate': 0.00389807613502906, 'momentum': 0.27269115996334625, 'weight_decay': 0.05107428003940984, 'num_layers': 3, 'max_units': 553, 'dropout': 0.2711996365207163}, 'validation accuracy': 72.95516204833984, 'number': 1976}, {'params': {'batch_size': 164, 'learning_rate': 0.04200249287184766, 'momentum': 0.16559514147091875, 'weight_decay': 0.059717225012018926, 'num_layers': 2, 'max_units': 285, 'dropout': 0.7612654656668524}, 'validation accuracy': 81.97441864013672, 'number': 1980}, {'params': {'batch_size': 40, 'learning_rate': 0.0009269788588407484, 'momentum': 0.6294143647913284, 'weight_decay': 0.0624529982768402, 'num_layers': 4, 'max_units': 76, 'dropout': 0.3857753853080127}, 'validation accuracy': 74.73833465576172, 'number': 1975}, {'params': {'batch_size': 16, 'learning_rate': 0.002441187893682329, 'momentum': 0.5312407517145417, 'weight_decay': 0.023515117417148245, 'num_layers': 3, 'max_units': 519, 'dropout': 0.7420999425759608}, 'validation accuracy': 83.71882629394531, 'number': 1973}, {'params': {'batch_size': 129, 'learning_rate': 0.00012419994100247786, 'momentum': 0.21033715943093514, 'weight_decay': 0.09684557985973082, 'num_layers': 1, 'max_units': 317, 'dropout': 0.510790899538214}, 'validation accuracy': 72.28324127197266, 'number': 1974}, {'params': {'batch_size': 38, 'learning_rate': 0.022985901281510627, 'momentum': 0.29366423187877494, 'weight_decay': 0.09143109305552369, 'num_layers': 2, 'max_units': 334, 'dropout': 0.48147678427585816}, 'validation accuracy': 81.10867309570312, 'number': 1979}, {'params': {'batch_size': 29, 'learning_rate': 0.005890550617117782, 'momentum': 0.8308498173270186, 'weight_decay': 0.029978187475344812, 'num_layers': 3, 'max_units': 80, 'dropout': 0.2650753665543889}, 'validation accuracy': 82.22638702392578, 'number': 1972}, {'params': {'batch_size': 305, 'learning_rate': 0.036679398021341604, 'momentum': 0.17473834535032015, 'weight_decay': 0.08004435916795632, 'num_layers': 4, 'max_units': 530, 'dropout': 0.03750063491149769}, 'validation accuracy': 73.82090759277344, 'number': 1977}, {'params': {'batch_size': 150, 'learning_rate': 0.003679744126557601, 'momentum': 0.1251410583624418, 'weight_decay': 0.0716631841579152, 'num_layers': 2, 'max_units': 622, 'dropout': 0.4127169435572027}, 'validation accuracy': 80.15247344970703, 'number': 1982}, {'params': {'batch_size': 378, 'learning_rate': 0.0024633520444752644, 'momentum': 0.9593159299280853, 'weight_decay': 0.023132352453007633, 'num_layers': 3, 'max_units': 296, 'dropout': 0.05656887935870625}, 'validation accuracy': 84.03540802001953, 'number': 1981}, {'params': {'batch_size': 477, 'learning_rate': 0.0018723686142138518, 'momentum': 0.15603697543864903, 'weight_decay': 0.045417693872676274, 'num_layers': 1, 'max_units': 82, 'dropout': 0.6276252863276511}, 'validation accuracy': 78.54373931884766, 'number': 1968}, {'params': {'batch_size': 66, 'learning_rate': 0.001176698102336868, 'momentum': 0.48658368246989436, 'weight_decay': 0.09854723631038233, 'num_layers': 1, 'max_units': 666, 'dropout': 0.749954966501362}, 'validation accuracy': 82.33621978759766, 'number': 1970}, {'params': {'batch_size': 69, 'learning_rate': 0.0001788140604519203, 'momentum': 0.10168826838725037, 'weight_decay': 0.05039034032601648, 'num_layers': 1, 'max_units': 672, 'dropout': 0.7029009211760336}, 'validation accuracy': 76.44398498535156, 'number': 1965}, {'params': {'batch_size': 368, 'learning_rate': 0.0007619522238776456, 'momentum': 0.15251754393468603, 'weight_decay': 0.0014932534536087187, 'num_layers': 3, 'max_units': 296, 'dropout': 0.05656887935870625}, 'validation accuracy': 60.42770385742188, 'number': 1990}, {'params': {'batch_size': 215, 'learning_rate': 0.08720189293398417, 'momentum': 0.12244940476127698, 'weight_decay': 0.026564663695399254, 'num_layers': 2, 'max_units': 387, 'dropout': 0.5175433825508995}, 'validation accuracy': 82.9822998046875, 'number': 1994}, {'params': {'batch_size': 361, 'learning_rate': 0.00023498107689928478, 'momentum': 0.7953508613532566, 'weight_decay': 0.09183871553228967, 'num_layers': 3, 'max_units': 152, 'dropout': 0.8163652023822562}, 'validation accuracy': 60.40832138061523, 'number': 1964}, {'params': {'batch_size': 37, 'learning_rate': 0.00016709320216412132, 'momentum': 0.24270678962174952, 'weight_decay': 0.018997528982235213, 'num_layers': 2, 'max_units': 214, 'dropout': 0.11074744751601684}, 'validation accuracy': 75.43610382080078, 'number': 1967}, {'params': {'batch_size': 210, 'learning_rate': 0.00153151277630178, 'momentum': 0.11845150231073465, 'weight_decay': 0.057255512934847166, 'num_layers': 3, 'max_units': 381, 'dropout': 0.3508613301197677}, 'validation accuracy': 69.19498443603516, 'number': 1969}, {'number': 1966, 'params': {'batch_size': 364, 'learning_rate': 0.05760459613576595, 'momentum': 0.7618805968911863, 'weight_decay': 0.06368948899329846, 'num_layers': 4, 'max_units': 321, 'dropout': 0.7010864186707801}, 'validation accuracy': 78.55020141601562}, {'number': 1995, 'params': {'batch_size': 155, 'learning_rate': 0.00024633520444752643, 'momentum': 0.43817473471411583, 'weight_decay': 0.08404347250877163, 'num_layers': 2, 'max_units': 325, 'dropout': 0.635370024639694}, 'validation accuracy': 71.01692962646484}, {'number': 1971, 'params': {'batch_size': 39, 'learning_rate': 0.027881900498758383, 'momentum': 0.3117491706253363, 'weight_decay': 0.06857724674517676, 'num_layers': 1, 'max_units': 113, 'dropout': 0.9992073059281495}, 'validation accuracy': 81.94857025146484}, {'number': 1958, 'params': {'batch_size': 68, 'learning_rate': 0.006429705379057127, 'momentum': 0.862647495885412, 'weight_decay': 0.09868595159739037, 'num_layers': 4, 'max_units': 164, 'dropout': 0.9210013201080003}, 'validation accuracy': 67.68962097167969}, {'number': 1956, 'params': {'batch_size': 149, 'learning_rate': 0.016472279880777704, 'momentum': 0.45785600794276426, 'weight_decay': 0.005173667371961281, 'num_layers': 2, 'max_units': 268, 'dropout': 0.8147241284965092}, 'validation accuracy': 85.61829376220703}, {'number': 1957, 'params': {'batch_size': 28, 'learning_rate': 0.0009844398625793373, 'momentum': 0.5768573002863628, 'weight_decay': 0.08442276903416131, 'num_layers': 2, 'max_units': 67, 'dropout': 0.3193626936877997}, 'validation accuracy': 81.23788452148438}]

    The following **Search Space** contains **unexplored** trials.

    [{'number': 0, 'params': {'batch_size': 71, 'learning_rate': 0.0018243300267253295, 'momentum': 0.21325193168301043, 'weight_decay': 0.020472816917443872, 'num_layers': 3, 'max_units': 293, 'dropout': 0.025926231827891333}}, {'number': 1, 'params': {'batch_size': 457, 'learning_rate': 0.01239328605026128, 'momentum': 0.16411425552061212, 'weight_decay': 0.09762768273307641, 'num_layers': 4, 'max_units': 950, 'dropout': 0.5472322491757223}}, {'number': 2, 'params': {'batch_size': 352, 'learning_rate': 0.0002103633313740744, 'momentum': 0.39125038484728947, 'weight_decay': 0.05298643804566024, 'num_layers': 1, 'max_units': 623, 'dropout': 0.3319798053011772}}, {'number': 3, 'params': {'batch_size': 329, 'learning_rate': 0.0004990970282009203, 'momentum': 0.10264765935201169, 'weight_decay': 0.04305257714106613, 'num_layers': 3, 'max_units': 712, 'dropout': 0.968540662820932}}, {'number': 4, 'params': {'batch_size': 16, 'learning_rate': 0.0002668905866905689, 'momentum': 0.16504588833160305, 'weight_decay': 0.04185663296924015, 'num_layers': 1, 'max_units': 252, 'dropout': 0.5018745921487388}}, {'number': 5, 'params': {'batch_size': 230, 'learning_rate': 0.0031298320746735286, 'momentum': 0.1674231280918207, 'weight_decay': 0.019814305847314802, 'num_layers': 4, 'max_units': 370, 'dropout': 0.0207519493594015}}, {'number': 6, 'params': {'batch_size': 29, 'learning_rate': 0.0018222619787163098, 'momentum': 0.304304450022221, 'weight_decay': 0.0012879536509149588, 'num_layers': 4, 'max_units': 230, 'dropout': 0.019475241487624584}}, {'number': 7, 'params': {'batch_size': 27, 'learning_rate': 0.00011059229929511224, 'momentum': 0.8217445949831458, 'weight_decay': 0.09007247826316006, 'num_layers': 3, 'max_units': 132, 'dropout': 0.7400496965154048}}, {'number': 8, 'params': {'batch_size': 94, 'learning_rate': 0.000849586839797424, 'momentum': 0.8983053483297235, 'weight_decay': 0.051316540059666044, 'num_layers': 1, 'max_units': 715, 'dropout': 0.7731650520792968}}, {'number': 9, 'params': {'batch_size': 302, 'learning_rate': 0.000670197472749198, 'momentum': 0.3370442147730286, 'weight_decay': 0.030598832384434244, 'num_layers': 2, 'max_units': 74, 'dropout': 0.17889592492099848}}, {'number': 10, 'params': {'batch_size': 34, 'learning_rate': 0.0012083326373602157, 'momentum': 0.16676589431281374, 'weight_decay': 0.06887572892051744, 'num_layers': 1, 'max_units': 294, 'dropout': 0.5231633414006761}}, {'number': 11, 'params': {'batch_size': 43, 'learning_rate': 0.02295918037365286, 'momentum': 0.45026558471877, 'weight_decay': 0.06375571439540315, 'num_layers': 1, 'max_units': 108, 'dropout': 0.5305867556052941}}, {'number': 12, 'params': {'batch_size': 151, 'learning_rate': 0.03603289913748951, 'momentum': 0.5582928773445519, 'weight_decay': 0.06661350573185741, 'num_layers': 1, 'max_units': 731, 'dropout': 0.5054533737348429}}, {'number': 13, 'params': {'batch_size': 22, 'learning_rate': 0.000987051220400902, 'momentum': 0.12095874942070696, 'weight_decay': 0.06720098835723386, 'num_layers': 1, 'max_units': 126, 'dropout': 0.7612497166748563}}, {'number': 14, 'params': {'batch_size': 18, 'learning_rate': 0.00041473271596757316, 'momentum': 0.11234445488510034, 'weight_decay': 0.030234166677522042, 'num_layers': 1, 'max_units': 472, 'dropout': 0.28910965978981684}}, {'number': 15, 'params': {'batch_size': 95, 'learning_rate': 0.000460400821402937, 'momentum': 0.48219961509141723, 'weight_decay': 0.016722248917974625, 'num_layers': 2, 'max_units': 534, 'dropout': 0.9469626038148141}}, {'number': 16, 'params': {'batch_size': 446, 'learning_rate': 0.001211069486194714, 'momentum': 0.5452701559306933, 'weight_decay': 0.0996456079516588, 'num_layers': 2, 'max_units': 1024, 'dropout': 0.699512049949576}}, {'number': 17, 'params': {'batch_size': 325, 'learning_rate': 0.0017111984720442413, 'momentum': 0.1308769681447354, 'weight_decay': 0.06850002474996976, 'num_layers': 1, 'max_units': 138, 'dropout': 0.5822769286725598}}, {'number': 18, 'params': {'batch_size': 199, 'learning_rate': 0.02207621519406376, 'momentum': 0.32267297759607916, 'weight_decay': 0.018277508907998345, 'num_layers': 2, 'max_units': 90, 'dropout': 0.5612396023276411}}, {'number': 19, 'params': {'batch_size': 318, 'learning_rate': 0.002281167485681001, 'momentum': 0.34668085078001776, 'weight_decay': 0.07266631192492246, 'num_layers': 4, 'max_units': 78, 'dropout': 0.2849059652276268}}, {'number': 20, 'params': {'batch_size': 148, 'learning_rate': 0.07723665217765914, 'momentum': 0.2213852737938978, 'weight_decay': 0.09917518171943783, 'num_layers': 1, 'max_units': 401, 'dropout': 0.38074848963511654}}, {'number': 21, 'params': {'batch_size': 37, 'learning_rate': 0.04084953009215733, 'momentum': 0.15283832303142064, 'weight_decay': 0.001975945928750101, 'num_layers': 2, 'max_units': 199, 'dropout': 0.44997542105079547}}, {'number': 22, 'params': {'batch_size': 18, 'learning_rate': 0.00011007090695481574, 'momentum': 0.8552092434327613, 'weight_decay': 0.042663172429735996, 'num_layers': 4, 'max_units': 82, 'dropout': 0.780100460524675}}, {'number': 23, 'params': {'batch_size': 77, 'learning_rate': 0.028294657137417915, 'momentum': 0.12908049723480972, 'weight_decay': 0.0626474585231357, 'num_layers': 2, 'max_units': 121, 'dropout': 0.30834960696491165}}, {'number': 24, 'params': {'batch_size': 198, 'learning_rate': 0.026428796663806896, 'momentum': 0.2299477876220027, 'weight_decay': 0.018663815660808696, 'num_layers': 1, 'max_units': 897, 'dropout': 0.6016142123702133}}, {'number': 25, 'params': {'batch_size': 422, 'learning_rate': 0.007248574894335152, 'momentum': 0.4799958834372459, 'weight_decay': 0.010352721126449608, 'num_layers': 3, 'max_units': 109, 'dropout': 0.4640981743044076}}, {'number': 26, 'params': {'batch_size': 105, 'learning_rate': 0.006397437038197494, 'momentum': 0.33359598456471334, 'weight_decay': 0.04639620149694875, 'num_layers': 1, 'max_units': 622, 'dropout': 0.7978990212826053}}, {'number': 27, 'params': {'batch_size': 65, 'learning_rate': 0.002244149374276339, 'momentum': 0.2007177533629145, 'weight_decay': 0.05264468843447158, 'num_layers': 2, 'max_units': 569, 'dropout': 0.05536604011186008}}, {'number': 28, 'params': {'batch_size': 37, 'learning_rate': 0.00022349669715967014, 'momentum': 0.3992362179093922, 'weight_decay': 0.01910115697134612, 'num_layers': 1, 'max_units': 417, 'dropout': 0.046095820672611754}}, {'number': 29, 'params': {'batch_size': 57, 'learning_rate': 0.00029380279387035364, 'momentum': 0.1429926236099579, 'weight_decay': 0.005817780380698264, 'num_layers': 3, 'max_units': 486, 'dropout': 0.9507143064099162}}, {'number': 30, 'params': {'batch_size': 23, 'learning_rate': 0.000958113958729467, 'momentum': 0.7167827134937558, 'weight_decay': 0.0666123604076716, 'num_layers': 2, 'max_units': 92, 'dropout': 0.6090665392794814}}, {'number': 31, 'params': {'batch_size': 288, 'learning_rate': 0.0011965545799559087, 'momentum': 0.40418405218717496, 'weight_decay': 0.03938401731331426, 'num_layers': 2, 'max_units': 504, 'dropout': 0.10479610436986975}}, {'number': 32, 'params': {'batch_size': 493, 'learning_rate': 0.002154807546828439, 'momentum': 0.2956271080678261, 'weight_decay': 0.0048617148706355225, 'num_layers': 1, 'max_units': 139, 'dropout': 0.5495447268447254}}, {'number': 33, 'params': {'batch_size': 241, 'learning_rate': 0.0008694223632297516, 'momentum': 0.8573269951183493, 'weight_decay': 0.004296116180742869, 'num_layers': 4, 'max_units': 127, 'dropout': 0.6348337060527302}}, {'number': 34, 'params': {'batch_size': 16, 'learning_rate': 0.02377402866254077, 'momentum': 0.2104041717502054, 'weight_decay': 0.08647239156515894, 'num_layers': 2, 'max_units': 140, 'dropout': 0.8915732671802584}}, {'number': 35, 'params': {'batch_size': 87, 'learning_rate': 0.0013550187134784195, 'momentum': 0.9822552926224637, 'weight_decay': 0.04082563806131638, 'num_layers': 2, 'max_units': 129, 'dropout': 0.22808310444933622}}, {'number': 36, 'params': {'batch_size': 165, 'learning_rate': 0.0007122607230141914, 'momentum': 0.881442794412852, 'weight_decay': 0.015775440175688656, 'num_layers': 4, 'max_units': 165, 'dropout': 0.04471218220294604}}, {'number': 37, 'params': {'batch_size': 276, 'learning_rate': 0.0001971757021368783, 'momentum': 0.41440459030381044, 'weight_decay': 0.005398483057648391, 'num_layers': 4, 'max_units': 114, 'dropout': 0.026117981569867332}}, {'number': 38, 'params': {'batch_size': 300, 'learning_rate': 0.00572208299154257, 'momentum': 0.3415161932390184, 'weight_decay': 0.08274735311516682, 'num_layers': 2, 'max_units': 225, 'dropout': 0.5611655402650342}}, {'number': 39, 'params': {'batch_size': 67, 'learning_rate': 0.00010612467078995534, 'momentum': 0.9219491934722743, 'weight_decay': 0.08014011178908594, 'num_layers': 3, 'max_units': 106, 'dropout': 0.3632394969650856}}, {'number': 40, 'params': {'batch_size': 21, 'learning_rate': 0.003920771109836776, 'momentum': 0.19244112648182243, 'weight_decay': 0.08626441140139345, 'num_layers': 2, 'max_units': 244, 'dropout': 0.9716559199897875}}, {'number': 41, 'params': {'batch_size': 485, 'learning_rate': 0.0011570160778242057, 'momentum': 0.6453803958305522, 'weight_decay': 0.02479247685559099, 'num_layers': 1, 'max_units': 413, 'dropout': 0.33341226601465335}}, {'number': 42, 'params': {'batch_size': 21, 'learning_rate': 0.0049873250259524805, 'momentum': 0.34888685494315713, 'weight_decay': 0.08071187328860938, 'num_layers': 2, 'max_units': 199, 'dropout': 0.23047709955172802}}, {'number': 43, 'params': {'batch_size': 56, 'learning_rate': 0.005191403038678936, 'momentum': 0.19425392812960768, 'weight_decay': 0.030887357834254597, 'num_layers': 1, 'max_units': 252, 'dropout': 0.4512059158933379}}, {'number': 44, 'params': {'batch_size': 393, 'learning_rate': 0.005256795129628643, 'momentum': 0.19085746653207322, 'weight_decay': 0.02563549297542245, 'num_layers': 1, 'max_units': 708, 'dropout': 0.15787058053479197}}, {'number': 45, 'params': {'batch_size': 44, 'learning_rate': 0.005022412773607791, 'momentum': 0.24918142084376388, 'weight_decay': 0.03794769740330442, 'num_layers': 4, 'max_units': 156, 'dropout': 0.186945816341878}}, {'number': 46, 'params': {'batch_size': 277, 'learning_rate': 0.07848366939245491, 'momentum': 0.10081614135247548, 'weight_decay': 0.09236519822037213, 'num_layers': 3, 'max_units': 728, 'dropout': 0.18134973249719977}}, {'number': 47, 'params': {'batch_size': 17, 'learning_rate': 0.007838737499163643, 'momentum': 0.19483784914142108, 'weight_decay': 0.054284600890131644, 'num_layers': 3, 'max_units': 668, 'dropout': 0.48910750796558466}}, {'number': 48, 'params': {'batch_size': 108, 'learning_rate': 0.0002878165383075272, 'momentum': 0.3146499839584153, 'weight_decay': 0.025616117103817598, 'num_layers': 3, 'max_units': 73, 'dropout': 0.3962478937053667}}, {'number': 49, 'params': {'batch_size': 58, 'learning_rate': 0.0023499546226895254, 'momentum': 0.20431050719269594, 'weight_decay': 0.03134060274614507, 'num_layers': 3, 'max_units': 333, 'dropout': 0.567098167179614}}, {'number': 50, 'params': {'batch_size': 33, 'learning_rate': 0.0008130722569367211, 'momentum': 0.14529108818057285, 'weight_decay': 0.06993438218524438, 'num_layers': 1, 'max_units': 141, 'dropout': 0.031402719502580556}}, {'number': 51, 'params': {'batch_size': 27, 'learning_rate': 0.0003831335397000994, 'momentum': 0.17787458467598738, 'weight_decay': 0.0758440549896453, 'num_layers': 4, 'max_units': 174, 'dropout': 0.13369956070006594}}, {'number': 52, 'params': {'batch_size': 105, 'learning_rate': 0.00015135396015039752, 'momentum': 0.2424330100359084, 'weight_decay': 0.021322854369848723, 'num_layers': 2, 'max_units': 428, 'dropout': 0.858856610591359}}, {'number': 53, 'params': {'batch_size': 38, 'learning_rate': 0.0067972046758128695, 'momentum': 0.19728509828669166, 'weight_decay': 0.08072714681918483, 'num_layers': 1, 'max_units': 320, 'dropout': 0.043361051161900255}}, {'number': 54, 'params': {'batch_size': 44, 'learning_rate': 0.004831110013577261, 'momentum': 0.17884717631338748, 'weight_decay': 0.010506658597674055, 'num_layers': 4, 'max_units': 168, 'dropout': 0.8090677156733267}}, {'number': 55, 'params': {'batch_size': 30, 'learning_rate': 0.056191923378250755, 'momentum': 0.6093542967601705, 'weight_decay': 0.07226320239513995, 'num_layers': 1, 'max_units': 642, 'dropout': 0.38659930304207}}, {'number': 56, 'params': {'batch_size': 23, 'learning_rate': 0.0017291948410799582, 'momentum': 0.3848412673495153, 'weight_decay': 0.0716102180913167, 'num_layers': 2, 'max_units': 281, 'dropout': 0.6843426332786874}}, {'number': 57, 'params': {'batch_size': 147, 'learning_rate': 0.0030127767476170342, 'momentum': 0.16350307050544008, 'weight_decay': 0.024405562128565244, 'num_layers': 4, 'max_units': 264, 'dropout': 0.5386209309689469}}, {'number': 58, 'params': {'batch_size': 31, 'learning_rate': 0.0005579322021036934, 'momentum': 0.6409536666614736, 'weight_decay': 0.0713463445778337, 'num_layers': 2, 'max_units': 695, 'dropout': 0.7845476041105609}}, {'number': 59, 'params': {'batch_size': 46, 'learning_rate': 0.00021425944477332305, 'momentum': 0.9080500594237033, 'weight_decay': 0.08650607470129616, 'num_layers': 1, 'max_units': 161, 'dropout': 0.81898722071885}}, {'number': 60, 'params': {'batch_size': 386, 'learning_rate': 0.00018279261421603132, 'momentum': 0.6089232860724244, 'weight_decay': 0.03262183219407854, 'num_layers': 1, 'max_units': 516, 'dropout': 0.6421955999238554}}, {'number': 61, 'params': {'batch_size': 89, 'learning_rate': 0.02889573910383204, 'momentum': 0.20891101550082536, 'weight_decay': 0.07791960797077026, 'num_layers': 1, 'max_units': 256, 'dropout': 0.4680674259481151}}, {'number': 62, 'params': {'batch_size': 41, 'learning_rate': 0.002718570428444719, 'momentum': 0.9014620589884551, 'weight_decay': 0.09974344632888135, 'num_layers': 4, 'max_units': 360, 'dropout': 0.6392307609252696}}, {'number': 63, 'params': {'batch_size': 136, 'learning_rate': 0.0006614843946985851, 'momentum': 0.3317742948623747, 'weight_decay': 0.03733124171250669, 'num_layers': 4, 'max_units': 146, 'dropout': 0.508953068645407}}, {'number': 64, 'params': {'batch_size': 31, 'learning_rate': 0.0004811497862641782, 'momentum': 0.4583353723228999, 'weight_decay': 0.058925890301792946, 'num_layers': 4, 'max_units': 97, 'dropout': 0.20709310406097314}}, {'number': 65, 'params': {'batch_size': 154, 'learning_rate': 0.0005275149197643267, 'momentum': 0.7325723684277579, 'weight_decay': 0.054749818915906835, 'num_layers': 1, 'max_units': 945, 'dropout': 0.9549013769132275}}, {'number': 66, 'params': {'batch_size': 89, 'learning_rate': 0.004926691219225841, 'momentum': 0.10373379821837014, 'weight_decay': 0.015267996936103036, 'num_layers': 1, 'max_units': 130, 'dropout': 0.2559371343116702}}, {'number': 67, 'params': {'batch_size': 31, 'learning_rate': 0.0009982433770252689, 'momentum': 0.5272994088829497, 'weight_decay': 0.06523975076457948, 'num_layers': 1, 'max_units': 145, 'dropout': 0.329020466492182}}, {'number': 68, 'params': {'batch_size': 344, 'learning_rate': 0.00010024487512855393, 'momentum': 0.7122446087182165, 'weight_decay': 0.0353386361167314, 'num_layers': 3, 'max_units': 207, 'dropout': 0.7885815668037246}}, {'number': 69, 'params': {'batch_size': 192, 'learning_rate': 0.0022506000893225673, 'momentum': 0.2459002137291761, 'weight_decay': 0.05119559574164765, 'num_layers': 3, 'max_units': 432, 'dropout': 0.6072211756219895}}, {'number': 70, 'params': {'batch_size': 35, 'learning_rate': 0.0039714596118052186, 'momentum': 0.7339510010062352, 'weight_decay': 0.07242652526317078, 'num_layers': 4, 'max_units': 747, 'dropout': 0.19068801862418294}}, {'number': 71, 'params': {'batch_size': 290, 'learning_rate': 0.020589687920336896, 'momentum': 0.19844437880185636, 'weight_decay': 0.0976337441387795, 'num_layers': 2, 'max_units': 220, 'dropout': 0.9702358519403298}}, {'number': 72, 'params': {'batch_size': 201, 'learning_rate': 0.003116182136318319, 'momentum': 0.13133823230750266, 'weight_decay': 0.0388620666830592, 'num_layers': 4, 'max_units': 147, 'dropout': 0.5671890154508847}}, {'number': 73, 'params': {'batch_size': 163, 'learning_rate': 0.02655521916586367, 'momentum': 0.36571991456531444, 'weight_decay': 0.029769273645407362, 'num_layers': 1, 'max_units': 631, 'dropout': 0.4880783992405837}}, {'number': 74, 'params': {'batch_size': 94, 'learning_rate': 0.0113718453543807, 'momentum': 0.6764832770190726, 'weight_decay': 0.03070355230502706, 'num_layers': 1, 'max_units': 69, 'dropout': 0.5706675868681398}}, {'number': 75, 'params': {'batch_size': 125, 'learning_rate': 0.005447762591766181, 'momentum': 0.6389788228409432, 'weight_decay': 0.016733177929850056, 'num_layers': 4, 'max_units': 146, 'dropout': 0.675986904372284}}, {'number': 76, 'params': {'batch_size': 26, 'learning_rate': 0.0003606784762905392, 'momentum': 0.5871743534338812, 'weight_decay': 0.04054989788762908, 'num_layers': 2, 'max_units': 600, 'dropout': 0.22829835699996648}}, {'number': 77, 'params': {'batch_size': 21, 'learning_rate': 0.004045014959331584, 'momentum': 0.11572083992194594, 'weight_decay': 0.02969048952121685, 'num_layers': 1, 'max_units': 693, 'dropout': 0.333506292479001}}, {'number': 78, 'params': {'batch_size': 27, 'learning_rate': 0.001056295315747129, 'momentum': 0.14184878897622935, 'weight_decay': 0.034525669655732116, 'num_layers': 2, 'max_units': 304, 'dropout': 0.7547808776513499}}, {'number': 79, 'params': {'batch_size': 35, 'learning_rate': 0.011447861678850372, 'momentum': 0.4793920558013711, 'weight_decay': 0.08732086492195984, 'num_layers': 1, 'max_units': 319, 'dropout': 0.0343876221032432}}, {'number': 80, 'params': {'batch_size': 132, 'learning_rate': 0.021128126674072087, 'momentum': 0.5067615129408647, 'weight_decay': 0.0365143505768509, 'num_layers': 1, 'max_units': 444, 'dropout': 0.4914264045523}}, {'number': 81, 'params': {'batch_size': 23, 'learning_rate': 0.01092626319110343, 'momentum': 0.4780620951365422, 'weight_decay': 0.09550144949880057, 'num_layers': 4, 'max_units': 180, 'dropout': 0.6584553817461534}}, {'number': 82, 'params': {'batch_size': 132, 'learning_rate': 0.0007690877840441442, 'momentum': 0.14077057671734086, 'weight_decay': 0.0022576076711707353, 'num_layers': 4, 'max_units': 214, 'dropout': 0.16906975434563642}}, {'number': 83, 'params': {'batch_size': 58, 'learning_rate': 0.021418496227292604, 'momentum': 0.6747004337575373, 'weight_decay': 0.005490025970838002, 'num_layers': 1, 'max_units': 892, 'dropout': 0.6403046199226442}}, {'number': 84, 'params': {'batch_size': 305, 'learning_rate': 0.00024156455084205103, 'momentum': 0.37440735092078964, 'weight_decay': 0.08404868726375993, 'num_layers': 3, 'max_units': 765, 'dropout': 0.07390359884225994}}, {'number': 85, 'params': {'batch_size': 31, 'learning_rate': 0.015262129588756898, 'momentum': 0.15477782214195693, 'weight_decay': 0.05731608790966122, 'num_layers': 3, 'max_units': 201, 'dropout': 0.7027744007964171}}, {'number': 86, 'params': {'batch_size': 58, 'learning_rate': 0.00010173596774178361, 'momentum': 0.6032411654463397, 'weight_decay': 0.0041856470404994656, 'num_layers': 1, 'max_units': 840, 'dropout': 0.34870740764602626}}, {'number': 87, 'params': {'batch_size': 301, 'learning_rate': 0.007807184898403156, 'momentum': 0.11394012672235652, 'weight_decay': 0.0042864605881704695, 'num_layers': 4, 'max_units': 112, 'dropout': 0.49783120979273576}}, {'number': 88, 'params': {'batch_size': 166, 'learning_rate': 0.0024031420469003, 'momentum': 0.8845339895146799, 'weight_decay': 0.09845771415181331, 'num_layers': 3, 'max_units': 360, 'dropout': 0.5129588022595625}}, {'number': 89, 'params': {'batch_size': 23, 'learning_rate': 0.03094100492221295, 'momentum': 0.25476450859535094, 'weight_decay': 0.05558350207727512, 'num_layers': 1, 'max_units': 121, 'dropout': 0.2107675745428309}}, {'number': 90, 'params': {'batch_size': 27, 'learning_rate': 0.0016756981663290204, 'momentum': 0.40632351118735327, 'weight_decay': 0.05831222960206545, 'num_layers': 3, 'max_units': 131, 'dropout': 0.7022100424924458}}, {'number': 91, 'params': {'batch_size': 177, 'learning_rate': 0.014401472828461642, 'momentum': 0.26379082295620504, 'weight_decay': 0.0980766121964777, 'num_layers': 3, 'max_units': 119, 'dropout': 0.28613933495037946}}, {'number': 92, 'params': {'batch_size': 22, 'learning_rate': 0.0014259940359422612, 'momentum': 0.18741027427134904, 'weight_decay': 0.06679956131671325, 'num_layers': 3, 'max_units': 312, 'dropout': 0.745471484885613}}, {'number': 93, 'params': {'batch_size': 91, 'learning_rate': 0.0002473178424411727, 'momentum': 0.6096803047156366, 'weight_decay': 0.05067354423288289, 'num_layers': 1, 'max_units': 364, 'dropout': 0.05753069516808973}}, {'number': 94, 'params': {'batch_size': 22, 'learning_rate': 0.017505836149365232, 'momentum': 0.24064331414898796, 'weight_decay': 0.05800871696851422, 'num_layers': 1, 'max_units': 81, 'dropout': 0.12814407203400036}}, {'number': 95, 'params': {'batch_size': 97, 'learning_rate': 0.004533635873635247, 'momentum': 0.12187098386671084, 'weight_decay': 0.044145061761745645, 'num_layers': 4, 'max_units': 107, 'dropout': 0.039962974149974184}}, {'number': 96, 'params': {'batch_size': 321, 'learning_rate': 0.0005209223655678344, 'momentum': 0.4391948404317733, 'weight_decay': 0.0790620292087031, 'num_layers': 1, 'max_units': 92, 'dropout': 0.2631448495974139}}, {'number': 97, 'params': {'batch_size': 114, 'learning_rate': 0.08336102679051316, 'momentum': 0.3266521579208375, 'weight_decay': 0.08890004307219518, 'num_layers': 1, 'max_units': 342, 'dropout': 0.2682597758139009}}, {'number': 98, 'params': {'batch_size': 25, 'learning_rate': 0.003031431376856601, 'momentum': 0.8262420543821407, 'weight_decay': 0.03799070496409469, 'num_layers': 1, 'max_units': 297, 'dropout': 0.31154436112759}}, {'number': 99, 'params': {'batch_size': 238, 'learning_rate': 0.025397522557130292, 'momentum': 0.22664386515506213, 'weight_decay': 0.09621257215653631, 'num_layers': 4, 'max_units': 636, 'dropout': 0.38114454181934154}}, {'number': 100, 'params': {'batch_size': 67, 'learning_rate': 0.0020787602449069643, 'momentum': 0.5428527442393417, 'weight_decay': 0.020264364547474163, 'num_layers': 1, 'max_units': 86, 'dropout': 0.12966085928477078}}, {'number': 101, 'params': {'batch_size': 26, 'learning_rate': 0.0005323705105407965, 'momentum': 0.2254977997993152, 'weight_decay': 0.036831350743659015, 'num_layers': 1, 'max_units': 115, 'dropout': 0.14816782846416143}}, {'number': 102, 'params': {'batch_size': 421, 'learning_rate': 0.0031535595367961087, 'momentum': 0.31659847678518843, 'weight_decay': 0.08918139889045273, 'num_layers': 4, 'max_units': 439, 'dropout': 0.08854402816348483}}, {'number': 103, 'params': {'batch_size': 212, 'learning_rate': 0.00010136908049956914, 'momentum': 0.20856341601232908, 'weight_decay': 0.009256858283927671, 'num_layers': 2, 'max_units': 64, 'dropout': 0.10873231990090226}}, {'number': 104, 'params': {'batch_size': 384, 'learning_rate': 0.013887422990136714, 'momentum': 0.14248259093514876, 'weight_decay': 0.005050903960558013, 'num_layers': 3, 'max_units': 72, 'dropout': 0.5223948976356186}}, {'number': 105, 'params': {'batch_size': 205, 'learning_rate': 0.005069426623763936, 'momentum': 0.7541091992620867, 'weight_decay': 0.00332410959205585, 'num_layers': 3, 'max_units': 233, 'dropout': 0.3399547406731225}}, {'number': 106, 'params': {'batch_size': 21, 'learning_rate': 0.013593133608185011, 'momentum': 0.320447808178111, 'weight_decay': 0.04590979144600826, 'num_layers': 1, 'max_units': 239, 'dropout': 0.8909430134480786}}, {'number': 107, 'params': {'batch_size': 42, 'learning_rate': 0.00905258603446454, 'momentum': 0.5852951207092334, 'weight_decay': 0.05981797653987896, 'num_layers': 1, 'max_units': 278, 'dropout': 0.002029799586009795}}, {'number': 108, 'params': {'batch_size': 89, 'learning_rate': 0.0010036074103087133, 'momentum': 0.7914474528836167, 'weight_decay': 0.03628955335844354, 'num_layers': 2, 'max_units': 146, 'dropout': 0.6189069652263383}}, {'number': 109, 'params': {'batch_size': 116, 'learning_rate': 0.0053365641770976024, 'momentum': 0.40156725379176833, 'weight_decay': 0.022680158239552713, 'num_layers': 1, 'max_units': 99, 'dropout': 0.14030840725258253}}, {'number': 110, 'params': {'batch_size': 372, 'learning_rate': 0.012423088000580673, 'momentum': 0.32730379173384067, 'weight_decay': 0.09521144189026237, 'num_layers': 4, 'max_units': 729, 'dropout': 0.2579716412752475}}, {'number': 111, 'params': {'batch_size': 428, 'learning_rate': 0.0009179039366632599, 'momentum': 0.25337913399827455, 'weight_decay': 0.0072628530013058076, 'num_layers': 2, 'max_units': 71, 'dropout': 0.7436438528107691}}, {'number': 112, 'params': {'batch_size': 26, 'learning_rate': 0.003082105663081136, 'momentum': 0.6367942576776476, 'weight_decay': 0.022074876866487375, 'num_layers': 1, 'max_units': 251, 'dropout': 0.5291844022508702}}, {'number': 113, 'params': {'batch_size': 152, 'learning_rate': 0.0002088719046453375, 'momentum': 0.15297785268985248, 'weight_decay': 0.024018243716772768, 'num_layers': 4, 'max_units': 103, 'dropout': 0.9211229648646226}}, {'number': 114, 'params': {'batch_size': 46, 'learning_rate': 0.002869051216585771, 'momentum': 0.6527180469278969, 'weight_decay': 0.08225999767390396, 'num_layers': 1, 'max_units': 132, 'dropout': 0.5590003536580203}}, {'number': 115, 'params': {'batch_size': 252, 'learning_rate': 0.014112220482980982, 'momentum': 0.43417369476634293, 'weight_decay': 0.024904910243281075, 'num_layers': 2, 'max_units': 131, 'dropout': 0.5852205723068482}}, {'number': 116, 'params': {'batch_size': 22, 'learning_rate': 0.01708407409901528, 'momentum': 0.6568458608079895, 'weight_decay': 0.06663755894814455, 'num_layers': 3, 'max_units': 318, 'dropout': 0.15500673495574224}}, {'number': 117, 'params': {'batch_size': 245, 'learning_rate': 0.0007034666823765379, 'momentum': 0.45829897208400977, 'weight_decay': 0.0163492555637031, 'num_layers': 3, 'max_units': 98, 'dropout': 0.19639211333133877}}, {'number': 118, 'params': {'batch_size': 286, 'learning_rate': 0.005009819120348989, 'momentum': 0.4961201266804511, 'weight_decay': 0.017752592568035956, 'num_layers': 2, 'max_units': 183, 'dropout': 0.32343457490346217}}, {'number': 119, 'params': {'batch_size': 416, 'learning_rate': 0.0004798648083688099, 'momentum': 0.4106810697499157, 'weight_decay': 0.09238652484000684, 'num_layers': 1, 'max_units': 185, 'dropout': 0.3512082175211362}}, {'number': 120, 'params': {'batch_size': 173, 'learning_rate': 0.026952807033843597, 'momentum': 0.1064238287120269, 'weight_decay': 0.0777268479902844, 'num_layers': 2, 'max_units': 221, 'dropout': 0.4740896610633508}}, {'number': 121, 'params': {'batch_size': 44, 'learning_rate': 0.022688317345271942, 'momentum': 0.3920593942866617, 'weight_decay': 0.0599523410820642, 'num_layers': 1, 'max_units': 534, 'dropout': 0.8272770816554297}}, {'number': 122, 'params': {'batch_size': 125, 'learning_rate': 0.03462074558946508, 'momentum': 0.44523283160575655, 'weight_decay': 0.07334289339664499, 'num_layers': 2, 'max_units': 126, 'dropout': 0.520846196067144}}, {'number': 123, 'params': {'batch_size': 161, 'learning_rate': 0.0026701512190773547, 'momentum': 0.8533092977857603, 'weight_decay': 0.015138785666840971, 'num_layers': 1, 'max_units': 407, 'dropout': 0.907574651630474}}, {'number': 124, 'params': {'batch_size': 19, 'learning_rate': 0.0061775056108052265, 'momentum': 0.33339889994887273, 'weight_decay': 0.07413794249084163, 'num_layers': 3, 'max_units': 135, 'dropout': 0.2268617825847583}}, {'number': 125, 'params': {'batch_size': 26, 'learning_rate': 0.006805522626970645, 'momentum': 0.7514281881951704, 'weight_decay': 0.030879336682451724, 'num_layers': 4, 'max_units': 154, 'dropout': 0.12460811922138482}}, {'number': 126, 'params': {'batch_size': 21, 'learning_rate': 0.006594949493778614, 'momentum': 0.5792231580583477, 'weight_decay': 0.04167559883991212, 'num_layers': 3, 'max_units': 271, 'dropout': 0.7092150333171126}}, {'number': 127, 'params': {'batch_size': 77, 'learning_rate': 0.0035524169252243967, 'momentum': 0.11720580885546354, 'weight_decay': 0.07583444837525416, 'num_layers': 2, 'max_units': 108, 'dropout': 0.8963154770622405}}, {'number': 128, 'params': {'batch_size': 256, 'learning_rate': 0.00011274951422912353, 'momentum': 0.9042857876946424, 'weight_decay': 0.04850728518813156, 'num_layers': 4, 'max_units': 296, 'dropout': 0.2660147223829904}}, {'number': 129, 'params': {'batch_size': 90, 'learning_rate': 0.0006997441955638454, 'momentum': 0.4212071861556482, 'weight_decay': 0.05496351893103623, 'num_layers': 1, 'max_units': 219, 'dropout': 0.785804317688174}}, {'number': 130, 'params': {'batch_size': 97, 'learning_rate': 0.04262563070348451, 'momentum': 0.898755067044244, 'weight_decay': 0.05555540382778499, 'num_layers': 4, 'max_units': 508, 'dropout': 0.0383600014459029}}, {'number': 131, 'params': {'batch_size': 431, 'learning_rate': 0.0013041344488275667, 'momentum': 0.2451272720229875, 'weight_decay': 0.08164288768196484, 'num_layers': 4, 'max_units': 710, 'dropout': 0.2905273465778796}}, {'number': 132, 'params': {'batch_size': 111, 'learning_rate': 0.061773832754296494, 'momentum': 0.30889881687318094, 'weight_decay': 0.03896611011472718, 'num_layers': 2, 'max_units': 437, 'dropout': 0.09526276615648399}}, {'number': 133, 'params': {'batch_size': 97, 'learning_rate': 0.0003518862870838049, 'momentum': 0.14323598413483887, 'weight_decay': 0.03191877578755807, 'num_layers': 3, 'max_units': 310, 'dropout': 0.1140895628049603}}, {'number': 134, 'params': {'batch_size': 333, 'learning_rate': 0.08554782205947149, 'momentum': 0.18650804987924705, 'weight_decay': 0.08743374153309354, 'num_layers': 4, 'max_units': 89, 'dropout': 0.06286346682083044}}, {'number': 135, 'params': {'batch_size': 276, 'learning_rate': 0.00028470680498242243, 'momentum': 0.3938351923899983, 'weight_decay': 0.022483824156524175, 'num_layers': 3, 'max_units': 751, 'dropout': 0.892622323831463}}, {'number': 136, 'params': {'batch_size': 20, 'learning_rate': 0.0014046213733882157, 'momentum': 0.11445455057683085, 'weight_decay': 0.05639196683599522, 'num_layers': 1, 'max_units': 949, 'dropout': 0.5052818674452129}}, {'number': 137, 'params': {'batch_size': 24, 'learning_rate': 0.0007201767460013864, 'momentum': 0.16545297686873198, 'weight_decay': 0.06568475446886227, 'num_layers': 4, 'max_units': 190, 'dropout': 0.5150474520351019}}, {'number': 138, 'params': {'batch_size': 67, 'learning_rate': 0.012701195751609773, 'momentum': 0.6413805608693659, 'weight_decay': 0.04297303022418104, 'num_layers': 4, 'max_units': 77, 'dropout': 0.549903741630228}}, {'number': 139, 'params': {'batch_size': 93, 'learning_rate': 0.026717925497814196, 'momentum': 0.20900271623333003, 'weight_decay': 0.026931304928700706, 'num_layers': 2, 'max_units': 302, 'dropout': 0.7896899748442757}}, {'number': 140, 'params': {'batch_size': 68, 'learning_rate': 0.004393972513713122, 'momentum': 0.4968468611248282, 'weight_decay': 0.02046989933008522, 'num_layers': 3, 'max_units': 677, 'dropout': 0.37789849670367137}}, {'number': 141, 'params': {'batch_size': 210, 'learning_rate': 0.0347647290185388, 'momentum': 0.6577979952283546, 'weight_decay': 0.04956553362510946, 'num_layers': 4, 'max_units': 392, 'dropout': 0.6271868490888557}}, {'number': 142, 'params': {'batch_size': 103, 'learning_rate': 0.0008742452754346709, 'momentum': 0.6531147641245376, 'weight_decay': 0.023364853852110734, 'num_layers': 2, 'max_units': 94, 'dropout': 0.25550892627413957}}, {'number': 143, 'params': {'batch_size': 63, 'learning_rate': 0.03665363099736133, 'momentum': 0.3332377762091356, 'weight_decay': 0.06022234580764636, 'num_layers': 1, 'max_units': 192, 'dropout': 0.663137073293948}}, {'number': 144, 'params': {'batch_size': 458, 'learning_rate': 0.01062801949675027, 'momentum': 0.5453856707908097, 'weight_decay': 0.016110639591485173, 'num_layers': 3, 'max_units': 312, 'dropout': 0.7185367705636856}}, {'number': 145, 'params': {'batch_size': 346, 'learning_rate': 0.007023580922147743, 'momentum': 0.17237331171852932, 'weight_decay': 0.03880744281221492, 'num_layers': 3, 'max_units': 169, 'dropout': 0.0981715035350954}}, {'number': 146, 'params': {'batch_size': 173, 'learning_rate': 0.003323175492315453, 'momentum': 0.25554933672825825, 'weight_decay': 0.07510491161596416, 'num_layers': 1, 'max_units': 73, 'dropout': 0.5779753908046407}}, {'number': 147, 'params': {'batch_size': 323, 'learning_rate': 0.016090324904513023, 'momentum': 0.1887094772170536, 'weight_decay': 0.0734786986137255, 'num_layers': 4, 'max_units': 959, 'dropout': 0.7847028874971258}}, {'number': 148, 'params': {'batch_size': 131, 'learning_rate': 0.0020050965223560226, 'momentum': 0.31241160308178545, 'weight_decay': 0.09757213815705232, 'num_layers': 1, 'max_units': 149, 'dropout': 0.9589100123196298}}, {'number': 149, 'params': {'batch_size': 427, 'learning_rate': 0.019607492594813355, 'momentum': 0.10065795566592871, 'weight_decay': 0.0357487938919233, 'num_layers': 3, 'max_units': 332, 'dropout': 0.226547421131723}}, {'number': 150, 'params': {'batch_size': 301, 'learning_rate': 0.08114148278587686, 'momentum': 0.16102735005555519, 'weight_decay': 0.05944891304798859, 'num_layers': 4, 'max_units': 222, 'dropout': 0.18893842932501292}}, {'number': 151, 'params': {'batch_size': 69, 'learning_rate': 0.0451559452396258, 'momentum': 0.4179163550915317, 'weight_decay': 0.017197895322120883, 'num_layers': 3, 'max_units': 72, 'dropout': 0.4848911684590276}}, {'number': 152, 'params': {'batch_size': 90, 'learning_rate': 0.008071042500912179, 'momentum': 0.3446369454351359, 'weight_decay': 0.03486819366145144, 'num_layers': 2, 'max_units': 220, 'dropout': 0.3660225706426885}}, {'number': 153, 'params': {'batch_size': 296, 'learning_rate': 0.0011157097970032255, 'momentum': 0.5076439255451091, 'weight_decay': 0.029318538550771562, 'num_layers': 4, 'max_units': 619, 'dropout': 0.3381167599123185}}, {'number': 154, 'params': {'batch_size': 22, 'learning_rate': 0.0002178069629426617, 'momentum': 0.12647365696151502, 'weight_decay': 0.08648840896713841, 'num_layers': 3, 'max_units': 560, 'dropout': 0.30284809990502937}}, {'number': 155, 'params': {'batch_size': 239, 'learning_rate': 0.08713378360071967, 'momentum': 0.19829631599717262, 'weight_decay': 0.0964095731547351, 'num_layers': 1, 'max_units': 942, 'dropout': 0.6928288605999772}}, {'number': 156, 'params': {'batch_size': 35, 'learning_rate': 0.0008704888203013295, 'momentum': 0.20027255255133553, 'weight_decay': 0.01402879485117989, 'num_layers': 1, 'max_units': 73, 'dropout': 0.911689574063521}}, {'number': 157, 'params': {'batch_size': 18, 'learning_rate': 0.0006057603605370951, 'momentum': 0.12681357816386366, 'weight_decay': 0.04064351761662015, 'num_layers': 3, 'max_units': 797, 'dropout': 0.3557247209151485}}, {'number': 158, 'params': {'batch_size': 27, 'learning_rate': 0.0004671985937208809, 'momentum': 0.12129958065555003, 'weight_decay': 0.09159477220591355, 'num_layers': 2, 'max_units': 105, 'dropout': 0.48956512337854274}}, {'number': 159, 'params': {'batch_size': 18, 'learning_rate': 0.0005308669117860911, 'momentum': 0.8716595411615862, 'weight_decay': 0.04148721543673431, 'num_layers': 2, 'max_units': 427, 'dropout': 0.7796446753429164}}, {'number': 160, 'params': {'batch_size': 22, 'learning_rate': 0.003999372362728451, 'momentum': 0.4357565435917533, 'weight_decay': 0.04755735521239003, 'num_layers': 4, 'max_units': 135, 'dropout': 0.7934184988802505}}, {'number': 161, 'params': {'batch_size': 50, 'learning_rate': 0.047410136832808744, 'momentum': 0.19724158875955902, 'weight_decay': 0.0589386681465274, 'num_layers': 4, 'max_units': 392, 'dropout': 0.14888319828878738}}, {'number': 162, 'params': {'batch_size': 16, 'learning_rate': 0.05434868635055214, 'momentum': 0.49898721963207054, 'weight_decay': 0.041880240596031446, 'num_layers': 2, 'max_units': 105, 'dropout': 0.2761673288469465}}, {'number': 163, 'params': {'batch_size': 55, 'learning_rate': 0.0009942288614654428, 'momentum': 0.4801979117653181, 'weight_decay': 0.029961739269793973, 'num_layers': 2, 'max_units': 378, 'dropout': 0.37365341779829664}}, {'number': 164, 'params': {'batch_size': 105, 'learning_rate': 0.08018155109732178, 'momentum': 0.13179752562365352, 'weight_decay': 0.06545242672965322, 'num_layers': 2, 'max_units': 76, 'dropout': 0.9643073486393018}}, {'number': 165, 'params': {'batch_size': 98, 'learning_rate': 0.0001291415114015285, 'momentum': 0.15113648543764976, 'weight_decay': 0.07605933617364746, 'num_layers': 4, 'max_units': 649, 'dropout': 0.685317185083675}}, {'number': 166, 'params': {'batch_size': 269, 'learning_rate': 0.0001298245345739707, 'momentum': 0.7326432395135235, 'weight_decay': 0.07328573621725282, 'num_layers': 4, 'max_units': 739, 'dropout': 0.7883669558286482}}, {'number': 167, 'params': {'batch_size': 84, 'learning_rate': 0.012035896700887755, 'momentum': 0.19399488059482997, 'weight_decay': 0.0712367699645974, 'num_layers': 2, 'max_units': 68, 'dropout': 0.43704830427361274}}, {'number': 168, 'params': {'batch_size': 43, 'learning_rate': 0.005996668221955502, 'momentum': 0.7788184524792112, 'weight_decay': 0.0601293975913935, 'num_layers': 2, 'max_units': 120, 'dropout': 0.5351554082642969}}, {'number': 169, 'params': {'batch_size': 355, 'learning_rate': 0.0008915084649593885, 'momentum': 0.8558333987456092, 'weight_decay': 0.04736702795621827, 'num_layers': 4, 'max_units': 427, 'dropout': 0.3448268030038485}}, {'number': 170, 'params': {'batch_size': 24, 'learning_rate': 0.000224661567635242, 'momentum': 0.6635625221081021, 'weight_decay': 0.06324590028019152, 'num_layers': 3, 'max_units': 379, 'dropout': 0.58056803940243}}, {'number': 171, 'params': {'batch_size': 68, 'learning_rate': 0.0020753292766412593, 'momentum': 0.38590286567763643, 'weight_decay': 0.06536968067206887, 'num_layers': 2, 'max_units': 431, 'dropout': 0.5417427669021565}}, {'number': 172, 'params': {'batch_size': 22, 'learning_rate': 0.021796422649167285, 'momentum': 0.29404240079783756, 'weight_decay': 0.037192858443131555, 'num_layers': 2, 'max_units': 419, 'dropout': 0.7385572070311085}}, {'number': 173, 'params': {'batch_size': 49, 'learning_rate': 0.0008546024885679845, 'momentum': 0.19180338691617585, 'weight_decay': 0.08478781728005824, 'num_layers': 4, 'max_units': 95, 'dropout': 0.3461387204690489}}, {'number': 174, 'params': {'batch_size': 46, 'learning_rate': 0.00581948828496339, 'momentum': 0.33259427477770764, 'weight_decay': 0.053284961463767586, 'num_layers': 4, 'max_units': 167, 'dropout': 0.12980398543272442}}, {'number': 175, 'params': {'batch_size': 43, 'learning_rate': 0.0009907289679428142, 'momentum': 0.6156466323678741, 'weight_decay': 0.07267632000628256, 'num_layers': 2, 'max_units': 561, 'dropout': 0.4303768657213849}}, {'number': 176, 'params': {'batch_size': 133, 'learning_rate': 0.015367228395716657, 'momentum': 0.689402996633634, 'weight_decay': 4.9355776046293136e-05, 'num_layers': 1, 'max_units': 101, 'dropout': 0.5783065708694511}}, {'number': 177, 'params': {'batch_size': 170, 'learning_rate': 0.001024289501386458, 'momentum': 0.12794338559073049, 'weight_decay': 0.06257728183517691, 'num_layers': 3, 'max_units': 384, 'dropout': 0.055204111376790044}}, {'number': 178, 'params': {'batch_size': 32, 'learning_rate': 0.0016324502561134444, 'momentum': 0.27791771861087355, 'weight_decay': 0.07326906360527327, 'num_layers': 2, 'max_units': 343, 'dropout': 0.7819919876584366}}, {'number': 179, 'params': {'batch_size': 43, 'learning_rate': 0.00016488503868392895, 'momentum': 0.16470043476943583, 'weight_decay': 0.09904852394845676, 'num_layers': 2, 'max_units': 127, 'dropout': 0.09927705097019224}}, {'number': 180, 'params': {'batch_size': 370, 'learning_rate': 0.06723042085523409, 'momentum': 0.7008824695187875, 'weight_decay': 0.09518411132530981, 'num_layers': 1, 'max_units': 84, 'dropout': 0.11253000461453122}}, {'number': 181, 'params': {'batch_size': 83, 'learning_rate': 0.00010492299261209821, 'momentum': 0.256305225289398, 'weight_decay': 0.05754829482538062, 'num_layers': 3, 'max_units': 433, 'dropout': 0.9124664421066712}}, {'number': 182, 'params': {'batch_size': 56, 'learning_rate': 0.007569054655978518, 'momentum': 0.24025608250736286, 'weight_decay': 0.08562578336527148, 'num_layers': 1, 'max_units': 640, 'dropout': 0.9075415017960841}}, {'number': 183, 'params': {'batch_size': 33, 'learning_rate': 0.00839504361178743, 'momentum': 0.513926654506712, 'weight_decay': 0.0580315590472236, 'num_layers': 4, 'max_units': 172, 'dropout': 0.27266364074690175}}, {'number': 184, 'params': {'batch_size': 144, 'learning_rate': 0.001140135366580667, 'momentum': 0.7708798410537381, 'weight_decay': 0.05344402244272441, 'num_layers': 1, 'max_units': 133, 'dropout': 0.10301647458835728}}, {'number': 185, 'params': {'batch_size': 16, 'learning_rate': 0.018029076816679222, 'momentum': 0.222124317698217, 'weight_decay': 0.02819111044377557, 'num_layers': 3, 'max_units': 126, 'dropout': 0.43319091187159275}}, {'number': 186, 'params': {'batch_size': 39, 'learning_rate': 0.0001382805084634965, 'momentum': 0.4152223461656593, 'weight_decay': 0.011443894742411928, 'num_layers': 3, 'max_units': 270, 'dropout': 0.6834923460622843}}, {'number': 187, 'params': {'batch_size': 93, 'learning_rate': 0.0017930437613253422, 'momentum': 0.47450388516577097, 'weight_decay': 0.07555314515115212, 'num_layers': 3, 'max_units': 99, 'dropout': 0.6401181496219702}}, {'number': 188, 'params': {'batch_size': 79, 'learning_rate': 0.02162418995195087, 'momentum': 0.1809105192054971, 'weight_decay': 0.03873930161757672, 'num_layers': 1, 'max_units': 156, 'dropout': 0.22303538373458942}}, {'number': 189, 'params': {'batch_size': 18, 'learning_rate': 0.00011966758636750169, 'momentum': 0.2518711939768217, 'weight_decay': 0.03787739772622946, 'num_layers': 1, 'max_units': 112, 'dropout': 0.5861207062682025}}, {'number': 190, 'params': {'batch_size': 401, 'learning_rate': 0.018927419975922077, 'momentum': 0.13802646617425796, 'weight_decay': 0.03243733453393264, 'num_layers': 4, 'max_units': 368, 'dropout': 0.8066561574419341}}, {'number': 191, 'params': {'batch_size': 21, 'learning_rate': 0.00011565828324973912, 'momentum': 0.6696945524834628, 'weight_decay': 0.08976420580921089, 'num_layers': 4, 'max_units': 200, 'dropout': 0.6579339147573621}}, {'number': 192, 'params': {'batch_size': 22, 'learning_rate': 0.008174038087458117, 'momentum': 0.1477900130869593, 'weight_decay': 0.04107883271622073, 'num_layers': 4, 'max_units': 131, 'dropout': 0.21757934293269576}}, {'number': 193, 'params': {'batch_size': 255, 'learning_rate': 0.00015986665770919499, 'momentum': 0.5103911088116718, 'weight_decay': 0.0944161776525898, 'num_layers': 4, 'max_units': 633, 'dropout': 0.48581069403548804}}, {'number': 194, 'params': {'batch_size': 234, 'learning_rate': 0.007243577511820035, 'momentum': 0.126074297867645, 'weight_decay': 0.05565521886672909, 'num_layers': 1, 'max_units': 312, 'dropout': 0.30421856354222954}}, {'number': 195, 'params': {'batch_size': 96, 'learning_rate': 0.02238235988078034, 'momentum': 0.3629889986203966, 'weight_decay': 0.01421136745305944, 'num_layers': 1, 'max_units': 89, 'dropout': 0.6935286064208095}}, {'number': 196, 'params': {'batch_size': 20, 'learning_rate': 0.01583988837102542, 'momentum': 0.7806764502467484, 'weight_decay': 0.09997891490300849, 'num_layers': 3, 'max_units': 125, 'dropout': 0.0024553741851678357}}, {'number': 197, 'params': {'batch_size': 26, 'learning_rate': 0.008130600059734094, 'momentum': 0.45284544154397494, 'weight_decay': 0.0015042866921609911, 'num_layers': 1, 'max_units': 965, 'dropout': 0.6952221038096837}}, {'number': 198, 'params': {'batch_size': 145, 'learning_rate': 0.0022113059042582085, 'momentum': 0.4715563008538743, 'weight_decay': 0.028794870385155557, 'num_layers': 4, 'max_units': 81, 'dropout': 0.3376414090127472}}, {'number': 199, 'params': {'batch_size': 37, 'learning_rate': 0.0024891405820382504, 'momentum': 0.148900651273625, 'weight_decay': 0.022247161503139, 'num_layers': 2, 'max_units': 862, 'dropout': 0.8785707195716125}}, {'number': 200, 'params': {'batch_size': 20, 'learning_rate': 0.003467243206511072, 'momentum': 0.8187022842888455, 'weight_decay': 0.07713127309455606, 'num_layers': 1, 'max_units': 76, 'dropout': 0.06494431696960623}}, {'number': 201, 'params': {'batch_size': 42, 'learning_rate': 0.0038921458668587806, 'momentum': 0.10614990861076332, 'weight_decay': 0.09562950315000611, 'num_layers': 1, 'max_units': 99, 'dropout': 0.6007504122402682}}, {'number': 202, 'params': {'batch_size': 452, 'learning_rate': 0.09188386218575315, 'momentum': 0.7422222918630738, 'weight_decay': 0.09533731986537741, 'num_layers': 1, 'max_units': 119, 'dropout': 0.9772485968078792}}, {'number': 203, 'params': {'batch_size': 84, 'learning_rate': 0.0003888327086019664, 'momentum': 0.4993735342419036, 'weight_decay': 0.08013876318407345, 'num_layers': 4, 'max_units': 74, 'dropout': 0.3269925272384149}}, {'number': 204, 'params': {'batch_size': 31, 'learning_rate': 0.006668408875054768, 'momentum': 0.18115274412591675, 'weight_decay': 0.08223991362420421, 'num_layers': 4, 'max_units': 269, 'dropout': 0.9072281961553303}}, {'number': 205, 'params': {'batch_size': 120, 'learning_rate': 0.0007086638908855241, 'momentum': 0.10604249466956017, 'weight_decay': 0.09455283285365133, 'num_layers': 4, 'max_units': 647, 'dropout': 0.4931452379614598}}, {'number': 206, 'params': {'batch_size': 25, 'learning_rate': 0.0005490778881128715, 'momentum': 0.2757208469452912, 'weight_decay': 0.04989495484902123, 'num_layers': 2, 'max_units': 251, 'dropout': 0.24427263550556344}}, {'number': 207, 'params': {'batch_size': 76, 'learning_rate': 0.008890407137285785, 'momentum': 0.37645588326048596, 'weight_decay': 0.03430727935768668, 'num_layers': 2, 'max_units': 89, 'dropout': 0.08789600968271416}}, {'number': 208, 'params': {'batch_size': 125, 'learning_rate': 0.024126393277064558, 'momentum': 0.8473704096964618, 'weight_decay': 0.01693051438680484, 'num_layers': 1, 'max_units': 377, 'dropout': 0.32662323744657806}}, {'number': 209, 'params': {'batch_size': 37, 'learning_rate': 0.005653931746459736, 'momentum': 0.15093568053925252, 'weight_decay': 0.07289753696596138, 'num_layers': 3, 'max_units': 347, 'dropout': 0.056564086106362765}}, {'number': 210, 'params': {'batch_size': 26, 'learning_rate': 0.03922392212289881, 'momentum': 0.25006612192494815, 'weight_decay': 0.016346362155052124, 'num_layers': 2, 'max_units': 201, 'dropout': 0.23354370751586595}}, {'number': 211, 'params': {'batch_size': 26, 'learning_rate': 0.00046159091369529163, 'momentum': 0.10423993305919707, 'weight_decay': 0.09551558151746518, 'num_layers': 4, 'max_units': 726, 'dropout': 0.7107531202262497}}, {'number': 212, 'params': {'batch_size': 107, 'learning_rate': 0.033306239535332724, 'momentum': 0.46779977135301215, 'weight_decay': 0.020554883890651295, 'num_layers': 1, 'max_units': 608, 'dropout': 0.7150324669083761}}, {'number': 213, 'params': {'batch_size': 197, 'learning_rate': 0.046155257515416444, 'momentum': 0.28442436692132533, 'weight_decay': 0.041742322250241784, 'num_layers': 4, 'max_units': 104, 'dropout': 0.5235887520356124}}, {'number': 214, 'params': {'batch_size': 40, 'learning_rate': 0.000947001988567798, 'momentum': 0.12052865617692865, 'weight_decay': 0.09667227652614657, 'num_layers': 1, 'max_units': 501, 'dropout': 0.26246098833617504}}, {'number': 215, 'params': {'batch_size': 22, 'learning_rate': 0.01881957020834801, 'momentum': 0.23388359643636536, 'weight_decay': 0.0648954645837834, 'num_layers': 3, 'max_units': 388, 'dropout': 0.674365285014574}}, {'number': 216, 'params': {'batch_size': 37, 'learning_rate': 0.0010295363120514953, 'momentum': 0.5978992801151604, 'weight_decay': 0.061025627729543286, 'num_layers': 3, 'max_units': 335, 'dropout': 0.374827524931702}}, {'number': 217, 'params': {'batch_size': 269, 'learning_rate': 0.009330543158792544, 'momentum': 0.7184995296508411, 'weight_decay': 0.0005891466275211781, 'num_layers': 2, 'max_units': 407, 'dropout': 0.6896834550733111}}, {'number': 218, 'params': {'batch_size': 160, 'learning_rate': 0.011073411976945582, 'momentum': 0.2632885817495029, 'weight_decay': 0.034912915319154095, 'num_layers': 1, 'max_units': 354, 'dropout': 0.13632272808426893}}, {'number': 219, 'params': {'batch_size': 137, 'learning_rate': 0.014408176957546013, 'momentum': 0.42648483245367613, 'weight_decay': 0.08375336161999197, 'num_layers': 3, 'max_units': 485, 'dropout': 0.3315703570534235}}, {'number': 220, 'params': {'batch_size': 45, 'learning_rate': 0.004164978323077912, 'momentum': 0.10067637623545597, 'weight_decay': 0.05527062021773844, 'num_layers': 1, 'max_units': 811, 'dropout': 0.723580703677589}}, {'number': 221, 'params': {'batch_size': 430, 'learning_rate': 0.0019511985133691856, 'momentum': 0.9595407122699486, 'weight_decay': 0.07197939736026673, 'num_layers': 1, 'max_units': 78, 'dropout': 0.052741853756089196}}, {'number': 222, 'params': {'batch_size': 172, 'learning_rate': 0.00020298481192186147, 'momentum': 0.18223894878364988, 'weight_decay': 0.02733359924411275, 'num_layers': 2, 'max_units': 453, 'dropout': 0.5713238343024644}}, {'number': 223, 'params': {'batch_size': 75, 'learning_rate': 0.0005287297926086736, 'momentum': 0.600665865225869, 'weight_decay': 0.08111132565282547, 'num_layers': 2, 'max_units': 177, 'dropout': 0.2210223417135454}}, {'number': 224, 'params': {'batch_size': 50, 'learning_rate': 0.014222179275629496, 'momentum': 0.2813309685721004, 'weight_decay': 0.08952298293494979, 'num_layers': 3, 'max_units': 414, 'dropout': 0.5935774835795399}}, {'number': 225, 'params': {'batch_size': 144, 'learning_rate': 0.00255546924752088, 'momentum': 0.34707350213246696, 'weight_decay': 0.05457120004218683, 'num_layers': 4, 'max_units': 164, 'dropout': 0.825042341147564}}, {'number': 226, 'params': {'batch_size': 67, 'learning_rate': 0.001099598180633285, 'momentum': 0.2555466670977548, 'weight_decay': 0.06025401881708268, 'num_layers': 3, 'max_units': 865, 'dropout': 0.8296334944498794}}, {'number': 227, 'params': {'batch_size': 27, 'learning_rate': 0.0027713730769853076, 'momentum': 0.39980763106496536, 'weight_decay': 0.09810360409189553, 'num_layers': 3, 'max_units': 269, 'dropout': 0.8492969792327226}}, {'number': 228, 'params': {'batch_size': 241, 'learning_rate': 0.00021988802220641981, 'momentum': 0.11983451451773197, 'weight_decay': 0.05537601647910879, 'num_layers': 3, 'max_units': 67, 'dropout': 0.6888627728597667}}, {'number': 229, 'params': {'batch_size': 244, 'learning_rate': 0.0008095670071352202, 'momentum': 0.45935065339728387, 'weight_decay': 0.026986233255956612, 'num_layers': 3, 'max_units': 600, 'dropout': 0.8115064829316995}}, {'number': 230, 'params': {'batch_size': 76, 'learning_rate': 0.00037042526715106106, 'momentum': 0.409978256778948, 'weight_decay': 0.029444972485088147, 'num_layers': 3, 'max_units': 490, 'dropout': 0.43950392881341027}}, {'number': 231, 'params': {'batch_size': 33, 'learning_rate': 0.039667924500194046, 'momentum': 0.4149241216027382, 'weight_decay': 0.04361611486812623, 'num_layers': 1, 'max_units': 201, 'dropout': 0.418722019865265}}, {'number': 232, 'params': {'batch_size': 28, 'learning_rate': 0.06898253680693216, 'momentum': 0.3617511626835637, 'weight_decay': 0.08696005270700964, 'num_layers': 4, 'max_units': 696, 'dropout': 0.5501043660221061}}, {'number': 233, 'params': {'batch_size': 383, 'learning_rate': 0.05675487710716247, 'momentum': 0.6664134724506575, 'weight_decay': 0.07279786871210742, 'num_layers': 4, 'max_units': 133, 'dropout': 0.5885419136419221}}, {'number': 234, 'params': {'batch_size': 134, 'learning_rate': 0.09788154215709242, 'momentum': 0.26378271706807876, 'weight_decay': 0.011257171288158563, 'num_layers': 2, 'max_units': 90, 'dropout': 0.2791654521552399}}, {'number': 235, 'params': {'batch_size': 283, 'learning_rate': 0.0003707899515896631, 'momentum': 0.5218490568484075, 'weight_decay': 0.0463779966863251, 'num_layers': 1, 'max_units': 448, 'dropout': 0.7454642252783003}}, {'number': 236, 'params': {'batch_size': 45, 'learning_rate': 0.00036604668143439066, 'momentum': 0.5070416408209176, 'weight_decay': 0.05596881005590335, 'num_layers': 3, 'max_units': 926, 'dropout': 0.7263021743090906}}, {'number': 237, 'params': {'batch_size': 121, 'learning_rate': 0.0016472609736787821, 'momentum': 0.1649237969270516, 'weight_decay': 0.0024342940640036635, 'num_layers': 1, 'max_units': 140, 'dropout': 0.3401764847133385}}, {'number': 238, 'params': {'batch_size': 510, 'learning_rate': 0.0026713248130498498, 'momentum': 0.9796931136467554, 'weight_decay': 0.04587736902519407, 'num_layers': 1, 'max_units': 95, 'dropout': 0.9155792876383765}}, {'number': 239, 'params': {'batch_size': 189, 'learning_rate': 0.013342449242933674, 'momentum': 0.41694464507769025, 'weight_decay': 0.0021724005756691023, 'num_layers': 3, 'max_units': 1006, 'dropout': 0.25596660466943455}}, {'number': 240, 'params': {'batch_size': 344, 'learning_rate': 0.01814070465497382, 'momentum': 0.3344851178712066, 'weight_decay': 0.09075629978645162, 'num_layers': 2, 'max_units': 968, 'dropout': 0.07791235871612434}}, {'number': 241, 'params': {'batch_size': 66, 'learning_rate': 0.00011278311585023566, 'momentum': 0.3762044097575339, 'weight_decay': 0.01992827019350229, 'num_layers': 1, 'max_units': 137, 'dropout': 0.1416920629467603}}, {'number': 242, 'params': {'batch_size': 19, 'learning_rate': 0.0038416324993315117, 'momentum': 0.8659021716451787, 'weight_decay': 0.024381782419494392, 'num_layers': 2, 'max_units': 75, 'dropout': 0.5139810767010883}}, {'number': 243, 'params': {'batch_size': 95, 'learning_rate': 0.058231115980251706, 'momentum': 0.41854906670161224, 'weight_decay': 0.024225477190315474, 'num_layers': 1, 'max_units': 257, 'dropout': 0.8531957688177744}}, {'number': 244, 'params': {'batch_size': 74, 'learning_rate': 0.013943456054646251, 'momentum': 0.4750992954151488, 'weight_decay': 0.0029068968873206856, 'num_layers': 3, 'max_units': 140, 'dropout': 0.7242886677749957}}, {'number': 245, 'params': {'batch_size': 88, 'learning_rate': 0.018027898304831643, 'momentum': 0.8497870685686542, 'weight_decay': 0.06312429679405106, 'num_layers': 1, 'max_units': 693, 'dropout': 0.1837887038559164}}, {'number': 246, 'params': {'batch_size': 425, 'learning_rate': 0.046669498922836804, 'momentum': 0.40378175569172264, 'weight_decay': 0.09369859586726047, 'num_layers': 1, 'max_units': 449, 'dropout': 0.11599149902724981}}, {'number': 247, 'params': {'batch_size': 104, 'learning_rate': 0.0012769252495167462, 'momentum': 0.11171020007651354, 'weight_decay': 0.01046197351536536, 'num_layers': 2, 'max_units': 67, 'dropout': 0.7289507278990068}}, {'number': 248, 'params': {'batch_size': 36, 'learning_rate': 0.0007423393490551642, 'momentum': 0.659863734922931, 'weight_decay': 0.07993574245634526, 'num_layers': 1, 'max_units': 90, 'dropout': 0.03248528859266486}}, {'number': 249, 'params': {'batch_size': 222, 'learning_rate': 0.0023070161069456783, 'momentum': 0.5296517289257942, 'weight_decay': 0.07874274246540602, 'num_layers': 4, 'max_units': 637, 'dropout': 0.021296917306560137}}, {'number': 250, 'params': {'batch_size': 72, 'learning_rate': 0.07271404751859832, 'momentum': 0.2173794853442692, 'weight_decay': 0.06475747547195294, 'num_layers': 2, 'max_units': 243, 'dropout': 0.8965703166453943}}, {'number': 251, 'params': {'batch_size': 254, 'learning_rate': 0.004325221553985354, 'momentum': 0.16944567135544217, 'weight_decay': 0.03396355498362195, 'num_layers': 1, 'max_units': 308, 'dropout': 0.1535674120900018}}, {'number': 252, 'params': {'batch_size': 23, 'learning_rate': 0.010647954168127138, 'momentum': 0.1360511701695277, 'weight_decay': 0.009537629902103984, 'num_layers': 3, 'max_units': 267, 'dropout': 0.5624348734203044}}, {'number': 253, 'params': {'batch_size': 144, 'learning_rate': 0.08857110757729911, 'momentum': 0.10585824697820626, 'weight_decay': 0.011862980053983967, 'num_layers': 3, 'max_units': 135, 'dropout': 0.17161213400701936}}, {'number': 254, 'params': {'batch_size': 41, 'learning_rate': 0.0030287104639165276, 'momentum': 0.18203830052298953, 'weight_decay': 0.03378156729953482, 'num_layers': 2, 'max_units': 288, 'dropout': 0.971714266460604}}, {'number': 255, 'params': {'batch_size': 20, 'learning_rate': 0.0005212575796218757, 'momentum': 0.8264196042376867, 'weight_decay': 0.0931838432098573, 'num_layers': 3, 'max_units': 394, 'dropout': 0.646019013459684}}, {'number': 256, 'params': {'batch_size': 46, 'learning_rate': 0.0004724882935958325, 'momentum': 0.21506380226677294, 'weight_decay': 0.05759414693969015, 'num_layers': 1, 'max_units': 148, 'dropout': 0.7693715522071277}}, {'number': 257, 'params': {'batch_size': 57, 'learning_rate': 0.0005402003150059035, 'momentum': 0.3108769928994149, 'weight_decay': 0.07105693607094647, 'num_layers': 4, 'max_units': 253, 'dropout': 0.6648842266234037}}, {'number': 258, 'params': {'batch_size': 124, 'learning_rate': 0.07113964491331314, 'momentum': 0.46269226264944247, 'weight_decay': 0.0018436505744833952, 'num_layers': 3, 'max_units': 106, 'dropout': 0.00910225473215609}}, {'number': 259, 'params': {'batch_size': 39, 'learning_rate': 0.010020480795663676, 'momentum': 0.585562373739137, 'weight_decay': 0.05586466095697664, 'num_layers': 4, 'max_units': 734, 'dropout': 0.2876808247944421}}, {'number': 260, 'params': {'batch_size': 70, 'learning_rate': 0.007344907057187419, 'momentum': 0.1077521209847441, 'weight_decay': 0.046878720061764786, 'num_layers': 2, 'max_units': 765, 'dropout': 0.7162486226157807}}, {'number': 261, 'params': {'batch_size': 329, 'learning_rate': 0.045002420622047956, 'momentum': 0.1604256596918033, 'weight_decay': 0.011961941515642819, 'num_layers': 1, 'max_units': 121, 'dropout': 0.5616882109122823}}, {'number': 262, 'params': {'batch_size': 71, 'learning_rate': 0.01675572149281138, 'momentum': 0.20131169716991795, 'weight_decay': 0.008885267285772231, 'num_layers': 4, 'max_units': 614, 'dropout': 0.2630044578700893}}, {'number': 263, 'params': {'batch_size': 35, 'learning_rate': 0.01458354685541118, 'momentum': 0.7318173242958743, 'weight_decay': 0.06288185057941495, 'num_layers': 1, 'max_units': 871, 'dropout': 0.4520862848335544}}, {'number': 264, 'params': {'batch_size': 85, 'learning_rate': 0.0030610246380884977, 'momentum': 0.22015843915635464, 'weight_decay': 0.023489689240046716, 'num_layers': 3, 'max_units': 483, 'dropout': 0.23340375880593678}}, {'number': 265, 'params': {'batch_size': 195, 'learning_rate': 0.007895793208648307, 'momentum': 0.28482224227907676, 'weight_decay': 0.061663736325416905, 'num_layers': 4, 'max_units': 619, 'dropout': 0.2686486245976517}}, {'number': 266, 'params': {'batch_size': 188, 'learning_rate': 0.03635591375862104, 'momentum': 0.38692315614910816, 'weight_decay': 0.03221413298020734, 'num_layers': 4, 'max_units': 231, 'dropout': 0.18950512514327178}}, {'number': 267, 'params': {'batch_size': 336, 'learning_rate': 0.00201866187099635, 'momentum': 0.6051465421845051, 'weight_decay': 0.060914714628687715, 'num_layers': 3, 'max_units': 150, 'dropout': 0.7000234245625907}}, {'number': 268, 'params': {'batch_size': 23, 'learning_rate': 0.007048757259233892, 'momentum': 0.3907921888792031, 'weight_decay': 0.04103575861372918, 'num_layers': 3, 'max_units': 726, 'dropout': 0.6941548506332932}}, {'number': 269, 'params': {'batch_size': 16, 'learning_rate': 0.00017516855139661125, 'momentum': 0.149795448654895, 'weight_decay': 0.0946906088142519, 'num_layers': 1, 'max_units': 516, 'dropout': 0.48420405859826954}}, {'number': 270, 'params': {'batch_size': 22, 'learning_rate': 0.0021580283739469574, 'momentum': 0.593333550597389, 'weight_decay': 0.08748738809127188, 'num_layers': 4, 'max_units': 304, 'dropout': 0.7101116884031362}}, {'number': 271, 'params': {'batch_size': 418, 'learning_rate': 0.004282147840112112, 'momentum': 0.23252216341495616, 'weight_decay': 0.07666491111493247, 'num_layers': 3, 'max_units': 426, 'dropout': 0.6416027051696119}}, {'number': 272, 'params': {'batch_size': 21, 'learning_rate': 0.00015580010618068305, 'momentum': 0.158825025879507, 'weight_decay': 0.09102533065536758, 'num_layers': 4, 'max_units': 71, 'dropout': 0.1290391479311508}}, {'number': 273, 'params': {'batch_size': 151, 'learning_rate': 0.023580452219434007, 'momentum': 0.12848278671278296, 'weight_decay': 0.03578170838538382, 'num_layers': 3, 'max_units': 205, 'dropout': 0.34344896511388656}}, {'number': 274, 'params': {'batch_size': 56, 'learning_rate': 0.000106905577533709, 'momentum': 0.7151968308707459, 'weight_decay': 0.02083611437311456, 'num_layers': 2, 'max_units': 709, 'dropout': 0.3010721199664026}}, {'number': 275, 'params': {'batch_size': 35, 'learning_rate': 0.00011444580223125956, 'momentum': 0.387866218050919, 'weight_decay': 0.09726358303593365, 'num_layers': 1, 'max_units': 375, 'dropout': 0.14810639098302336}}, {'number': 276, 'params': {'batch_size': 176, 'learning_rate': 0.013919689114382853, 'momentum': 0.45028878214644935, 'weight_decay': 0.0759972236615319, 'num_layers': 1, 'max_units': 522, 'dropout': 0.5832554078638524}}, {'number': 277, 'params': {'batch_size': 25, 'learning_rate': 0.06366958949351134, 'momentum': 0.5871822396520275, 'weight_decay': 0.08609610533404256, 'num_layers': 4, 'max_units': 99, 'dropout': 0.4599669651579711}}, {'number': 278, 'params': {'batch_size': 32, 'learning_rate': 0.00043132752587827285, 'momentum': 0.335986433904828, 'weight_decay': 0.094191819342147, 'num_layers': 3, 'max_units': 74, 'dropout': 0.0821895564355003}}, {'number': 279, 'params': {'batch_size': 64, 'learning_rate': 0.013562023422732392, 'momentum': 0.20993252625060876, 'weight_decay': 0.07617338175098205, 'num_layers': 1, 'max_units': 882, 'dropout': 0.7967948884225735}}, {'number': 280, 'params': {'batch_size': 258, 'learning_rate': 0.003272676619853342, 'momentum': 0.49587495022957323, 'weight_decay': 0.0005514237671478206, 'num_layers': 3, 'max_units': 342, 'dropout': 0.1621699732851698}}, {'number': 281, 'params': {'batch_size': 120, 'learning_rate': 0.0009810680504608437, 'momentum': 0.24107717538251885, 'weight_decay': 0.0686027291220663, 'num_layers': 3, 'max_units': 132, 'dropout': 0.4413910905087526}}, {'number': 282, 'params': {'batch_size': 72, 'learning_rate': 0.006582951372420329, 'momentum': 0.24350333473278518, 'weight_decay': 0.01826577297924794, 'num_layers': 4, 'max_units': 158, 'dropout': 0.20454979064885237}}, {'number': 283, 'params': {'batch_size': 242, 'learning_rate': 0.0022282964722739754, 'momentum': 0.19629254324077872, 'weight_decay': 0.0441268191521708, 'num_layers': 4, 'max_units': 474, 'dropout': 0.2847608866470521}}, {'number': 284, 'params': {'batch_size': 21, 'learning_rate': 0.0026928168284957345, 'momentum': 0.10137862412028906, 'weight_decay': 0.09094740256021515, 'num_layers': 1, 'max_units': 116, 'dropout': 0.19737341882047332}}, {'number': 285, 'params': {'batch_size': 205, 'learning_rate': 0.00830111998446372, 'momentum': 0.9130710672622346, 'weight_decay': 0.040780121035315406, 'num_layers': 1, 'max_units': 641, 'dropout': 0.44082866209038896}}, {'number': 286, 'params': {'batch_size': 123, 'learning_rate': 0.0020640374728242267, 'momentum': 0.7520467908340256, 'weight_decay': 0.09897810456837244, 'num_layers': 3, 'max_units': 74, 'dropout': 0.20793626204227234}}, {'number': 287, 'params': {'batch_size': 50, 'learning_rate': 0.012569700571589128, 'momentum': 0.26592636137987885, 'weight_decay': 0.04791845988155067, 'num_layers': 2, 'max_units': 367, 'dropout': 0.504129242250735}}, {'number': 288, 'params': {'batch_size': 43, 'learning_rate': 0.004160732158443387, 'momentum': 0.6202244880703429, 'weight_decay': 0.014708533929555019, 'num_layers': 4, 'max_units': 137, 'dropout': 0.9369755104272551}}, {'number': 289, 'params': {'batch_size': 358, 'learning_rate': 0.005076534859150597, 'momentum': 0.7516772355968578, 'weight_decay': 0.034461520541655195, 'num_layers': 3, 'max_units': 949, 'dropout': 0.5634844839910842}}, {'number': 290, 'params': {'batch_size': 19, 'learning_rate': 0.002680415145992363, 'momentum': 0.15620696358326752, 'weight_decay': 0.005965020925803652, 'num_layers': 4, 'max_units': 170, 'dropout': 0.12482764731855689}}, {'number': 291, 'params': {'batch_size': 92, 'learning_rate': 0.04333661835805316, 'momentum': 0.42080750786899845, 'weight_decay': 0.09219411838980295, 'num_layers': 4, 'max_units': 79, 'dropout': 0.5311582419286593}}, {'number': 292, 'params': {'batch_size': 46, 'learning_rate': 0.00011058768678020411, 'momentum': 0.3630153327997352, 'weight_decay': 0.07374676994237364, 'num_layers': 2, 'max_units': 625, 'dropout': 0.38400795154338774}}, {'number': 293, 'params': {'batch_size': 33, 'learning_rate': 0.0135536263393309, 'momentum': 0.10077745557712399, 'weight_decay': 0.0550801022056258, 'num_layers': 4, 'max_units': 140, 'dropout': 0.12558207109774977}}, {'number': 294, 'params': {'batch_size': 207, 'learning_rate': 0.021105347686961814, 'momentum': 0.25102894312696417, 'weight_decay': 0.006373221341961706, 'num_layers': 2, 'max_units': 207, 'dropout': 0.03993449872490096}}, {'number': 295, 'params': {'batch_size': 58, 'learning_rate': 0.00027723596477440183, 'momentum': 0.7161693712389547, 'weight_decay': 0.09942573719927388, 'num_layers': 1, 'max_units': 78, 'dropout': 0.6738259066823635}}, {'number': 296, 'params': {'batch_size': 161, 'learning_rate': 0.00027838606189914026, 'momentum': 0.1028006353843039, 'weight_decay': 0.07761764775264607, 'num_layers': 2, 'max_units': 693, 'dropout': 0.22599847009845475}}, {'number': 297, 'params': {'batch_size': 199, 'learning_rate': 0.01489734986824807, 'momentum': 0.16851128572507812, 'weight_decay': 0.06074804790753892, 'num_layers': 1, 'max_units': 281, 'dropout': 0.33838050620709403}}, {'number': 298, 'params': {'batch_size': 29, 'learning_rate': 0.0008083731591970501, 'momentum': 0.35548786782603986, 'weight_decay': 0.07170696601012908, 'num_layers': 2, 'max_units': 332, 'dropout': 0.5814916902045969}}, {'number': 299, 'params': {'batch_size': 161, 'learning_rate': 0.000143701443993774, 'momentum': 0.8201342714396644, 'weight_decay': 0.047221483674860516, 'num_layers': 2, 'max_units': 761, 'dropout': 0.35071131536970257}}, {'number': 300, 'params': {'batch_size': 180, 'learning_rate': 0.00022596733812220101, 'momentum': 0.12123046299982901, 'weight_decay': 0.07489439879126239, 'num_layers': 2, 'max_units': 107, 'dropout': 0.2782739204832233}}, {'number': 301, 'params': {'batch_size': 306, 'learning_rate': 0.03439266319024053, 'momentum': 0.14551785721915197, 'weight_decay': 0.02908241464562645, 'num_layers': 3, 'max_units': 118, 'dropout': 0.5037885996314178}}, {'number': 302, 'params': {'batch_size': 87, 'learning_rate': 0.0016474563906147377, 'momentum': 0.1852291166181792, 'weight_decay': 0.09082649880559233, 'num_layers': 3, 'max_units': 988, 'dropout': 0.8320982712268791}}, {'number': 303, 'params': {'batch_size': 298, 'learning_rate': 0.04500184410408621, 'momentum': 0.3634841295684105, 'weight_decay': 0.07197367415937878, 'num_layers': 2, 'max_units': 133, 'dropout': 0.6188642050175169}}, {'number': 304, 'params': {'batch_size': 423, 'learning_rate': 0.0003357679077010093, 'momentum': 0.30492454528243174, 'weight_decay': 0.06909345084042184, 'num_layers': 3, 'max_units': 70, 'dropout': 0.8812429553949876}}, {'number': 305, 'params': {'batch_size': 154, 'learning_rate': 0.002865713040988997, 'momentum': 0.5675201979421224, 'weight_decay': 0.06485111562410911, 'num_layers': 3, 'max_units': 79, 'dropout': 0.38504189530429844}}, {'number': 306, 'params': {'batch_size': 19, 'learning_rate': 0.0002429569726553447, 'momentum': 0.19317677722952012, 'weight_decay': 0.08504471626451565, 'num_layers': 1, 'max_units': 89, 'dropout': 0.8189405464088063}}, {'number': 307, 'params': {'batch_size': 58, 'learning_rate': 0.028884332593325325, 'momentum': 0.12811231595230207, 'weight_decay': 0.03138028448333816, 'num_layers': 1, 'max_units': 146, 'dropout': 0.24803836282908487}}, {'number': 308, 'params': {'batch_size': 43, 'learning_rate': 0.001310186917163272, 'momentum': 0.7484397279273303, 'weight_decay': 0.017581635735827512, 'num_layers': 2, 'max_units': 70, 'dropout': 0.8218534733920103}}, {'number': 309, 'params': {'batch_size': 47, 'learning_rate': 0.04022531353282904, 'momentum': 0.42362333547127873, 'weight_decay': 0.035258345604652346, 'num_layers': 1, 'max_units': 133, 'dropout': 0.45303067684589227}}, {'number': 310, 'params': {'batch_size': 37, 'learning_rate': 0.07843015523104767, 'momentum': 0.36134750420812733, 'weight_decay': 0.0877547314455128, 'num_layers': 4, 'max_units': 104, 'dropout': 0.36934794611721455}}, {'number': 311, 'params': {'batch_size': 269, 'learning_rate': 0.016778289661894062, 'momentum': 0.26482433898408125, 'weight_decay': 0.013074670533348175, 'num_layers': 3, 'max_units': 130, 'dropout': 0.4651773443617694}}, {'number': 312, 'params': {'batch_size': 220, 'learning_rate': 0.005994847521714774, 'momentum': 0.5671477237177218, 'weight_decay': 0.04832531890834943, 'num_layers': 2, 'max_units': 618, 'dropout': 0.2693841678813663}}, {'number': 313, 'params': {'batch_size': 327, 'learning_rate': 0.010727556201388252, 'momentum': 0.48748536151919813, 'weight_decay': 0.028615994206934975, 'num_layers': 3, 'max_units': 300, 'dropout': 0.41349142035619046}}, {'number': 314, 'params': {'batch_size': 436, 'learning_rate': 0.03104098083000009, 'momentum': 0.3731374175131197, 'weight_decay': 0.010386239365076997, 'num_layers': 1, 'max_units': 96, 'dropout': 0.5141786277962456}}, {'number': 315, 'params': {'batch_size': 272, 'learning_rate': 0.00024302090081616674, 'momentum': 0.12720200242793692, 'weight_decay': 0.06461564905420344, 'num_layers': 3, 'max_units': 203, 'dropout': 0.8744142685987583}}, {'number': 316, 'params': {'batch_size': 55, 'learning_rate': 0.00023166810625470017, 'momentum': 0.21240465495782818, 'weight_decay': 0.07694082790733724, 'num_layers': 4, 'max_units': 614, 'dropout': 0.3346553804082032}}, {'number': 317, 'params': {'batch_size': 83, 'learning_rate': 0.005596628372494975, 'momentum': 0.13044088965577771, 'weight_decay': 0.06479858626593658, 'num_layers': 1, 'max_units': 250, 'dropout': 0.07833692729823816}}, {'number': 318, 'params': {'batch_size': 406, 'learning_rate': 0.02896447975063436, 'momentum': 0.303894477836007, 'weight_decay': 0.08917503468835318, 'num_layers': 1, 'max_units': 148, 'dropout': 0.7940943713919457}}, {'number': 319, 'params': {'batch_size': 36, 'learning_rate': 0.0015173975464914482, 'momentum': 0.34302037792104734, 'weight_decay': 0.0642435437173415, 'num_layers': 1, 'max_units': 158, 'dropout': 0.7475492833964876}}, {'number': 320, 'params': {'batch_size': 102, 'learning_rate': 0.0007388906405727988, 'momentum': 0.5245923849693599, 'weight_decay': 0.007087352211387304, 'num_layers': 4, 'max_units': 629, 'dropout': 0.4021327418133036}}, {'number': 321, 'params': {'batch_size': 28, 'learning_rate': 0.001846887742263053, 'momentum': 0.3794490981709599, 'weight_decay': 0.0453752208003009, 'num_layers': 1, 'max_units': 664, 'dropout': 0.9835753671025875}}, {'number': 322, 'params': {'batch_size': 28, 'learning_rate': 0.00705411433513806, 'momentum': 0.4229543040326921, 'weight_decay': 0.015294203104089672, 'num_layers': 2, 'max_units': 670, 'dropout': 0.9651458285464393}}, {'number': 323, 'params': {'batch_size': 463, 'learning_rate': 0.02746806867185318, 'momentum': 0.688527361336173, 'weight_decay': 0.03197206755796004, 'num_layers': 4, 'max_units': 66, 'dropout': 0.3962953156400366}}, {'number': 324, 'params': {'batch_size': 180, 'learning_rate': 0.006186787152363659, 'momentum': 0.18070156294809864, 'weight_decay': 0.06909959493392788, 'num_layers': 3, 'max_units': 76, 'dropout': 0.9266973080490728}}, {'number': 325, 'params': {'batch_size': 292, 'learning_rate': 0.00013104477720017545, 'momentum': 0.11624806730281177, 'weight_decay': 0.02765729899794945, 'num_layers': 4, 'max_units': 379, 'dropout': 0.8212949650754298}}, {'number': 326, 'params': {'batch_size': 147, 'learning_rate': 0.011790940514892764, 'momentum': 0.9093964174588337, 'weight_decay': 0.0015698449745764468, 'num_layers': 2, 'max_units': 65, 'dropout': 0.06564588592217258}}, {'number': 327, 'params': {'batch_size': 226, 'learning_rate': 0.017242470623195, 'momentum': 0.9760337872342749, 'weight_decay': 0.027952613612396406, 'num_layers': 1, 'max_units': 629, 'dropout': 0.41407198288128766}}, {'number': 328, 'params': {'batch_size': 46, 'learning_rate': 0.003869799461114296, 'momentum': 0.18521240287926768, 'weight_decay': 0.06449288873439303, 'num_layers': 1, 'max_units': 999, 'dropout': 0.4188581080277599}}, {'number': 329, 'params': {'batch_size': 117, 'learning_rate': 0.0002865883222577718, 'momentum': 0.13460207914509825, 'weight_decay': 0.07842351057045864, 'num_layers': 4, 'max_units': 849, 'dropout': 0.8134523085438002}}, {'number': 330, 'params': {'batch_size': 238, 'learning_rate': 0.0010368730880555494, 'momentum': 0.5509207517074983, 'weight_decay': 0.09323200834602544, 'num_layers': 4, 'max_units': 594, 'dropout': 0.6322425147587162}}, {'number': 331, 'params': {'batch_size': 232, 'learning_rate': 0.001972520014580763, 'momentum': 0.20009548044944275, 'weight_decay': 0.08871667083111011, 'num_layers': 2, 'max_units': 285, 'dropout': 0.6631317961597026}}, {'number': 332, 'params': {'batch_size': 161, 'learning_rate': 0.020783673267593582, 'momentum': 0.209526174128617, 'weight_decay': 0.07046724822683145, 'num_layers': 4, 'max_units': 842, 'dropout': 0.7326213710388096}}, {'number': 333, 'params': {'batch_size': 66, 'learning_rate': 0.08558509319498556, 'momentum': 0.8779645684065036, 'weight_decay': 0.03188169199450758, 'num_layers': 1, 'max_units': 158, 'dropout': 0.35710392847370254}}, {'number': 334, 'params': {'batch_size': 29, 'learning_rate': 0.0162793761991946, 'momentum': 0.12621598677662196, 'weight_decay': 0.07282030904861334, 'num_layers': 3, 'max_units': 92, 'dropout': 0.323059266160174}}, {'number': 335, 'params': {'batch_size': 260, 'learning_rate': 0.015129133396688808, 'momentum': 0.26089416651398184, 'weight_decay': 0.04277971526228285, 'num_layers': 2, 'max_units': 92, 'dropout': 0.985024307816509}}, {'number': 336, 'params': {'batch_size': 58, 'learning_rate': 0.00013053356700987276, 'momentum': 0.14177534688418475, 'weight_decay': 0.09847794908176793, 'num_layers': 4, 'max_units': 702, 'dropout': 0.5430748836889651}}, {'number': 337, 'params': {'batch_size': 333, 'learning_rate': 0.0002479345054917185, 'momentum': 0.3110610068481333, 'weight_decay': 0.06171195569312048, 'num_layers': 2, 'max_units': 97, 'dropout': 0.7505524650031673}}, {'number': 338, 'params': {'batch_size': 78, 'learning_rate': 0.0004837999694346879, 'momentum': 0.15181978340349786, 'weight_decay': 0.09236834178353091, 'num_layers': 4, 'max_units': 352, 'dropout': 0.9430589363135251}}, {'number': 339, 'params': {'batch_size': 185, 'learning_rate': 0.00017179832521497615, 'momentum': 0.1632064360908782, 'weight_decay': 0.019381702158134888, 'num_layers': 1, 'max_units': 348, 'dropout': 0.34745573672813057}}, {'number': 340, 'params': {'batch_size': 321, 'learning_rate': 0.00014297548514181967, 'momentum': 0.11650433530529263, 'weight_decay': 0.07952405709327702, 'num_layers': 1, 'max_units': 600, 'dropout': 0.7311613308457854}}, {'number': 341, 'params': {'batch_size': 216, 'learning_rate': 0.0010017411208782794, 'momentum': 0.3980871296383201, 'weight_decay': 0.0028614009916355736, 'num_layers': 1, 'max_units': 103, 'dropout': 0.918077409942037}}, {'number': 342, 'params': {'batch_size': 22, 'learning_rate': 0.000526193393210039, 'momentum': 0.5585185705837408, 'weight_decay': 0.09618141328159056, 'num_layers': 1, 'max_units': 671, 'dropout': 0.5441543768955266}}, {'number': 343, 'params': {'batch_size': 174, 'learning_rate': 0.0002081291496284781, 'momentum': 0.1680100532083618, 'weight_decay': 0.06742698905740992, 'num_layers': 2, 'max_units': 283, 'dropout': 0.08533349331929685}}, {'number': 344, 'params': {'batch_size': 17, 'learning_rate': 0.004088743492974812, 'momentum': 0.3116097541571939, 'weight_decay': 0.06964732319388506, 'num_layers': 4, 'max_units': 238, 'dropout': 0.6198266871872009}}, {'number': 345, 'params': {'batch_size': 147, 'learning_rate': 0.0001856793996960172, 'momentum': 0.19343915899009298, 'weight_decay': 0.024618474022449204, 'num_layers': 4, 'max_units': 228, 'dropout': 0.8138874986411033}}, {'number': 346, 'params': {'batch_size': 18, 'learning_rate': 0.0003168567483660641, 'momentum': 0.6582220294830281, 'weight_decay': 0.04843809958500142, 'num_layers': 2, 'max_units': 301, 'dropout': 0.5595328962817679}}, {'number': 347, 'params': {'batch_size': 47, 'learning_rate': 0.06533512694369366, 'momentum': 0.23358374015462197, 'weight_decay': 0.07995547366813999, 'num_layers': 4, 'max_units': 158, 'dropout': 0.7867722864792807}}, {'number': 348, 'params': {'batch_size': 16, 'learning_rate': 0.0018693785297792178, 'momentum': 0.9360260531105077, 'weight_decay': 0.02091135795944104, 'num_layers': 2, 'max_units': 257, 'dropout': 0.834128632589254}}, {'number': 349, 'params': {'batch_size': 171, 'learning_rate': 0.00010277063596164295, 'momentum': 0.2273372194241327, 'weight_decay': 0.03212438958579251, 'num_layers': 4, 'max_units': 68, 'dropout': 0.346225131531554}}, {'number': 350, 'params': {'batch_size': 33, 'learning_rate': 0.009451802561201893, 'momentum': 0.14406392763124576, 'weight_decay': 0.07823933553488532, 'num_layers': 3, 'max_units': 204, 'dropout': 0.530021951840045}}, {'number': 351, 'params': {'batch_size': 398, 'learning_rate': 0.0004921803714086681, 'momentum': 0.4495097640774582, 'weight_decay': 0.02245591276339012, 'num_layers': 3, 'max_units': 225, 'dropout': 0.8427915278876943}}, {'number': 352, 'params': {'batch_size': 17, 'learning_rate': 0.0007788877018360647, 'momentum': 0.10006850364303257, 'weight_decay': 0.05583734853377699, 'num_layers': 2, 'max_units': 903, 'dropout': 0.8182361000654256}}, {'number': 353, 'params': {'batch_size': 259, 'learning_rate': 0.002850089771673806, 'momentum': 0.5502501156448925, 'weight_decay': 0.0973728238457721, 'num_layers': 3, 'max_units': 462, 'dropout': 0.1419489129708571}}, {'number': 354, 'params': {'batch_size': 16, 'learning_rate': 0.004009483080694778, 'momentum': 0.12064079268496168, 'weight_decay': 0.035870353750777635, 'num_layers': 2, 'max_units': 1012, 'dropout': 0.7646596370330347}}, {'number': 355, 'params': {'batch_size': 153, 'learning_rate': 0.0004550341089725446, 'momentum': 0.17124379730963135, 'weight_decay': 0.046367647178582216, 'num_layers': 4, 'max_units': 932, 'dropout': 0.7840323270873446}}, {'number': 356, 'params': {'batch_size': 306, 'learning_rate': 0.006442259833159212, 'momentum': 0.5629593877303695, 'weight_decay': 0.0019651556443414622, 'num_layers': 1, 'max_units': 303, 'dropout': 0.1721191809346322}}, {'number': 357, 'params': {'batch_size': 108, 'learning_rate': 0.00013706965199811506, 'momentum': 0.524715737476054, 'weight_decay': 0.04150048851296435, 'num_layers': 4, 'max_units': 249, 'dropout': 0.006319508098848292}}, {'number': 358, 'params': {'batch_size': 53, 'learning_rate': 0.0035135344213145436, 'momentum': 0.44277182807820853, 'weight_decay': 0.0868113987168446, 'num_layers': 4, 'max_units': 544, 'dropout': 0.24793247139474195}}, {'number': 359, 'params': {'batch_size': 79, 'learning_rate': 0.008481155130754758, 'momentum': 0.1580956662172144, 'weight_decay': 0.0797244086476808, 'num_layers': 1, 'max_units': 103, 'dropout': 0.5359351395579904}}, {'number': 360, 'params': {'batch_size': 475, 'learning_rate': 0.0027057413082879887, 'momentum': 0.615165563206549, 'weight_decay': 0.07104332686842203, 'num_layers': 1, 'max_units': 75, 'dropout': 0.8578156534522493}}, {'number': 361, 'params': {'batch_size': 129, 'learning_rate': 0.011973907910883493, 'momentum': 0.8908978029177353, 'weight_decay': 0.08870834573999979, 'num_layers': 3, 'max_units': 82, 'dropout': 0.14777576010449822}}, {'number': 362, 'params': {'batch_size': 76, 'learning_rate': 0.008257737714163117, 'momentum': 0.502232017227683, 'weight_decay': 0.031147992259765844, 'num_layers': 4, 'max_units': 299, 'dropout': 0.6474435156035447}}, {'number': 363, 'params': {'batch_size': 20, 'learning_rate': 0.023005737987373067, 'momentum': 0.3270378918251469, 'weight_decay': 0.06303285115901701, 'num_layers': 2, 'max_units': 446, 'dropout': 0.027945433698811972}}, {'number': 364, 'params': {'batch_size': 21, 'learning_rate': 0.026642561825065036, 'momentum': 0.33411411963232857, 'weight_decay': 0.058409538566763876, 'num_layers': 4, 'max_units': 537, 'dropout': 0.451503467304161}}, {'number': 365, 'params': {'batch_size': 32, 'learning_rate': 0.004334966263623138, 'momentum': 0.8715764903177233, 'weight_decay': 0.02953041017700339, 'num_layers': 4, 'max_units': 325, 'dropout': 0.08357888499669308}}, {'number': 366, 'params': {'batch_size': 436, 'learning_rate': 0.006965155016729229, 'momentum': 0.13865521831442013, 'weight_decay': 0.003746557922385869, 'num_layers': 4, 'max_units': 185, 'dropout': 0.6455244230272476}}, {'number': 367, 'params': {'batch_size': 176, 'learning_rate': 0.00018002460585586524, 'momentum': 0.2458703864609864, 'weight_decay': 0.04971278196323729, 'num_layers': 3, 'max_units': 405, 'dropout': 0.06171699256249541}}, {'number': 368, 'params': {'batch_size': 32, 'learning_rate': 0.018902253697340537, 'momentum': 0.4498235894551229, 'weight_decay': 0.04564601021642964, 'num_layers': 1, 'max_units': 75, 'dropout': 0.5128866857543396}}, {'number': 369, 'params': {'batch_size': 21, 'learning_rate': 0.0005410604694037189, 'momentum': 0.11643838562763803, 'weight_decay': 0.05770552883604161, 'num_layers': 1, 'max_units': 914, 'dropout': 0.5043736552152996}}, {'number': 370, 'params': {'batch_size': 17, 'learning_rate': 0.009453020096482823, 'momentum': 0.5214157222869423, 'weight_decay': 0.027504850161365474, 'num_layers': 4, 'max_units': 340, 'dropout': 0.4636783965219212}}, {'number': 371, 'params': {'batch_size': 265, 'learning_rate': 0.003627302675266923, 'momentum': 0.3465254899838895, 'weight_decay': 0.07949945152410418, 'num_layers': 1, 'max_units': 112, 'dropout': 0.3368720259240371}}, {'number': 372, 'params': {'batch_size': 304, 'learning_rate': 0.001360411678047079, 'momentum': 0.13738187794418386, 'weight_decay': 0.0010927286026887876, 'num_layers': 1, 'max_units': 118, 'dropout': 0.2925411765534175}}, {'number': 373, 'params': {'batch_size': 301, 'learning_rate': 0.012957604856788162, 'momentum': 0.28148343058682374, 'weight_decay': 0.0026737092528608115, 'num_layers': 1, 'max_units': 88, 'dropout': 0.006299601980428227}}, {'number': 374, 'params': {'batch_size': 48, 'learning_rate': 0.0005295542168762301, 'momentum': 0.7860388970210456, 'weight_decay': 0.05557156387720086, 'num_layers': 1, 'max_units': 199, 'dropout': 0.8891490549675495}}, {'number': 375, 'params': {'batch_size': 218, 'learning_rate': 0.01474694047455181, 'momentum': 0.402127943090223, 'weight_decay': 0.0675774387085303, 'num_layers': 2, 'max_units': 452, 'dropout': 0.25087827967402254}}, {'number': 376, 'params': {'batch_size': 110, 'learning_rate': 0.0042382239541616405, 'momentum': 0.8888941925029903, 'weight_decay': 0.04723266116546559, 'num_layers': 3, 'max_units': 68, 'dropout': 0.0641986500286249}}, {'number': 377, 'params': {'batch_size': 40, 'learning_rate': 0.004919708769409227, 'momentum': 0.5148748651736221, 'weight_decay': 0.009046660873736371, 'num_layers': 4, 'max_units': 123, 'dropout': 0.8096915550981634}}, {'number': 378, 'params': {'batch_size': 23, 'learning_rate': 0.0001796121910746525, 'momentum': 0.21192528797606489, 'weight_decay': 0.04699997647116974, 'num_layers': 2, 'max_units': 187, 'dropout': 0.21193692987264212}}, {'number': 379, 'params': {'batch_size': 22, 'learning_rate': 0.00873488165103238, 'momentum': 0.13871362346232316, 'weight_decay': 0.05337999436773727, 'num_layers': 1, 'max_units': 403, 'dropout': 0.04098272175125228}}, {'number': 380, 'params': {'batch_size': 82, 'learning_rate': 0.00013720192655905376, 'momentum': 0.13600377771861694, 'weight_decay': 0.08172102011690575, 'num_layers': 1, 'max_units': 87, 'dropout': 0.9606924347055109}}, {'number': 381, 'params': {'batch_size': 87, 'learning_rate': 0.02411988902517179, 'momentum': 0.2852413627586781, 'weight_decay': 0.04086463453127753, 'num_layers': 4, 'max_units': 432, 'dropout': 0.5390676024849125}}, {'number': 382, 'params': {'batch_size': 265, 'learning_rate': 0.02389652570061783, 'momentum': 0.6822616164790288, 'weight_decay': 0.05421973574898554, 'num_layers': 3, 'max_units': 87, 'dropout': 0.7084090612742915}}, {'number': 383, 'params': {'batch_size': 64, 'learning_rate': 0.0014104270331553805, 'momentum': 0.19488169110703266, 'weight_decay': 0.03186241893690883, 'num_layers': 2, 'max_units': 256, 'dropout': 0.01776992197586269}}, {'number': 384, 'params': {'batch_size': 135, 'learning_rate': 0.08099560774066698, 'momentum': 0.37645582696434654, 'weight_decay': 0.019174261502595123, 'num_layers': 3, 'max_units': 94, 'dropout': 0.6661821277746549}}, {'number': 385, 'params': {'batch_size': 73, 'learning_rate': 0.009246305729543413, 'momentum': 0.20461617422091966, 'weight_decay': 0.00597066500408585, 'num_layers': 3, 'max_units': 66, 'dropout': 0.20766076968503933}}, {'number': 386, 'params': {'batch_size': 38, 'learning_rate': 0.0013895132068184302, 'momentum': 0.33192792678941374, 'weight_decay': 0.07065920513226251, 'num_layers': 3, 'max_units': 183, 'dropout': 0.9077919262861307}}, {'number': 387, 'params': {'batch_size': 214, 'learning_rate': 0.07906409562585882, 'momentum': 0.5082334459500865, 'weight_decay': 0.08388472440315069, 'num_layers': 2, 'max_units': 535, 'dropout': 0.37945531870297067}}, {'number': 388, 'params': {'batch_size': 500, 'learning_rate': 0.00010313290888460438, 'momentum': 0.2761035470964908, 'weight_decay': 0.08895372690779964, 'num_layers': 4, 'max_units': 632, 'dropout': 0.20222748614623898}}, {'number': 389, 'params': {'batch_size': 42, 'learning_rate': 0.00023478912122808606, 'momentum': 0.5298211035339605, 'weight_decay': 0.09914732471569095, 'num_layers': 2, 'max_units': 310, 'dropout': 0.23193849258360655}}, {'number': 390, 'params': {'batch_size': 34, 'learning_rate': 0.0017211367376144514, 'momentum': 0.12936980714768503, 'weight_decay': 0.0851140663182509, 'num_layers': 4, 'max_units': 889, 'dropout': 0.8206112442587524}}, {'number': 391, 'params': {'batch_size': 263, 'learning_rate': 0.003964211458301463, 'momentum': 0.32921593325816373, 'weight_decay': 0.08950271075129074, 'num_layers': 4, 'max_units': 174, 'dropout': 0.44113482130332915}}, {'number': 392, 'params': {'batch_size': 65, 'learning_rate': 0.0012950303236550385, 'momentum': 0.2136613387732926, 'weight_decay': 0.02910908870679228, 'num_layers': 1, 'max_units': 412, 'dropout': 0.7293798611320348}}, {'number': 393, 'params': {'batch_size': 55, 'learning_rate': 0.01005415289941081, 'momentum': 0.2736928860284896, 'weight_decay': 0.03429697391671842, 'num_layers': 4, 'max_units': 100, 'dropout': 0.7469863976494561}}, {'number': 394, 'params': {'batch_size': 16, 'learning_rate': 0.07639400790805291, 'momentum': 0.14978144810435284, 'weight_decay': 0.04484249493741456, 'num_layers': 2, 'max_units': 185, 'dropout': 0.5814043472184736}}, {'number': 395, 'params': {'batch_size': 62, 'learning_rate': 0.0003510057986689249, 'momentum': 0.15527768936144828, 'weight_decay': 0.051522802623950176, 'num_layers': 2, 'max_units': 433, 'dropout': 0.49775377436022916}}, {'number': 396, 'params': {'batch_size': 23, 'learning_rate': 0.000746803886212974, 'momentum': 0.5952846926637797, 'weight_decay': 0.02507920748295743, 'num_layers': 3, 'max_units': 88, 'dropout': 0.8545630338744769}}, {'number': 397, 'params': {'batch_size': 190, 'learning_rate': 0.028414004735171514, 'momentum': 0.1931199379882276, 'weight_decay': 0.09749096991121364, 'num_layers': 4, 'max_units': 105, 'dropout': 0.5055369271850798}}, {'number': 398, 'params': {'batch_size': 508, 'learning_rate': 0.00015812671616080047, 'momentum': 0.5265293875258223, 'weight_decay': 0.0755122600457041, 'num_layers': 1, 'max_units': 111, 'dropout': 0.19819653888940614}}, {'number': 399, 'params': {'batch_size': 66, 'learning_rate': 0.0015764535124446549, 'momentum': 0.18032114821990652, 'weight_decay': 0.026630834879406422, 'num_layers': 1, 'max_units': 204, 'dropout': 0.1558218546939677}}, {'number': 400, 'params': {'batch_size': 21, 'learning_rate': 0.0017479899490502296, 'momentum': 0.15671274515717834, 'weight_decay': 0.07459965017663837, 'num_layers': 1, 'max_units': 76, 'dropout': 0.9999477871003879}}, {'number': 401, 'params': {'batch_size': 318, 'learning_rate': 0.0008446693753079725, 'momentum': 0.33609801411846446, 'weight_decay': 0.037195238201187565, 'num_layers': 1, 'max_units': 798, 'dropout': 0.2570357482411999}}, {'number': 402, 'params': {'batch_size': 74, 'learning_rate': 0.0010294410179233259, 'momentum': 0.37237644278934273, 'weight_decay': 0.026070471776676433, 'num_layers': 3, 'max_units': 362, 'dropout': 0.28353771208793876}}, {'number': 403, 'params': {'batch_size': 56, 'learning_rate': 0.007293828540882062, 'momentum': 0.10920172791973771, 'weight_decay': 0.009164429722701222, 'num_layers': 1, 'max_units': 108, 'dropout': 0.7622557165635131}}, {'number': 404, 'params': {'batch_size': 145, 'learning_rate': 0.025477916693421865, 'momentum': 0.42049568565909495, 'weight_decay': 0.02281564027275313, 'num_layers': 4, 'max_units': 290, 'dropout': 0.041509416997527415}}, {'number': 405, 'params': {'batch_size': 72, 'learning_rate': 0.007701490164449198, 'momentum': 0.1825281953049328, 'weight_decay': 0.010105316350308249, 'num_layers': 3, 'max_units': 73, 'dropout': 0.690282686285803}}, {'number': 406, 'params': {'batch_size': 191, 'learning_rate': 0.005541431927112637, 'momentum': 0.13869341814946176, 'weight_decay': 0.0945924589039381, 'num_layers': 4, 'max_units': 878, 'dropout': 0.047855132556195557}}, {'number': 407, 'params': {'batch_size': 283, 'learning_rate': 0.00038098936122670375, 'momentum': 0.2600835914848506, 'weight_decay': 0.017567835359251913, 'num_layers': 3, 'max_units': 554, 'dropout': 0.2714134111385397}}, {'number': 408, 'params': {'batch_size': 109, 'learning_rate': 0.00021262498656930375, 'momentum': 0.9634692186819283, 'weight_decay': 0.029832504176001622, 'num_layers': 1, 'max_units': 654, 'dropout': 0.4041112235879939}}, {'number': 409, 'params': {'batch_size': 283, 'learning_rate': 0.0006235177390136308, 'momentum': 0.11963507298121945, 'weight_decay': 0.045481255110732206, 'num_layers': 3, 'max_units': 114, 'dropout': 0.2086508958662604}}, {'number': 410, 'params': {'batch_size': 438, 'learning_rate': 0.0023548989065400247, 'momentum': 0.11427491335908031, 'weight_decay': 0.08662756682953635, 'num_layers': 2, 'max_units': 83, 'dropout': 0.9344881202729175}}, {'number': 411, 'params': {'batch_size': 18, 'learning_rate': 0.00014323122397274208, 'momentum': 0.5903207384287769, 'weight_decay': 0.012299580363423476, 'num_layers': 1, 'max_units': 224, 'dropout': 0.7003301864684627}}, {'number': 412, 'params': {'batch_size': 261, 'learning_rate': 0.0010527180276429635, 'momentum': 0.1595239635488616, 'weight_decay': 0.05708864987934488, 'num_layers': 1, 'max_units': 451, 'dropout': 0.13668306790518348}}, {'number': 413, 'params': {'batch_size': 45, 'learning_rate': 0.00021520936132497168, 'momentum': 0.44936347421525885, 'weight_decay': 0.018916712917959207, 'num_layers': 1, 'max_units': 787, 'dropout': 0.4068137106933123}}, {'number': 414, 'params': {'batch_size': 182, 'learning_rate': 0.00036961736787818785, 'momentum': 0.2956672912351739, 'weight_decay': 0.011521316264810141, 'num_layers': 1, 'max_units': 590, 'dropout': 0.3078703258929296}}, {'number': 415, 'params': {'batch_size': 45, 'learning_rate': 0.024630169888505943, 'momentum': 0.182794628155943, 'weight_decay': 0.03860248082150568, 'num_layers': 4, 'max_units': 221, 'dropout': 0.8034325913926658}}, {'number': 416, 'params': {'batch_size': 332, 'learning_rate': 0.07316573102811234, 'momentum': 0.33823566575849306, 'weight_decay': 0.07051359979017612, 'num_layers': 2, 'max_units': 260, 'dropout': 0.27769701382650647}}, {'number': 417, 'params': {'batch_size': 28, 'learning_rate': 0.00011376915663256904, 'momentum': 0.44717755231095047, 'weight_decay': 0.005448302202874015, 'num_layers': 4, 'max_units': 772, 'dropout': 0.27887473398571905}}, {'number': 418, 'params': {'batch_size': 93, 'learning_rate': 0.05914636791698798, 'momentum': 0.4383960023669215, 'weight_decay': 0.03845830435159063, 'num_layers': 1, 'max_units': 127, 'dropout': 0.4561019964176516}}, {'number': 419, 'params': {'batch_size': 80, 'learning_rate': 0.01588728771787027, 'momentum': 0.11186928619233738, 'weight_decay': 0.0572127509633929, 'num_layers': 1, 'max_units': 187, 'dropout': 0.8278190299433534}}, {'number': 420, 'params': {'batch_size': 109, 'learning_rate': 0.0019285809292988434, 'momentum': 0.1961127157498596, 'weight_decay': 0.07098798911731431, 'num_layers': 1, 'max_units': 273, 'dropout': 0.8544317075275637}}, {'number': 421, 'params': {'batch_size': 149, 'learning_rate': 0.002729011095181903, 'momentum': 0.5687317088006495, 'weight_decay': 0.04664348305084692, 'num_layers': 4, 'max_units': 76, 'dropout': 0.2831420611978921}}, {'number': 422, 'params': {'batch_size': 142, 'learning_rate': 0.00035136649598070197, 'momentum': 0.14834564091292132, 'weight_decay': 0.016068139353095666, 'num_layers': 4, 'max_units': 806, 'dropout': 0.9140319527336822}}, {'number': 423, 'params': {'batch_size': 335, 'learning_rate': 0.023778545170281374, 'momentum': 0.26325152920372435, 'weight_decay': 0.06527049217018593, 'num_layers': 2, 'max_units': 533, 'dropout': 0.27220706263560035}}, {'number': 424, 'params': {'batch_size': 66, 'learning_rate': 0.0012409755238497106, 'momentum': 0.3925205140840958, 'weight_decay': 0.015297860228300151, 'num_layers': 1, 'max_units': 162, 'dropout': 0.9123846642165853}}, {'number': 425, 'params': {'batch_size': 224, 'learning_rate': 0.0039009656425801073, 'momentum': 0.5208612541704206, 'weight_decay': 0.05429645894102593, 'num_layers': 4, 'max_units': 82, 'dropout': 0.45016958633551984}}, {'number': 426, 'params': {'batch_size': 23, 'learning_rate': 0.0007474342381450024, 'momentum': 0.4291638649373861, 'weight_decay': 0.009863827138999862, 'num_layers': 3, 'max_units': 512, 'dropout': 0.9784401254354762}}, {'number': 427, 'params': {'batch_size': 304, 'learning_rate': 0.004633791981066153, 'momentum': 0.5089375468161116, 'weight_decay': 0.026819736493499904, 'num_layers': 3, 'max_units': 425, 'dropout': 0.045588516007107116}}, {'number': 428, 'params': {'batch_size': 24, 'learning_rate': 0.0004631532285450806, 'momentum': 0.4649178280134953, 'weight_decay': 0.07051832897428527, 'num_layers': 1, 'max_units': 757, 'dropout': 0.11441487559979913}}, {'number': 429, 'params': {'batch_size': 53, 'learning_rate': 0.000353591984619466, 'momentum': 0.2124514539856174, 'weight_decay': 0.004410226194190384, 'num_layers': 4, 'max_units': 74, 'dropout': 0.11846171429106522}}, {'number': 430, 'params': {'batch_size': 42, 'learning_rate': 0.0558591239283455, 'momentum': 0.3736039631673885, 'weight_decay': 0.017084999947434256, 'num_layers': 1, 'max_units': 792, 'dropout': 0.6550964587474478}}, {'number': 431, 'params': {'batch_size': 30, 'learning_rate': 0.0003191642620941806, 'momentum': 0.2533455106964253, 'weight_decay': 0.03277634017102214, 'num_layers': 3, 'max_units': 112, 'dropout': 0.6956418339686079}}, {'number': 432, 'params': {'batch_size': 76, 'learning_rate': 0.0023296889039853266, 'momentum': 0.1757499977179597, 'weight_decay': 0.009757339351578222, 'num_layers': 4, 'max_units': 278, 'dropout': 0.8474693414571096}}, {'number': 433, 'params': {'batch_size': 34, 'learning_rate': 0.0017760105734929612, 'momentum': 0.4797385479757746, 'weight_decay': 0.03909084494733404, 'num_layers': 3, 'max_units': 244, 'dropout': 0.45971459047798713}}, {'number': 434, 'params': {'batch_size': 22, 'learning_rate': 0.017312743313653865, 'momentum': 0.589940972868283, 'weight_decay': 0.02815371362327486, 'num_layers': 4, 'max_units': 396, 'dropout': 0.1425327627937647}}, {'number': 435, 'params': {'batch_size': 272, 'learning_rate': 0.0018088705554851695, 'momentum': 0.2908101228058725, 'weight_decay': 0.08097736358453136, 'num_layers': 3, 'max_units': 173, 'dropout': 0.13596128953095366}}, {'number': 436, 'params': {'batch_size': 111, 'learning_rate': 0.0017570779590147852, 'momentum': 0.1385904187904479, 'weight_decay': 0.013979192746976406, 'num_layers': 4, 'max_units': 181, 'dropout': 0.04633246469604979}}, {'number': 437, 'params': {'batch_size': 24, 'learning_rate': 0.002001076074654512, 'momentum': 0.5172924076395037, 'weight_decay': 0.03530332579487657, 'num_layers': 1, 'max_units': 151, 'dropout': 0.11708275411855618}}, {'number': 438, 'params': {'batch_size': 34, 'learning_rate': 0.007506357052594105, 'momentum': 0.18887225710764124, 'weight_decay': 0.04493180290323979, 'num_layers': 1, 'max_units': 125, 'dropout': 0.623750691420884}}, {'number': 439, 'params': {'batch_size': 96, 'learning_rate': 0.004360251323843537, 'momentum': 0.22154139780667723, 'weight_decay': 0.013269694984260038, 'num_layers': 4, 'max_units': 439, 'dropout': 0.4589173518777855}}, {'number': 440, 'params': {'batch_size': 26, 'learning_rate': 0.0002890402542180522, 'momentum': 0.6940057643120243, 'weight_decay': 0.06741997348965396, 'num_layers': 4, 'max_units': 290, 'dropout': 0.8617614858651901}}, {'number': 441, 'params': {'batch_size': 185, 'learning_rate': 0.0008604435083078964, 'momentum': 0.45770119402897863, 'weight_decay': 0.06799470610006168, 'num_layers': 4, 'max_units': 665, 'dropout': 0.5282944489056806}}, {'number': 442, 'params': {'batch_size': 181, 'learning_rate': 0.002986271324029499, 'momentum': 0.32456517821706066, 'weight_decay': 0.07589892674765789, 'num_layers': 3, 'max_units': 246, 'dropout': 0.3547516072173359}}, {'number': 443, 'params': {'batch_size': 17, 'learning_rate': 0.0014021495129200785, 'momentum': 0.16219958794680073, 'weight_decay': 0.08523662040229878, 'num_layers': 1, 'max_units': 592, 'dropout': 0.5424096630692735}}, {'number': 444, 'params': {'batch_size': 81, 'learning_rate': 0.00761716525086351, 'momentum': 0.4751223975867844, 'weight_decay': 0.06305803725399953, 'num_layers': 3, 'max_units': 118, 'dropout': 0.11420643088893923}}, {'number': 445, 'params': {'batch_size': 43, 'learning_rate': 0.00020253720362796212, 'momentum': 0.38681221548315897, 'weight_decay': 0.07908717607723537, 'num_layers': 1, 'max_units': 372, 'dropout': 0.16131679122465536}}, {'number': 446, 'params': {'batch_size': 56, 'learning_rate': 0.003806957499728148, 'momentum': 0.33465414732965654, 'weight_decay': 0.08205487721427555, 'num_layers': 4, 'max_units': 229, 'dropout': 0.5003628947933095}}, {'number': 447, 'params': {'batch_size': 393, 'learning_rate': 0.00039281419072695524, 'momentum': 0.12994730580017075, 'weight_decay': 0.0019301049350643723, 'num_layers': 2, 'max_units': 85, 'dropout': 0.13393294542377454}}, {'number': 448, 'params': {'batch_size': 186, 'learning_rate': 0.01045295940825099, 'momentum': 0.22756968361192698, 'weight_decay': 0.00020875911759362693, 'num_layers': 4, 'max_units': 133, 'dropout': 0.2862522407780743}}, {'number': 449, 'params': {'batch_size': 51, 'learning_rate': 0.00040999514391562813, 'momentum': 0.2349627063466524, 'weight_decay': 0.03259185473000878, 'num_layers': 4, 'max_units': 149, 'dropout': 0.0814974190239226}}, {'number': 450, 'params': {'batch_size': 45, 'learning_rate': 0.007091761125726852, 'momentum': 0.10749878098735545, 'weight_decay': 0.010008570492998501, 'num_layers': 3, 'max_units': 358, 'dropout': 0.09726193552710183}}, {'number': 451, 'params': {'batch_size': 26, 'learning_rate': 0.036618453835457275, 'momentum': 0.26709201448902475, 'weight_decay': 0.03697574759411226, 'num_layers': 1, 'max_units': 903, 'dropout': 0.4958987806024705}}, {'number': 452, 'params': {'batch_size': 294, 'learning_rate': 0.014015409779777397, 'momentum': 0.2511728344314213, 'weight_decay': 0.06609347539330354, 'num_layers': 1, 'max_units': 78, 'dropout': 0.6152907611741439}}, {'number': 453, 'params': {'batch_size': 230, 'learning_rate': 0.0010476050000329548, 'momentum': 0.10727490923784416, 'weight_decay': 0.08817968273582916, 'num_layers': 1, 'max_units': 79, 'dropout': 0.9067837874882217}}, {'number': 454, 'params': {'batch_size': 32, 'learning_rate': 0.011802124977802936, 'momentum': 0.4918004896180388, 'weight_decay': 0.08561308493866936, 'num_layers': 2, 'max_units': 118, 'dropout': 0.6362940955079722}}, {'number': 455, 'params': {'batch_size': 156, 'learning_rate': 0.0034475925428924478, 'momentum': 0.3103822908085528, 'weight_decay': 0.022517145397205833, 'num_layers': 2, 'max_units': 110, 'dropout': 0.8714395280913507}}, {'number': 456, 'params': {'batch_size': 22, 'learning_rate': 0.00020814308454638095, 'momentum': 0.2814481120259468, 'weight_decay': 0.0021140662526964444, 'num_layers': 2, 'max_units': 107, 'dropout': 0.8659237298264375}}, {'number': 457, 'params': {'batch_size': 39, 'learning_rate': 0.000979263213030025, 'momentum': 0.11125718255865968, 'weight_decay': 0.010238958280390634, 'num_layers': 2, 'max_units': 74, 'dropout': 0.3728790006467134}}, {'number': 458, 'params': {'batch_size': 33, 'learning_rate': 0.011580146465258016, 'momentum': 0.1704537252813419, 'weight_decay': 0.04924161468452654, 'num_layers': 1, 'max_units': 370, 'dropout': 0.39481861093501847}}, {'number': 459, 'params': {'batch_size': 429, 'learning_rate': 0.004175541176496797, 'momentum': 0.606765392560049, 'weight_decay': 0.013192105810228, 'num_layers': 1, 'max_units': 141, 'dropout': 0.882532708006302}}, {'number': 460, 'params': {'batch_size': 138, 'learning_rate': 0.0001693790483760412, 'momentum': 0.30623690155303557, 'weight_decay': 0.02348554235711349, 'num_layers': 3, 'max_units': 283, 'dropout': 0.2602634805522025}}, {'number': 461, 'params': {'batch_size': 344, 'learning_rate': 0.037227320036883046, 'momentum': 0.3895724734937014, 'weight_decay': 0.006672363555403031, 'num_layers': 2, 'max_units': 149, 'dropout': 0.3270100823227211}}, {'number': 462, 'params': {'batch_size': 74, 'learning_rate': 0.0014186664854655973, 'momentum': 0.15318147591095999, 'weight_decay': 0.05302084431531627, 'num_layers': 4, 'max_units': 727, 'dropout': 0.06800925178064032}}, {'number': 463, 'params': {'batch_size': 75, 'learning_rate': 0.00024804144245252075, 'momentum': 0.24498126787013966, 'weight_decay': 0.09195489312873012, 'num_layers': 2, 'max_units': 300, 'dropout': 0.5954068859578183}}, {'number': 464, 'params': {'batch_size': 73, 'learning_rate': 0.07765700138398432, 'momentum': 0.1384327461618108, 'weight_decay': 0.06744105645564573, 'num_layers': 4, 'max_units': 200, 'dropout': 0.7328235420542523}}, {'number': 465, 'params': {'batch_size': 86, 'learning_rate': 0.00010936830854452939, 'momentum': 0.5987421818649854, 'weight_decay': 0.02244841171058373, 'num_layers': 3, 'max_units': 377, 'dropout': 0.2124046985027348}}, {'number': 466, 'params': {'batch_size': 28, 'learning_rate': 0.0104482485816713, 'momentum': 0.16506882892739017, 'weight_decay': 0.016000474900883636, 'num_layers': 4, 'max_units': 788, 'dropout': 0.5544216933906839}}, {'number': 467, 'params': {'batch_size': 101, 'learning_rate': 0.012012530912170532, 'momentum': 0.607205276140882, 'weight_decay': 0.0324445242075663, 'num_layers': 1, 'max_units': 71, 'dropout': 0.27410762097208385}}, {'number': 468, 'params': {'batch_size': 109, 'learning_rate': 0.0003978758009064833, 'momentum': 0.5111237408076985, 'weight_decay': 0.08502278565635421, 'num_layers': 2, 'max_units': 623, 'dropout': 0.21154148117941463}}, {'number': 469, 'params': {'batch_size': 265, 'learning_rate': 0.0037703186278282832, 'momentum': 0.2921277825711685, 'weight_decay': 0.09025173101951565, 'num_layers': 1, 'max_units': 236, 'dropout': 0.7807432093079023}}, {'number': 470, 'params': {'batch_size': 461, 'learning_rate': 0.00016098417582866985, 'momentum': 0.15081301585217405, 'weight_decay': 0.07647691714058061, 'num_layers': 1, 'max_units': 366, 'dropout': 0.2160434276206472}}, {'number': 471, 'params': {'batch_size': 69, 'learning_rate': 0.00031136126424145377, 'momentum': 0.2801807184062148, 'weight_decay': 0.09252529891134291, 'num_layers': 3, 'max_units': 235, 'dropout': 0.16942728605406865}}, {'number': 472, 'params': {'batch_size': 63, 'learning_rate': 0.043901276798309276, 'momentum': 0.2764614053428506, 'weight_decay': 0.07068801577167443, 'num_layers': 1, 'max_units': 587, 'dropout': 0.07196383868596057}}, {'number': 473, 'params': {'batch_size': 337, 'learning_rate': 0.006622321837201159, 'momentum': 0.4075697219294829, 'weight_decay': 0.05084177465961995, 'num_layers': 4, 'max_units': 328, 'dropout': 0.2874873789390937}}, {'number': 474, 'params': {'batch_size': 48, 'learning_rate': 0.017576596068941158, 'momentum': 0.2174049962408317, 'weight_decay': 0.08093311580229638, 'num_layers': 2, 'max_units': 862, 'dropout': 0.7505895270970079}}, {'number': 475, 'params': {'batch_size': 31, 'learning_rate': 0.00023252163465756006, 'momentum': 0.6673533768299901, 'weight_decay': 0.09294080541837775, 'num_layers': 1, 'max_units': 852, 'dropout': 0.6877386695703211}}, {'number': 476, 'params': {'batch_size': 46, 'learning_rate': 0.003054185598945164, 'momentum': 0.9521496554894339, 'weight_decay': 0.05584183775588743, 'num_layers': 2, 'max_units': 168, 'dropout': 0.003963636752275956}}, {'number': 477, 'params': {'batch_size': 59, 'learning_rate': 0.0001359529682151168, 'momentum': 0.27217190081668463, 'weight_decay': 0.0035695626511741364, 'num_layers': 2, 'max_units': 104, 'dropout': 0.4881775398249393}}, {'number': 478, 'params': {'batch_size': 111, 'learning_rate': 0.0034542221446984176, 'momentum': 0.1045682064158578, 'weight_decay': 0.02555244927713234, 'num_layers': 1, 'max_units': 392, 'dropout': 0.7405701870509106}}, {'number': 479, 'params': {'batch_size': 176, 'learning_rate': 0.032376561054228585, 'momentum': 0.7032048582405238, 'weight_decay': 0.0662021304955594, 'num_layers': 4, 'max_units': 71, 'dropout': 0.352463823557974}}, {'number': 480, 'params': {'batch_size': 18, 'learning_rate': 0.008424247813205563, 'momentum': 0.6472464644263951, 'weight_decay': 0.06846192226751684, 'num_layers': 4, 'max_units': 275, 'dropout': 0.21796333422005887}}, {'number': 481, 'params': {'batch_size': 91, 'learning_rate': 0.0011069192670332625, 'momentum': 0.3706715899314379, 'weight_decay': 0.02524779836425101, 'num_layers': 3, 'max_units': 252, 'dropout': 0.35184077319084484}}, {'number': 482, 'params': {'batch_size': 110, 'learning_rate': 0.00013116769187324084, 'momentum': 0.1431098017941746, 'weight_decay': 0.02161037903961803, 'num_layers': 1, 'max_units': 83, 'dropout': 0.3603467307015201}}, {'number': 483, 'params': {'batch_size': 85, 'learning_rate': 0.022316431793372928, 'momentum': 0.1911695885497902, 'weight_decay': 0.03418699301034396, 'num_layers': 2, 'max_units': 276, 'dropout': 0.1979785170413738}}, {'number': 484, 'params': {'batch_size': 201, 'learning_rate': 0.001099718479704654, 'momentum': 0.535395759226261, 'weight_decay': 0.07341241397735752, 'num_layers': 3, 'max_units': 115, 'dropout': 0.4741750827811376}}, {'number': 485, 'params': {'batch_size': 124, 'learning_rate': 0.0006461783658785631, 'momentum': 0.20998030650404526, 'weight_decay': 0.04881367711866255, 'num_layers': 1, 'max_units': 180, 'dropout': 0.6799670890245711}}, {'number': 486, 'params': {'batch_size': 19, 'learning_rate': 0.010271476372033241, 'momentum': 0.37880122148872347, 'weight_decay': 0.04793406449962605, 'num_layers': 1, 'max_units': 98, 'dropout': 0.022741410660903072}}, {'number': 487, 'params': {'batch_size': 208, 'learning_rate': 0.0015406755025562287, 'momentum': 0.25442305978675606, 'weight_decay': 0.038304221128811294, 'num_layers': 3, 'max_units': 817, 'dropout': 0.3863720220169402}}, {'number': 488, 'params': {'batch_size': 283, 'learning_rate': 0.0001310100558367138, 'momentum': 0.1848192291861875, 'weight_decay': 0.07964397974124866, 'num_layers': 3, 'max_units': 528, 'dropout': 0.7262805681514675}}, {'number': 489, 'params': {'batch_size': 30, 'learning_rate': 0.023167157741720512, 'momentum': 0.3198092284768149, 'weight_decay': 0.021753369056955213, 'num_layers': 1, 'max_units': 75, 'dropout': 0.06384242628312442}}, {'number': 490, 'params': {'batch_size': 42, 'learning_rate': 0.007804480390459573, 'momentum': 0.35395595187287, 'weight_decay': 0.04088622081382185, 'num_layers': 2, 'max_units': 237, 'dropout': 0.7133403395702915}}, {'number': 491, 'params': {'batch_size': 94, 'learning_rate': 0.0001251849353013303, 'momentum': 0.8316716891118838, 'weight_decay': 0.04847921515220135, 'num_layers': 2, 'max_units': 456, 'dropout': 0.6062108307704097}}, {'number': 492, 'params': {'batch_size': 507, 'learning_rate': 0.0002790082024234561, 'momentum': 0.5333941455489456, 'weight_decay': 0.03374644133150896, 'num_layers': 2, 'max_units': 845, 'dropout': 0.6167190826145484}}, {'number': 493, 'params': {'batch_size': 38, 'learning_rate': 0.03392744764027896, 'momentum': 0.3821914891575755, 'weight_decay': 0.06562695066797959, 'num_layers': 2, 'max_units': 108, 'dropout': 0.18921642887856638}}, {'number': 494, 'params': {'batch_size': 96, 'learning_rate': 0.0008647467136051593, 'momentum': 0.11662839427720213, 'weight_decay': 0.09059216778322515, 'num_layers': 3, 'max_units': 445, 'dropout': 0.5501156705176771}}, {'number': 495, 'params': {'batch_size': 468, 'learning_rate': 0.0002573450254075437, 'momentum': 0.2194164032978459, 'weight_decay': 0.06274488856423067, 'num_layers': 4, 'max_units': 418, 'dropout': 0.2588304110681734}}, {'number': 496, 'params': {'batch_size': 79, 'learning_rate': 0.0013585759529510294, 'momentum': 0.20659289832639005, 'weight_decay': 0.020326731582543944, 'num_layers': 1, 'max_units': 120, 'dropout': 0.7511393182789294}}, {'number': 497, 'params': {'batch_size': 24, 'learning_rate': 0.0023471146593190494, 'momentum': 0.10851434635829528, 'weight_decay': 0.06797497326993282, 'num_layers': 3, 'max_units': 759, 'dropout': 0.7405146946959997}}, {'number': 498, 'params': {'batch_size': 66, 'learning_rate': 0.0068798443803453875, 'momentum': 0.21201809866633683, 'weight_decay': 0.09749621488774173, 'num_layers': 1, 'max_units': 155, 'dropout': 0.38018834582175765}}, {'number': 499, 'params': {'batch_size': 118, 'learning_rate': 0.0503824828598733, 'momentum': 0.7467759186963399, 'weight_decay': 0.07568663773362595, 'num_layers': 4, 'max_units': 97, 'dropout': 0.7487077024425002}}, {'number': 500, 'params': {'batch_size': 48, 'learning_rate': 0.028685526264931267, 'momentum': 0.2609674494471397, 'weight_decay': 0.09918644898951039, 'num_layers': 3, 'max_units': 85, 'dropout': 0.03953647405778271}}, {'number': 501, 'params': {'batch_size': 23, 'learning_rate': 0.026957141150435696, 'momentum': 0.3487247842198324, 'weight_decay': 0.0226294947753599, 'num_layers': 1, 'max_units': 68, 'dropout': 0.01968877479316533}}, {'number': 502, 'params': {'batch_size': 171, 'learning_rate': 0.0006152382197625077, 'momentum': 0.24870564344645477, 'weight_decay': 0.09321635782935389, 'num_layers': 1, 'max_units': 112, 'dropout': 0.2591395145303327}}, {'number': 503, 'params': {'batch_size': 133, 'learning_rate': 0.00036410949106317715, 'momentum': 0.9041695051350951, 'weight_decay': 0.03325114373366107, 'num_layers': 4, 'max_units': 413, 'dropout': 0.7878916779905858}}, {'number': 504, 'params': {'batch_size': 18, 'learning_rate': 0.00010880513656907564, 'momentum': 0.9320212226812125, 'weight_decay': 0.050112449618804296, 'num_layers': 1, 'max_units': 244, 'dropout': 0.5408056004254953}}, {'number': 505, 'params': {'batch_size': 318, 'learning_rate': 0.0008143633644946294, 'momentum': 0.8828750256211798, 'weight_decay': 0.013402045400594276, 'num_layers': 2, 'max_units': 464, 'dropout': 0.7308109847657213}}, {'number': 506, 'params': {'batch_size': 375, 'learning_rate': 0.029579020685558097, 'momentum': 0.22246349630659626, 'weight_decay': 0.0035385598600344015, 'num_layers': 1, 'max_units': 464, 'dropout': 0.5350897774538684}}, {'number': 507, 'params': {'batch_size': 247, 'learning_rate': 0.022960494967055996, 'momentum': 0.3662264351499446, 'weight_decay': 0.09018424490724662, 'num_layers': 1, 'max_units': 87, 'dropout': 0.5752330275461496}}, {'number': 508, 'params': {'batch_size': 31, 'learning_rate': 0.0021211437964448986, 'momentum': 0.46033293444734213, 'weight_decay': 0.08898114660717626, 'num_layers': 2, 'max_units': 290, 'dropout': 0.5511575815897786}}, {'number': 509, 'params': {'batch_size': 21, 'learning_rate': 0.013843972794713355, 'momentum': 0.6369423670240248, 'weight_decay': 0.061343486153338574, 'num_layers': 1, 'max_units': 382, 'dropout': 0.3912138888956913}}, {'number': 510, 'params': {'batch_size': 24, 'learning_rate': 0.0044487116187590225, 'momentum': 0.8124972147115647, 'weight_decay': 0.0355026663425733, 'num_layers': 4, 'max_units': 154, 'dropout': 0.629049349192578}}, {'number': 511, 'params': {'batch_size': 411, 'learning_rate': 0.0023140416316888113, 'momentum': 0.10724071966507104, 'weight_decay': 0.09647497174918025, 'num_layers': 1, 'max_units': 78, 'dropout': 0.024270683181704}}, {'number': 512, 'params': {'batch_size': 41, 'learning_rate': 0.00015234066086554818, 'momentum': 0.31241208780266977, 'weight_decay': 0.028363771246811376, 'num_layers': 3, 'max_units': 152, 'dropout': 0.9347459600535482}}, {'number': 513, 'params': {'batch_size': 80, 'learning_rate': 0.00020574568159327015, 'momentum': 0.1582376391976453, 'weight_decay': 0.01908721343834563, 'num_layers': 3, 'max_units': 687, 'dropout': 0.3935507022225333}}, {'number': 514, 'params': {'batch_size': 33, 'learning_rate': 0.0012660362710862738, 'momentum': 0.16304956243598376, 'weight_decay': 0.09520704000401102, 'num_layers': 4, 'max_units': 98, 'dropout': 0.40327909879821144}}, {'number': 515, 'params': {'batch_size': 16, 'learning_rate': 0.0008285038368375809, 'momentum': 0.865270045556885, 'weight_decay': 0.06219680779023791, 'num_layers': 1, 'max_units': 608, 'dropout': 0.820893234238969}}, {'number': 516, 'params': {'batch_size': 213, 'learning_rate': 0.0001054839611400399, 'momentum': 0.27060486296059466, 'weight_decay': 0.043532431585253745, 'num_layers': 1, 'max_units': 748, 'dropout': 0.5415004862872248}}, {'number': 517, 'params': {'batch_size': 307, 'learning_rate': 0.0009271367329202976, 'momentum': 0.34382128572794096, 'weight_decay': 0.05508461346006395, 'num_layers': 1, 'max_units': 361, 'dropout': 0.7009436241193598}}, {'number': 518, 'params': {'batch_size': 109, 'learning_rate': 0.0003672660082016773, 'momentum': 0.2463715243412877, 'weight_decay': 0.0013150261780145495, 'num_layers': 1, 'max_units': 216, 'dropout': 0.6607238308472144}}, {'number': 519, 'params': {'batch_size': 161, 'learning_rate': 0.00010261268097330818, 'momentum': 0.7745263502980803, 'weight_decay': 0.09696500503910203, 'num_layers': 1, 'max_units': 947, 'dropout': 0.10620285352380998}}, {'number': 520, 'params': {'batch_size': 95, 'learning_rate': 0.0002795543133941283, 'momentum': 0.4624187187635615, 'weight_decay': 0.04391340650022841, 'num_layers': 3, 'max_units': 91, 'dropout': 0.33839158751129406}}, {'number': 521, 'params': {'batch_size': 52, 'learning_rate': 0.00040412198351388455, 'momentum': 0.23216659244800347, 'weight_decay': 0.006690205083950139, 'num_layers': 2, 'max_units': 522, 'dropout': 0.28399365630887485}}, {'number': 522, 'params': {'batch_size': 152, 'learning_rate': 0.010694236880415436, 'momentum': 0.6323152082737548, 'weight_decay': 0.05335595133152702, 'num_layers': 3, 'max_units': 109, 'dropout': 0.7305196244257495}}, {'number': 523, 'params': {'batch_size': 170, 'learning_rate': 0.06058376537485837, 'momentum': 0.6797175530072463, 'weight_decay': 0.05261567091703383, 'num_layers': 4, 'max_units': 159, 'dropout': 0.014758276547367721}}, {'number': 524, 'params': {'batch_size': 130, 'learning_rate': 0.002031599550289764, 'momentum': 0.5370604562907082, 'weight_decay': 0.0385753087660265, 'num_layers': 4, 'max_units': 110, 'dropout': 0.6690080988324301}}, {'number': 525, 'params': {'batch_size': 345, 'learning_rate': 0.00010790256104317338, 'momentum': 0.21147837596790045, 'weight_decay': 0.04930840227168588, 'num_layers': 3, 'max_units': 217, 'dropout': 0.7015419452501115}}, {'number': 526, 'params': {'batch_size': 88, 'learning_rate': 0.0009007566800839394, 'momentum': 0.3192476236952873, 'weight_decay': 0.08888612059749885, 'num_layers': 3, 'max_units': 377, 'dropout': 0.8770629115346761}}, {'number': 527, 'params': {'batch_size': 238, 'learning_rate': 0.0006367685136749891, 'momentum': 0.6371294085401483, 'weight_decay': 0.02987079360574201, 'num_layers': 4, 'max_units': 87, 'dropout': 0.09229329752998161}}, {'number': 528, 'params': {'batch_size': 67, 'learning_rate': 0.0007057825476093009, 'momentum': 0.3043423463146426, 'weight_decay': 0.032829184541052776, 'num_layers': 3, 'max_units': 117, 'dropout': 0.9483730684880225}}, {'number': 529, 'params': {'batch_size': 256, 'learning_rate': 0.0004465717497548642, 'momentum': 0.8391720044207021, 'weight_decay': 0.06894463937003116, 'num_layers': 1, 'max_units': 455, 'dropout': 0.03348323934791264}}, {'number': 530, 'params': {'batch_size': 246, 'learning_rate': 0.024447349244355192, 'momentum': 0.7590905033263591, 'weight_decay': 0.020741381548902697, 'num_layers': 2, 'max_units': 177, 'dropout': 0.31927137812331163}}, {'number': 531, 'params': {'batch_size': 65, 'learning_rate': 0.003195180209538326, 'momentum': 0.7736508023232624, 'weight_decay': 0.08315062299855239, 'num_layers': 1, 'max_units': 90, 'dropout': 0.787194096332035}}, {'number': 532, 'params': {'batch_size': 51, 'learning_rate': 0.00025252670235529175, 'momentum': 0.86244824261304, 'weight_decay': 0.07087926705658103, 'num_layers': 3, 'max_units': 562, 'dropout': 0.0367111864999663}}, {'number': 533, 'params': {'batch_size': 52, 'learning_rate': 0.002378075150813442, 'momentum': 0.9580198378581491, 'weight_decay': 0.04547068755013099, 'num_layers': 3, 'max_units': 80, 'dropout': 0.3482890314564633}}, {'number': 534, 'params': {'batch_size': 342, 'learning_rate': 0.0028650682633978367, 'momentum': 0.16578839062691222, 'weight_decay': 0.08851448153871828, 'num_layers': 4, 'max_units': 263, 'dropout': 0.01810987208275372}}, {'number': 535, 'params': {'batch_size': 118, 'learning_rate': 0.07450993053987898, 'momentum': 0.7161963382422226, 'weight_decay': 0.09578604840643601, 'num_layers': 3, 'max_units': 460, 'dropout': 0.45914584055522834}}, {'number': 536, 'params': {'batch_size': 123, 'learning_rate': 0.00018468623474492818, 'momentum': 0.39924537901507223, 'weight_decay': 0.008243052305464196, 'num_layers': 4, 'max_units': 231, 'dropout': 0.8833408256098193}}, {'number': 537, 'params': {'batch_size': 16, 'learning_rate': 0.017890425947510922, 'momentum': 0.5784539200858168, 'weight_decay': 0.062304603983611914, 'num_layers': 2, 'max_units': 222, 'dropout': 0.19119709107024263}}, {'number': 538, 'params': {'batch_size': 285, 'learning_rate': 0.0001790056079493423, 'momentum': 0.2698423270978111, 'weight_decay': 0.02998019155683179, 'num_layers': 1, 'max_units': 314, 'dropout': 0.9444252742036822}}, {'number': 539, 'params': {'batch_size': 438, 'learning_rate': 0.04777722906785334, 'momentum': 0.29942276784887395, 'weight_decay': 0.03832017839015921, 'num_layers': 1, 'max_units': 162, 'dropout': 0.09651018595128491}}, {'number': 540, 'params': {'batch_size': 69, 'learning_rate': 0.004580160259555344, 'momentum': 0.22167264213164478, 'weight_decay': 0.046808111974920734, 'num_layers': 3, 'max_units': 110, 'dropout': 0.3445557897069874}}, {'number': 541, 'params': {'batch_size': 389, 'learning_rate': 0.0003126360267615742, 'momentum': 0.8378228341762647, 'weight_decay': 0.03400739354165769, 'num_layers': 2, 'max_units': 183, 'dropout': 0.4764043607928866}}, {'number': 542, 'params': {'batch_size': 230, 'learning_rate': 0.005373620760615292, 'momentum': 0.26146899110248467, 'weight_decay': 0.0008441051442073141, 'num_layers': 1, 'max_units': 147, 'dropout': 0.44622501695740824}}, {'number': 543, 'params': {'batch_size': 443, 'learning_rate': 0.005943366529210381, 'momentum': 0.3611842845011902, 'weight_decay': 0.09397130503336248, 'num_layers': 2, 'max_units': 249, 'dropout': 0.5602075155866985}}, {'number': 544, 'params': {'batch_size': 51, 'learning_rate': 0.02350004264412503, 'momentum': 0.3571376721514444, 'weight_decay': 0.0808014927543959, 'num_layers': 1, 'max_units': 575, 'dropout': 0.04230649242821782}}, {'number': 545, 'params': {'batch_size': 17, 'learning_rate': 0.00015176094072119015, 'momentum': 0.5211711456396705, 'weight_decay': 0.09351379747723278, 'num_layers': 1, 'max_units': 731, 'dropout': 0.5543900865637328}}, {'number': 546, 'params': {'batch_size': 43, 'learning_rate': 0.0099299461875641, 'momentum': 0.13439311629037992, 'weight_decay': 0.01613504751848773, 'num_layers': 1, 'max_units': 532, 'dropout': 0.35797046265316323}}, {'number': 547, 'params': {'batch_size': 168, 'learning_rate': 0.025079829264196284, 'momentum': 0.388337843859104, 'weight_decay': 0.06016352727612641, 'num_layers': 1, 'max_units': 462, 'dropout': 0.4726133644590619}}, {'number': 548, 'params': {'batch_size': 338, 'learning_rate': 0.0008957531373801491, 'momentum': 0.12072644274075998, 'weight_decay': 0.09905149119637564, 'num_layers': 3, 'max_units': 430, 'dropout': 0.5124350871276422}}, {'number': 549, 'params': {'batch_size': 501, 'learning_rate': 0.000267724309618779, 'momentum': 0.37989981005521745, 'weight_decay': 0.04966218214404409, 'num_layers': 4, 'max_units': 97, 'dropout': 0.18951803208712448}}, {'number': 550, 'params': {'batch_size': 426, 'learning_rate': 0.0001853377633523848, 'momentum': 0.23352410149834235, 'weight_decay': 0.06991573193145817, 'num_layers': 4, 'max_units': 262, 'dropout': 0.7876960097911112}}, {'number': 551, 'params': {'batch_size': 45, 'learning_rate': 0.0007389867334686666, 'momentum': 0.6520602001314628, 'weight_decay': 0.01735562585731681, 'num_layers': 3, 'max_units': 216, 'dropout': 0.5189908413620608}}, {'number': 552, 'params': {'batch_size': 77, 'learning_rate': 0.004860014772066249, 'momentum': 0.7589502693972602, 'weight_decay': 0.0528281127274963, 'num_layers': 3, 'max_units': 565, 'dropout': 0.5290343376101176}}, {'number': 553, 'params': {'batch_size': 24, 'learning_rate': 0.003097584669577226, 'momentum': 0.7192560509955294, 'weight_decay': 0.016209221527862007, 'num_layers': 3, 'max_units': 113, 'dropout': 0.12348996101385912}}, {'number': 554, 'params': {'batch_size': 39, 'learning_rate': 0.0005172706392707427, 'momentum': 0.7010116936359677, 'weight_decay': 0.00896702708973396, 'num_layers': 3, 'max_units': 550, 'dropout': 0.4037509088707101}}, {'number': 555, 'params': {'batch_size': 167, 'learning_rate': 0.003525279166140116, 'momentum': 0.3438585882079785, 'weight_decay': 0.053658935437330114, 'num_layers': 1, 'max_units': 329, 'dropout': 0.9861043574503997}}, {'number': 556, 'params': {'batch_size': 19, 'learning_rate': 0.04635122588644059, 'momentum': 0.41153061767849974, 'weight_decay': 0.08383621050761163, 'num_layers': 2, 'max_units': 111, 'dropout': 0.15078262828444566}}, {'number': 557, 'params': {'batch_size': 79, 'learning_rate': 0.00039030680914921837, 'momentum': 0.4673096373354013, 'weight_decay': 0.0029580630319070715, 'num_layers': 4, 'max_units': 895, 'dropout': 0.15703733824160693}}, {'number': 558, 'params': {'batch_size': 122, 'learning_rate': 0.00019517640792781875, 'momentum': 0.7269440760531148, 'weight_decay': 0.051365208632162485, 'num_layers': 1, 'max_units': 297, 'dropout': 0.484151657093878}}, {'number': 559, 'params': {'batch_size': 30, 'learning_rate': 0.0004929966920294125, 'momentum': 0.4691278745660904, 'weight_decay': 0.04613952662194599, 'num_layers': 3, 'max_units': 95, 'dropout': 0.8097726326286202}}, {'number': 560, 'params': {'batch_size': 59, 'learning_rate': 0.02628668781980328, 'momentum': 0.11122928788818812, 'weight_decay': 0.0750661228775577, 'num_layers': 2, 'max_units': 413, 'dropout': 0.16267662635491698}}, {'number': 561, 'params': {'batch_size': 39, 'learning_rate': 0.0003417479014399929, 'momentum': 0.16813146393453865, 'weight_decay': 0.04509662851716745, 'num_layers': 4, 'max_units': 524, 'dropout': 0.48124927613166235}}, {'number': 562, 'params': {'batch_size': 352, 'learning_rate': 0.005289218819899067, 'momentum': 0.43456288488778533, 'weight_decay': 0.075635198325883, 'num_layers': 1, 'max_units': 706, 'dropout': 0.8086979311456625}}, {'number': 563, 'params': {'batch_size': 333, 'learning_rate': 0.005258083592233221, 'momentum': 0.5593818108704744, 'weight_decay': 0.08822309595898248, 'num_layers': 1, 'max_units': 296, 'dropout': 0.7437084538142894}}, {'number': 564, 'params': {'batch_size': 58, 'learning_rate': 0.00012744407928292744, 'momentum': 0.7831304742506373, 'weight_decay': 0.07033879916841726, 'num_layers': 2, 'max_units': 126, 'dropout': 0.24683143461658574}}, {'number': 565, 'params': {'batch_size': 218, 'learning_rate': 0.000619826433625508, 'momentum': 0.950554989522298, 'weight_decay': 0.04923933885637845, 'num_layers': 4, 'max_units': 623, 'dropout': 0.1430923975233418}}, {'number': 566, 'params': {'batch_size': 26, 'learning_rate': 0.032044990953264775, 'momentum': 0.8374345720494171, 'weight_decay': 0.07270162854206383, 'num_layers': 3, 'max_units': 75, 'dropout': 0.3023566097075212}}, {'number': 567, 'params': {'batch_size': 384, 'learning_rate': 0.00996803786436224, 'momentum': 0.23630874651789913, 'weight_decay': 0.021629793946234824, 'num_layers': 3, 'max_units': 64, 'dropout': 0.7395812913604772}}, {'number': 568, 'params': {'batch_size': 27, 'learning_rate': 0.03320497005916122, 'momentum': 0.3457185646346548, 'weight_decay': 0.09210241713733533, 'num_layers': 2, 'max_units': 831, 'dropout': 0.7225973732983813}}, {'number': 569, 'params': {'batch_size': 179, 'learning_rate': 0.0012435763514567506, 'momentum': 0.8857836187194279, 'weight_decay': 0.006604615100436738, 'num_layers': 4, 'max_units': 320, 'dropout': 0.8365958321379555}}, {'number': 570, 'params': {'batch_size': 454, 'learning_rate': 0.0023260937757162586, 'momentum': 0.874586446973449, 'weight_decay': 0.020549464423791002, 'num_layers': 4, 'max_units': 288, 'dropout': 0.39663225450263007}}, {'number': 571, 'params': {'batch_size': 67, 'learning_rate': 0.00010143689699206657, 'momentum': 0.21920870542197984, 'weight_decay': 0.05339888476874502, 'num_layers': 4, 'max_units': 339, 'dropout': 0.04835421504701076}}, {'number': 572, 'params': {'batch_size': 219, 'learning_rate': 0.04183731728069128, 'momentum': 0.11909762724372584, 'weight_decay': 0.037663453651518505, 'num_layers': 2, 'max_units': 763, 'dropout': 0.3074450957264464}}, {'number': 573, 'params': {'batch_size': 129, 'learning_rate': 0.025609540743417397, 'momentum': 0.3011911889562814, 'weight_decay': 0.09547324186754287, 'num_layers': 1, 'max_units': 927, 'dropout': 0.6818530051599173}}, {'number': 574, 'params': {'batch_size': 29, 'learning_rate': 0.0003984905125926989, 'momentum': 0.683365521899102, 'weight_decay': 0.0828843507854723, 'num_layers': 4, 'max_units': 625, 'dropout': 0.9889120021710232}}, {'number': 575, 'params': {'batch_size': 102, 'learning_rate': 0.00031683083600064717, 'momentum': 0.17848973262312648, 'weight_decay': 0.09289316610484856, 'num_layers': 4, 'max_units': 719, 'dropout': 0.8769199846892761}}, {'number': 576, 'params': {'batch_size': 185, 'learning_rate': 0.0016731119234099276, 'momentum': 0.17809925954759093, 'weight_decay': 0.07749830962790852, 'num_layers': 3, 'max_units': 506, 'dropout': 0.4688113330094559}}, {'number': 577, 'params': {'batch_size': 242, 'learning_rate': 0.005001347261507, 'momentum': 0.5708577175653503, 'weight_decay': 0.09952651453766903, 'num_layers': 2, 'max_units': 133, 'dropout': 0.25758452025573486}}, {'number': 578, 'params': {'batch_size': 307, 'learning_rate': 0.028872769619695468, 'momentum': 0.7201578319783966, 'weight_decay': 0.058443473575778865, 'num_layers': 2, 'max_units': 145, 'dropout': 0.43618937710761474}}, {'number': 579, 'params': {'batch_size': 39, 'learning_rate': 0.00038136703867952803, 'momentum': 0.8239903094230026, 'weight_decay': 0.055801920813315975, 'num_layers': 4, 'max_units': 114, 'dropout': 0.03381360854879634}}, {'number': 580, 'params': {'batch_size': 506, 'learning_rate': 0.03140957773442872, 'momentum': 0.1708631620706371, 'weight_decay': 0.0227796900344143, 'num_layers': 2, 'max_units': 110, 'dropout': 0.2796010046620182}}, {'number': 581, 'params': {'batch_size': 21, 'learning_rate': 0.0007232719924868949, 'momentum': 0.6061354317594437, 'weight_decay': 0.049432142576729114, 'num_layers': 1, 'max_units': 169, 'dropout': 0.3839583905644205}}, {'number': 582, 'params': {'batch_size': 92, 'learning_rate': 0.03915845513439051, 'momentum': 0.8587120187799319, 'weight_decay': 0.06619007020424905, 'num_layers': 1, 'max_units': 284, 'dropout': 0.29204785974986147}}, {'number': 583, 'params': {'batch_size': 30, 'learning_rate': 0.00789551874350596, 'momentum': 0.2267010664277909, 'weight_decay': 0.07854478078947331, 'num_layers': 1, 'max_units': 575, 'dropout': 0.9768839025846001}}, {'number': 584, 'params': {'batch_size': 33, 'learning_rate': 0.0019545010279827936, 'momentum': 0.16797398649654138, 'weight_decay': 0.022153166935391842, 'num_layers': 3, 'max_units': 289, 'dropout': 0.22876785856283388}}, {'number': 585, 'params': {'batch_size': 17, 'learning_rate': 0.002101668053260091, 'momentum': 0.21838607676057561, 'weight_decay': 0.016190086322989534, 'num_layers': 1, 'max_units': 196, 'dropout': 0.6198434023506484}}, {'number': 586, 'params': {'batch_size': 444, 'learning_rate': 0.012704783972138782, 'momentum': 0.32416476997211013, 'weight_decay': 0.053454766896099765, 'num_layers': 3, 'max_units': 85, 'dropout': 0.21616728478779368}}, {'number': 587, 'params': {'batch_size': 18, 'learning_rate': 0.0001032628414513573, 'momentum': 0.3185033697170101, 'weight_decay': 0.07087060678619496, 'num_layers': 1, 'max_units': 921, 'dropout': 0.6418645154511531}}, {'number': 588, 'params': {'batch_size': 124, 'learning_rate': 0.00039386701527194295, 'momentum': 0.11858717748132044, 'weight_decay': 0.09593738263332462, 'num_layers': 2, 'max_units': 876, 'dropout': 0.5163501965655225}}, {'number': 589, 'params': {'batch_size': 91, 'learning_rate': 0.006030454801472436, 'momentum': 0.17971258831003847, 'weight_decay': 0.02387854355869181, 'num_layers': 2, 'max_units': 227, 'dropout': 0.6059276050477963}}, {'number': 590, 'params': {'batch_size': 478, 'learning_rate': 0.004927650588413732, 'momentum': 0.5138247573322189, 'weight_decay': 0.04095834298500039, 'num_layers': 1, 'max_units': 130, 'dropout': 0.8642260806130225}}, {'number': 591, 'params': {'batch_size': 29, 'learning_rate': 0.01440175491010223, 'momentum': 0.1735878650174512, 'weight_decay': 0.09717857322230536, 'num_layers': 2, 'max_units': 751, 'dropout': 0.6966449022919056}}, {'number': 592, 'params': {'batch_size': 262, 'learning_rate': 0.0012961711882638293, 'momentum': 0.24786148743647635, 'weight_decay': 0.08542056309988508, 'num_layers': 3, 'max_units': 137, 'dropout': 0.9550349536886013}}, {'number': 593, 'params': {'batch_size': 89, 'learning_rate': 0.015115749844691101, 'momentum': 0.43014778280271077, 'weight_decay': 0.05848512923808087, 'num_layers': 2, 'max_units': 91, 'dropout': 0.2584301885718465}}, {'number': 594, 'params': {'batch_size': 33, 'learning_rate': 0.0012827065057847756, 'momentum': 0.6494082796947521, 'weight_decay': 0.05552202329084214, 'num_layers': 1, 'max_units': 202, 'dropout': 0.715340285431291}}, {'number': 595, 'params': {'batch_size': 18, 'learning_rate': 0.0021271175463499366, 'momentum': 0.3954722857152902, 'weight_decay': 0.07188948956731733, 'num_layers': 4, 'max_units': 273, 'dropout': 0.5712212203648597}}, {'number': 596, 'params': {'batch_size': 93, 'learning_rate': 0.00025999181409999564, 'momentum': 0.18303147017624094, 'weight_decay': 0.00794169690146827, 'num_layers': 4, 'max_units': 490, 'dropout': 0.43762702495403993}}, {'number': 597, 'params': {'batch_size': 70, 'learning_rate': 0.015577086994999503, 'momentum': 0.24083587454803188, 'weight_decay': 0.003318951714411592, 'num_layers': 1, 'max_units': 639, 'dropout': 0.2435524014774737}}, {'number': 598, 'params': {'batch_size': 507, 'learning_rate': 0.04552426584607894, 'momentum': 0.12618361545990403, 'weight_decay': 0.04679781153704599, 'num_layers': 4, 'max_units': 213, 'dropout': 0.4783986976566652}}, {'number': 599, 'params': {'batch_size': 47, 'learning_rate': 0.052675273018918875, 'momentum': 0.18891491863612112, 'weight_decay': 0.0618053410671847, 'num_layers': 1, 'max_units': 568, 'dropout': 0.25524044083365416}}, {'number': 600, 'params': {'batch_size': 107, 'learning_rate': 0.003493612707696526, 'momentum': 0.6121489809531303, 'weight_decay': 0.07283681731087024, 'num_layers': 4, 'max_units': 104, 'dropout': 0.23583223072434367}}, {'number': 601, 'params': {'batch_size': 503, 'learning_rate': 0.00262940153620211, 'momentum': 0.2759461923554728, 'weight_decay': 0.05654750230591239, 'num_layers': 2, 'max_units': 321, 'dropout': 0.4052474525290636}}, {'number': 602, 'params': {'batch_size': 421, 'learning_rate': 0.008227243391562349, 'momentum': 0.32927418237720435, 'weight_decay': 0.06322509339794567, 'num_layers': 3, 'max_units': 488, 'dropout': 0.8522780285002125}}, {'number': 603, 'params': {'batch_size': 262, 'learning_rate': 0.0006341228095641218, 'momentum': 0.1877565595318932, 'weight_decay': 0.004019386754450968, 'num_layers': 2, 'max_units': 582, 'dropout': 0.8484622911872401}}, {'number': 604, 'params': {'batch_size': 132, 'learning_rate': 0.0055456578135031345, 'momentum': 0.6205985899222852, 'weight_decay': 0.0541543587519666, 'num_layers': 2, 'max_units': 340, 'dropout': 0.20334002632068604}}, {'number': 605, 'params': {'batch_size': 17, 'learning_rate': 0.006579599464967888, 'momentum': 0.26899382566768615, 'weight_decay': 0.08688383168383496, 'num_layers': 4, 'max_units': 131, 'dropout': 0.21372513231478518}}, {'number': 606, 'params': {'batch_size': 351, 'learning_rate': 0.009926827212430907, 'momentum': 0.15016077457733978, 'weight_decay': 0.04416977020887817, 'num_layers': 1, 'max_units': 286, 'dropout': 0.40343187885886056}}, {'number': 607, 'params': {'batch_size': 174, 'learning_rate': 0.0004657573435110372, 'momentum': 0.10125287282212651, 'weight_decay': 0.006899154233809629, 'num_layers': 3, 'max_units': 629, 'dropout': 0.7119255542405095}}, {'number': 608, 'params': {'batch_size': 142, 'learning_rate': 0.0032038626190905805, 'momentum': 0.31962233801443135, 'weight_decay': 0.07533312589731157, 'num_layers': 3, 'max_units': 678, 'dropout': 0.6466339425021841}}, {'number': 609, 'params': {'batch_size': 162, 'learning_rate': 0.049161119074564996, 'momentum': 0.12820737825874565, 'weight_decay': 0.07863135682623373, 'num_layers': 4, 'max_units': 103, 'dropout': 0.9227097748140898}}, {'number': 610, 'params': {'batch_size': 413, 'learning_rate': 0.01266636159196467, 'momentum': 0.3858785776212811, 'weight_decay': 0.07322302528233411, 'num_layers': 2, 'max_units': 138, 'dropout': 0.6423374758282161}}, {'number': 611, 'params': {'batch_size': 75, 'learning_rate': 0.0028808057354082314, 'momentum': 0.24747129718920555, 'weight_decay': 0.01038465447721856, 'num_layers': 2, 'max_units': 813, 'dropout': 0.3057504013330009}}, {'number': 612, 'params': {'batch_size': 472, 'learning_rate': 0.0002442621443307152, 'momentum': 0.8120691273896544, 'weight_decay': 0.029125347382261545, 'num_layers': 2, 'max_units': 242, 'dropout': 0.7351368754887586}}, {'number': 613, 'params': {'batch_size': 501, 'learning_rate': 0.0004836460364648987, 'momentum': 0.13546928321629909, 'weight_decay': 0.005801858214185939, 'num_layers': 2, 'max_units': 323, 'dropout': 0.005003915656138336}}, {'number': 614, 'params': {'batch_size': 48, 'learning_rate': 0.0012043246954201291, 'momentum': 0.26123625293164743, 'weight_decay': 0.03093914358811542, 'num_layers': 1, 'max_units': 104, 'dropout': 0.7158858349498574}}, {'number': 615, 'params': {'batch_size': 59, 'learning_rate': 0.004595552546120986, 'momentum': 0.1129408571081228, 'weight_decay': 0.042815305716344586, 'num_layers': 2, 'max_units': 864, 'dropout': 0.041237039423700717}}, {'number': 616, 'params': {'batch_size': 95, 'learning_rate': 0.006402095430543137, 'momentum': 0.2163622993188344, 'weight_decay': 0.02055440016382404, 'num_layers': 3, 'max_units': 70, 'dropout': 0.8128923989659004}}, {'number': 617, 'params': {'batch_size': 36, 'learning_rate': 0.0033218742257038413, 'momentum': 0.21095006009077785, 'weight_decay': 0.05408139490482502, 'num_layers': 1, 'max_units': 382, 'dropout': 0.8730721831254985}}, {'number': 618, 'params': {'batch_size': 57, 'learning_rate': 0.0123983682593703, 'momentum': 0.312321001415236, 'weight_decay': 0.0016797570602064434, 'num_layers': 2, 'max_units': 901, 'dropout': 0.8938852337485775}}, {'number': 619, 'params': {'batch_size': 29, 'learning_rate': 0.0012554416821478408, 'momentum': 0.19753859733170964, 'weight_decay': 0.03349750647201622, 'num_layers': 4, 'max_units': 254, 'dropout': 0.024132993892936883}}, {'number': 620, 'params': {'batch_size': 93, 'learning_rate': 0.0003166514346164985, 'momentum': 0.6592095333571721, 'weight_decay': 0.09139516543008469, 'num_layers': 1, 'max_units': 84, 'dropout': 0.44149023907009743}}, {'number': 621, 'params': {'batch_size': 27, 'learning_rate': 0.001043511885144651, 'momentum': 0.16552517703275546, 'weight_decay': 0.02932267877505742, 'num_layers': 2, 'max_units': 983, 'dropout': 0.41080809069023394}}, {'number': 622, 'params': {'batch_size': 57, 'learning_rate': 0.04092375220855857, 'momentum': 0.3379717587860239, 'weight_decay': 0.09040973962052025, 'num_layers': 2, 'max_units': 800, 'dropout': 0.5652775378039339}}, {'number': 623, 'params': {'batch_size': 210, 'learning_rate': 0.00011870011020988337, 'momentum': 0.13869894730140614, 'weight_decay': 0.01111961244346371, 'num_layers': 2, 'max_units': 201, 'dropout': 0.6954144625004088}}, {'number': 624, 'params': {'batch_size': 490, 'learning_rate': 0.0013162334309567874, 'momentum': 0.27163905084403245, 'weight_decay': 0.09887973605877806, 'num_layers': 1, 'max_units': 796, 'dropout': 0.7683043937445861}}, {'number': 625, 'params': {'batch_size': 232, 'learning_rate': 0.0010382502033404594, 'momentum': 0.36247698063926553, 'weight_decay': 0.07494630075398549, 'num_layers': 2, 'max_units': 335, 'dropout': 0.3990836677769388}}, {'number': 626, 'params': {'batch_size': 146, 'learning_rate': 0.00014447217467989027, 'momentum': 0.11864157717219631, 'weight_decay': 0.06050833290302867, 'num_layers': 3, 'max_units': 143, 'dropout': 0.9787497704513151}}, {'number': 627, 'params': {'batch_size': 25, 'learning_rate': 0.012218995443529477, 'momentum': 0.36329214348184646, 'weight_decay': 0.030471859791112162, 'num_layers': 4, 'max_units': 314, 'dropout': 0.6254785924946857}}, {'number': 628, 'params': {'batch_size': 91, 'learning_rate': 0.0031225677299675484, 'momentum': 0.2715342690858648, 'weight_decay': 0.054398065156172584, 'num_layers': 1, 'max_units': 67, 'dropout': 0.9811357700887943}}, {'number': 629, 'params': {'batch_size': 28, 'learning_rate': 0.017095825578910963, 'momentum': 0.17705813322271918, 'weight_decay': 0.04119273196000846, 'num_layers': 4, 'max_units': 65, 'dropout': 0.3061405779282945}}, {'number': 630, 'params': {'batch_size': 82, 'learning_rate': 0.00012664799193386919, 'momentum': 0.1867366954511754, 'weight_decay': 0.002645358298124369, 'num_layers': 4, 'max_units': 103, 'dropout': 0.6375919960822157}}, {'number': 631, 'params': {'batch_size': 146, 'learning_rate': 0.0037978177235706246, 'momentum': 0.8201865501556099, 'weight_decay': 0.01769844199594486, 'num_layers': 1, 'max_units': 778, 'dropout': 0.14837748163414244}}, {'number': 632, 'params': {'batch_size': 43, 'learning_rate': 0.00019130939857752826, 'momentum': 0.29079319867769, 'weight_decay': 0.020793880067910494, 'num_layers': 1, 'max_units': 123, 'dropout': 0.7733773426286716}}, {'number': 633, 'params': {'batch_size': 101, 'learning_rate': 0.0025273841192579353, 'momentum': 0.7047359864466619, 'weight_decay': 0.08133574998179001, 'num_layers': 2, 'max_units': 788, 'dropout': 0.023716955196468215}}, {'number': 634, 'params': {'batch_size': 191, 'learning_rate': 0.0003868593603361846, 'momentum': 0.4255030770029134, 'weight_decay': 0.07149194215934107, 'num_layers': 3, 'max_units': 142, 'dropout': 0.12540848043945807}}, {'number': 635, 'params': {'batch_size': 21, 'learning_rate': 0.00010201704490465725, 'momentum': 0.7992116178290163, 'weight_decay': 0.06027480123644364, 'num_layers': 4, 'max_units': 147, 'dropout': 0.9536984919563534}}, {'number': 636, 'params': {'batch_size': 25, 'learning_rate': 0.006366346046240002, 'momentum': 0.2511527338607985, 'weight_decay': 0.022158911757955816, 'num_layers': 3, 'max_units': 155, 'dropout': 0.7187334208871321}}, {'number': 637, 'params': {'batch_size': 69, 'learning_rate': 0.018212213366470355, 'momentum': 0.1797624122059573, 'weight_decay': 0.0718145100505755, 'num_layers': 1, 'max_units': 80, 'dropout': 0.8539389900183767}}, {'number': 638, 'params': {'batch_size': 21, 'learning_rate': 0.0002939964014821023, 'momentum': 0.29436645508600284, 'weight_decay': 0.017715544676590575, 'num_layers': 1, 'max_units': 103, 'dropout': 0.8515758893284084}}, {'number': 639, 'params': {'batch_size': 68, 'learning_rate': 0.0010771931429732178, 'momentum': 0.17358770960665618, 'weight_decay': 0.05057482712525185, 'num_layers': 3, 'max_units': 203, 'dropout': 0.6319975015277228}}, {'number': 640, 'params': {'batch_size': 145, 'learning_rate': 0.00010031593374592347, 'momentum': 0.6015477490673917, 'weight_decay': 0.036795802194208006, 'num_layers': 2, 'max_units': 257, 'dropout': 0.4695764189416263}}, {'number': 641, 'params': {'batch_size': 23, 'learning_rate': 0.00015960773311349963, 'momentum': 0.6298820460084484, 'weight_decay': 0.08657604066632442, 'num_layers': 3, 'max_units': 676, 'dropout': 0.22332360378121507}}, {'number': 642, 'params': {'batch_size': 119, 'learning_rate': 0.0016769674700869055, 'momentum': 0.1721147152994932, 'weight_decay': 0.009157384370625453, 'num_layers': 3, 'max_units': 991, 'dropout': 0.5884705444149629}}, {'number': 643, 'params': {'batch_size': 23, 'learning_rate': 0.02453778437725041, 'momentum': 0.2315249239772725, 'weight_decay': 0.08806202829504328, 'num_layers': 2, 'max_units': 337, 'dropout': 0.04221501458671695}}, {'number': 644, 'params': {'batch_size': 69, 'learning_rate': 0.0006671196428600999, 'momentum': 0.2503194988425543, 'weight_decay': 0.0504194565325098, 'num_layers': 3, 'max_units': 511, 'dropout': 0.8079777508803245}}, {'number': 645, 'params': {'batch_size': 158, 'learning_rate': 0.0008284320882270689, 'momentum': 0.8159457950640624, 'weight_decay': 0.06409534024148383, 'num_layers': 4, 'max_units': 321, 'dropout': 0.41060664534306734}}, {'number': 646, 'params': {'batch_size': 77, 'learning_rate': 0.08886822099390136, 'momentum': 0.11893449816742913, 'weight_decay': 0.05673611840323238, 'num_layers': 4, 'max_units': 127, 'dropout': 0.3869635119394912}}, {'number': 647, 'params': {'batch_size': 76, 'learning_rate': 0.04299185687614247, 'momentum': 0.353873160494315, 'weight_decay': 0.04649992990698223, 'num_layers': 2, 'max_units': 114, 'dropout': 0.6369777934619046}}, {'number': 648, 'params': {'batch_size': 32, 'learning_rate': 0.018733287416247586, 'momentum': 0.6357729541245934, 'weight_decay': 0.08884592482555478, 'num_layers': 3, 'max_units': 454, 'dropout': 0.7015215083286727}}, {'number': 649, 'params': {'batch_size': 207, 'learning_rate': 0.0010856780374604537, 'momentum': 0.2827338018099057, 'weight_decay': 0.0719787901968608, 'num_layers': 2, 'max_units': 129, 'dropout': 0.590422177628996}}, {'number': 650, 'params': {'batch_size': 68, 'learning_rate': 0.0003009660870032604, 'momentum': 0.6096896917941522, 'weight_decay': 0.005424947284936177, 'num_layers': 4, 'max_units': 443, 'dropout': 0.4763794397257929}}, {'number': 651, 'params': {'batch_size': 71, 'learning_rate': 0.0008420734784089687, 'momentum': 0.40366202932616985, 'weight_decay': 0.027261318178320077, 'num_layers': 1, 'max_units': 289, 'dropout': 0.30732792685059374}}, {'number': 652, 'params': {'batch_size': 16, 'learning_rate': 0.03136833203295582, 'momentum': 0.8915027947884872, 'weight_decay': 0.08645849467455682, 'num_layers': 4, 'max_units': 650, 'dropout': 0.17126036105066822}}, {'number': 653, 'params': {'batch_size': 160, 'learning_rate': 0.04029931015457374, 'momentum': 0.19707896421634513, 'weight_decay': 0.004284839324245155, 'num_layers': 2, 'max_units': 71, 'dropout': 0.7994953717385503}}, {'number': 654, 'params': {'batch_size': 21, 'learning_rate': 0.004216108058928348, 'momentum': 0.5887575183412366, 'weight_decay': 0.018250323028283055, 'num_layers': 2, 'max_units': 850, 'dropout': 0.6157291660130939}}, {'number': 655, 'params': {'batch_size': 23, 'learning_rate': 0.06577197853969946, 'momentum': 0.11495288682912257, 'weight_decay': 0.07794203069836374, 'num_layers': 2, 'max_units': 371, 'dropout': 0.19317669447534136}}, {'number': 656, 'params': {'batch_size': 42, 'learning_rate': 0.00012319082049764982, 'momentum': 0.11536582040638763, 'weight_decay': 0.06428783487874545, 'num_layers': 3, 'max_units': 436, 'dropout': 0.7358201934694691}}, {'number': 657, 'params': {'batch_size': 77, 'learning_rate': 0.00036282236699540174, 'momentum': 0.26479093476760907, 'weight_decay': 0.07723506094590303, 'num_layers': 2, 'max_units': 121, 'dropout': 0.07107693854092856}}, {'number': 658, 'params': {'batch_size': 21, 'learning_rate': 0.0005541483662824335, 'momentum': 0.13971858600006903, 'weight_decay': 0.052629858142776216, 'num_layers': 2, 'max_units': 618, 'dropout': 0.07865189505426873}}, {'number': 659, 'params': {'batch_size': 180, 'learning_rate': 0.004253479933478918, 'momentum': 0.13785503957760786, 'weight_decay': 0.055276127200065625, 'num_layers': 1, 'max_units': 394, 'dropout': 0.47718407738121116}}, {'number': 660, 'params': {'batch_size': 303, 'learning_rate': 0.00010887535161883593, 'momentum': 0.9697812881474343, 'weight_decay': 0.02759120306549078, 'num_layers': 1, 'max_units': 936, 'dropout': 0.7590242754645633}}, {'number': 661, 'params': {'batch_size': 372, 'learning_rate': 0.0047659786051146395, 'momentum': 0.20754034667761534, 'weight_decay': 0.00218760405605872, 'num_layers': 4, 'max_units': 123, 'dropout': 0.8651127158681959}}, {'number': 662, 'params': {'batch_size': 30, 'learning_rate': 0.07609480526273611, 'momentum': 0.4415636917284309, 'weight_decay': 0.09364385699466307, 'num_layers': 1, 'max_units': 286, 'dropout': 0.4949979056102358}}, {'number': 663, 'params': {'batch_size': 51, 'learning_rate': 0.03251344032565109, 'momentum': 0.5915641938015229, 'weight_decay': 0.014972296121432282, 'num_layers': 4, 'max_units': 283, 'dropout': 0.26774013632321336}}, {'number': 664, 'params': {'batch_size': 454, 'learning_rate': 0.014758669475164637, 'momentum': 0.20890485012471122, 'weight_decay': 0.015044835881031081, 'num_layers': 3, 'max_units': 70, 'dropout': 0.29582799280733996}}, {'number': 665, 'params': {'batch_size': 55, 'learning_rate': 0.00012033545529712718, 'momentum': 0.15149946845987905, 'weight_decay': 0.03085627562553585, 'num_layers': 3, 'max_units': 774, 'dropout': 0.2950223884122072}}, {'number': 666, 'params': {'batch_size': 149, 'learning_rate': 0.015405980699669483, 'momentum': 0.12227866535242096, 'weight_decay': 0.024564084925149877, 'num_layers': 1, 'max_units': 89, 'dropout': 0.3583070745327738}}, {'number': 667, 'params': {'batch_size': 70, 'learning_rate': 0.00012793532513129927, 'momentum': 0.10042802660421164, 'weight_decay': 0.06105891925874017, 'num_layers': 3, 'max_units': 607, 'dropout': 0.6299675546935715}}, {'number': 668, 'params': {'batch_size': 90, 'learning_rate': 0.0014490976125713264, 'momentum': 0.1186383304883343, 'weight_decay': 0.07302526121434774, 'num_layers': 2, 'max_units': 516, 'dropout': 0.9735040959693381}}, {'number': 669, 'params': {'batch_size': 121, 'learning_rate': 0.029227220502173606, 'momentum': 0.17614743394537374, 'weight_decay': 0.014207755250623509, 'num_layers': 2, 'max_units': 70, 'dropout': 0.7031154850227861}}, {'number': 670, 'params': {'batch_size': 108, 'learning_rate': 0.09150139607288979, 'momentum': 0.21339972338042984, 'weight_decay': 0.034010765477377296, 'num_layers': 4, 'max_units': 979, 'dropout': 0.11393569681687199}}, {'number': 671, 'params': {'batch_size': 173, 'learning_rate': 0.0014899702282355212, 'momentum': 0.2347593334285299, 'weight_decay': 0.0004929548300983003, 'num_layers': 1, 'max_units': 609, 'dropout': 0.9626436639987861}}, {'number': 672, 'params': {'batch_size': 317, 'learning_rate': 0.028754949952104324, 'momentum': 0.10437953077673194, 'weight_decay': 0.06826356532382429, 'num_layers': 4, 'max_units': 70, 'dropout': 0.5352169700283458}}, {'number': 673, 'params': {'batch_size': 83, 'learning_rate': 0.003908220819091634, 'momentum': 0.18753997049633037, 'weight_decay': 0.06000334699777022, 'num_layers': 2, 'max_units': 863, 'dropout': 0.45002441119612757}}, {'number': 674, 'params': {'batch_size': 330, 'learning_rate': 0.0002925034008880102, 'momentum': 0.6889197736838062, 'weight_decay': 0.02991696234647741, 'num_layers': 3, 'max_units': 373, 'dropout': 0.3462477374101137}}, {'number': 675, 'params': {'batch_size': 35, 'learning_rate': 0.03747331616768929, 'momentum': 0.8512947432168477, 'weight_decay': 0.021896337306735306, 'num_layers': 1, 'max_units': 909, 'dropout': 0.7508174756568315}}, {'number': 676, 'params': {'batch_size': 195, 'learning_rate': 0.012521038550366542, 'momentum': 0.3350859852927285, 'weight_decay': 0.08624108421998015, 'num_layers': 4, 'max_units': 389, 'dropout': 0.8819468309201863}}, {'number': 677, 'params': {'batch_size': 197, 'learning_rate': 0.030090497624717775, 'momentum': 0.24640369168667156, 'weight_decay': 0.028760058285993657, 'num_layers': 3, 'max_units': 416, 'dropout': 0.445412077641982}}, {'number': 678, 'params': {'batch_size': 40, 'learning_rate': 0.05527912860541089, 'momentum': 0.2969557424974936, 'weight_decay': 0.009358040466438967, 'num_layers': 1, 'max_units': 925, 'dropout': 0.08427760844266519}}, {'number': 679, 'params': {'batch_size': 227, 'learning_rate': 0.00013038500121945933, 'momentum': 0.12287519462152038, 'weight_decay': 0.024668285064923138, 'num_layers': 3, 'max_units': 129, 'dropout': 0.05380984284110435}}, {'number': 680, 'params': {'batch_size': 71, 'learning_rate': 0.005892363420627818, 'momentum': 0.5773466129533754, 'weight_decay': 0.02537149815408138, 'num_layers': 2, 'max_units': 104, 'dropout': 0.03542831021043058}}, {'number': 681, 'params': {'batch_size': 280, 'learning_rate': 0.003439394693820364, 'momentum': 0.20100184330748036, 'weight_decay': 0.01547702741735651, 'num_layers': 4, 'max_units': 703, 'dropout': 0.12085381220479385}}, {'number': 682, 'params': {'batch_size': 255, 'learning_rate': 0.000342695228912047, 'momentum': 0.1784781383177797, 'weight_decay': 0.05985133021700995, 'num_layers': 1, 'max_units': 101, 'dropout': 0.826848769520915}}, {'number': 683, 'params': {'batch_size': 265, 'learning_rate': 0.0004950885243567443, 'momentum': 0.31486014776458976, 'weight_decay': 0.092984908329357, 'num_layers': 4, 'max_units': 86, 'dropout': 0.24706471238355776}}, {'number': 684, 'params': {'batch_size': 356, 'learning_rate': 0.0013291012779671793, 'momentum': 0.12539101202619196, 'weight_decay': 0.007276536954943378, 'num_layers': 3, 'max_units': 108, 'dropout': 0.7844750567894407}}, {'number': 685, 'params': {'batch_size': 39, 'learning_rate': 0.004227872743220051, 'momentum': 0.11350248161464917, 'weight_decay': 0.019153063730055077, 'num_layers': 2, 'max_units': 132, 'dropout': 0.1766434362410626}}, {'number': 686, 'params': {'batch_size': 19, 'learning_rate': 0.03722139391549224, 'momentum': 0.16390022663018322, 'weight_decay': 0.04365231180302424, 'num_layers': 1, 'max_units': 119, 'dropout': 0.25200236401978826}}, {'number': 687, 'params': {'batch_size': 276, 'learning_rate': 0.0007270996607803211, 'momentum': 0.22773065486814975, 'weight_decay': 0.0035873655979941103, 'num_layers': 4, 'max_units': 76, 'dropout': 0.1289291714555315}}, {'number': 688, 'params': {'batch_size': 118, 'learning_rate': 0.009349044279853832, 'momentum': 0.19982516661101565, 'weight_decay': 0.020423065387000117, 'num_layers': 4, 'max_units': 68, 'dropout': 0.050435832798107594}}, {'number': 689, 'params': {'batch_size': 44, 'learning_rate': 0.021768930070940436, 'momentum': 0.4871599802511095, 'weight_decay': 0.04943799398490919, 'num_layers': 4, 'max_units': 156, 'dropout': 0.7588445454845065}}, {'number': 690, 'params': {'batch_size': 16, 'learning_rate': 0.0006723558660895392, 'momentum': 0.3277543153883761, 'weight_decay': 0.04464620164635687, 'num_layers': 2, 'max_units': 317, 'dropout': 0.4910404055528077}}, {'number': 691, 'params': {'batch_size': 28, 'learning_rate': 0.00017669251349199794, 'momentum': 0.26173196921823044, 'weight_decay': 0.07712432244441893, 'num_layers': 3, 'max_units': 327, 'dropout': 0.7089188583769125}}, {'number': 692, 'params': {'batch_size': 367, 'learning_rate': 0.004389537462690523, 'momentum': 0.6362571243033524, 'weight_decay': 0.09636015925010173, 'num_layers': 1, 'max_units': 1014, 'dropout': 0.4388035546013531}}, {'number': 693, 'params': {'batch_size': 78, 'learning_rate': 0.0082475491242851, 'momentum': 0.18953944174353132, 'weight_decay': 0.00642167134320141, 'num_layers': 2, 'max_units': 167, 'dropout': 0.5718477674109965}}, {'number': 694, 'params': {'batch_size': 282, 'learning_rate': 0.005685224704456344, 'momentum': 0.43355363934025093, 'weight_decay': 0.08236181692270193, 'num_layers': 4, 'max_units': 723, 'dropout': 0.30349122845050436}}, {'number': 695, 'params': {'batch_size': 77, 'learning_rate': 0.000539713639095797, 'momentum': 0.36180095390417477, 'weight_decay': 0.04018034832817545, 'num_layers': 2, 'max_units': 911, 'dropout': 0.013927956752713855}}, {'number': 696, 'params': {'batch_size': 173, 'learning_rate': 0.001313637214969113, 'momentum': 0.9524403292254106, 'weight_decay': 0.03632286474811549, 'num_layers': 1, 'max_units': 157, 'dropout': 0.006403682406160516}}, {'number': 697, 'params': {'batch_size': 95, 'learning_rate': 0.0026648020017179305, 'momentum': 0.6540108384561601, 'weight_decay': 0.016638555277538204, 'num_layers': 2, 'max_units': 650, 'dropout': 0.18393639459379574}}, {'number': 698, 'params': {'batch_size': 20, 'learning_rate': 0.09757472793504593, 'momentum': 0.668772464592045, 'weight_decay': 0.09595394366313253, 'num_layers': 1, 'max_units': 272, 'dropout': 0.8428028987403324}}, {'number': 699, 'params': {'batch_size': 21, 'learning_rate': 0.004024093871267786, 'momentum': 0.21936504897044237, 'weight_decay': 0.08519902368039856, 'num_layers': 4, 'max_units': 317, 'dropout': 0.7826065206021031}}, {'number': 700, 'params': {'batch_size': 22, 'learning_rate': 0.001148262890187654, 'momentum': 0.1170230863882752, 'weight_decay': 0.03474722525989613, 'num_layers': 2, 'max_units': 280, 'dropout': 0.8829109728571981}}, {'number': 701, 'params': {'batch_size': 41, 'learning_rate': 0.0008369282307599038, 'momentum': 0.37008574929650423, 'weight_decay': 0.09405531489743651, 'num_layers': 4, 'max_units': 105, 'dropout': 0.3540650842167653}}, {'number': 702, 'params': {'batch_size': 147, 'learning_rate': 0.0004197984718624927, 'momentum': 0.28011729687549675, 'weight_decay': 0.003865663378081745, 'num_layers': 2, 'max_units': 153, 'dropout': 0.771466470104044}}, {'number': 703, 'params': {'batch_size': 501, 'learning_rate': 0.001995912115037549, 'momentum': 0.6206246704684077, 'weight_decay': 0.003988548680191744, 'num_layers': 2, 'max_units': 288, 'dropout': 0.9055518925059044}}, {'number': 704, 'params': {'batch_size': 396, 'learning_rate': 0.05815084380211797, 'momentum': 0.5264651880858608, 'weight_decay': 0.015855967906031776, 'num_layers': 2, 'max_units': 217, 'dropout': 0.43563536789856205}}, {'number': 705, 'params': {'batch_size': 42, 'learning_rate': 0.0702562331132109, 'momentum': 0.32460709688639827, 'weight_decay': 0.027704131327984754, 'num_layers': 4, 'max_units': 172, 'dropout': 0.3518856710600422}}, {'number': 706, 'params': {'batch_size': 231, 'learning_rate': 0.0008748679625570322, 'momentum': 0.1190232608071648, 'weight_decay': 0.035574370193743106, 'num_layers': 3, 'max_units': 95, 'dropout': 0.5557411990679182}}, {'number': 707, 'params': {'batch_size': 19, 'learning_rate': 0.0017183629190759314, 'momentum': 0.15706393858925413, 'weight_decay': 0.03722822266460111, 'num_layers': 3, 'max_units': 75, 'dropout': 0.39171862258943857}}, {'number': 708, 'params': {'batch_size': 212, 'learning_rate': 0.00022479337440620422, 'momentum': 0.6069608551206752, 'weight_decay': 0.0792074836266275, 'num_layers': 2, 'max_units': 84, 'dropout': 0.9497725407835782}}, {'number': 709, 'params': {'batch_size': 47, 'learning_rate': 0.06258359409354068, 'momentum': 0.15755388661983116, 'weight_decay': 0.093385889766029, 'num_layers': 2, 'max_units': 185, 'dropout': 0.4710450863501435}}, {'number': 710, 'params': {'batch_size': 67, 'learning_rate': 0.0009602539682854938, 'momentum': 0.444199415055033, 'weight_decay': 0.044118955524312754, 'num_layers': 2, 'max_units': 523, 'dropout': 0.17104314143466204}}, {'number': 711, 'params': {'batch_size': 100, 'learning_rate': 0.0007300738727408241, 'momentum': 0.7354382388280531, 'weight_decay': 0.09276336990509841, 'num_layers': 1, 'max_units': 739, 'dropout': 0.4121464318055994}}, {'number': 712, 'params': {'batch_size': 26, 'learning_rate': 0.014368183701160147, 'momentum': 0.12249306826948768, 'weight_decay': 0.06217746629834996, 'num_layers': 1, 'max_units': 76, 'dropout': 0.8650071399873532}}, {'number': 713, 'params': {'batch_size': 23, 'learning_rate': 0.0034738011043154164, 'momentum': 0.7051628335359155, 'weight_decay': 0.0034253691728771997, 'num_layers': 1, 'max_units': 703, 'dropout': 0.5959209736656601}}, {'number': 714, 'params': {'batch_size': 34, 'learning_rate': 0.03484059845643473, 'momentum': 0.16458551807390887, 'weight_decay': 0.05873594964174821, 'num_layers': 1, 'max_units': 253, 'dropout': 0.6274215422222944}}, {'number': 715, 'params': {'batch_size': 41, 'learning_rate': 0.0005833244176075306, 'momentum': 0.5425945713415987, 'weight_decay': 0.08387568117472498, 'num_layers': 3, 'max_units': 340, 'dropout': 0.1421363548418504}}, {'number': 716, 'params': {'batch_size': 62, 'learning_rate': 0.0015499349185479894, 'momentum': 0.11744269718643345, 'weight_decay': 0.05323580893296586, 'num_layers': 1, 'max_units': 188, 'dropout': 0.9717205995587271}}, {'number': 717, 'params': {'batch_size': 181, 'learning_rate': 0.0006344183270685727, 'momentum': 0.4981200715997182, 'weight_decay': 0.08686252651068568, 'num_layers': 4, 'max_units': 114, 'dropout': 0.7513484224950562}}, {'number': 718, 'params': {'batch_size': 479, 'learning_rate': 0.00021891012035965806, 'momentum': 0.4126269985561815, 'weight_decay': 0.08773091537681546, 'num_layers': 3, 'max_units': 84, 'dropout': 0.26989058177117187}}, {'number': 719, 'params': {'batch_size': 22, 'learning_rate': 0.030812569515368097, 'momentum': 0.2759133419953463, 'weight_decay': 0.0893855128205598, 'num_layers': 3, 'max_units': 883, 'dropout': 0.24677388292283908}}, {'number': 720, 'params': {'batch_size': 19, 'learning_rate': 0.031181169952746685, 'momentum': 0.5447814548980894, 'weight_decay': 0.04122038387469812, 'num_layers': 1, 'max_units': 215, 'dropout': 0.5890474890799532}}, {'number': 721, 'params': {'batch_size': 37, 'learning_rate': 0.0010602269540141006, 'momentum': 0.26143576625363674, 'weight_decay': 0.06428491551496462, 'num_layers': 1, 'max_units': 230, 'dropout': 0.1679899745053769}}, {'number': 722, 'params': {'batch_size': 55, 'learning_rate': 0.0008675708635412115, 'momentum': 0.2675816532053815, 'weight_decay': 0.006874254320518758, 'num_layers': 1, 'max_units': 754, 'dropout': 0.9853087963544613}}, {'number': 723, 'params': {'batch_size': 31, 'learning_rate': 0.0009534020068840492, 'momentum': 0.26539140559050656, 'weight_decay': 0.05047666668222011, 'num_layers': 2, 'max_units': 838, 'dropout': 0.31502628626999596}}, {'number': 724, 'params': {'batch_size': 440, 'learning_rate': 0.012660970955322275, 'momentum': 0.6490291817786443, 'weight_decay': 0.07746995042759552, 'num_layers': 2, 'max_units': 186, 'dropout': 0.6631026113878733}}, {'number': 725, 'params': {'batch_size': 258, 'learning_rate': 0.00018740267611064572, 'momentum': 0.2141783558424083, 'weight_decay': 0.042743820934659275, 'num_layers': 4, 'max_units': 88, 'dropout': 0.5275222956826447}}, {'number': 726, 'params': {'batch_size': 153, 'learning_rate': 0.041440368205812254, 'momentum': 0.1627068698035824, 'weight_decay': 0.004080555380661222, 'num_layers': 3, 'max_units': 892, 'dropout': 0.11500694312440574}}, {'number': 727, 'params': {'batch_size': 45, 'learning_rate': 0.00011731151838361142, 'momentum': 0.15664890560611053, 'weight_decay': 0.03528700079398788, 'num_layers': 3, 'max_units': 110, 'dropout': 0.26506356560750577}}, {'number': 728, 'params': {'batch_size': 24, 'learning_rate': 0.0003541637772102743, 'momentum': 0.26066853171687776, 'weight_decay': 0.013417529757721786, 'num_layers': 4, 'max_units': 202, 'dropout': 0.4611561827923094}}, {'number': 729, 'params': {'batch_size': 125, 'learning_rate': 0.04840991311346305, 'momentum': 0.34063872549711305, 'weight_decay': 0.0006054708243008707, 'num_layers': 3, 'max_units': 67, 'dropout': 0.43593378885993883}}, {'number': 730, 'params': {'batch_size': 106, 'learning_rate': 0.00399154416669248, 'momentum': 0.18340091328574468, 'weight_decay': 0.07059345546973406, 'num_layers': 4, 'max_units': 65, 'dropout': 0.7972212965524512}}, {'number': 731, 'params': {'batch_size': 133, 'learning_rate': 0.0011067444470307009, 'momentum': 0.12588999674605694, 'weight_decay': 0.08106329421698504, 'num_layers': 4, 'max_units': 129, 'dropout': 0.9297395104852905}}, {'number': 732, 'params': {'batch_size': 133, 'learning_rate': 0.024287335207170777, 'momentum': 0.35143844963221377, 'weight_decay': 0.048206473288093084, 'num_layers': 2, 'max_units': 147, 'dropout': 0.16457462524340738}}, {'number': 733, 'params': {'batch_size': 62, 'learning_rate': 0.001582752197722642, 'momentum': 0.26079442586857465, 'weight_decay': 0.07626058448113883, 'num_layers': 1, 'max_units': 78, 'dropout': 0.1755924719507771}}, {'number': 734, 'params': {'batch_size': 154, 'learning_rate': 0.026551234921522282, 'momentum': 0.29908939195443307, 'weight_decay': 0.06265751252339083, 'num_layers': 1, 'max_units': 363, 'dropout': 0.385740586463589}}, {'number': 735, 'params': {'batch_size': 17, 'learning_rate': 0.0008349214868700762, 'momentum': 0.36297569365333354, 'weight_decay': 0.0645339288378718, 'num_layers': 4, 'max_units': 128, 'dropout': 0.792796321931629}}, {'number': 736, 'params': {'batch_size': 35, 'learning_rate': 0.014532775141902203, 'momentum': 0.8507623288509061, 'weight_decay': 0.07526342224132707, 'num_layers': 1, 'max_units': 159, 'dropout': 0.7022122746151029}}, {'number': 737, 'params': {'batch_size': 139, 'learning_rate': 0.02886073415711142, 'momentum': 0.7288857605202403, 'weight_decay': 0.07902321466892198, 'num_layers': 4, 'max_units': 354, 'dropout': 0.13937651587857947}}, {'number': 738, 'params': {'batch_size': 291, 'learning_rate': 0.012653698367436888, 'momentum': 0.21425672871924095, 'weight_decay': 0.07610839472963578, 'num_layers': 4, 'max_units': 560, 'dropout': 0.707189698810658}}, {'number': 739, 'params': {'batch_size': 23, 'learning_rate': 0.022348750107747957, 'momentum': 0.3238792528082986, 'weight_decay': 0.06991065669928805, 'num_layers': 4, 'max_units': 237, 'dropout': 0.9204548598824769}}, {'number': 740, 'params': {'batch_size': 21, 'learning_rate': 0.00029552469372471154, 'momentum': 0.31438444330284526, 'weight_decay': 0.03694098734134688, 'num_layers': 3, 'max_units': 514, 'dropout': 0.9449026807189821}}, {'number': 741, 'params': {'batch_size': 221, 'learning_rate': 0.00011864242405039389, 'momentum': 0.1400526693460959, 'weight_decay': 0.020441176451573093, 'num_layers': 2, 'max_units': 432, 'dropout': 0.16673131761969695}}, {'number': 742, 'params': {'batch_size': 180, 'learning_rate': 0.042034707423302516, 'momentum': 0.1554982666352658, 'weight_decay': 0.07387444457547904, 'num_layers': 2, 'max_units': 468, 'dropout': 0.8719355899421226}}, {'number': 743, 'params': {'batch_size': 25, 'learning_rate': 0.00011561705587928899, 'momentum': 0.733384727674464, 'weight_decay': 0.03853403883978643, 'num_layers': 1, 'max_units': 156, 'dropout': 0.9807022787820973}}, {'number': 744, 'params': {'batch_size': 379, 'learning_rate': 0.0001318153300854013, 'momentum': 0.5371940665330334, 'weight_decay': 0.06663843264547545, 'num_layers': 1, 'max_units': 261, 'dropout': 0.6300712149931569}}, {'number': 745, 'params': {'batch_size': 127, 'learning_rate': 0.0005946545299184204, 'momentum': 0.4393595822281822, 'weight_decay': 0.009219836016673111, 'num_layers': 3, 'max_units': 163, 'dropout': 0.6154655509690764}}, {'number': 746, 'params': {'batch_size': 53, 'learning_rate': 0.0014805565704600924, 'momentum': 0.19245455789184882, 'weight_decay': 0.06875029505809237, 'num_layers': 1, 'max_units': 906, 'dropout': 0.8407331430451211}}, {'number': 747, 'params': {'batch_size': 23, 'learning_rate': 0.07701691680949181, 'momentum': 0.30889546243580596, 'weight_decay': 0.0994140266147038, 'num_layers': 1, 'max_units': 843, 'dropout': 0.6024855295706181}}, {'number': 748, 'params': {'batch_size': 193, 'learning_rate': 0.00010207182611336624, 'momentum': 0.26467728183463823, 'weight_decay': 0.03515273882818206, 'num_layers': 4, 'max_units': 184, 'dropout': 0.11957877183687404}}, {'number': 749, 'params': {'batch_size': 76, 'learning_rate': 0.07496622353387906, 'momentum': 0.5897355301420475, 'weight_decay': 0.07788096961776451, 'num_layers': 4, 'max_units': 118, 'dropout': 0.39484733190442034}}, {'number': 750, 'params': {'batch_size': 69, 'learning_rate': 0.006958640356216073, 'momentum': 0.2100293108876486, 'weight_decay': 0.07980663020575726, 'num_layers': 4, 'max_units': 153, 'dropout': 0.5593599194918627}}, {'number': 751, 'params': {'batch_size': 85, 'learning_rate': 0.00018749704799474935, 'momentum': 0.10526262916177952, 'weight_decay': 0.018746075491384864, 'num_layers': 3, 'max_units': 267, 'dropout': 0.5873546092522843}}, {'number': 752, 'params': {'batch_size': 260, 'learning_rate': 0.0003698764563480972, 'momentum': 0.7426339239441013, 'weight_decay': 0.08101378353468432, 'num_layers': 2, 'max_units': 446, 'dropout': 0.4549835964851152}}, {'number': 753, 'params': {'batch_size': 16, 'learning_rate': 0.00013834572283092086, 'momentum': 0.3468641769742458, 'weight_decay': 0.08217492293227775, 'num_layers': 3, 'max_units': 260, 'dropout': 0.7440639891017659}}, {'number': 754, 'params': {'batch_size': 221, 'learning_rate': 0.016606626646488074, 'momentum': 0.21642150040049832, 'weight_decay': 0.08398091885610201, 'num_layers': 3, 'max_units': 311, 'dropout': 0.46661301322662674}}, {'number': 755, 'params': {'batch_size': 283, 'learning_rate': 0.022095244950811513, 'momentum': 0.2214215644150458, 'weight_decay': 0.08153465286766746, 'num_layers': 4, 'max_units': 728, 'dropout': 0.47614183421583467}}, {'number': 756, 'params': {'batch_size': 48, 'learning_rate': 0.07084008037440591, 'momentum': 0.21624578689102084, 'weight_decay': 0.015152737232314032, 'num_layers': 1, 'max_units': 622, 'dropout': 0.14493475181456206}}, {'number': 757, 'params': {'batch_size': 23, 'learning_rate': 0.0002562865626673274, 'momentum': 0.20075408604833897, 'weight_decay': 0.046457168537600554, 'num_layers': 4, 'max_units': 416, 'dropout': 0.3813257209198604}}, {'number': 758, 'params': {'batch_size': 214, 'learning_rate': 0.008504134588933638, 'momentum': 0.1462414866923166, 'weight_decay': 0.044453802863014244, 'num_layers': 2, 'max_units': 195, 'dropout': 0.8450474550319274}}, {'number': 759, 'params': {'batch_size': 383, 'learning_rate': 0.010870640529940438, 'momentum': 0.18578234273475336, 'weight_decay': 0.07503234685443, 'num_layers': 2, 'max_units': 79, 'dropout': 0.13358579480984623}}, {'number': 760, 'params': {'batch_size': 91, 'learning_rate': 0.0029421712082107806, 'momentum': 0.8689937532206419, 'weight_decay': 0.020654416108653276, 'num_layers': 3, 'max_units': 111, 'dropout': 0.07870067204084863}}, {'number': 761, 'params': {'batch_size': 159, 'learning_rate': 0.019164866543765736, 'momentum': 0.5564188810561247, 'weight_decay': 0.0943247284946743, 'num_layers': 1, 'max_units': 383, 'dropout': 0.3809161143740649}}, {'number': 762, 'params': {'batch_size': 148, 'learning_rate': 0.04255329698458006, 'momentum': 0.17694385164883705, 'weight_decay': 0.03386493953189446, 'num_layers': 3, 'max_units': 385, 'dropout': 0.11409689240982801}}, {'number': 763, 'params': {'batch_size': 304, 'learning_rate': 0.003758958115592195, 'momentum': 0.5856915100297763, 'weight_decay': 0.0919039783241634, 'num_layers': 1, 'max_units': 501, 'dropout': 0.24759953246609623}}, {'number': 764, 'params': {'batch_size': 59, 'learning_rate': 0.04268559013373534, 'momentum': 0.12934049610490136, 'weight_decay': 0.05992761057737181, 'num_layers': 4, 'max_units': 112, 'dropout': 0.23107148460044302}}, {'number': 765, 'params': {'batch_size': 28, 'learning_rate': 0.01793326303975733, 'momentum': 0.4486405524147495, 'weight_decay': 0.0719705307084294, 'num_layers': 4, 'max_units': 978, 'dropout': 0.39934240149440337}}, {'number': 766, 'params': {'batch_size': 53, 'learning_rate': 0.0002855118912082086, 'momentum': 0.868516418925222, 'weight_decay': 0.05817131241133115, 'num_layers': 2, 'max_units': 130, 'dropout': 0.8979041946264892}}, {'number': 767, 'params': {'batch_size': 112, 'learning_rate': 0.00021299404199577447, 'momentum': 0.974631226077477, 'weight_decay': 0.0704964071133618, 'num_layers': 4, 'max_units': 258, 'dropout': 0.021966363362830865}}, {'number': 768, 'params': {'batch_size': 66, 'learning_rate': 0.07636215334672039, 'momentum': 0.12909462551223605, 'weight_decay': 0.002908446568493526, 'num_layers': 2, 'max_units': 223, 'dropout': 0.005249880635400994}}, {'number': 769, 'params': {'batch_size': 47, 'learning_rate': 0.0004607403777949577, 'momentum': 0.12033766713503238, 'weight_decay': 0.09425562417292505, 'num_layers': 1, 'max_units': 139, 'dropout': 0.23163585039393642}}, {'number': 770, 'params': {'batch_size': 47, 'learning_rate': 0.0008135590177834346, 'momentum': 0.3728643106894528, 'weight_decay': 0.029001206241080935, 'num_layers': 4, 'max_units': 534, 'dropout': 0.9037519675880364}}, {'number': 771, 'params': {'batch_size': 17, 'learning_rate': 0.00038030663541833087, 'momentum': 0.11148514555224026, 'weight_decay': 0.002931209922910787, 'num_layers': 4, 'max_units': 523, 'dropout': 0.5021303411637436}}, {'number': 772, 'params': {'batch_size': 54, 'learning_rate': 0.004040218145466545, 'momentum': 0.7400197016168809, 'weight_decay': 0.08368750565657838, 'num_layers': 3, 'max_units': 157, 'dropout': 0.5666554279501345}}, {'number': 773, 'params': {'batch_size': 21, 'learning_rate': 0.0015608144853998314, 'momentum': 0.22649655228893892, 'weight_decay': 0.007108544860908983, 'num_layers': 3, 'max_units': 76, 'dropout': 0.980375449808227}}, {'number': 774, 'params': {'batch_size': 374, 'learning_rate': 0.00120989669224957, 'momentum': 0.521322011270976, 'weight_decay': 0.06331767773154144, 'num_layers': 1, 'max_units': 277, 'dropout': 0.9257114161081093}}, {'number': 775, 'params': {'batch_size': 43, 'learning_rate': 0.003381795844297651, 'momentum': 0.14216428072004517, 'weight_decay': 0.03073773340841223, 'num_layers': 1, 'max_units': 74, 'dropout': 0.6117586332816706}}, {'number': 776, 'params': {'batch_size': 32, 'learning_rate': 0.016373237825508445, 'momentum': 0.8448789513603117, 'weight_decay': 0.08661098145109848, 'num_layers': 4, 'max_units': 112, 'dropout': 0.09074200099074459}}, {'number': 777, 'params': {'batch_size': 205, 'learning_rate': 0.001455351430403857, 'momentum': 0.16832002975048346, 'weight_decay': 0.09248251222040052, 'num_layers': 1, 'max_units': 409, 'dropout': 0.8189283109048417}}, {'number': 778, 'params': {'batch_size': 46, 'learning_rate': 0.008781215832123095, 'momentum': 0.32986537673571026, 'weight_decay': 0.0003046291045504282, 'num_layers': 2, 'max_units': 282, 'dropout': 0.29453893604825887}}, {'number': 779, 'params': {'batch_size': 143, 'learning_rate': 0.00032444152005065344, 'momentum': 0.38056890710185126, 'weight_decay': 0.08196539024339149, 'num_layers': 4, 'max_units': 131, 'dropout': 0.48503909699094894}}, {'number': 780, 'params': {'batch_size': 181, 'learning_rate': 0.0008500144181955234, 'momentum': 0.27455310289113705, 'weight_decay': 0.028976062260066982, 'num_layers': 3, 'max_units': 169, 'dropout': 0.7797661755944068}}, {'number': 781, 'params': {'batch_size': 434, 'learning_rate': 0.00018318876162129127, 'momentum': 0.367362682819883, 'weight_decay': 0.016450435497672444, 'num_layers': 3, 'max_units': 73, 'dropout': 0.9404407389462937}}, {'number': 782, 'params': {'batch_size': 112, 'learning_rate': 0.00022117021369173594, 'momentum': 0.17203176716660498, 'weight_decay': 0.03471905368975929, 'num_layers': 3, 'max_units': 395, 'dropout': 0.5281515719474892}}, {'number': 783, 'params': {'batch_size': 37, 'learning_rate': 0.00020337549906327388, 'momentum': 0.40692071076324293, 'weight_decay': 0.03824802566897584, 'num_layers': 2, 'max_units': 570, 'dropout': 0.7234803326786893}}, {'number': 784, 'params': {'batch_size': 53, 'learning_rate': 0.0025238822859106297, 'momentum': 0.22376223068241255, 'weight_decay': 0.06191407008636274, 'num_layers': 1, 'max_units': 203, 'dropout': 0.6181671293797661}}, {'number': 785, 'params': {'batch_size': 73, 'learning_rate': 0.00039926040255588914, 'momentum': 0.1422148145034594, 'weight_decay': 0.0538580934039011, 'num_layers': 3, 'max_units': 771, 'dropout': 0.5413127229940822}}, {'number': 786, 'params': {'batch_size': 54, 'learning_rate': 0.004881816087773341, 'momentum': 0.8717096158339961, 'weight_decay': 0.06933016610158621, 'num_layers': 1, 'max_units': 679, 'dropout': 0.09057722634793197}}, {'number': 787, 'params': {'batch_size': 88, 'learning_rate': 0.0007666056351970288, 'momentum': 0.5146829494237153, 'weight_decay': 0.09246787026739321, 'num_layers': 1, 'max_units': 337, 'dropout': 0.5864108749811116}}, {'number': 788, 'params': {'batch_size': 24, 'learning_rate': 0.0158472005438507, 'momentum': 0.6261158157997165, 'weight_decay': 0.09751555176188745, 'num_layers': 2, 'max_units': 335, 'dropout': 0.655827339078744}}, {'number': 789, 'params': {'batch_size': 55, 'learning_rate': 0.00493748148851389, 'momentum': 0.4512903531462327, 'weight_decay': 0.07171299160742796, 'num_layers': 3, 'max_units': 70, 'dropout': 0.6211116289182069}}, {'number': 790, 'params': {'batch_size': 211, 'learning_rate': 0.015560194414866826, 'momentum': 0.3830208162490755, 'weight_decay': 0.05053387967907143, 'num_layers': 2, 'max_units': 524, 'dropout': 0.921435164121691}}, {'number': 791, 'params': {'batch_size': 28, 'learning_rate': 0.0001990469025231543, 'momentum': 0.8928527472273479, 'weight_decay': 0.0497746245407771, 'num_layers': 1, 'max_units': 567, 'dropout': 0.6641497578578361}}, {'number': 792, 'params': {'batch_size': 55, 'learning_rate': 0.004887257459544341, 'momentum': 0.12434772712876209, 'weight_decay': 0.06360661459855414, 'num_layers': 3, 'max_units': 699, 'dropout': 0.6273563456015431}}, {'number': 793, 'params': {'batch_size': 27, 'learning_rate': 0.002014826053385353, 'momentum': 0.160493207820099, 'weight_decay': 0.09309866808178786, 'num_layers': 4, 'max_units': 143, 'dropout': 0.015414245964032736}}, {'number': 794, 'params': {'batch_size': 49, 'learning_rate': 0.00040166575817302805, 'momentum': 0.41559569041887723, 'weight_decay': 0.04700382347110753, 'num_layers': 1, 'max_units': 80, 'dropout': 0.49241402841176496}}, {'number': 795, 'params': {'batch_size': 24, 'learning_rate': 0.07314712369707929, 'momentum': 0.5173346843813184, 'weight_decay': 0.02295888097388103, 'num_layers': 1, 'max_units': 80, 'dropout': 0.7013787100622111}}, {'number': 796, 'params': {'batch_size': 273, 'learning_rate': 0.001143093958142823, 'momentum': 0.15750387287879572, 'weight_decay': 0.09859130635234901, 'num_layers': 3, 'max_units': 339, 'dropout': 0.9778653558309311}}, {'number': 797, 'params': {'batch_size': 73, 'learning_rate': 0.000313607044359162, 'momentum': 0.22913268058844038, 'weight_decay': 0.040070645024740656, 'num_layers': 3, 'max_units': 230, 'dropout': 0.3757256935343154}}, {'number': 798, 'params': {'batch_size': 69, 'learning_rate': 0.00013217653438518843, 'momentum': 0.2031248426945926, 'weight_decay': 0.02631907155016155, 'num_layers': 3, 'max_units': 552, 'dropout': 0.6189812910301199}}, {'number': 799, 'params': {'batch_size': 414, 'learning_rate': 0.012924113950311195, 'momentum': 0.1271029623757366, 'weight_decay': 0.03630341682860068, 'num_layers': 4, 'max_units': 116, 'dropout': 0.8834448993762736}}, {'number': 800, 'params': {'batch_size': 84, 'learning_rate': 0.010709909158986968, 'momentum': 0.19323616281660116, 'weight_decay': 0.045285049618131484, 'num_layers': 3, 'max_units': 395, 'dropout': 0.268448081170902}}, {'number': 801, 'params': {'batch_size': 284, 'learning_rate': 0.010573783723419872, 'momentum': 0.3274043414472607, 'weight_decay': 0.03160291792012958, 'num_layers': 1, 'max_units': 159, 'dropout': 0.858840323029148}}, {'number': 802, 'params': {'batch_size': 45, 'learning_rate': 0.008014075452250965, 'momentum': 0.732386960116838, 'weight_decay': 0.03369549734119717, 'num_layers': 2, 'max_units': 449, 'dropout': 0.8090248972289872}}, {'number': 803, 'params': {'batch_size': 110, 'learning_rate': 0.030669185758884752, 'momentum': 0.356685721733014, 'weight_decay': 0.050303439422163775, 'num_layers': 2, 'max_units': 457, 'dropout': 0.42330746295453325}}, {'number': 804, 'params': {'batch_size': 104, 'learning_rate': 0.0002893362969297561, 'momentum': 0.20476340931645695, 'weight_decay': 0.08127916086778814, 'num_layers': 2, 'max_units': 240, 'dropout': 0.4171069344245365}}, {'number': 805, 'params': {'batch_size': 151, 'learning_rate': 0.0336351738666833, 'momentum': 0.6507488827304182, 'weight_decay': 0.08077326598907267, 'num_layers': 3, 'max_units': 284, 'dropout': 0.43528357866303535}}, {'number': 806, 'params': {'batch_size': 21, 'learning_rate': 0.0016240457093457184, 'momentum': 0.24228614632351012, 'weight_decay': 0.01078824002809914, 'num_layers': 4, 'max_units': 796, 'dropout': 0.5468127629222098}}, {'number': 807, 'params': {'batch_size': 22, 'learning_rate': 0.00010139803056234471, 'momentum': 0.17161940789069774, 'weight_decay': 0.023786794098636377, 'num_layers': 2, 'max_units': 165, 'dropout': 0.9250037018616327}}, {'number': 808, 'params': {'batch_size': 480, 'learning_rate': 0.00040451342217333704, 'momentum': 0.3088585962415984, 'weight_decay': 0.013864447570634321, 'num_layers': 3, 'max_units': 383, 'dropout': 0.8212478495824954}}, {'number': 809, 'params': {'batch_size': 26, 'learning_rate': 0.07069053886087903, 'momentum': 0.14844495945513173, 'weight_decay': 0.04125671135960202, 'num_layers': 1, 'max_units': 538, 'dropout': 0.12281213937646274}}, {'number': 810, 'params': {'batch_size': 63, 'learning_rate': 0.0012023904172884597, 'momentum': 0.3444987861691383, 'weight_decay': 0.05538067525069943, 'num_layers': 4, 'max_units': 64, 'dropout': 0.6633655298791383}}, {'number': 811, 'params': {'batch_size': 231, 'learning_rate': 0.00019624588369458808, 'momentum': 0.2833941410463345, 'weight_decay': 0.0021013711074698463, 'num_layers': 3, 'max_units': 314, 'dropout': 0.11811599338176759}}, {'number': 812, 'params': {'batch_size': 36, 'learning_rate': 0.00036756968091006015, 'momentum': 0.3094181698216474, 'weight_decay': 0.04865333466593889, 'num_layers': 2, 'max_units': 471, 'dropout': 0.9125102657015965}}, {'number': 813, 'params': {'batch_size': 26, 'learning_rate': 0.00036675902417211074, 'momentum': 0.910324622870543, 'weight_decay': 0.009747247647733694, 'num_layers': 3, 'max_units': 88, 'dropout': 0.4238757497952952}}, {'number': 814, 'params': {'batch_size': 193, 'learning_rate': 0.0003498172318112523, 'momentum': 0.2032538696117931, 'weight_decay': 0.02762025359606447, 'num_layers': 4, 'max_units': 235, 'dropout': 0.25445696661259787}}, {'number': 815, 'params': {'batch_size': 81, 'learning_rate': 0.0001075738651146121, 'momentum': 0.18593220547612857, 'weight_decay': 0.040732680060952334, 'num_layers': 1, 'max_units': 270, 'dropout': 0.5474544776358078}}, {'number': 816, 'params': {'batch_size': 164, 'learning_rate': 0.01137535793566576, 'momentum': 0.17599101687150243, 'weight_decay': 0.03628973109361614, 'num_layers': 1, 'max_units': 185, 'dropout': 0.2131389265762489}}, {'number': 817, 'params': {'batch_size': 47, 'learning_rate': 0.00822684005246718, 'momentum': 0.12398134127603742, 'weight_decay': 0.051529400664591524, 'num_layers': 1, 'max_units': 204, 'dropout': 0.9245629989172476}}, {'number': 818, 'params': {'batch_size': 333, 'learning_rate': 0.005064535771843766, 'momentum': 0.14836400037835756, 'weight_decay': 0.09622050511949785, 'num_layers': 2, 'max_units': 529, 'dropout': 0.46160316932517165}}, {'number': 819, 'params': {'batch_size': 18, 'learning_rate': 0.0007225674456382637, 'momentum': 0.39830818525654493, 'weight_decay': 0.08161526941412929, 'num_layers': 1, 'max_units': 86, 'dropout': 0.6387680860361484}}, {'number': 821, 'params': {'batch_size': 348, 'learning_rate': 0.014711546072872547, 'momentum': 0.11170507303529624, 'weight_decay': 0.08593945207242368, 'num_layers': 2, 'max_units': 89, 'dropout': 0.10263306972996566}}, {'number': 822, 'params': {'batch_size': 48, 'learning_rate': 0.0003739100405356729, 'momentum': 0.11196041732787505, 'weight_decay': 0.013772295943883017, 'num_layers': 1, 'max_units': 190, 'dropout': 0.08038780413933244}}, {'number': 823, 'params': {'batch_size': 18, 'learning_rate': 0.00022790650718781426, 'momentum': 0.10405150388775633, 'weight_decay': 0.07421575634467908, 'num_layers': 3, 'max_units': 194, 'dropout': 0.49544085228434}}, {'number': 824, 'params': {'batch_size': 35, 'learning_rate': 0.0014141424092021537, 'momentum': 0.18094515493117888, 'weight_decay': 0.06420031987973183, 'num_layers': 3, 'max_units': 257, 'dropout': 0.09521489099768221}}, {'number': 825, 'params': {'batch_size': 26, 'learning_rate': 0.028763422735332878, 'momentum': 0.30034374357351457, 'weight_decay': 0.026347305802038787, 'num_layers': 3, 'max_units': 838, 'dropout': 0.18841878216480268}}, {'number': 826, 'params': {'batch_size': 256, 'learning_rate': 0.03435447198788095, 'momentum': 0.20649050402813937, 'weight_decay': 0.0017301678650139085, 'num_layers': 1, 'max_units': 236, 'dropout': 0.032197088484124725}}, {'number': 827, 'params': {'batch_size': 39, 'learning_rate': 0.0001614344721959006, 'momentum': 0.5098694451301666, 'weight_decay': 0.054494164726033203, 'num_layers': 3, 'max_units': 169, 'dropout': 0.7121505998520163}}, {'number': 828, 'params': {'batch_size': 35, 'learning_rate': 0.0027182371291792837, 'momentum': 0.9446388450014015, 'weight_decay': 0.06037490331815936, 'num_layers': 1, 'max_units': 341, 'dropout': 0.005825094591977553}}, {'number': 829, 'params': {'batch_size': 477, 'learning_rate': 0.0013308495120138361, 'momentum': 0.3502265702280095, 'weight_decay': 0.04914982577276557, 'num_layers': 1, 'max_units': 932, 'dropout': 0.771825586259637}}, {'number': 830, 'params': {'batch_size': 16, 'learning_rate': 0.0019443265935068803, 'momentum': 0.5277389124888466, 'weight_decay': 0.024702864681430577, 'num_layers': 1, 'max_units': 773, 'dropout': 0.8973478351231601}}, {'number': 831, 'params': {'batch_size': 64, 'learning_rate': 0.02144945146888194, 'momentum': 0.7272234851453832, 'weight_decay': 0.09649510553951975, 'num_layers': 3, 'max_units': 166, 'dropout': 0.0005357532658690767}}, {'number': 832, 'params': {'batch_size': 25, 'learning_rate': 0.00011403696385549614, 'momentum': 0.3110195206741196, 'weight_decay': 0.04562687619299049, 'num_layers': 2, 'max_units': 69, 'dropout': 0.6396159466643156}}, {'number': 833, 'params': {'batch_size': 27, 'learning_rate': 0.0002722146594661511, 'momentum': 0.19651089856108903, 'weight_decay': 0.06450585098412819, 'num_layers': 2, 'max_units': 65, 'dropout': 0.612828795159946}}, {'number': 834, 'params': {'batch_size': 155, 'learning_rate': 0.006631572051856915, 'momentum': 0.6388024843193066, 'weight_decay': 0.04533996921307258, 'num_layers': 2, 'max_units': 461, 'dropout': 0.45943118536817973}}, {'number': 835, 'params': {'batch_size': 216, 'learning_rate': 0.0011993878369071461, 'momentum': 0.21311016991520887, 'weight_decay': 0.06221028824718564, 'num_layers': 2, 'max_units': 855, 'dropout': 0.86674156929713}}, {'number': 836, 'params': {'batch_size': 24, 'learning_rate': 0.0016726873354348149, 'momentum': 0.41196588577317267, 'weight_decay': 0.05066920640628764, 'num_layers': 4, 'max_units': 196, 'dropout': 0.35677721750081914}}, {'number': 837, 'params': {'batch_size': 31, 'learning_rate': 0.0037334489492045846, 'momentum': 0.5451923445761495, 'weight_decay': 0.02356298802988799, 'num_layers': 1, 'max_units': 617, 'dropout': 0.6476050324594823}}, {'number': 838, 'params': {'batch_size': 25, 'learning_rate': 0.0012091477814142053, 'momentum': 0.39629298707994626, 'weight_decay': 0.02142108992511344, 'num_layers': 1, 'max_units': 239, 'dropout': 0.8177775665459356}}, {'number': 839, 'params': {'batch_size': 16, 'learning_rate': 0.0035201418675424316, 'momentum': 0.41398863015182946, 'weight_decay': 0.01984132043453063, 'num_layers': 3, 'max_units': 123, 'dropout': 0.442113005246098}}, {'number': 840, 'params': {'batch_size': 184, 'learning_rate': 0.00013449066076564925, 'momentum': 0.49626136623761186, 'weight_decay': 0.05774568201224504, 'num_layers': 4, 'max_units': 391, 'dropout': 0.9628177589295014}}, {'number': 841, 'params': {'batch_size': 62, 'learning_rate': 0.001099110547251396, 'momentum': 0.15618213757588345, 'weight_decay': 0.09150807703439083, 'num_layers': 2, 'max_units': 131, 'dropout': 0.8273879884810169}}, {'number': 842, 'params': {'batch_size': 18, 'learning_rate': 0.0004951998880906239, 'momentum': 0.7977544046013971, 'weight_decay': 0.015159910326619785, 'num_layers': 4, 'max_units': 175, 'dropout': 0.8734567134054094}}, {'number': 843, 'params': {'batch_size': 78, 'learning_rate': 0.0022428283783924585, 'momentum': 0.14476896714355214, 'weight_decay': 0.02607128916947055, 'num_layers': 2, 'max_units': 126, 'dropout': 0.9015820195541058}}, {'number': 844, 'params': {'batch_size': 67, 'learning_rate': 0.002668719448998018, 'momentum': 0.25788716661544364, 'weight_decay': 0.03487052612985978, 'num_layers': 1, 'max_units': 391, 'dropout': 0.21558051267057132}}, {'number': 845, 'params': {'batch_size': 212, 'learning_rate': 0.000470148760245251, 'momentum': 0.7976086975706255, 'weight_decay': 0.07103222881626489, 'num_layers': 1, 'max_units': 69, 'dropout': 0.059479986108802674}}, {'number': 846, 'params': {'batch_size': 346, 'learning_rate': 0.000612212414831786, 'momentum': 0.3982004220627103, 'weight_decay': 0.0009501602623894169, 'num_layers': 4, 'max_units': 800, 'dropout': 0.8994689436850818}}, {'number': 847, 'params': {'batch_size': 103, 'learning_rate': 0.02026417500279864, 'momentum': 0.8870914667412246, 'weight_decay': 0.08021511397337262, 'num_layers': 4, 'max_units': 178, 'dropout': 0.44873360762886993}}, {'number': 848, 'params': {'batch_size': 68, 'learning_rate': 0.012901751448600975, 'momentum': 0.12779025935639432, 'weight_decay': 0.0692006858089058, 'num_layers': 1, 'max_units': 904, 'dropout': 0.5873181686551205}}, {'number': 849, 'params': {'batch_size': 124, 'learning_rate': 0.00037395820915152615, 'momentum': 0.12592486500103542, 'weight_decay': 0.08023090815435839, 'num_layers': 1, 'max_units': 94, 'dropout': 0.8030493324567602}}, {'number': 850, 'params': {'batch_size': 123, 'learning_rate': 0.010505590853799384, 'momentum': 0.6130374011439844, 'weight_decay': 0.09912823578564782, 'num_layers': 1, 'max_units': 979, 'dropout': 0.4761750072336912}}, {'number': 851, 'params': {'batch_size': 43, 'learning_rate': 0.012235583185254488, 'momentum': 0.34074540835634454, 'weight_decay': 0.0724440027207417, 'num_layers': 2, 'max_units': 951, 'dropout': 0.3369192266025053}}, {'number': 852, 'params': {'batch_size': 422, 'learning_rate': 0.03754324664711668, 'momentum': 0.3969607545677229, 'weight_decay': 0.06694108307636056, 'num_layers': 3, 'max_units': 65, 'dropout': 0.8528130013592717}}, {'number': 853, 'params': {'batch_size': 71, 'learning_rate': 0.03134938311623776, 'momentum': 0.2769791088340283, 'weight_decay': 0.06577023317039464, 'num_layers': 4, 'max_units': 173, 'dropout': 0.5435422925081297}}, {'number': 854, 'params': {'batch_size': 195, 'learning_rate': 0.010840873461248466, 'momentum': 0.8620962978530208, 'weight_decay': 0.046686000586450616, 'num_layers': 1, 'max_units': 221, 'dropout': 0.1503281110903708}}, {'number': 855, 'params': {'batch_size': 80, 'learning_rate': 0.05233373637197388, 'momentum': 0.45532460622177046, 'weight_decay': 0.09443128191331729, 'num_layers': 4, 'max_units': 376, 'dropout': 0.4449963757515165}}, {'number': 856, 'params': {'batch_size': 23, 'learning_rate': 0.010226755420996433, 'momentum': 0.16508883311096856, 'weight_decay': 0.09376294851764405, 'num_layers': 1, 'max_units': 659, 'dropout': 0.23697119867437388}}, {'number': 857, 'params': {'batch_size': 190, 'learning_rate': 0.0032056156821663705, 'momentum': 0.3950217301248306, 'weight_decay': 0.03170434075922131, 'num_layers': 2, 'max_units': 907, 'dropout': 0.3322955945896471}}, {'number': 858, 'params': {'batch_size': 334, 'learning_rate': 0.0013054565198543726, 'momentum': 0.2075938640224685, 'weight_decay': 0.018916481947854266, 'num_layers': 4, 'max_units': 105, 'dropout': 0.13329024640260267}}, {'number': 859, 'params': {'batch_size': 287, 'learning_rate': 0.05946226251151875, 'momentum': 0.7386184283947992, 'weight_decay': 0.040903944597232116, 'num_layers': 1, 'max_units': 551, 'dropout': 0.632876266117468}}, {'number': 860, 'params': {'batch_size': 166, 'learning_rate': 0.09018215072137248, 'momentum': 0.23552829805439962, 'weight_decay': 0.04491211151095989, 'num_layers': 1, 'max_units': 982, 'dropout': 0.5460007577844835}}, {'number': 861, 'params': {'batch_size': 484, 'learning_rate': 0.00833840837317613, 'momentum': 0.5214714580455588, 'weight_decay': 0.015970000134620632, 'num_layers': 1, 'max_units': 1010, 'dropout': 0.3774068929434119}}, {'number': 862, 'params': {'batch_size': 294, 'learning_rate': 0.021472971014812638, 'momentum': 0.519458349513764, 'weight_decay': 0.006166719924463825, 'num_layers': 1, 'max_units': 115, 'dropout': 0.13037113543108503}}, {'number': 863, 'params': {'batch_size': 231, 'learning_rate': 0.011135212915405304, 'momentum': 0.40883026551213664, 'weight_decay': 0.06467401706714584, 'num_layers': 3, 'max_units': 158, 'dropout': 0.06784233698759268}}, {'number': 864, 'params': {'batch_size': 361, 'learning_rate': 0.0031217920657108287, 'momentum': 0.12834866712653722, 'weight_decay': 0.05209134304800419, 'num_layers': 2, 'max_units': 244, 'dropout': 0.10630375300508355}}, {'number': 865, 'params': {'batch_size': 132, 'learning_rate': 0.017213420863759533, 'momentum': 0.6013372267769711, 'weight_decay': 0.09491021360927225, 'num_layers': 1, 'max_units': 124, 'dropout': 0.22541357248724703}}, {'number': 866, 'params': {'batch_size': 179, 'learning_rate': 0.0006207194706671208, 'momentum': 0.6306238579017042, 'weight_decay': 0.03897259338186038, 'num_layers': 4, 'max_units': 215, 'dropout': 0.6204050964998576}}, {'number': 867, 'params': {'batch_size': 108, 'learning_rate': 0.001766527842443287, 'momentum': 0.5268791259759693, 'weight_decay': 0.020749520206628836, 'num_layers': 3, 'max_units': 167, 'dropout': 0.9503424302821183}}, {'number': 868, 'params': {'batch_size': 138, 'learning_rate': 0.0006114420428510299, 'momentum': 0.23834196347145634, 'weight_decay': 0.014103143881399957, 'num_layers': 3, 'max_units': 140, 'dropout': 0.9716717604997971}}, {'number': 869, 'params': {'batch_size': 148, 'learning_rate': 0.0007296865458137066, 'momentum': 0.1018104441750443, 'weight_decay': 0.014682959055860723, 'num_layers': 1, 'max_units': 480, 'dropout': 0.950255086891871}}, {'number': 870, 'params': {'batch_size': 261, 'learning_rate': 0.0038462703822993963, 'momentum': 0.2824070492961596, 'weight_decay': 0.0450715898814538, 'num_layers': 4, 'max_units': 173, 'dropout': 0.8724213689675433}}, {'number': 871, 'params': {'batch_size': 243, 'learning_rate': 0.0005285770494942979, 'momentum': 0.6958278655903619, 'weight_decay': 0.09846446883666134, 'num_layers': 2, 'max_units': 159, 'dropout': 0.7017163151346056}}, {'number': 872, 'params': {'batch_size': 50, 'learning_rate': 0.0039104086444899456, 'momentum': 0.1151163929543781, 'weight_decay': 0.08146443595669735, 'num_layers': 4, 'max_units': 724, 'dropout': 0.30091482346303133}}, {'number': 873, 'params': {'batch_size': 74, 'learning_rate': 0.0001816918598365204, 'momentum': 0.1057578045626962, 'weight_decay': 0.035849575916711764, 'num_layers': 4, 'max_units': 196, 'dropout': 0.13950933723083103}}, {'number': 874, 'params': {'batch_size': 192, 'learning_rate': 0.004617628343116336, 'momentum': 0.33149955787417074, 'weight_decay': 0.06106521985939525, 'num_layers': 3, 'max_units': 182, 'dropout': 0.5235023555021298}}, {'number': 875, 'params': {'batch_size': 183, 'learning_rate': 0.0009940230849940323, 'momentum': 0.3413346799425827, 'weight_decay': 0.09214379842937341, 'num_layers': 4, 'max_units': 132, 'dropout': 0.7006513628564561}}, {'number': 876, 'params': {'batch_size': 79, 'learning_rate': 0.011020392423907626, 'momentum': 0.6289481086287046, 'weight_decay': 0.00681013078288884, 'num_layers': 1, 'max_units': 1000, 'dropout': 0.715720233072753}}, {'number': 877, 'params': {'batch_size': 20, 'learning_rate': 0.0024628515353027377, 'momentum': 0.10907238390923765, 'weight_decay': 0.006574267492947182, 'num_layers': 3, 'max_units': 177, 'dropout': 0.33494299411687645}}, {'number': 878, 'params': {'batch_size': 99, 'learning_rate': 0.008625679741375769, 'momentum': 0.13782132030078012, 'weight_decay': 0.004963905343319721, 'num_layers': 1, 'max_units': 1001, 'dropout': 0.16335436356818256}}, {'number': 879, 'params': {'batch_size': 196, 'learning_rate': 0.0005032350914289751, 'momentum': 0.6757713655649024, 'weight_decay': 0.0015939797535877182, 'num_layers': 1, 'max_units': 352, 'dropout': 0.85655918946167}}, {'number': 880, 'params': {'batch_size': 128, 'learning_rate': 0.010322639795368294, 'momentum': 0.13120394466970114, 'weight_decay': 0.04273540352720101, 'num_layers': 4, 'max_units': 163, 'dropout': 0.5789746008347765}}, {'number': 881, 'params': {'batch_size': 66, 'learning_rate': 0.005409292806641444, 'momentum': 0.18551177301309907, 'weight_decay': 0.0245618990467356, 'num_layers': 4, 'max_units': 469, 'dropout': 0.5683114733695185}}, {'number': 882, 'params': {'batch_size': 60, 'learning_rate': 0.05453283026737128, 'momentum': 0.3758390115220188, 'weight_decay': 0.09557611660375924, 'num_layers': 1, 'max_units': 479, 'dropout': 0.9765080672103134}}, {'number': 883, 'params': {'batch_size': 65, 'learning_rate': 0.0011290303086263819, 'momentum': 0.3234150759018086, 'weight_decay': 0.06836685261311046, 'num_layers': 2, 'max_units': 128, 'dropout': 0.4885609898018295}}, {'number': 884, 'params': {'batch_size': 48, 'learning_rate': 0.02170432590550778, 'momentum': 0.1068884469125329, 'weight_decay': 0.035681552013897916, 'num_layers': 3, 'max_units': 111, 'dropout': 0.41063325043514554}}, {'number': 885, 'params': {'batch_size': 41, 'learning_rate': 0.003355936460909683, 'momentum': 0.33225340873817666, 'weight_decay': 0.08408068042531128, 'num_layers': 4, 'max_units': 381, 'dropout': 0.36855192685336513}}, {'number': 886, 'params': {'batch_size': 71, 'learning_rate': 0.011860242909987075, 'momentum': 0.16365400369396335, 'weight_decay': 0.005330349610746555, 'num_layers': 2, 'max_units': 360, 'dropout': 0.9734520364605261}}, {'number': 887, 'params': {'batch_size': 30, 'learning_rate': 0.021873960541613266, 'momentum': 0.18681114899442386, 'weight_decay': 0.027653660871758242, 'num_layers': 4, 'max_units': 215, 'dropout': 0.6221087710398319}}, {'number': 888, 'params': {'batch_size': 197, 'learning_rate': 0.00018466079129683563, 'momentum': 0.13882255797035517, 'weight_decay': 0.032753989837561115, 'num_layers': 1, 'max_units': 529, 'dropout': 0.720655580785411}}, {'number': 889, 'params': {'batch_size': 398, 'learning_rate': 0.0007120215698937775, 'momentum': 0.61292904687502, 'weight_decay': 0.009555020897590532, 'num_layers': 1, 'max_units': 201, 'dropout': 0.39130937854767944}}, {'number': 890, 'params': {'batch_size': 507, 'learning_rate': 0.02774563895543104, 'momentum': 0.2847870370460261, 'weight_decay': 0.0490436444107846, 'num_layers': 2, 'max_units': 89, 'dropout': 0.123214537966023}}, {'number': 891, 'params': {'batch_size': 305, 'learning_rate': 0.0006950566850000972, 'momentum': 0.10774791510827594, 'weight_decay': 0.08467631391179255, 'num_layers': 2, 'max_units': 193, 'dropout': 0.6459241022451213}}, {'number': 892, 'params': {'batch_size': 495, 'learning_rate': 0.0015025181473106936, 'momentum': 0.6684264028150589, 'weight_decay': 0.09903603218730733, 'num_layers': 2, 'max_units': 832, 'dropout': 0.4153194490946318}}, {'number': 893, 'params': {'batch_size': 161, 'learning_rate': 0.00028336081183962463, 'momentum': 0.9270003529906802, 'weight_decay': 0.09263460285016874, 'num_layers': 2, 'max_units': 671, 'dropout': 0.8138730615618255}}, {'number': 894, 'params': {'batch_size': 50, 'learning_rate': 0.05265058377846685, 'momentum': 0.11657441058448292, 'weight_decay': 0.08000057621865433, 'num_layers': 1, 'max_units': 110, 'dropout': 0.870821335790198}}, {'number': 895, 'params': {'batch_size': 44, 'learning_rate': 0.020610249054182777, 'momentum': 0.5106069314520113, 'weight_decay': 0.09892410903392138, 'num_layers': 2, 'max_units': 318, 'dropout': 0.5010466660824857}}, {'number': 896, 'params': {'batch_size': 480, 'learning_rate': 0.00015501878777671106, 'momentum': 0.46188789163228744, 'weight_decay': 0.0308993997808819, 'num_layers': 1, 'max_units': 722, 'dropout': 0.07393911919192275}}, {'number': 897, 'params': {'batch_size': 18, 'learning_rate': 0.0029224710960362877, 'momentum': 0.187918075417759, 'weight_decay': 0.02616216696638528, 'num_layers': 1, 'max_units': 75, 'dropout': 0.17730070800565967}}, {'number': 898, 'params': {'batch_size': 121, 'learning_rate': 0.00019796453385352976, 'momentum': 0.22717805664485582, 'weight_decay': 0.09580174955821742, 'num_layers': 2, 'max_units': 109, 'dropout': 0.31585926900922434}}, {'number': 899, 'params': {'batch_size': 83, 'learning_rate': 0.00013278823154000915, 'momentum': 0.1382832320268903, 'weight_decay': 0.031721949536985206, 'num_layers': 1, 'max_units': 445, 'dropout': 0.31486797165427016}}, {'number': 900, 'params': {'batch_size': 37, 'learning_rate': 0.00021129893896140197, 'momentum': 0.1889235598543584, 'weight_decay': 0.02270207488712232, 'num_layers': 2, 'max_units': 158, 'dropout': 0.23650401143287414}}, {'number': 901, 'params': {'batch_size': 466, 'learning_rate': 0.0002875443013104362, 'momentum': 0.47107488864983227, 'weight_decay': 0.07891456423381694, 'num_layers': 1, 'max_units': 1017, 'dropout': 0.27723377976656405}}, {'number': 902, 'params': {'batch_size': 36, 'learning_rate': 0.00014937526585718968, 'momentum': 0.20487212333255375, 'weight_decay': 0.0032946944703369585, 'num_layers': 2, 'max_units': 295, 'dropout': 0.7043462234084277}}, {'number': 903, 'params': {'batch_size': 251, 'learning_rate': 0.025779417558056676, 'momentum': 0.3101814354623188, 'weight_decay': 0.09509166871668444, 'num_layers': 3, 'max_units': 649, 'dropout': 0.3606363241475058}}, {'number': 904, 'params': {'batch_size': 61, 'learning_rate': 0.05707780505987721, 'momentum': 0.23390315619020785, 'weight_decay': 0.0461840966492554, 'num_layers': 3, 'max_units': 894, 'dropout': 0.3436766121223216}}, {'number': 905, 'params': {'batch_size': 27, 'learning_rate': 0.00020425267484485075, 'momentum': 0.23115481366221227, 'weight_decay': 0.059125725375766304, 'num_layers': 2, 'max_units': 138, 'dropout': 0.5612311615972906}}, {'number': 906, 'params': {'batch_size': 282, 'learning_rate': 0.022246833342632312, 'momentum': 0.1786659928187256, 'weight_decay': 0.013854646212021707, 'num_layers': 1, 'max_units': 138, 'dropout': 0.6430227908479803}}, {'number': 907, 'params': {'batch_size': 26, 'learning_rate': 0.031240377602615502, 'momentum': 0.2617280254730298, 'weight_decay': 0.033031850036816454, 'num_layers': 3, 'max_units': 401, 'dropout': 0.48885497920484}}, {'number': 908, 'params': {'batch_size': 461, 'learning_rate': 0.004851457696333679, 'momentum': 0.3390869424330633, 'weight_decay': 0.08928033457755852, 'num_layers': 1, 'max_units': 90, 'dropout': 0.9340609231607762}}, {'number': 909, 'params': {'batch_size': 238, 'learning_rate': 0.0016680938666941239, 'momentum': 0.11751932070932543, 'weight_decay': 0.09100784342391113, 'num_layers': 2, 'max_units': 182, 'dropout': 0.7931272466152949}}, {'number': 910, 'params': {'batch_size': 502, 'learning_rate': 0.0001350522217232476, 'momentum': 0.33529171728597007, 'weight_decay': 0.08622342660422501, 'num_layers': 2, 'max_units': 333, 'dropout': 0.6291020060074469}}, {'number': 911, 'params': {'batch_size': 246, 'learning_rate': 0.00015475542940371798, 'momentum': 0.7242581899853985, 'weight_decay': 0.026380131096697432, 'num_layers': 2, 'max_units': 952, 'dropout': 0.2596127059732134}}, {'number': 912, 'params': {'batch_size': 179, 'learning_rate': 0.016368023061180494, 'momentum': 0.2968328995121861, 'weight_decay': 0.05713883824923507, 'num_layers': 2, 'max_units': 114, 'dropout': 0.32253700532986185}}, {'number': 913, 'params': {'batch_size': 34, 'learning_rate': 0.002876883053296153, 'momentum': 0.125379733825633, 'weight_decay': 0.027386902905217538, 'num_layers': 4, 'max_units': 723, 'dropout': 0.33636494884660506}}, {'number': 914, 'params': {'batch_size': 70, 'learning_rate': 0.0007808870002271899, 'momentum': 0.6031829423762327, 'weight_decay': 0.0856556521618866, 'num_layers': 4, 'max_units': 150, 'dropout': 0.6495174854009923}}, {'number': 915, 'params': {'batch_size': 24, 'learning_rate': 0.0005400596650981046, 'momentum': 0.1357562532673252, 'weight_decay': 0.07328109627142282, 'num_layers': 4, 'max_units': 712, 'dropout': 0.44585458844915404}}, {'number': 916, 'params': {'batch_size': 37, 'learning_rate': 0.013123087469649875, 'momentum': 0.1989088031271892, 'weight_decay': 0.0956947268327017, 'num_layers': 3, 'max_units': 123, 'dropout': 0.4760245891039594}}, {'number': 917, 'params': {'batch_size': 39, 'learning_rate': 0.00019451779108776624, 'momentum': 0.8465297445566257, 'weight_decay': 0.0032292350600515857, 'num_layers': 2, 'max_units': 427, 'dropout': 0.4445025774978285}}, {'number': 918, 'params': {'batch_size': 304, 'learning_rate': 0.0003629958426719527, 'momentum': 0.5771849191755816, 'weight_decay': 0.07080590165342773, 'num_layers': 2, 'max_units': 326, 'dropout': 0.02324182600733371}}, {'number': 919, 'params': {'batch_size': 20, 'learning_rate': 0.005375244737492065, 'momentum': 0.7419755874745376, 'weight_decay': 0.047125244764284945, 'num_layers': 2, 'max_units': 442, 'dropout': 0.7349101793606325}}, {'number': 920, 'params': {'batch_size': 233, 'learning_rate': 0.0032139186305348167, 'momentum': 0.24536825012473015, 'weight_decay': 0.038563073421728045, 'num_layers': 2, 'max_units': 191, 'dropout': 0.7579072032518254}}, {'number': 921, 'params': {'batch_size': 20, 'learning_rate': 0.0003910078150847652, 'momentum': 0.16839445584650137, 'weight_decay': 0.02289997486123608, 'num_layers': 4, 'max_units': 104, 'dropout': 0.5700928315904704}}, {'number': 922, 'params': {'batch_size': 21, 'learning_rate': 0.0005439402508741004, 'momentum': 0.6766532399530363, 'weight_decay': 0.04569676380928364, 'num_layers': 2, 'max_units': 385, 'dropout': 0.7850293433500883}}, {'number': 923, 'params': {'batch_size': 34, 'learning_rate': 0.0018840358433462273, 'momentum': 0.6428301543522904, 'weight_decay': 0.06605321864915899, 'num_layers': 1, 'max_units': 669, 'dropout': 0.36005955388589483}}, {'number': 924, 'params': {'batch_size': 53, 'learning_rate': 0.0032239591072773756, 'momentum': 0.14823406189097407, 'weight_decay': 0.031596579623105234, 'num_layers': 2, 'max_units': 200, 'dropout': 0.7404254845345044}}, {'number': 925, 'params': {'batch_size': 283, 'learning_rate': 0.013522479471643123, 'momentum': 0.7033620737684672, 'weight_decay': 0.04888901291229131, 'num_layers': 1, 'max_units': 849, 'dropout': 0.4403752928182746}}, {'number': 926, 'params': {'batch_size': 163, 'learning_rate': 0.022476365397811587, 'momentum': 0.5686517810516414, 'weight_decay': 0.03571530228676503, 'num_layers': 4, 'max_units': 645, 'dropout': 0.17276437178634596}}, {'number': 927, 'params': {'batch_size': 454, 'learning_rate': 0.00010921967692820945, 'momentum': 0.20364443996239798, 'weight_decay': 0.06501301963629741, 'num_layers': 2, 'max_units': 588, 'dropout': 0.6078045649054052}}, {'number': 928, 'params': {'batch_size': 84, 'learning_rate': 0.0041350876637955, 'momentum': 0.1183690243571268, 'weight_decay': 0.013166048838290503, 'num_layers': 2, 'max_units': 110, 'dropout': 0.8680919626500564}}, {'number': 929, 'params': {'batch_size': 403, 'learning_rate': 0.0007191716398676533, 'momentum': 0.4768883043806147, 'weight_decay': 0.09542374828584496, 'num_layers': 3, 'max_units': 86, 'dropout': 0.397386094624112}}, {'number': 930, 'params': {'batch_size': 16, 'learning_rate': 0.0003606347551040389, 'momentum': 0.7569417666472639, 'weight_decay': 0.06801069060876166, 'num_layers': 1, 'max_units': 117, 'dropout': 0.3761933960406203}}, {'number': 931, 'params': {'batch_size': 102, 'learning_rate': 0.0024728820162808235, 'momentum': 0.9031388410856181, 'weight_decay': 0.04269963002207161, 'num_layers': 3, 'max_units': 364, 'dropout': 0.36011065745768256}}, {'number': 932, 'params': {'batch_size': 71, 'learning_rate': 0.00034169569689936654, 'momentum': 0.7092418382814294, 'weight_decay': 0.03883458841315427, 'num_layers': 1, 'max_units': 688, 'dropout': 0.6162720683006743}}, {'number': 933, 'params': {'batch_size': 48, 'learning_rate': 0.0033767890195231403, 'momentum': 0.3252248731520122, 'weight_decay': 0.030153888173867688, 'num_layers': 3, 'max_units': 105, 'dropout': 0.846598092341357}}, {'number': 934, 'params': {'batch_size': 299, 'learning_rate': 0.007207036913616481, 'momentum': 0.8537034124266338, 'weight_decay': 0.0707363641512089, 'num_layers': 2, 'max_units': 494, 'dropout': 0.7898289635254122}}, {'number': 935, 'params': {'batch_size': 342, 'learning_rate': 0.0006423707413581109, 'momentum': 0.11222630051380367, 'weight_decay': 0.05291582627741617, 'num_layers': 2, 'max_units': 345, 'dropout': 0.20814524248518673}}, {'number': 936, 'params': {'batch_size': 57, 'learning_rate': 0.0024144276426794338, 'momentum': 0.2611809755008068, 'weight_decay': 0.02157231501833285, 'num_layers': 1, 'max_units': 519, 'dropout': 0.28398129386512927}}, {'number': 937, 'params': {'batch_size': 29, 'learning_rate': 0.059812213790915995, 'momentum': 0.31298987038380865, 'weight_decay': 0.05941558466718196, 'num_layers': 1, 'max_units': 76, 'dropout': 0.7963190825116033}}, {'number': 938, 'params': {'batch_size': 40, 'learning_rate': 0.02701634000106504, 'momentum': 0.11581652614710584, 'weight_decay': 0.030682983583932653, 'num_layers': 3, 'max_units': 73, 'dropout': 0.4508269338211869}}, {'number': 939, 'params': {'batch_size': 30, 'learning_rate': 0.012477593245239943, 'momentum': 0.16113278834074093, 'weight_decay': 0.004569872316221381, 'num_layers': 4, 'max_units': 382, 'dropout': 0.3139235959354949}}, {'number': 940, 'params': {'batch_size': 70, 'learning_rate': 0.000292027149089111, 'momentum': 0.17448827204511838, 'weight_decay': 0.02051668480639155, 'num_layers': 4, 'max_units': 266, 'dropout': 0.9095718168537031}}, {'number': 941, 'params': {'batch_size': 150, 'learning_rate': 0.08244696354179583, 'momentum': 0.38677592130542515, 'weight_decay': 0.04374346177045287, 'num_layers': 1, 'max_units': 640, 'dropout': 0.8841454144263462}}, {'number': 942, 'params': {'batch_size': 26, 'learning_rate': 0.0014193894431641253, 'momentum': 0.4325737244251786, 'weight_decay': 0.0595517387387923, 'num_layers': 2, 'max_units': 282, 'dropout': 0.8651172709365001}}, {'number': 943, 'params': {'batch_size': 26, 'learning_rate': 0.0077021766535827554, 'momentum': 0.42047473358052606, 'weight_decay': 0.05870957561631822, 'num_layers': 1, 'max_units': 324, 'dropout': 0.95568355940612}}, {'number': 944, 'params': {'batch_size': 20, 'learning_rate': 0.002910455492082784, 'momentum': 0.2830918611579027, 'weight_decay': 0.010837779018882278, 'num_layers': 2, 'max_units': 502, 'dropout': 0.584856779142123}}, {'number': 945, 'params': {'batch_size': 138, 'learning_rate': 0.08772085324944616, 'momentum': 0.310145583098465, 'weight_decay': 0.008727147542114629, 'num_layers': 3, 'max_units': 244, 'dropout': 0.06823783037184838}}, {'number': 946, 'params': {'batch_size': 313, 'learning_rate': 0.038061761135376855, 'momentum': 0.10883987737322483, 'weight_decay': 0.042763451430327046, 'num_layers': 4, 'max_units': 719, 'dropout': 0.7239769407191267}}, {'number': 947, 'params': {'batch_size': 34, 'learning_rate': 0.0027839976849034524, 'momentum': 0.691030334179836, 'weight_decay': 0.03488629394854239, 'num_layers': 2, 'max_units': 299, 'dropout': 0.11226456866786516}}, {'number': 948, 'params': {'batch_size': 34, 'learning_rate': 0.00012649532630424715, 'momentum': 0.20084412150746983, 'weight_decay': 0.04161710145845073, 'num_layers': 1, 'max_units': 724, 'dropout': 0.8488923200375982}}, {'number': 949, 'params': {'batch_size': 31, 'learning_rate': 0.0023613081923545185, 'momentum': 0.21960306209082073, 'weight_decay': 0.01966527393438341, 'num_layers': 4, 'max_units': 237, 'dropout': 0.29398536200158154}}, {'number': 950, 'params': {'batch_size': 497, 'learning_rate': 0.0575390652916591, 'momentum': 0.4597106141554459, 'weight_decay': 0.007507946249528899, 'num_layers': 2, 'max_units': 235, 'dropout': 0.7489554231723329}}, {'number': 951, 'params': {'batch_size': 263, 'learning_rate': 0.006440489138053788, 'momentum': 0.16641130591835807, 'weight_decay': 0.044085239765475855, 'num_layers': 3, 'max_units': 74, 'dropout': 0.42760387582508097}}, {'number': 952, 'params': {'batch_size': 277, 'learning_rate': 0.04527399512105545, 'momentum': 0.3975349563615007, 'weight_decay': 0.08525629690470506, 'num_layers': 1, 'max_units': 556, 'dropout': 0.18820860176693832}}, {'number': 953, 'params': {'batch_size': 115, 'learning_rate': 0.0003576499707234883, 'momentum': 0.1255304076924734, 'weight_decay': 0.05246783720354388, 'num_layers': 2, 'max_units': 86, 'dropout': 0.6092144305596576}}, {'number': 954, 'params': {'batch_size': 55, 'learning_rate': 0.006246851321807671, 'momentum': 0.6007174952313618, 'weight_decay': 0.08161854834374803, 'num_layers': 4, 'max_units': 259, 'dropout': 0.510661588834961}}, {'number': 955, 'params': {'batch_size': 446, 'learning_rate': 0.021760225241576277, 'momentum': 0.3956719168215514, 'weight_decay': 0.03656449861912281, 'num_layers': 4, 'max_units': 136, 'dropout': 0.4153950483050066}}, {'number': 956, 'params': {'batch_size': 35, 'learning_rate': 0.006336798093972896, 'momentum': 0.35558850107612255, 'weight_decay': 0.06071504024509656, 'num_layers': 3, 'max_units': 558, 'dropout': 0.21486927141017342}}, {'number': 957, 'params': {'batch_size': 17, 'learning_rate': 0.004968926050063912, 'momentum': 0.10750695142749907, 'weight_decay': 0.07935947846029642, 'num_layers': 1, 'max_units': 656, 'dropout': 0.32389240421663523}}, {'number': 958, 'params': {'batch_size': 128, 'learning_rate': 0.004375108981794058, 'momentum': 0.28767912694483483, 'weight_decay': 0.0930947332822522, 'num_layers': 3, 'max_units': 288, 'dropout': 0.7099635272142831}}, {'number': 959, 'params': {'batch_size': 447, 'learning_rate': 0.002922637163890293, 'momentum': 0.8156102299010551, 'weight_decay': 0.009716319489255516, 'num_layers': 1, 'max_units': 789, 'dropout': 0.823873620067043}}, {'number': 960, 'params': {'batch_size': 34, 'learning_rate': 0.009044360738892487, 'momentum': 0.2864459347192101, 'weight_decay': 0.0005658791323097362, 'num_layers': 1, 'max_units': 321, 'dropout': 0.05168748527322009}}, {'number': 961, 'params': {'batch_size': 231, 'learning_rate': 0.00023260040804059964, 'momentum': 0.11099987230800622, 'weight_decay': 0.06405419787110005, 'num_layers': 4, 'max_units': 450, 'dropout': 0.058341924919771526}}, {'number': 962, 'params': {'batch_size': 39, 'learning_rate': 0.0009183360253428176, 'momentum': 0.3281936219557926, 'weight_decay': 0.026201673127258816, 'num_layers': 3, 'max_units': 138, 'dropout': 0.1586839721544656}}, {'number': 963, 'params': {'batch_size': 130, 'learning_rate': 0.0014227875345856058, 'momentum': 0.2552380102312544, 'weight_decay': 0.028679965716206977, 'num_layers': 4, 'max_units': 71, 'dropout': 0.9758732033955954}}, {'number': 964, 'params': {'batch_size': 43, 'learning_rate': 0.0004313198751449506, 'momentum': 0.18182892206599194, 'weight_decay': 0.008073743819627215, 'num_layers': 2, 'max_units': 781, 'dropout': 0.23048317708574062}}, {'number': 965, 'params': {'batch_size': 444, 'learning_rate': 0.0009388341242787542, 'momentum': 0.51343926339863, 'weight_decay': 0.07071069746844384, 'num_layers': 4, 'max_units': 89, 'dropout': 0.7786898336037921}}, {'number': 966, 'params': {'batch_size': 90, 'learning_rate': 0.028305893376106478, 'momentum': 0.1694676701486253, 'weight_decay': 0.09213714184821818, 'num_layers': 1, 'max_units': 687, 'dropout': 0.8840712826204833}}, {'number': 967, 'params': {'batch_size': 163, 'learning_rate': 0.004324647645656841, 'momentum': 0.15873639263026335, 'weight_decay': 0.023841778893538373, 'num_layers': 3, 'max_units': 133, 'dropout': 0.03537609128184116}}, {'number': 968, 'params': {'batch_size': 236, 'learning_rate': 0.05498483055344008, 'momentum': 0.136853225363213, 'weight_decay': 0.09261789197552664, 'num_layers': 2, 'max_units': 366, 'dropout': 0.5858302466046819}}, {'number': 969, 'params': {'batch_size': 124, 'learning_rate': 0.06827941613547663, 'momentum': 0.25329361270397005, 'weight_decay': 0.08471467208879889, 'num_layers': 4, 'max_units': 469, 'dropout': 0.40368776091463054}}, {'number': 970, 'params': {'batch_size': 28, 'learning_rate': 0.0005161592465204808, 'momentum': 0.2820356803419703, 'weight_decay': 0.04553378945508273, 'num_layers': 2, 'max_units': 370, 'dropout': 0.5188210166199412}}, {'number': 971, 'params': {'batch_size': 393, 'learning_rate': 0.0014967378335528916, 'momentum': 0.5212671248152355, 'weight_decay': 0.09038195805075973, 'num_layers': 2, 'max_units': 79, 'dropout': 0.357392766090714}}, {'number': 972, 'params': {'batch_size': 205, 'learning_rate': 0.02613018413814771, 'momentum': 0.8276346800417832, 'weight_decay': 0.03541475823918267, 'num_layers': 1, 'max_units': 336, 'dropout': 0.788018385344876}}, {'number': 973, 'params': {'batch_size': 21, 'learning_rate': 0.011550353997454658, 'momentum': 0.41848551506971804, 'weight_decay': 0.012064216085734545, 'num_layers': 4, 'max_units': 223, 'dropout': 0.410178602399218}}, {'number': 974, 'params': {'batch_size': 32, 'learning_rate': 0.021240654659722875, 'momentum': 0.1314859815791188, 'weight_decay': 0.02619462908109957, 'num_layers': 1, 'max_units': 218, 'dropout': 0.4810013706563735}}, {'number': 975, 'params': {'batch_size': 25, 'learning_rate': 0.0004455073445570313, 'momentum': 0.12682833396643212, 'weight_decay': 0.01365560585168717, 'num_layers': 3, 'max_units': 233, 'dropout': 0.09031889883013833}}, {'number': 976, 'params': {'batch_size': 31, 'learning_rate': 0.0011276659715398721, 'momentum': 0.16452601048974874, 'weight_decay': 0.009126324778581007, 'num_layers': 2, 'max_units': 76, 'dropout': 0.4933728547502104}}, {'number': 977, 'params': {'batch_size': 29, 'learning_rate': 0.0002875109641572472, 'momentum': 0.31675720880341535, 'weight_decay': 0.0676607080372966, 'num_layers': 2, 'max_units': 350, 'dropout': 0.6323381596459681}}, {'number': 978, 'params': {'batch_size': 72, 'learning_rate': 0.09603450376446994, 'momentum': 0.8441199103273271, 'weight_decay': 0.025786141074181035, 'num_layers': 1, 'max_units': 176, 'dropout': 0.7659132612764064}}, {'number': 979, 'params': {'batch_size': 140, 'learning_rate': 0.0006108442033409166, 'momentum': 0.3969582146438706, 'weight_decay': 0.08913249851700931, 'num_layers': 3, 'max_units': 558, 'dropout': 0.24575010003977416}}, {'number': 980, 'params': {'batch_size': 149, 'learning_rate': 0.0049580609378014, 'momentum': 0.10154613632280089, 'weight_decay': 0.016579368142397688, 'num_layers': 4, 'max_units': 151, 'dropout': 0.059778727194286785}}, {'number': 981, 'params': {'batch_size': 16, 'learning_rate': 0.0006755491445628243, 'momentum': 0.7314441422509536, 'weight_decay': 0.014478904716795726, 'num_layers': 3, 'max_units': 76, 'dropout': 0.43813927148411114}}, {'number': 982, 'params': {'batch_size': 174, 'learning_rate': 0.0003683985878706621, 'momentum': 0.6612775229950729, 'weight_decay': 0.05652729523414048, 'num_layers': 2, 'max_units': 185, 'dropout': 0.921095863104869}}, {'number': 983, 'params': {'batch_size': 18, 'learning_rate': 0.0003573378207742404, 'momentum': 0.41703055929872884, 'weight_decay': 0.015538877834498952, 'num_layers': 1, 'max_units': 237, 'dropout': 0.13444043922829318}}, {'number': 984, 'params': {'batch_size': 17, 'learning_rate': 0.0195668907565081, 'momentum': 0.1468642774488384, 'weight_decay': 0.021195231913421424, 'num_layers': 3, 'max_units': 80, 'dropout': 0.7352564181857965}}, {'number': 985, 'params': {'batch_size': 389, 'learning_rate': 0.014418231047225212, 'momentum': 0.11463102556978698, 'weight_decay': 0.014804189483536496, 'num_layers': 2, 'max_units': 104, 'dropout': 0.06653922708547844}}, {'number': 986, 'params': {'batch_size': 344, 'learning_rate': 0.00011716245239255832, 'momentum': 0.20187701492439403, 'weight_decay': 0.07136135262928114, 'num_layers': 3, 'max_units': 401, 'dropout': 0.045711540976251186}}, {'number': 987, 'params': {'batch_size': 73, 'learning_rate': 0.008053913345908076, 'momentum': 0.6773050967049239, 'weight_decay': 0.09391471733594633, 'num_layers': 1, 'max_units': 110, 'dropout': 0.04659155770508383}}, {'number': 988, 'params': {'batch_size': 29, 'learning_rate': 0.0005391304805876928, 'momentum': 0.2343503415318879, 'weight_decay': 0.039853908299744355, 'num_layers': 3, 'max_units': 71, 'dropout': 0.16997131067347415}}, {'number': 989, 'params': {'batch_size': 58, 'learning_rate': 0.0020472843671483446, 'momentum': 0.5187974713614303, 'weight_decay': 0.026233741353009304, 'num_layers': 4, 'max_units': 132, 'dropout': 0.14796869732484963}}, {'number': 990, 'params': {'batch_size': 18, 'learning_rate': 0.0007699036453749691, 'momentum': 0.157846415121595, 'weight_decay': 0.022873026423906647, 'num_layers': 2, 'max_units': 912, 'dropout': 0.07457599890331801}}, {'number': 991, 'params': {'batch_size': 68, 'learning_rate': 0.0001891508086180423, 'momentum': 0.1830208610946322, 'weight_decay': 0.06904423018316648, 'num_layers': 1, 'max_units': 190, 'dropout': 0.9300495815702631}}, {'number': 992, 'params': {'batch_size': 21, 'learning_rate': 0.002674332199730583, 'momentum': 0.10736856768077048, 'weight_decay': 0.08288788902850301, 'num_layers': 4, 'max_units': 753, 'dropout': 0.8253260221852543}}, {'number': 993, 'params': {'batch_size': 63, 'learning_rate': 0.0004093631431565257, 'momentum': 0.1958022700489184, 'weight_decay': 0.0707419864448976, 'num_layers': 1, 'max_units': 870, 'dropout': 0.9766123318053627}}, {'number': 994, 'params': {'batch_size': 92, 'learning_rate': 0.005726680676825539, 'momentum': 0.7455006049559696, 'weight_decay': 0.03268473395649708, 'num_layers': 4, 'max_units': 215, 'dropout': 0.4846874106785002}}, {'number': 995, 'params': {'batch_size': 75, 'learning_rate': 0.005414680594668724, 'momentum': 0.8164795324282355, 'weight_decay': 0.038309751827823, 'num_layers': 2, 'max_units': 543, 'dropout': 0.49043404306141436}}, {'number': 996, 'params': {'batch_size': 286, 'learning_rate': 0.005258729234777544, 'momentum': 0.15390405385370318, 'weight_decay': 0.0891604338493766, 'num_layers': 4, 'max_units': 343, 'dropout': 0.6094511845342839}}, {'number': 997, 'params': {'batch_size': 19, 'learning_rate': 0.027175081912293245, 'momentum': 0.4233657842778185, 'weight_decay': 0.04366753181097176, 'num_layers': 2, 'max_units': 171, 'dropout': 0.41362131130837143}}, {'number': 998, 'params': {'batch_size': 73, 'learning_rate': 0.00017868640615071205, 'momentum': 0.18027799173177145, 'weight_decay': 0.056985805534836925, 'num_layers': 3, 'max_units': 961, 'dropout': 0.6854433501821101}}, {'number': 999, 'params': {'batch_size': 186, 'learning_rate': 0.02547776254982008, 'momentum': 0.27236743729372376, 'weight_decay': 0.03775870115760694, 'num_layers': 3, 'max_units': 80, 'dropout': 0.3697221047111777}}, {'number': 1000, 'params': {'batch_size': 375, 'learning_rate': 0.00012214348907644122, 'momentum': 0.8374065751283305, 'weight_decay': 0.0944846457151055, 'num_layers': 2, 'max_units': 561, 'dropout': 0.7688706772949173}}, {'number': 1001, 'params': {'batch_size': 347, 'learning_rate': 0.0019789233291904627, 'momentum': 0.25587533982011246, 'weight_decay': 0.09412994450767151, 'num_layers': 3, 'max_units': 70, 'dropout': 0.46244244440815907}}, {'number': 1002, 'params': {'batch_size': 63, 'learning_rate': 0.030160903071080023, 'momentum': 0.28831635966914254, 'weight_decay': 0.06702863538521829, 'num_layers': 2, 'max_units': 69, 'dropout': 0.3951192812990535}}, {'number': 1003, 'params': {'batch_size': 88, 'learning_rate': 0.06718876126034894, 'momentum': 0.3469095016016861, 'weight_decay': 0.09836798914355903, 'num_layers': 2, 'max_units': 812, 'dropout': 0.8752976335611441}}, {'number': 1004, 'params': {'batch_size': 47, 'learning_rate': 0.012172626971413712, 'momentum': 0.12446157851170664, 'weight_decay': 0.022644820798789003, 'num_layers': 2, 'max_units': 293, 'dropout': 0.5907372472544516}}, {'number': 1005, 'params': {'batch_size': 107, 'learning_rate': 0.00011041770258774717, 'momentum': 0.3276725535980763, 'weight_decay': 0.08595743987441835, 'num_layers': 4, 'max_units': 101, 'dropout': 0.01771908028029523}}, {'number': 1006, 'params': {'batch_size': 28, 'learning_rate': 0.003714221481764932, 'momentum': 0.49597900638063996, 'weight_decay': 0.04977732201705765, 'num_layers': 2, 'max_units': 995, 'dropout': 0.8046077881199618}}, {'number': 1007, 'params': {'batch_size': 175, 'learning_rate': 0.009726275411394225, 'momentum': 0.173278217068673, 'weight_decay': 0.033177729830925075, 'num_layers': 2, 'max_units': 260, 'dropout': 0.9633126727545691}}, {'number': 1008, 'params': {'batch_size': 201, 'learning_rate': 0.0026531731388331273, 'momentum': 0.3593850979757063, 'weight_decay': 0.02525158193460396, 'num_layers': 1, 'max_units': 276, 'dropout': 0.7201310607666856}}, {'number': 1009, 'params': {'batch_size': 16, 'learning_rate': 0.0031376264683401233, 'momentum': 0.3381481543956081, 'weight_decay': 0.08441408194520626, 'num_layers': 1, 'max_units': 163, 'dropout': 0.7732229715739336}}, {'number': 1010, 'params': {'batch_size': 44, 'learning_rate': 0.00010522309627945329, 'momentum': 0.7321365526972232, 'weight_decay': 0.003187500829595783, 'num_layers': 3, 'max_units': 208, 'dropout': 0.5096388649674823}}, {'number': 1011, 'params': {'batch_size': 79, 'learning_rate': 0.0074050973950360865, 'momentum': 0.7629080021781186, 'weight_decay': 0.062218207546409235, 'num_layers': 2, 'max_units': 309, 'dropout': 0.6686099018727722}}, {'number': 1012, 'params': {'batch_size': 24, 'learning_rate': 0.020595338624505036, 'momentum': 0.5564503171924455, 'weight_decay': 0.019478708610324236, 'num_layers': 4, 'max_units': 118, 'dropout': 0.17379371229096308}}, {'number': 1013, 'params': {'batch_size': 24, 'learning_rate': 0.002540577568654942, 'momentum': 0.2380519930202485, 'weight_decay': 0.06338416685725017, 'num_layers': 3, 'max_units': 127, 'dropout': 0.13008798918417852}}, {'number': 1014, 'params': {'batch_size': 62, 'learning_rate': 0.027226630475857983, 'momentum': 0.37220400905818873, 'weight_decay': 0.06799832523169805, 'num_layers': 3, 'max_units': 103, 'dropout': 0.6337530448685698}}, {'number': 1015, 'params': {'batch_size': 181, 'learning_rate': 0.027981847893307186, 'momentum': 0.4245058787051044, 'weight_decay': 0.07169992289721962, 'num_layers': 1, 'max_units': 151, 'dropout': 0.825369730851618}}, {'number': 1016, 'params': {'batch_size': 53, 'learning_rate': 0.017409827981532233, 'momentum': 0.4142453406997639, 'weight_decay': 0.060401184015573615, 'num_layers': 3, 'max_units': 830, 'dropout': 0.02590239666460703}}, {'number': 1017, 'params': {'batch_size': 92, 'learning_rate': 0.0010927272068043516, 'momentum': 0.15826909172930317, 'weight_decay': 0.024655217892574903, 'num_layers': 4, 'max_units': 184, 'dropout': 0.5634419176137002}}, {'number': 1018, 'params': {'batch_size': 34, 'learning_rate': 0.00012932707139367137, 'momentum': 0.46192485115728377, 'weight_decay': 0.081868699176331, 'num_layers': 4, 'max_units': 667, 'dropout': 0.007117651715124351}}, {'number': 1019, 'params': {'batch_size': 19, 'learning_rate': 0.01199160797282328, 'momentum': 0.1432371443798144, 'weight_decay': 0.07926576415022929, 'num_layers': 2, 'max_units': 258, 'dropout': 0.06481575091705238}}, {'number': 1020, 'params': {'batch_size': 182, 'learning_rate': 0.011286946352471135, 'momentum': 0.147915850672357, 'weight_decay': 0.0867819601236675, 'num_layers': 3, 'max_units': 350, 'dropout': 0.6878344716291859}}, {'number': 1021, 'params': {'batch_size': 336, 'learning_rate': 0.0009119432174774717, 'momentum': 0.5722666580112123, 'weight_decay': 0.09214304875896297, 'num_layers': 3, 'max_units': 76, 'dropout': 0.7520867954898443}}, {'number': 1022, 'params': {'batch_size': 151, 'learning_rate': 0.0001242224239260106, 'momentum': 0.1202700728379613, 'weight_decay': 0.03333349334069515, 'num_layers': 3, 'max_units': 223, 'dropout': 0.18417978486300002}}, {'number': 1023, 'params': {'batch_size': 34, 'learning_rate': 0.000409438603997203, 'momentum': 0.28255719230871573, 'weight_decay': 0.06559858090372024, 'num_layers': 3, 'max_units': 121, 'dropout': 0.12658523688732803}}, {'number': 1024, 'params': {'batch_size': 284, 'learning_rate': 0.014545428931573673, 'momentum': 0.10856651059106585, 'weight_decay': 0.0858445333104775, 'num_layers': 4, 'max_units': 297, 'dropout': 0.3540738614483012}}, {'number': 1025, 'params': {'batch_size': 20, 'learning_rate': 0.004591034745307669, 'momentum': 0.27371983495151236, 'weight_decay': 0.06329803004660328, 'num_layers': 2, 'max_units': 69, 'dropout': 0.9300716985980194}}, {'number': 1026, 'params': {'batch_size': 432, 'learning_rate': 0.009819775086521813, 'momentum': 0.3164283080142907, 'weight_decay': 0.036455921378004526, 'num_layers': 1, 'max_units': 106, 'dropout': 0.12142409106217134}}, {'number': 1027, 'params': {'batch_size': 327, 'learning_rate': 0.0022453170157216906, 'momentum': 0.35427729431518834, 'weight_decay': 0.07163186646571884, 'num_layers': 1, 'max_units': 80, 'dropout': 0.7550503081802103}}, {'number': 1028, 'params': {'batch_size': 191, 'learning_rate': 0.04655221928075555, 'momentum': 0.4580404370432414, 'weight_decay': 0.0975954238149927, 'num_layers': 4, 'max_units': 182, 'dropout': 0.4083977488828002}}, {'number': 1029, 'params': {'batch_size': 118, 'learning_rate': 0.038097307454353684, 'momentum': 0.10290762750175833, 'weight_decay': 0.08270745973951882, 'num_layers': 2, 'max_units': 127, 'dropout': 0.1273614175786314}}, {'number': 1030, 'params': {'batch_size': 25, 'learning_rate': 0.00047493808860278624, 'momentum': 0.12362394884263692, 'weight_decay': 0.0019374366169772166, 'num_layers': 3, 'max_units': 732, 'dropout': 0.3730501656899232}}, {'number': 1031, 'params': {'batch_size': 186, 'learning_rate': 0.003934606455416759, 'momentum': 0.3637235169768159, 'weight_decay': 0.02260536889380117, 'num_layers': 3, 'max_units': 657, 'dropout': 0.014682807222160088}}, {'number': 1032, 'params': {'batch_size': 79, 'learning_rate': 0.0162464270284358, 'momentum': 0.2899298784752886, 'weight_decay': 0.059011446602616875, 'num_layers': 4, 'max_units': 218, 'dropout': 0.20318281866993493}}, {'number': 1033, 'params': {'batch_size': 268, 'learning_rate': 0.011843107307146564, 'momentum': 0.6012344624441267, 'weight_decay': 0.06826383068434023, 'num_layers': 3, 'max_units': 149, 'dropout': 0.6133594036133608}}, {'number': 1034, 'params': {'batch_size': 179, 'learning_rate': 0.0007114735636938224, 'momentum': 0.19240261757891483, 'weight_decay': 0.0342103243911612, 'num_layers': 1, 'max_units': 478, 'dropout': 0.28993583884390794}}, {'number': 1035, 'params': {'batch_size': 18, 'learning_rate': 0.022713503138533257, 'momentum': 0.7885384055890603, 'weight_decay': 0.06984777293741028, 'num_layers': 2, 'max_units': 685, 'dropout': 0.09499544814427696}}, {'number': 1036, 'params': {'batch_size': 121, 'learning_rate': 0.0009234007084304704, 'momentum': 0.7809281622354324, 'weight_decay': 0.004492465758274497, 'num_layers': 1, 'max_units': 76, 'dropout': 0.46438014076341394}}, {'number': 1037, 'params': {'batch_size': 32, 'learning_rate': 0.0002654643524314787, 'momentum': 0.21083653643719846, 'weight_decay': 0.001109676363087859, 'num_layers': 2, 'max_units': 698, 'dropout': 0.3047742870748964}}, {'number': 1038, 'params': {'batch_size': 427, 'learning_rate': 0.001509819516140671, 'momentum': 0.41301053575425817, 'weight_decay': 0.02076234358952, 'num_layers': 3, 'max_units': 492, 'dropout': 0.9394137046386252}}, {'number': 1039, 'params': {'batch_size': 239, 'learning_rate': 0.01178561475849261, 'momentum': 0.7344074557643393, 'weight_decay': 0.019059313552037733, 'num_layers': 2, 'max_units': 906, 'dropout': 0.3887341078339587}}, {'number': 1040, 'params': {'batch_size': 61, 'learning_rate': 0.003740347032722709, 'momentum': 0.15799210111445655, 'weight_decay': 0.04940408030460841, 'num_layers': 2, 'max_units': 95, 'dropout': 0.4750432017207208}}, {'number': 1041, 'params': {'batch_size': 135, 'learning_rate': 0.0005432246526458209, 'momentum': 0.7267822562236835, 'weight_decay': 0.04182792964642459, 'num_layers': 4, 'max_units': 523, 'dropout': 0.017058268226334383}}, {'number': 1042, 'params': {'batch_size': 86, 'learning_rate': 0.00130830628574574, 'momentum': 0.10722761194043563, 'weight_decay': 0.08865080611521584, 'num_layers': 3, 'max_units': 398, 'dropout': 0.5105843245115393}}, {'number': 1043, 'params': {'batch_size': 95, 'learning_rate': 0.0001743905816564976, 'momentum': 0.1423281804637352, 'weight_decay': 0.054396583573567116, 'num_layers': 2, 'max_units': 139, 'dropout': 0.7494587104620004}}, {'number': 1044, 'params': {'batch_size': 43, 'learning_rate': 0.002118437760047922, 'momentum': 0.7510905459156321, 'weight_decay': 0.036872280358914024, 'num_layers': 1, 'max_units': 70, 'dropout': 0.9273311619140104}}, {'number': 1045, 'params': {'batch_size': 135, 'learning_rate': 0.0024661937798145348, 'momentum': 0.13559478912365322, 'weight_decay': 0.0033366016053101404, 'num_layers': 2, 'max_units': 326, 'dropout': 0.03849494023527689}}, {'number': 1046, 'params': {'batch_size': 80, 'learning_rate': 0.002089343346632622, 'momentum': 0.8945456050855121, 'weight_decay': 0.05916894955944578, 'num_layers': 3, 'max_units': 68, 'dropout': 0.011983651764301939}}, {'number': 1047, 'params': {'batch_size': 40, 'learning_rate': 0.00011821612135124514, 'momentum': 0.1632213452052901, 'weight_decay': 0.019888727176518142, 'num_layers': 3, 'max_units': 250, 'dropout': 0.8134718370676498}}, {'number': 1048, 'params': {'batch_size': 16, 'learning_rate': 0.00987380504762716, 'momentum': 0.3306475256250349, 'weight_decay': 0.09545902905682048, 'num_layers': 4, 'max_units': 108, 'dropout': 0.2488542043097497}}, {'number': 1049, 'params': {'batch_size': 78, 'learning_rate': 0.001184768792936707, 'momentum': 0.10887295149885245, 'weight_decay': 0.030351582978980537, 'num_layers': 3, 'max_units': 448, 'dropout': 0.7487241797746118}}, {'number': 1050, 'params': {'batch_size': 34, 'learning_rate': 0.0017043812655347227, 'momentum': 0.30190970090866187, 'weight_decay': 0.00984663472928931, 'num_layers': 1, 'max_units': 259, 'dropout': 0.4087874272609412}}, {'number': 1051, 'params': {'batch_size': 421, 'learning_rate': 0.00203026561062109, 'momentum': 0.16713763507888924, 'weight_decay': 0.09935688833028015, 'num_layers': 2, 'max_units': 299, 'dropout': 0.37245844720108756}}, {'number': 1052, 'params': {'batch_size': 17, 'learning_rate': 0.020781710817425855, 'momentum': 0.9472760491670073, 'weight_decay': 0.041625332468693876, 'num_layers': 1, 'max_units': 610, 'dropout': 0.508746330291349}}, {'number': 1053, 'params': {'batch_size': 51, 'learning_rate': 0.08786099847001257, 'momentum': 0.3384636765715714, 'weight_decay': 0.06586783635419866, 'num_layers': 1, 'max_units': 80, 'dropout': 0.2946889795057289}}, {'number': 1054, 'params': {'batch_size': 17, 'learning_rate': 0.09818024470056985, 'momentum': 0.2858607999148173, 'weight_decay': 0.0394396853452757, 'num_layers': 4, 'max_units': 692, 'dropout': 0.11608949482776132}}, {'number': 1055, 'params': {'batch_size': 209, 'learning_rate': 0.0006587810147315135, 'momentum': 0.9210815049586035, 'weight_decay': 0.04162593357530454, 'num_layers': 2, 'max_units': 206, 'dropout': 0.4417520959711766}}, {'number': 1056, 'params': {'batch_size': 243, 'learning_rate': 0.0003378315831376815, 'momentum': 0.18604610322125673, 'weight_decay': 0.030058387020819626, 'num_layers': 2, 'max_units': 629, 'dropout': 0.8120086003509591}}, {'number': 1057, 'params': {'batch_size': 112, 'learning_rate': 0.07505448990971059, 'momentum': 0.3253885950905954, 'weight_decay': 0.04331940445572261, 'num_layers': 2, 'max_units': 211, 'dropout': 0.21071194434461116}}, {'number': 1058, 'params': {'batch_size': 40, 'learning_rate': 0.0308968569230812, 'momentum': 0.5103014205151006, 'weight_decay': 0.0007104728105998335, 'num_layers': 1, 'max_units': 100, 'dropout': 0.9549235166062191}}, {'number': 1059, 'params': {'batch_size': 464, 'learning_rate': 0.0012888083755069576, 'momentum': 0.3313623253278945, 'weight_decay': 0.04654048016935426, 'num_layers': 2, 'max_units': 590, 'dropout': 0.2554874842568817}}, {'number': 1060, 'params': {'batch_size': 19, 'learning_rate': 0.027785049619080158, 'momentum': 0.5013497268493438, 'weight_decay': 0.03162765677782255, 'num_layers': 1, 'max_units': 206, 'dropout': 0.19534523014086957}}, {'number': 1061, 'params': {'batch_size': 62, 'learning_rate': 0.011590034309948448, 'momentum': 0.17308918576552917, 'weight_decay': 0.030269507071147977, 'num_layers': 1, 'max_units': 481, 'dropout': 0.11656434057204612}}, {'number': 1062, 'params': {'batch_size': 22, 'learning_rate': 0.036490280139385135, 'momentum': 0.24098392913230854, 'weight_decay': 0.07929318666969275, 'num_layers': 4, 'max_units': 512, 'dropout': 0.3406152217932812}}, {'number': 1063, 'params': {'batch_size': 35, 'learning_rate': 0.08269940672720767, 'momentum': 0.19422492882978712, 'weight_decay': 0.07117457710699292, 'num_layers': 2, 'max_units': 757, 'dropout': 0.7114566125331244}}, {'number': 1064, 'params': {'batch_size': 96, 'learning_rate': 0.0005912346179478751, 'momentum': 0.17859615698010572, 'weight_decay': 0.06469924900662909, 'num_layers': 1, 'max_units': 194, 'dropout': 0.3777691069862098}}, {'number': 1065, 'params': {'batch_size': 341, 'learning_rate': 0.04633681071313019, 'momentum': 0.24898848162954865, 'weight_decay': 0.0745727470627339, 'num_layers': 1, 'max_units': 326, 'dropout': 0.22460566225260126}}, {'number': 1066, 'params': {'batch_size': 289, 'learning_rate': 0.004828441954914443, 'momentum': 0.17797462643312434, 'weight_decay': 0.03672692477778913, 'num_layers': 3, 'max_units': 318, 'dropout': 0.2050453445473619}}, {'number': 1067, 'params': {'batch_size': 93, 'learning_rate': 0.04235703148633365, 'momentum': 0.4392803287850019, 'weight_decay': 0.062449307580967874, 'num_layers': 3, 'max_units': 300, 'dropout': 0.09087199615664643}}, {'number': 1068, 'params': {'batch_size': 56, 'learning_rate': 0.051804904498726656, 'momentum': 0.11675647384384612, 'weight_decay': 0.05062963022281487, 'num_layers': 2, 'max_units': 816, 'dropout': 0.4323893400428701}}, {'number': 1069, 'params': {'batch_size': 26, 'learning_rate': 0.07007990896004719, 'momentum': 0.23311759277455116, 'weight_decay': 0.030248412909255857, 'num_layers': 1, 'max_units': 522, 'dropout': 0.8906235064058399}}, {'number': 1070, 'params': {'batch_size': 158, 'learning_rate': 0.015185482512014466, 'momentum': 0.11622981481546175, 'weight_decay': 0.02280017963041605, 'num_layers': 2, 'max_units': 81, 'dropout': 0.06498229080375906}}, {'number': 1071, 'params': {'batch_size': 481, 'learning_rate': 0.020714384174885997, 'momentum': 0.4729375694221509, 'weight_decay': 0.0869560994492804, 'num_layers': 1, 'max_units': 814, 'dropout': 0.21527471797691422}}, {'number': 1072, 'params': {'batch_size': 50, 'learning_rate': 0.0005679475026969359, 'momentum': 0.8751048405765558, 'weight_decay': 0.0001766854737253736, 'num_layers': 2, 'max_units': 132, 'dropout': 0.5507188170814115}}, {'number': 1073, 'params': {'batch_size': 75, 'learning_rate': 0.0005493706878917185, 'momentum': 0.19455625143579836, 'weight_decay': 0.05747869900220161, 'num_layers': 4, 'max_units': 613, 'dropout': 0.09733678314413563}}, {'number': 1074, 'params': {'batch_size': 110, 'learning_rate': 0.00039712659268390676, 'momentum': 0.1397303484139629, 'weight_decay': 0.017238445548075257, 'num_layers': 2, 'max_units': 183, 'dropout': 0.12801683327358326}}, {'number': 1075, 'params': {'batch_size': 34, 'learning_rate': 0.00018592236523407366, 'momentum': 0.8087432085060501, 'weight_decay': 0.09176873347005673, 'num_layers': 1, 'max_units': 210, 'dropout': 0.2505005361866478}}, {'number': 1076, 'params': {'batch_size': 210, 'learning_rate': 0.04263809108282159, 'momentum': 0.6352275841481165, 'weight_decay': 0.06302719727490477, 'num_layers': 3, 'max_units': 718, 'dropout': 0.2011317507962368}}, {'number': 1077, 'params': {'batch_size': 36, 'learning_rate': 0.0007777299042674115, 'momentum': 0.15641119987848234, 'weight_decay': 0.025622452520985523, 'num_layers': 1, 'max_units': 112, 'dropout': 0.6999541783237754}}, {'number': 1078, 'params': {'batch_size': 24, 'learning_rate': 0.02302664630463587, 'momentum': 0.28331028145609705, 'weight_decay': 0.09010101527200542, 'num_layers': 1, 'max_units': 106, 'dropout': 0.08502458652303668}}, {'number': 1079, 'params': {'batch_size': 233, 'learning_rate': 0.00019544569143736674, 'momentum': 0.25339454776366205, 'weight_decay': 0.058861190492045044, 'num_layers': 1, 'max_units': 242, 'dropout': 0.6570406315903892}}, {'number': 1080, 'params': {'batch_size': 61, 'learning_rate': 0.0008617620272883931, 'momentum': 0.19029407849274116, 'weight_decay': 0.09599473778113071, 'num_layers': 1, 'max_units': 88, 'dropout': 0.8324331209271306}}, {'number': 1081, 'params': {'batch_size': 38, 'learning_rate': 0.02554083587555555, 'momentum': 0.6592699874740486, 'weight_decay': 0.009006979481167535, 'num_layers': 2, 'max_units': 508, 'dropout': 0.1804478071701081}}, {'number': 1082, 'params': {'batch_size': 34, 'learning_rate': 0.000367503126476972, 'momentum': 0.6526160153757252, 'weight_decay': 0.01934181258005632, 'num_layers': 4, 'max_units': 706, 'dropout': 0.3114823520983371}}, {'number': 1083, 'params': {'batch_size': 108, 'learning_rate': 0.0018915220320802199, 'momentum': 0.5115675509221154, 'weight_decay': 0.022229010836117877, 'num_layers': 4, 'max_units': 234, 'dropout': 0.44505420851345157}}, {'number': 1084, 'params': {'batch_size': 247, 'learning_rate': 0.00417423621097875, 'momentum': 0.839541837780959, 'weight_decay': 0.08352439418659763, 'num_layers': 4, 'max_units': 657, 'dropout': 0.487742482961672}}, {'number': 1085, 'params': {'batch_size': 485, 'learning_rate': 0.008389177736551937, 'momentum': 0.7989504000857524, 'weight_decay': 0.05843087885376249, 'num_layers': 1, 'max_units': 462, 'dropout': 0.10019498296910145}}, {'number': 1086, 'params': {'batch_size': 64, 'learning_rate': 0.051544377195897606, 'momentum': 0.3353234050092039, 'weight_decay': 0.06887271850741371, 'num_layers': 2, 'max_units': 299, 'dropout': 0.6020098094410385}}, {'number': 1087, 'params': {'batch_size': 145, 'learning_rate': 0.0001870772661712163, 'momentum': 0.13769537258515163, 'weight_decay': 0.04194209814355695, 'num_layers': 2, 'max_units': 278, 'dropout': 0.7903089659024125}}, {'number': 1088, 'params': {'batch_size': 44, 'learning_rate': 0.0002572649817590221, 'momentum': 0.5600340646442121, 'weight_decay': 0.05091203626255621, 'num_layers': 4, 'max_units': 477, 'dropout': 0.9679313652290618}}, {'number': 1089, 'params': {'batch_size': 417, 'learning_rate': 0.009367861844498527, 'momentum': 0.5783668037780512, 'weight_decay': 0.03677924082160384, 'num_layers': 1, 'max_units': 258, 'dropout': 0.8383428187580836}}, {'number': 1090, 'params': {'batch_size': 177, 'learning_rate': 0.09727290089632809, 'momentum': 0.3885424094990044, 'weight_decay': 0.07037655741227494, 'num_layers': 2, 'max_units': 983, 'dropout': 0.1874425897501415}}, {'number': 1091, 'params': {'batch_size': 21, 'learning_rate': 0.0030382558943199568, 'momentum': 0.7334934281583115, 'weight_decay': 0.09052045656445554, 'num_layers': 3, 'max_units': 608, 'dropout': 0.8630964324474695}}, {'number': 1092, 'params': {'batch_size': 202, 'learning_rate': 0.0016228630405226018, 'momentum': 0.15448067255340175, 'weight_decay': 0.011144193369221055, 'num_layers': 4, 'max_units': 273, 'dropout': 0.28826956541706794}}, {'number': 1093, 'params': {'batch_size': 104, 'learning_rate': 0.0035276946722613, 'momentum': 0.8745983444870572, 'weight_decay': 0.05814463321480576, 'num_layers': 1, 'max_units': 1012, 'dropout': 0.0031066949587591486}}, {'number': 1094, 'params': {'batch_size': 27, 'learning_rate': 0.0936923453924412, 'momentum': 0.18114161944381552, 'weight_decay': 0.056326476026011936, 'num_layers': 2, 'max_units': 79, 'dropout': 0.4028718677196047}}, {'number': 1095, 'params': {'batch_size': 78, 'learning_rate': 0.00016201584638977668, 'momentum': 0.2029276184050106, 'weight_decay': 0.029774085066782585, 'num_layers': 4, 'max_units': 150, 'dropout': 0.2121859264323427}}, {'number': 1096, 'params': {'batch_size': 20, 'learning_rate': 0.002118043950589148, 'momentum': 0.20070549561768292, 'weight_decay': 0.0837760284078839, 'num_layers': 4, 'max_units': 129, 'dropout': 0.9295757435999825}}, {'number': 1097, 'params': {'batch_size': 406, 'learning_rate': 0.0001692779369480891, 'momentum': 0.21371847210734352, 'weight_decay': 0.02809296639838141, 'num_layers': 3, 'max_units': 68, 'dropout': 0.07513393237911548}}, {'number': 1098, 'params': {'batch_size': 460, 'learning_rate': 0.004079730725176139, 'momentum': 0.1232277763345281, 'weight_decay': 0.016489812035052124, 'num_layers': 3, 'max_units': 489, 'dropout': 0.6929995597298744}}, {'number': 1099, 'params': {'batch_size': 187, 'learning_rate': 0.040737359935360276, 'momentum': 0.2013097001846173, 'weight_decay': 0.05003439255728777, 'num_layers': 4, 'max_units': 877, 'dropout': 0.8150703641562991}}, {'number': 1100, 'params': {'batch_size': 29, 'learning_rate': 0.04872093720026371, 'momentum': 0.6221661364785986, 'weight_decay': 0.099192320964168, 'num_layers': 2, 'max_units': 917, 'dropout': 0.5892579281034943}}, {'number': 1101, 'params': {'batch_size': 29, 'learning_rate': 0.015878779589409073, 'momentum': 0.18743017468958234, 'weight_decay': 0.02372694089400173, 'num_layers': 2, 'max_units': 305, 'dropout': 0.8354291422073753}}, {'number': 1102, 'params': {'batch_size': 83, 'learning_rate': 0.00043103664824105793, 'momentum': 0.16433098690709838, 'weight_decay': 0.0032285269580715507, 'num_layers': 1, 'max_units': 425, 'dropout': 0.30685349224546643}}, {'number': 1103, 'params': {'batch_size': 137, 'learning_rate': 0.002122253206638096, 'momentum': 0.17283395684212724, 'weight_decay': 0.07635516992810347, 'num_layers': 3, 'max_units': 97, 'dropout': 0.7721631706221389}}, {'number': 1104, 'params': {'batch_size': 418, 'learning_rate': 0.004015563542921624, 'momentum': 0.2756641517059314, 'weight_decay': 0.06902411085626198, 'num_layers': 1, 'max_units': 75, 'dropout': 0.391058793629501}}, {'number': 1105, 'params': {'batch_size': 52, 'learning_rate': 0.00015384455229937294, 'momentum': 0.15764708711695746, 'weight_decay': 0.09813880729362014, 'num_layers': 2, 'max_units': 364, 'dropout': 0.7652781522014579}}, {'number': 1106, 'params': {'batch_size': 449, 'learning_rate': 0.002620422716584306, 'momentum': 0.4666686816153636, 'weight_decay': 0.019691164104858137, 'num_layers': 3, 'max_units': 199, 'dropout': 0.4185537499401245}}, {'number': 1107, 'params': {'batch_size': 30, 'learning_rate': 0.004566052895034507, 'momentum': 0.1959928971835236, 'weight_decay': 0.07267817628011217, 'num_layers': 1, 'max_units': 142, 'dropout': 0.16717507428397782}}, {'number': 1108, 'params': {'batch_size': 38, 'learning_rate': 0.0007040381922373582, 'momentum': 0.153779079464756, 'weight_decay': 0.09351658129157595, 'num_layers': 3, 'max_units': 224, 'dropout': 0.010589785491846526}}, {'number': 1109, 'params': {'batch_size': 120, 'learning_rate': 0.02636162292246833, 'momentum': 0.5574575657785632, 'weight_decay': 0.04747900665256632, 'num_layers': 3, 'max_units': 204, 'dropout': 0.022281787966155986}}, {'number': 1110, 'params': {'batch_size': 367, 'learning_rate': 0.0008805059654057756, 'momentum': 0.17618042988576715, 'weight_decay': 0.012039041176470028, 'num_layers': 1, 'max_units': 230, 'dropout': 0.8629589697046035}}, {'number': 1111, 'params': {'batch_size': 459, 'learning_rate': 0.011130371645805465, 'momentum': 0.16734522471691865, 'weight_decay': 0.09257878499755763, 'num_layers': 1, 'max_units': 110, 'dropout': 0.28443425167684155}}, {'number': 1112, 'params': {'batch_size': 242, 'learning_rate': 0.0010034700222210607, 'momentum': 0.7429615884048443, 'weight_decay': 0.04237628062702021, 'num_layers': 4, 'max_units': 82, 'dropout': 0.06521230292284241}}, {'number': 1113, 'params': {'batch_size': 301, 'learning_rate': 0.02370222381515044, 'momentum': 0.7340192198221159, 'weight_decay': 0.027105623970814268, 'num_layers': 1, 'max_units': 135, 'dropout': 0.2896396621891323}}, {'number': 1114, 'params': {'batch_size': 34, 'learning_rate': 0.010447963752874342, 'momentum': 0.4536472849460726, 'weight_decay': 0.022447385871548542, 'num_layers': 4, 'max_units': 294, 'dropout': 0.24135942586602155}}, {'number': 1115, 'params': {'batch_size': 107, 'learning_rate': 0.024898514799559745, 'momentum': 0.16843141602981093, 'weight_decay': 0.060557402038283574, 'num_layers': 1, 'max_units': 213, 'dropout': 0.7559639370825573}}, {'number': 1116, 'params': {'batch_size': 128, 'learning_rate': 0.0012836268021425969, 'momentum': 0.2674360929627879, 'weight_decay': 0.029788438893413545, 'num_layers': 4, 'max_units': 87, 'dropout': 0.6373977600886161}}, {'number': 1117, 'params': {'batch_size': 36, 'learning_rate': 0.0003293848321952575, 'momentum': 0.4116376445184894, 'weight_decay': 0.03296092964490144, 'num_layers': 3, 'max_units': 156, 'dropout': 0.6784467409663195}}, {'number': 1118, 'params': {'batch_size': 406, 'learning_rate': 0.007753340215887637, 'momentum': 0.6706703271997588, 'weight_decay': 0.0988336100893082, 'num_layers': 2, 'max_units': 614, 'dropout': 0.9465074887064948}}, {'number': 1119, 'params': {'batch_size': 29, 'learning_rate': 0.00028909987431985997, 'momentum': 0.12308243496227347, 'weight_decay': 0.06621223217453812, 'num_layers': 1, 'max_units': 335, 'dropout': 0.5009965470524259}}, {'number': 1120, 'params': {'batch_size': 204, 'learning_rate': 0.00145355605936791, 'momentum': 0.16329619119310163, 'weight_decay': 0.0722396355397361, 'num_layers': 1, 'max_units': 131, 'dropout': 0.685224418295303}}, {'number': 1121, 'params': {'batch_size': 157, 'learning_rate': 0.00048047687404454515, 'momentum': 0.10196217455538481, 'weight_decay': 0.03795790234559369, 'num_layers': 2, 'max_units': 126, 'dropout': 0.8001538780753239}}, {'number': 1122, 'params': {'batch_size': 242, 'learning_rate': 0.0018091602747608844, 'momentum': 0.17412740951669695, 'weight_decay': 0.08602936222304303, 'num_layers': 2, 'max_units': 365, 'dropout': 0.5503815786953834}}, {'number': 1123, 'params': {'batch_size': 117, 'learning_rate': 0.002201187757018362, 'momentum': 0.16824896302870507, 'weight_decay': 0.04017693943722421, 'num_layers': 4, 'max_units': 128, 'dropout': 0.25550133042101175}}, {'number': 1124, 'params': {'batch_size': 112, 'learning_rate': 0.0005847256187760095, 'momentum': 0.885732265033994, 'weight_decay': 0.09608069515868108, 'num_layers': 1, 'max_units': 211, 'dropout': 0.8972976848071741}}, {'number': 1125, 'params': {'batch_size': 158, 'learning_rate': 0.003381612956864705, 'momentum': 0.12756974496944773, 'weight_decay': 0.07838378146154269, 'num_layers': 2, 'max_units': 88, 'dropout': 0.9608571575087922}}, {'number': 1126, 'params': {'batch_size': 223, 'learning_rate': 0.02803770059360961, 'momentum': 0.4426472131088757, 'weight_decay': 0.07446846087691164, 'num_layers': 4, 'max_units': 220, 'dropout': 0.012455354456062162}}, {'number': 1127, 'params': {'batch_size': 103, 'learning_rate': 0.019809699619914967, 'momentum': 0.20313146406482874, 'weight_decay': 0.022913811154335773, 'num_layers': 3, 'max_units': 589, 'dropout': 0.024642205536692496}}, {'number': 1128, 'params': {'batch_size': 22, 'learning_rate': 0.00044726384070704797, 'momentum': 0.8934728611026744, 'weight_decay': 0.038471436215673206, 'num_layers': 2, 'max_units': 620, 'dropout': 0.46953476738501865}}, {'number': 1129, 'params': {'batch_size': 224, 'learning_rate': 0.0059455089070262245, 'momentum': 0.5216148777509545, 'weight_decay': 0.011780876284848535, 'num_layers': 1, 'max_units': 77, 'dropout': 0.9475788961114515}}, {'number': 1130, 'params': {'batch_size': 40, 'learning_rate': 0.0009703158932987906, 'momentum': 0.19783040286984, 'weight_decay': 0.03459032645956018, 'num_layers': 1, 'max_units': 920, 'dropout': 0.3434407393904044}}, {'number': 1131, 'params': {'batch_size': 79, 'learning_rate': 0.003408612119717758, 'momentum': 0.40115765293464695, 'weight_decay': 0.0828212579576335, 'num_layers': 3, 'max_units': 403, 'dropout': 0.8849911827605685}}, {'number': 1132, 'params': {'batch_size': 78, 'learning_rate': 0.000473408597905978, 'momentum': 0.21739430840216617, 'weight_decay': 0.023045799925171005, 'num_layers': 2, 'max_units': 86, 'dropout': 0.8605889328006215}}, {'number': 1133, 'params': {'batch_size': 110, 'learning_rate': 0.01344016589955796, 'momentum': 0.3722508619419392, 'weight_decay': 0.05537074399243687, 'num_layers': 3, 'max_units': 66, 'dropout': 0.1440647528438801}}, {'number': 1134, 'params': {'batch_size': 309, 'learning_rate': 0.00010025816064755269, 'momentum': 0.15166083373505776, 'weight_decay': 0.05321120705355025, 'num_layers': 1, 'max_units': 217, 'dropout': 0.12825564230503284}}, {'number': 1135, 'params': {'batch_size': 338, 'learning_rate': 0.010795775187924588, 'momentum': 0.19696005548534645, 'weight_decay': 0.005173361091994055, 'num_layers': 3, 'max_units': 84, 'dropout': 0.9427466652047927}}, {'number': 1136, 'params': {'batch_size': 35, 'learning_rate': 0.05778955402681162, 'momentum': 0.8109180979970231, 'weight_decay': 0.055628763766273334, 'num_layers': 1, 'max_units': 123, 'dropout': 0.5739179830878894}}, {'number': 1137, 'params': {'batch_size': 121, 'learning_rate': 0.00035940383006002137, 'momentum': 0.3858831275403533, 'weight_decay': 0.04538374069658091, 'num_layers': 4, 'max_units': 959, 'dropout': 0.8551050544140621}}, {'number': 1138, 'params': {'batch_size': 201, 'learning_rate': 0.001856621206789456, 'momentum': 0.2975593728406561, 'weight_decay': 0.04218885613149817, 'num_layers': 3, 'max_units': 212, 'dropout': 0.1254530539306189}}, {'number': 1139, 'params': {'batch_size': 22, 'learning_rate': 0.025445933812176406, 'momentum': 0.10568798678518787, 'weight_decay': 0.07870759732047536, 'num_layers': 3, 'max_units': 100, 'dropout': 0.0011812322346441695}}, {'number': 1140, 'params': {'batch_size': 74, 'learning_rate': 0.01013618847088106, 'momentum': 0.6988432596819414, 'weight_decay': 0.06308695743650895, 'num_layers': 2, 'max_units': 366, 'dropout': 0.9149968368630491}}, {'number': 1141, 'params': {'batch_size': 20, 'learning_rate': 0.0007614702963823712, 'momentum': 0.12828646815365927, 'weight_decay': 0.015739473954289575, 'num_layers': 1, 'max_units': 570, 'dropout': 0.7448240797597376}}, {'number': 1142, 'params': {'batch_size': 29, 'learning_rate': 0.0009595529050197289, 'momentum': 0.8514577090504032, 'weight_decay': 0.09173015697992926, 'num_layers': 4, 'max_units': 146, 'dropout': 0.5936935106319797}}, {'number': 1143, 'params': {'batch_size': 444, 'learning_rate': 0.0012854303712302648, 'momentum': 0.42429000017411905, 'weight_decay': 0.050682109912769856, 'num_layers': 3, 'max_units': 617, 'dropout': 0.46765560720163557}}, {'number': 1144, 'params': {'batch_size': 372, 'learning_rate': 0.02713485275767708, 'momentum': 0.10651286367279338, 'weight_decay': 0.011130396534048778, 'num_layers': 1, 'max_units': 359, 'dropout': 0.9878046951398286}}, {'number': 1145, 'params': {'batch_size': 433, 'learning_rate': 0.008085525911743404, 'momentum': 0.5338427168360917, 'weight_decay': 0.029840323674282493, 'num_layers': 4, 'max_units': 176, 'dropout': 0.6214472430110781}}, {'number': 1146, 'params': {'batch_size': 16, 'learning_rate': 0.00018895077794633982, 'momentum': 0.21717009782477262, 'weight_decay': 0.025882133332953534, 'num_layers': 2, 'max_units': 397, 'dropout': 0.6105496958482252}}, {'number': 1147, 'params': {'batch_size': 66, 'learning_rate': 0.004583330598753463, 'momentum': 0.1621741120378417, 'weight_decay': 0.029218603739988202, 'num_layers': 4, 'max_units': 390, 'dropout': 0.2985917046598552}}, {'number': 1148, 'params': {'batch_size': 182, 'learning_rate': 0.0009445177012946016, 'momentum': 0.1120868594982417, 'weight_decay': 0.06183278304511894, 'num_layers': 4, 'max_units': 563, 'dropout': 0.7609971762498241}}, {'number': 1149, 'params': {'batch_size': 53, 'learning_rate': 0.012625937122461081, 'momentum': 0.8182673292541486, 'weight_decay': 0.053929479319867815, 'num_layers': 2, 'max_units': 172, 'dropout': 0.7376863494934913}}, {'number': 1150, 'params': {'batch_size': 71, 'learning_rate': 0.0003328146812573168, 'momentum': 0.2947966516535835, 'weight_decay': 0.07641628455647066, 'num_layers': 2, 'max_units': 109, 'dropout': 0.8797136825353441}}, {'number': 1151, 'params': {'batch_size': 273, 'learning_rate': 0.021006192699657665, 'momentum': 0.37201073819614433, 'weight_decay': 0.0726836701052487, 'num_layers': 4, 'max_units': 385, 'dropout': 0.5338307630513857}}, {'number': 1152, 'params': {'batch_size': 127, 'learning_rate': 0.0007845331111874233, 'momentum': 0.10037276575931453, 'weight_decay': 0.024929328454930476, 'num_layers': 1, 'max_units': 401, 'dropout': 0.31264508235906874}}, {'number': 1153, 'params': {'batch_size': 38, 'learning_rate': 0.000721562394821299, 'momentum': 0.6065629434479123, 'weight_decay': 0.07397634848600221, 'num_layers': 4, 'max_units': 81, 'dropout': 0.299682482319506}}, {'number': 1154, 'params': {'batch_size': 144, 'learning_rate': 0.0014071521997072534, 'momentum': 0.1394665203016064, 'weight_decay': 0.04751520720572413, 'num_layers': 2, 'max_units': 956, 'dropout': 0.32976000681049233}}, {'number': 1155, 'params': {'batch_size': 40, 'learning_rate': 0.02021603929700357, 'momentum': 0.26477710383901987, 'weight_decay': 0.0782595642977443, 'num_layers': 3, 'max_units': 674, 'dropout': 0.031164194864491623}}, {'number': 1156, 'params': {'batch_size': 483, 'learning_rate': 0.010548178791011569, 'momentum': 0.4727090534454689, 'weight_decay': 0.0798864792072434, 'num_layers': 1, 'max_units': 151, 'dropout': 0.08059823181149917}}, {'number': 1157, 'params': {'batch_size': 264, 'learning_rate': 0.05790757806959445, 'momentum': 0.13690809908926754, 'weight_decay': 0.05116409409476107, 'num_layers': 4, 'max_units': 736, 'dropout': 0.04980962633739028}}, {'number': 1158, 'params': {'batch_size': 469, 'learning_rate': 0.005651217172944746, 'momentum': 0.9156739896701911, 'weight_decay': 0.09587258182373552, 'num_layers': 1, 'max_units': 832, 'dropout': 0.38681333737952805}}, {'number': 1159, 'params': {'batch_size': 420, 'learning_rate': 0.005542755436209361, 'momentum': 0.49348064138125985, 'weight_decay': 0.08790606337857806, 'num_layers': 3, 'max_units': 474, 'dropout': 0.5514455349016987}}, {'number': 1160, 'params': {'batch_size': 49, 'learning_rate': 0.03321009466663909, 'momentum': 0.22373009681164394, 'weight_decay': 0.023629200718932007, 'num_layers': 4, 'max_units': 864, 'dropout': 0.5672389294508609}}, {'number': 1161, 'params': {'batch_size': 52, 'learning_rate': 0.003535554074923371, 'momentum': 0.237252964169464, 'weight_decay': 0.08631613734902549, 'num_layers': 2, 'max_units': 159, 'dropout': 0.23881075766268667}}, {'number': 1162, 'params': {'batch_size': 21, 'learning_rate': 0.002602370672307489, 'momentum': 0.32152282937539367, 'weight_decay': 0.09854034911898872, 'num_layers': 4, 'max_units': 79, 'dropout': 0.12642922301514992}}, {'number': 1163, 'params': {'batch_size': 40, 'learning_rate': 0.0001315930485538582, 'momentum': 0.46504027198043685, 'weight_decay': 0.017743841717118146, 'num_layers': 1, 'max_units': 510, 'dropout': 0.9269415796574235}}, {'number': 1164, 'params': {'batch_size': 111, 'learning_rate': 0.0006103704252891176, 'momentum': 0.12922335711217672, 'weight_decay': 0.014745408176767649, 'num_layers': 1, 'max_units': 614, 'dropout': 0.24961376928412893}}, {'number': 1165, 'params': {'batch_size': 37, 'learning_rate': 0.00013927942429624434, 'momentum': 0.16414158044705307, 'weight_decay': 0.0936113541187938, 'num_layers': 1, 'max_units': 520, 'dropout': 0.46018003788562223}}, {'number': 1166, 'params': {'batch_size': 74, 'learning_rate': 0.0013787921001488864, 'momentum': 0.574895684295478, 'weight_decay': 0.09566302861212508, 'num_layers': 4, 'max_units': 752, 'dropout': 0.5759841074617706}}, {'number': 1167, 'params': {'batch_size': 129, 'learning_rate': 0.002355767305066492, 'momentum': 0.10505182009810794, 'weight_decay': 0.045007427708716845, 'num_layers': 4, 'max_units': 110, 'dropout': 0.30110790070971416}}, {'number': 1168, 'params': {'batch_size': 41, 'learning_rate': 0.0849276458172676, 'momentum': 0.3078057553887892, 'weight_decay': 0.09872857035217521, 'num_layers': 4, 'max_units': 237, 'dropout': 0.3251116164067013}}, {'number': 1169, 'params': {'batch_size': 124, 'learning_rate': 0.02076132726814113, 'momentum': 0.14162759577998785, 'weight_decay': 0.06683387405786814, 'num_layers': 4, 'max_units': 576, 'dropout': 0.7905030565953111}}, {'number': 1170, 'params': {'batch_size': 393, 'learning_rate': 0.00019855448495366076, 'momentum': 0.11403402992920152, 'weight_decay': 0.0035494004069976347, 'num_layers': 4, 'max_units': 86, 'dropout': 0.969799947326047}}, {'number': 1171, 'params': {'batch_size': 103, 'learning_rate': 0.0016995209294608448, 'momentum': 0.24327622914288471, 'weight_decay': 0.03295156357558862, 'num_layers': 2, 'max_units': 553, 'dropout': 0.1383236181450842}}, {'number': 1172, 'params': {'batch_size': 110, 'learning_rate': 0.00025498925528917034, 'momentum': 0.4754869279957822, 'weight_decay': 0.09285190604696165, 'num_layers': 3, 'max_units': 888, 'dropout': 0.03136283212857549}}, {'number': 1173, 'params': {'batch_size': 153, 'learning_rate': 0.0028633592420388987, 'momentum': 0.23366322632925596, 'weight_decay': 0.07186126954269492, 'num_layers': 2, 'max_units': 761, 'dropout': 0.3024282631800672}}, {'number': 1174, 'params': {'batch_size': 283, 'learning_rate': 0.00024174514211321168, 'momentum': 0.4483559559807269, 'weight_decay': 0.0583514572557899, 'num_layers': 4, 'max_units': 82, 'dropout': 0.6461436661204611}}, {'number': 1175, 'params': {'batch_size': 93, 'learning_rate': 0.007115573348855413, 'momentum': 0.7903509272762543, 'weight_decay': 0.03963338077368922, 'num_layers': 2, 'max_units': 703, 'dropout': 0.9163803008043482}}, {'number': 1176, 'params': {'batch_size': 231, 'learning_rate': 0.0005955280466301277, 'momentum': 0.10138052327478284, 'weight_decay': 0.09511278922958047, 'num_layers': 1, 'max_units': 452, 'dropout': 0.8795132431584517}}, {'number': 1177, 'params': {'batch_size': 18, 'learning_rate': 0.005124315235524218, 'momentum': 0.3299636167991374, 'weight_decay': 0.0854017454734345, 'num_layers': 3, 'max_units': 477, 'dropout': 0.7060319030898203}}, {'number': 1178, 'params': {'batch_size': 63, 'learning_rate': 0.0017157479759479365, 'momentum': 0.21934964326826434, 'weight_decay': 0.032045666076496344, 'num_layers': 4, 'max_units': 565, 'dropout': 0.3410829269041682}}, {'number': 1179, 'params': {'batch_size': 43, 'learning_rate': 0.029672869292642835, 'momentum': 0.26445779411693154, 'weight_decay': 0.0481270958660856, 'num_layers': 4, 'max_units': 119, 'dropout': 0.7008759916363774}}, {'number': 1180, 'params': {'batch_size': 105, 'learning_rate': 0.009596551447797178, 'momentum': 0.3131876242320814, 'weight_decay': 0.083764353412705, 'num_layers': 2, 'max_units': 235, 'dropout': 0.1814787633812207}}, {'number': 1181, 'params': {'batch_size': 115, 'learning_rate': 0.022106431204177653, 'momentum': 0.30859736848297903, 'weight_decay': 0.024696396315620286, 'num_layers': 3, 'max_units': 777, 'dropout': 0.3318202752387469}}, {'number': 1182, 'params': {'batch_size': 65, 'learning_rate': 0.0006589034514757269, 'momentum': 0.1364520134105138, 'weight_decay': 0.07979994248655187, 'num_layers': 1, 'max_units': 686, 'dropout': 0.36146940281992}}, {'number': 1183, 'params': {'batch_size': 91, 'learning_rate': 0.020722287878615197, 'momentum': 0.29003772323517596, 'weight_decay': 0.08821583874919112, 'num_layers': 2, 'max_units': 876, 'dropout': 0.3238486403737437}}, {'number': 1184, 'params': {'batch_size': 69, 'learning_rate': 0.01906690563318431, 'momentum': 0.3193023941638334, 'weight_decay': 0.09043168588965327, 'num_layers': 1, 'max_units': 209, 'dropout': 0.1302425057519876}}, {'number': 1185, 'params': {'batch_size': 261, 'learning_rate': 0.05422765170502463, 'momentum': 0.13177749006499864, 'weight_decay': 0.012170846086436767, 'num_layers': 1, 'max_units': 926, 'dropout': 0.8421300237326709}}, {'number': 1186, 'params': {'batch_size': 20, 'learning_rate': 0.00024650490253804304, 'momentum': 0.10826200308507841, 'weight_decay': 0.04343742324427876, 'num_layers': 1, 'max_units': 785, 'dropout': 0.1780883336012603}}, {'number': 1187, 'params': {'batch_size': 62, 'learning_rate': 0.01836497029310419, 'momentum': 0.8208687218667304, 'weight_decay': 0.08650601124192234, 'num_layers': 4, 'max_units': 427, 'dropout': 0.5424104253254068}}, {'number': 1188, 'params': {'batch_size': 16, 'learning_rate': 0.002373229866805912, 'momentum': 0.2935160381434086, 'weight_decay': 0.08711334162057721, 'num_layers': 4, 'max_units': 998, 'dropout': 0.7673460389361374}}, {'number': 1189, 'params': {'batch_size': 66, 'learning_rate': 0.0005674182943884706, 'momentum': 0.6074832899660325, 'weight_decay': 0.03712427450512844, 'num_layers': 4, 'max_units': 179, 'dropout': 0.326977939006311}}, {'number': 1190, 'params': {'batch_size': 100, 'learning_rate': 0.0020944339801672253, 'momentum': 0.357691864293793, 'weight_decay': 0.03061442742645514, 'num_layers': 2, 'max_units': 638, 'dropout': 0.3417677911299888}}, {'number': 1191, 'params': {'batch_size': 22, 'learning_rate': 0.002578498094723531, 'momentum': 0.11287079531683064, 'weight_decay': 0.05745667254780811, 'num_layers': 4, 'max_units': 269, 'dropout': 0.09963916756892399}}, {'number': 1192, 'params': {'batch_size': 20, 'learning_rate': 0.005724253841548141, 'momentum': 0.48161133814094714, 'weight_decay': 0.07318971941060488, 'num_layers': 1, 'max_units': 326, 'dropout': 0.9321918607316991}}, {'number': 1193, 'params': {'batch_size': 86, 'learning_rate': 0.014936927986864555, 'momentum': 0.5393593734714037, 'weight_decay': 0.0744285073985277, 'num_layers': 3, 'max_units': 158, 'dropout': 0.13127325832605297}}, {'number': 1194, 'params': {'batch_size': 358, 'learning_rate': 0.059289716215314966, 'momentum': 0.12127789460829781, 'weight_decay': 0.015357693074335937, 'num_layers': 1, 'max_units': 914, 'dropout': 0.6839329182930514}}, {'number': 1195, 'params': {'batch_size': 20, 'learning_rate': 0.0012385374134768834, 'momentum': 0.6954799313765392, 'weight_decay': 0.023323094503903644, 'num_layers': 2, 'max_units': 672, 'dropout': 0.9795189893026222}}, {'number': 1196, 'params': {'batch_size': 52, 'learning_rate': 0.004323218377798637, 'momentum': 0.47756047657574696, 'weight_decay': 0.07614081462610267, 'num_layers': 2, 'max_units': 288, 'dropout': 0.833732882919333}}, {'number': 1197, 'params': {'batch_size': 212, 'learning_rate': 0.006397358609360962, 'momentum': 0.22807111412523484, 'weight_decay': 0.04331893316217012, 'num_layers': 1, 'max_units': 236, 'dropout': 0.29053007950020804}}, {'number': 1198, 'params': {'batch_size': 88, 'learning_rate': 0.0005745688602996307, 'momentum': 0.12641542698997618, 'weight_decay': 0.059997331740249286, 'num_layers': 3, 'max_units': 168, 'dropout': 0.024433227918643552}}, {'number': 1199, 'params': {'batch_size': 46, 'learning_rate': 0.0023050583668734197, 'momentum': 0.22040695874082722, 'weight_decay': 0.040525919573868696, 'num_layers': 4, 'max_units': 310, 'dropout': 0.6567642311413752}}, {'number': 1200, 'params': {'batch_size': 66, 'learning_rate': 0.0038893880538902327, 'momentum': 0.21457788605199704, 'weight_decay': 0.08546632744111458, 'num_layers': 1, 'max_units': 628, 'dropout': 0.8169529569284165}}, {'number': 1201, 'params': {'batch_size': 118, 'learning_rate': 0.005871528200472141, 'momentum': 0.2168049661195858, 'weight_decay': 0.032693833537953056, 'num_layers': 1, 'max_units': 645, 'dropout': 0.008991303951187968}}, {'number': 1202, 'params': {'batch_size': 318, 'learning_rate': 0.02212999316134272, 'momentum': 0.1916211591495448, 'weight_decay': 0.023378541293465668, 'num_layers': 3, 'max_units': 412, 'dropout': 0.31636600170118534}}, {'number': 1203, 'params': {'batch_size': 355, 'learning_rate': 0.0022263300008306406, 'momentum': 0.5296228249127104, 'weight_decay': 0.003243480434229864, 'num_layers': 1, 'max_units': 176, 'dropout': 0.09125775504201472}}, {'number': 1204, 'params': {'batch_size': 102, 'learning_rate': 0.0018534052867630224, 'momentum': 0.5855979871452905, 'weight_decay': 0.09657859376733417, 'num_layers': 3, 'max_units': 311, 'dropout': 0.48754543346384493}}, {'number': 1205, 'params': {'batch_size': 461, 'learning_rate': 0.00010419775890329408, 'momentum': 0.4101245606455515, 'weight_decay': 0.002300894527488725, 'num_layers': 3, 'max_units': 344, 'dropout': 0.8733457675731761}}, {'number': 1206, 'params': {'batch_size': 85, 'learning_rate': 0.0013069999692195827, 'momentum': 0.28494515889980293, 'weight_decay': 0.003677723573764889, 'num_layers': 4, 'max_units': 188, 'dropout': 0.6249399907850348}}, {'number': 1207, 'params': {'batch_size': 382, 'learning_rate': 0.0009847734592843198, 'momentum': 0.1611031458510631, 'weight_decay': 0.0087285681812345, 'num_layers': 1, 'max_units': 147, 'dropout': 0.9196655222383339}}, {'number': 1208, 'params': {'batch_size': 65, 'learning_rate': 0.0005195318636044986, 'momentum': 0.17001237784178222, 'weight_decay': 0.09629555333852602, 'num_layers': 2, 'max_units': 435, 'dropout': 0.058409105706865416}}, {'number': 1209, 'params': {'batch_size': 55, 'learning_rate': 0.00014301236957190499, 'momentum': 0.10568290527973144, 'weight_decay': 0.022384412435719196, 'num_layers': 2, 'max_units': 69, 'dropout': 0.6228411284733825}}, {'number': 1210, 'params': {'batch_size': 51, 'learning_rate': 0.0006291977664399391, 'momentum': 0.5679524708760086, 'weight_decay': 0.04650220567466781, 'num_layers': 1, 'max_units': 227, 'dropout': 0.9685833071875373}}, {'number': 1211, 'params': {'batch_size': 63, 'learning_rate': 0.0011469563380219843, 'momentum': 0.9144615130092275, 'weight_decay': 0.04622409619541356, 'num_layers': 4, 'max_units': 766, 'dropout': 0.2942689527159824}}, {'number': 1212, 'params': {'batch_size': 399, 'learning_rate': 0.003410767123046035, 'momentum': 0.4039571525667753, 'weight_decay': 0.0451988152753315, 'num_layers': 4, 'max_units': 310, 'dropout': 0.40003106446615355}}, {'number': 1213, 'params': {'batch_size': 189, 'learning_rate': 0.0001806475752656675, 'momentum': 0.1802029080483466, 'weight_decay': 0.044686914195215865, 'num_layers': 1, 'max_units': 470, 'dropout': 0.24930798236894058}}, {'number': 1214, 'params': {'batch_size': 412, 'learning_rate': 0.03124845975285, 'momentum': 0.5799708944771804, 'weight_decay': 0.04976983071416697, 'num_layers': 2, 'max_units': 291, 'dropout': 0.6712450269692376}}, {'number': 1215, 'params': {'batch_size': 21, 'learning_rate': 0.00019452292974332194, 'momentum': 0.35066093065132337, 'weight_decay': 0.05707972077835374, 'num_layers': 3, 'max_units': 117, 'dropout': 0.20597133096404474}}, {'number': 1216, 'params': {'batch_size': 111, 'learning_rate': 0.009481319030089166, 'momentum': 0.5961037553063216, 'weight_decay': 0.015134898873736062, 'num_layers': 4, 'max_units': 81, 'dropout': 0.20888909573670034}}, {'number': 1217, 'params': {'batch_size': 77, 'learning_rate': 0.0023988017133929496, 'momentum': 0.14244711028859366, 'weight_decay': 0.040794866519324804, 'num_layers': 1, 'max_units': 266, 'dropout': 0.8180979454790916}}, {'number': 1218, 'params': {'batch_size': 462, 'learning_rate': 0.002223218948880828, 'momentum': 0.200225679148527, 'weight_decay': 0.055569601997044346, 'num_layers': 2, 'max_units': 90, 'dropout': 0.30034431438587106}}, {'number': 1219, 'params': {'batch_size': 388, 'learning_rate': 0.004228053162517983, 'momentum': 0.17246607571623626, 'weight_decay': 0.05998075914044587, 'num_layers': 2, 'max_units': 362, 'dropout': 0.02785766180794802}}, {'number': 1220, 'params': {'batch_size': 28, 'learning_rate': 0.0016931384629840687, 'momentum': 0.5500398562985241, 'weight_decay': 0.0403700199352766, 'num_layers': 4, 'max_units': 462, 'dropout': 0.29954624039389666}}, {'number': 1221, 'params': {'batch_size': 505, 'learning_rate': 0.09902960198487802, 'momentum': 0.3000520041399524, 'weight_decay': 0.056329560164105355, 'num_layers': 1, 'max_units': 368, 'dropout': 0.18674967966471312}}, {'number': 1222, 'params': {'batch_size': 294, 'learning_rate': 0.0033081072535872773, 'momentum': 0.5121354303409454, 'weight_decay': 0.07856116156723754, 'num_layers': 1, 'max_units': 754, 'dropout': 0.5319132927184977}}, {'number': 1223, 'params': {'batch_size': 46, 'learning_rate': 0.005774075695487192, 'momentum': 0.8673610067946056, 'weight_decay': 0.028780093535665574, 'num_layers': 1, 'max_units': 74, 'dropout': 0.16995347205030664}}, {'number': 1224, 'params': {'batch_size': 316, 'learning_rate': 0.000615766302462153, 'momentum': 0.1090836646839245, 'weight_decay': 0.07420839898596181, 'num_layers': 2, 'max_units': 373, 'dropout': 0.516334453019823}}, {'number': 1225, 'params': {'batch_size': 18, 'learning_rate': 0.0016533419470158679, 'momentum': 0.7564254967434972, 'weight_decay': 0.04429233170479417, 'num_layers': 2, 'max_units': 137, 'dropout': 0.7920879985902997}}, {'number': 1226, 'params': {'batch_size': 39, 'learning_rate': 0.0013937076881831132, 'momentum': 0.22349417334562524, 'weight_decay': 0.08155074157761642, 'num_layers': 2, 'max_units': 159, 'dropout': 0.3346373185997692}}, {'number': 1227, 'params': {'batch_size': 126, 'learning_rate': 0.0014706993708107179, 'momentum': 0.2433879395063179, 'weight_decay': 0.0854837909622109, 'num_layers': 4, 'max_units': 206, 'dropout': 0.041968560794503396}}, {'number': 1228, 'params': {'batch_size': 22, 'learning_rate': 0.00021160069550883078, 'momentum': 0.2895831969447413, 'weight_decay': 0.06784488365177127, 'num_layers': 4, 'max_units': 213, 'dropout': 0.19004822678449063}}, {'number': 1229, 'params': {'batch_size': 320, 'learning_rate': 0.00032156408078833087, 'momentum': 0.2852977741970457, 'weight_decay': 0.03299783817492326, 'num_layers': 2, 'max_units': 146, 'dropout': 0.20412024339857027}}, {'number': 1230, 'params': {'batch_size': 53, 'learning_rate': 0.03314898849439835, 'momentum': 0.14332497789660134, 'weight_decay': 0.06074263046712727, 'num_layers': 1, 'max_units': 179, 'dropout': 0.5090407555317243}}, {'number': 1231, 'params': {'batch_size': 288, 'learning_rate': 0.00307852763118979, 'momentum': 0.19700867151318763, 'weight_decay': 0.048157307058354526, 'num_layers': 3, 'max_units': 637, 'dropout': 0.049751948773941845}}, {'number': 1232, 'params': {'batch_size': 30, 'learning_rate': 0.0001753480650478286, 'momentum': 0.4552878404321417, 'weight_decay': 0.01650681818091178, 'num_layers': 2, 'max_units': 706, 'dropout': 0.018915666520198937}}, {'number': 1233, 'params': {'batch_size': 429, 'learning_rate': 0.009507505909818983, 'momentum': 0.19898286944347324, 'weight_decay': 0.039036840975789605, 'num_layers': 1, 'max_units': 159, 'dropout': 0.2515960806786345}}, {'number': 1234, 'params': {'batch_size': 51, 'learning_rate': 0.0006236526276265965, 'momentum': 0.2091033544105426, 'weight_decay': 0.08866642081883427, 'num_layers': 1, 'max_units': 303, 'dropout': 0.6973283377897107}}, {'number': 1235, 'params': {'batch_size': 249, 'learning_rate': 0.042033640305253576, 'momentum': 0.15620402251930007, 'weight_decay': 0.015615686284590586, 'num_layers': 2, 'max_units': 814, 'dropout': 0.5484241173209448}}, {'number': 1236, 'params': {'batch_size': 54, 'learning_rate': 0.0004388024527439697, 'momentum': 0.13991810519065545, 'weight_decay': 0.01520115849407443, 'num_layers': 1, 'max_units': 300, 'dropout': 0.2649485235027037}}, {'number': 1237, 'params': {'batch_size': 24, 'learning_rate': 0.0006884436342749912, 'momentum': 0.14673989370030965, 'weight_decay': 0.08220745768810532, 'num_layers': 3, 'max_units': 82, 'dropout': 0.3717935005878036}}, {'number': 1238, 'params': {'batch_size': 57, 'learning_rate': 0.09196442785358368, 'momentum': 0.12721501519586756, 'weight_decay': 0.00776566101957395, 'num_layers': 1, 'max_units': 137, 'dropout': 0.7177907638914394}}, {'number': 1239, 'params': {'batch_size': 23, 'learning_rate': 0.0010845705108481318, 'momentum': 0.23427158131526796, 'weight_decay': 0.010633855675216512, 'num_layers': 4, 'max_units': 174, 'dropout': 0.11966705506339159}}, {'number': 1240, 'params': {'batch_size': 151, 'learning_rate': 0.0003272187934834292, 'momentum': 0.16622073933140194, 'weight_decay': 0.07339747643432057, 'num_layers': 4, 'max_units': 712, 'dropout': 0.5612026256767868}}, {'number': 1241, 'params': {'batch_size': 218, 'learning_rate': 0.0034478836034214757, 'momentum': 0.12598205482669322, 'weight_decay': 0.07932664403651597, 'num_layers': 4, 'max_units': 264, 'dropout': 0.21225808528493606}}, {'number': 1242, 'params': {'batch_size': 265, 'learning_rate': 0.026280748690356338, 'momentum': 0.4232075314785271, 'weight_decay': 0.0574640184722376, 'num_layers': 1, 'max_units': 71, 'dropout': 0.32543252245555776}}, {'number': 1243, 'params': {'batch_size': 75, 'learning_rate': 0.00026128913529596323, 'momentum': 0.9211151083226711, 'weight_decay': 0.053436062048853324, 'num_layers': 2, 'max_units': 673, 'dropout': 0.3518316988210869}}, {'number': 1244, 'params': {'batch_size': 40, 'learning_rate': 0.018505447746581555, 'momentum': 0.20463789675436359, 'weight_decay': 0.0950674378080952, 'num_layers': 2, 'max_units': 855, 'dropout': 0.5805345905496002}}, {'number': 1245, 'params': {'batch_size': 89, 'learning_rate': 0.0001274183043837765, 'momentum': 0.1770986005332501, 'weight_decay': 0.039942693945593875, 'num_layers': 1, 'max_units': 130, 'dropout': 0.0153938584221478}}, {'number': 1246, 'params': {'batch_size': 33, 'learning_rate': 0.011933086173118213, 'momentum': 0.5308801350126554, 'weight_decay': 0.028762111836541225, 'num_layers': 4, 'max_units': 206, 'dropout': 0.25901824052776146}}, {'number': 1247, 'params': {'batch_size': 429, 'learning_rate': 0.00033579313555887725, 'momentum': 0.11540943043174776, 'weight_decay': 0.05874726754084019, 'num_layers': 1, 'max_units': 624, 'dropout': 0.8300460329686821}}, {'number': 1248, 'params': {'batch_size': 131, 'learning_rate': 0.04269996905045517, 'momentum': 0.18700081017786474, 'weight_decay': 0.05791465538363569, 'num_layers': 2, 'max_units': 89, 'dropout': 0.3240400482207192}}, {'number': 1249, 'params': {'batch_size': 46, 'learning_rate': 0.007388283027801476, 'momentum': 0.36544008779798526, 'weight_decay': 0.06824159382470767, 'num_layers': 3, 'max_units': 240, 'dropout': 0.3246395904299555}}, {'number': 1250, 'params': {'batch_size': 262, 'learning_rate': 0.00025458387879421455, 'momentum': 0.532025392131291, 'weight_decay': 0.05686253544888869, 'num_layers': 3, 'max_units': 391, 'dropout': 0.8619520675365064}}, {'number': 1251, 'params': {'batch_size': 26, 'learning_rate': 0.002322124622139539, 'momentum': 0.7857100941661385, 'weight_decay': 0.09792167326275265, 'num_layers': 2, 'max_units': 154, 'dropout': 0.5921329109511033}}, {'number': 1252, 'params': {'batch_size': 19, 'learning_rate': 0.0015950845872983322, 'momentum': 0.25390145929073404, 'weight_decay': 0.05992534941270301, 'num_layers': 2, 'max_units': 650, 'dropout': 0.01591434787397583}}, {'number': 1253, 'params': {'batch_size': 27, 'learning_rate': 0.002465923020093802, 'momentum': 0.6150693354351708, 'weight_decay': 0.02789907648651177, 'num_layers': 4, 'max_units': 205, 'dropout': 0.8948008310594051}}, {'number': 1254, 'params': {'batch_size': 270, 'learning_rate': 0.004202734417211223, 'momentum': 0.44718838814361817, 'weight_decay': 0.06405287051657894, 'num_layers': 4, 'max_units': 132, 'dropout': 0.41511057294410814}}, {'number': 1255, 'params': {'batch_size': 302, 'learning_rate': 0.0004718295579475063, 'momentum': 0.5423075619479524, 'weight_decay': 0.031500948824946924, 'num_layers': 1, 'max_units': 589, 'dropout': 0.15987713103805679}}, {'number': 1256, 'params': {'batch_size': 26, 'learning_rate': 0.010263239227005703, 'momentum': 0.11247640755332967, 'weight_decay': 0.053977894747683754, 'num_layers': 1, 'max_units': 102, 'dropout': 0.047299990788296276}}, {'number': 1257, 'params': {'batch_size': 233, 'learning_rate': 0.0026293467400575897, 'momentum': 0.42199242505652207, 'weight_decay': 0.08750582628461188, 'num_layers': 2, 'max_units': 171, 'dropout': 0.5794345697836094}}, {'number': 1258, 'params': {'batch_size': 43, 'learning_rate': 0.021665212440686095, 'momentum': 0.1042476504119969, 'weight_decay': 0.022020392658755748, 'num_layers': 3, 'max_units': 314, 'dropout': 0.6061069486228766}}, {'number': 1259, 'params': {'batch_size': 421, 'learning_rate': 0.011234937464029395, 'momentum': 0.4231677140725447, 'weight_decay': 0.03663224009979938, 'num_layers': 2, 'max_units': 218, 'dropout': 0.0657940644583872}}, {'number': 1260, 'params': {'batch_size': 24, 'learning_rate': 0.0025878269053641423, 'momentum': 0.6344534636520586, 'weight_decay': 0.04170866142302854, 'num_layers': 3, 'max_units': 90, 'dropout': 0.5018692344391527}}, {'number': 1261, 'params': {'batch_size': 38, 'learning_rate': 0.003965884731594214, 'momentum': 0.4116903071226634, 'weight_decay': 0.0031028967613552106, 'num_layers': 1, 'max_units': 131, 'dropout': 0.4608851789776949}}, {'number': 1262, 'params': {'batch_size': 88, 'learning_rate': 0.0071537059835044174, 'momentum': 0.1422559167905887, 'weight_decay': 0.07952529168961299, 'num_layers': 2, 'max_units': 94, 'dropout': 0.18922043965553947}}, {'number': 1263, 'params': {'batch_size': 401, 'learning_rate': 0.00041269681415732174, 'momentum': 0.20704285473332767, 'weight_decay': 0.027408642391281927, 'num_layers': 2, 'max_units': 480, 'dropout': 0.841580129411331}}, {'number': 1264, 'params': {'batch_size': 17, 'learning_rate': 0.0006422892878507684, 'momentum': 0.41815497985793953, 'weight_decay': 0.011558093681667488, 'num_layers': 2, 'max_units': 184, 'dropout': 0.10809264780857653}}, {'number': 1265, 'params': {'batch_size': 291, 'learning_rate': 0.00015424511317842742, 'momentum': 0.12841191441833677, 'weight_decay': 0.033856122119042605, 'num_layers': 3, 'max_units': 559, 'dropout': 0.3347064651642351}}, {'number': 1266, 'params': {'batch_size': 114, 'learning_rate': 0.0037391592423409205, 'momentum': 0.3566780610581364, 'weight_decay': 0.03669481308482492, 'num_layers': 4, 'max_units': 96, 'dropout': 0.7081529597992551}}, {'number': 1267, 'params': {'batch_size': 31, 'learning_rate': 0.0025324153056307764, 'momentum': 0.15289749752634393, 'weight_decay': 0.020592988565402242, 'num_layers': 2, 'max_units': 80, 'dropout': 0.0815601981065105}}, {'number': 1268, 'params': {'batch_size': 37, 'learning_rate': 0.0014210833233208751, 'momentum': 0.6333901190320765, 'weight_decay': 0.003316888697372824, 'num_layers': 1, 'max_units': 739, 'dropout': 0.4912773070824472}}, {'number': 1269, 'params': {'batch_size': 32, 'learning_rate': 0.0013317763347266115, 'momentum': 0.4959613727998736, 'weight_decay': 0.027296501047416835, 'num_layers': 1, 'max_units': 86, 'dropout': 0.15447624901678958}}, {'number': 1270, 'params': {'batch_size': 232, 'learning_rate': 0.007708842604005018, 'momentum': 0.22875293869659705, 'weight_decay': 0.039194772483028606, 'num_layers': 4, 'max_units': 567, 'dropout': 0.3961634547189625}}, {'number': 1271, 'params': {'batch_size': 27, 'learning_rate': 0.010354288347283847, 'momentum': 0.3226204105423741, 'weight_decay': 0.09048567995368227, 'num_layers': 1, 'max_units': 234, 'dropout': 0.7675937486329681}}, {'number': 1272, 'params': {'batch_size': 28, 'learning_rate': 0.00018428089815998325, 'momentum': 0.1419496033256726, 'weight_decay': 0.04923587517242975, 'num_layers': 2, 'max_units': 762, 'dropout': 0.9928635855422393}}, {'number': 1273, 'params': {'batch_size': 240, 'learning_rate': 0.0003414670549950606, 'momentum': 0.3690098479036664, 'weight_decay': 0.0863530189858558, 'num_layers': 1, 'max_units': 755, 'dropout': 0.28886063501585546}}, {'number': 1274, 'params': {'batch_size': 173, 'learning_rate': 0.0005396937805066778, 'momentum': 0.9412312876514916, 'weight_decay': 0.03821615491957027, 'num_layers': 4, 'max_units': 132, 'dropout': 0.3438878161456669}}, {'number': 1275, 'params': {'batch_size': 378, 'learning_rate': 0.0015444008509267679, 'momentum': 0.4174068620569693, 'weight_decay': 0.04206499987813601, 'num_layers': 1, 'max_units': 965, 'dropout': 0.8630492864236791}}, {'number': 1276, 'params': {'batch_size': 59, 'learning_rate': 0.0022703129573314286, 'momentum': 0.5014144319890119, 'weight_decay': 0.08590357870506501, 'num_layers': 1, 'max_units': 141, 'dropout': 0.9154266286718347}}, {'number': 1277, 'params': {'batch_size': 20, 'learning_rate': 0.000254222546161324, 'momentum': 0.40990940998840797, 'weight_decay': 0.0347599044048386, 'num_layers': 4, 'max_units': 124, 'dropout': 0.37016853718594367}}, {'number': 1278, 'params': {'batch_size': 45, 'learning_rate': 0.005096715471029227, 'momentum': 0.7339489002161473, 'weight_decay': 0.0834906549871176, 'num_layers': 4, 'max_units': 992, 'dropout': 0.19561613873824957}}, {'number': 1279, 'params': {'batch_size': 500, 'learning_rate': 0.003550077040602337, 'momentum': 0.8641406662418323, 'weight_decay': 0.05952914796006977, 'num_layers': 2, 'max_units': 93, 'dropout': 0.7298503886356887}}, {'number': 1280, 'params': {'batch_size': 80, 'learning_rate': 0.0053864024352265625, 'momentum': 0.7935575227791322, 'weight_decay': 0.06858080321269493, 'num_layers': 4, 'max_units': 236, 'dropout': 0.7851023826833224}}, {'number': 1281, 'params': {'batch_size': 26, 'learning_rate': 0.0003274347452302585, 'momentum': 0.10387786202547358, 'weight_decay': 0.016681972722705544, 'num_layers': 4, 'max_units': 122, 'dropout': 0.5036904874529167}}, {'number': 1282, 'params': {'batch_size': 17, 'learning_rate': 0.01669401436788023, 'momentum': 0.29504409627665845, 'weight_decay': 0.07232464270512709, 'num_layers': 3, 'max_units': 374, 'dropout': 0.07928781134065699}}, {'number': 1283, 'params': {'batch_size': 16, 'learning_rate': 0.0008410794095174188, 'momentum': 0.7455757003530953, 'weight_decay': 0.004235469320249594, 'num_layers': 4, 'max_units': 996, 'dropout': 0.16501122300077875}}, {'number': 1284, 'params': {'batch_size': 21, 'learning_rate': 0.02470754690160006, 'momentum': 0.6625875742288698, 'weight_decay': 0.07005071139982412, 'num_layers': 4, 'max_units': 636, 'dropout': 0.48237337519353785}}, {'number': 1285, 'params': {'batch_size': 98, 'learning_rate': 0.009269948283339496, 'momentum': 0.242850578235083, 'weight_decay': 0.07951251491283545, 'num_layers': 2, 'max_units': 711, 'dropout': 0.8278922564037903}}, {'number': 1286, 'params': {'batch_size': 51, 'learning_rate': 0.006529402027258188, 'momentum': 0.3757620420100567, 'weight_decay': 0.060464754092187566, 'num_layers': 4, 'max_units': 87, 'dropout': 0.501776471382494}}, {'number': 1287, 'params': {'batch_size': 20, 'learning_rate': 0.0027062628620748083, 'momentum': 0.22315043233477339, 'weight_decay': 0.03578926449105916, 'num_layers': 3, 'max_units': 972, 'dropout': 0.3242270190787333}}, {'number': 1288, 'params': {'batch_size': 308, 'learning_rate': 0.0015626690317187492, 'momentum': 0.44759130498905597, 'weight_decay': 0.0678163280238054, 'num_layers': 1, 'max_units': 124, 'dropout': 0.49939056933637116}}, {'number': 1289, 'params': {'batch_size': 421, 'learning_rate': 0.0001873306221157355, 'momentum': 0.5305007436117, 'weight_decay': 0.009467864077391789, 'num_layers': 1, 'max_units': 424, 'dropout': 0.38816675165237524}}, {'number': 1290, 'params': {'batch_size': 31, 'learning_rate': 0.000126657873587648, 'momentum': 0.8775836413149085, 'weight_decay': 0.08527961958695225, 'num_layers': 1, 'max_units': 442, 'dropout': 0.43722089033255396}}, {'number': 1291, 'params': {'batch_size': 77, 'learning_rate': 0.06010559349592438, 'momentum': 0.8160758517145781, 'weight_decay': 0.09970975221556903, 'num_layers': 4, 'max_units': 329, 'dropout': 0.29592342274782046}}, {'number': 1292, 'params': {'batch_size': 445, 'learning_rate': 0.0002694600101437418, 'momentum': 0.3962887604338887, 'weight_decay': 0.02071967207199507, 'num_layers': 4, 'max_units': 295, 'dropout': 0.4463533339289977}}, {'number': 1293, 'params': {'batch_size': 82, 'learning_rate': 0.00017910437142119106, 'momentum': 0.5178836114506786, 'weight_decay': 0.04191356776821356, 'num_layers': 4, 'max_units': 611, 'dropout': 0.1039317690956989}}, {'number': 1294, 'params': {'batch_size': 276, 'learning_rate': 0.08027962440027037, 'momentum': 0.34893517738436386, 'weight_decay': 0.0830036214151076, 'num_layers': 2, 'max_units': 771, 'dropout': 0.4200562527888887}}, {'number': 1295, 'params': {'batch_size': 272, 'learning_rate': 0.00725325681995513, 'momentum': 0.14965659152625946, 'weight_decay': 0.03343495982701169, 'num_layers': 1, 'max_units': 592, 'dropout': 0.0981889604097862}}, {'number': 1296, 'params': {'batch_size': 167, 'learning_rate': 0.0014617098324674691, 'momentum': 0.557060655661349, 'weight_decay': 0.07865006914246446, 'num_layers': 2, 'max_units': 360, 'dropout': 0.37629262960638243}}, {'number': 1297, 'params': {'batch_size': 87, 'learning_rate': 0.0002162129392670462, 'momentum': 0.12060655328941466, 'weight_decay': 0.03304531144930774, 'num_layers': 2, 'max_units': 694, 'dropout': 0.5287646927283683}}, {'number': 1298, 'params': {'batch_size': 24, 'learning_rate': 0.0004969037600603051, 'momentum': 0.8378597799171752, 'weight_decay': 0.022533721488481078, 'num_layers': 2, 'max_units': 788, 'dropout': 0.41612391939158255}}, {'number': 1299, 'params': {'batch_size': 111, 'learning_rate': 0.0001232271329625188, 'momentum': 0.7736484946737602, 'weight_decay': 0.013218594291924223, 'num_layers': 4, 'max_units': 816, 'dropout': 0.4210807675068877}}, {'number': 1300, 'params': {'batch_size': 257, 'learning_rate': 0.04228726879228425, 'momentum': 0.14261826150280812, 'weight_decay': 0.03670705309668618, 'num_layers': 1, 'max_units': 662, 'dropout': 0.5837176584222027}}, {'number': 1301, 'params': {'batch_size': 21, 'learning_rate': 0.05512032776931837, 'momentum': 0.20794416027845466, 'weight_decay': 0.060266572949782354, 'num_layers': 1, 'max_units': 223, 'dropout': 0.6844917348345941}}, {'number': 1302, 'params': {'batch_size': 321, 'learning_rate': 0.00037767140930107073, 'momentum': 0.26074828782505266, 'weight_decay': 0.03574311779265125, 'num_layers': 3, 'max_units': 418, 'dropout': 0.5840957192713516}}, {'number': 1303, 'params': {'batch_size': 24, 'learning_rate': 0.009205005144310233, 'momentum': 0.24806542269135837, 'weight_decay': 0.09094088203052599, 'num_layers': 2, 'max_units': 771, 'dropout': 0.9399496464881302}}, {'number': 1304, 'params': {'batch_size': 97, 'learning_rate': 0.001976141256895425, 'momentum': 0.24810288866502236, 'weight_decay': 0.09737934440364866, 'num_layers': 4, 'max_units': 70, 'dropout': 0.15977970578103906}}, {'number': 1305, 'params': {'batch_size': 19, 'learning_rate': 0.03580681918851884, 'momentum': 0.1555956427722511, 'weight_decay': 0.04112252023042869, 'num_layers': 1, 'max_units': 699, 'dropout': 0.06789227930984809}}, {'number': 1306, 'params': {'batch_size': 57, 'learning_rate': 0.0030098008317032666, 'momentum': 0.2614876987541252, 'weight_decay': 0.07699723290481782, 'num_layers': 1, 'max_units': 169, 'dropout': 0.10829222724165932}}, {'number': 1307, 'params': {'batch_size': 293, 'learning_rate': 0.006042052433510694, 'momentum': 0.9097214132048254, 'weight_decay': 0.03781253681708382, 'num_layers': 2, 'max_units': 85, 'dropout': 0.5819259311661593}}, {'number': 1308, 'params': {'batch_size': 18, 'learning_rate': 0.000616806463699978, 'momentum': 0.1902402523992214, 'weight_decay': 0.09511346605629187, 'num_layers': 1, 'max_units': 250, 'dropout': 0.029719807141303733}}, {'number': 1309, 'params': {'batch_size': 82, 'learning_rate': 0.00020437550468187536, 'momentum': 0.1474185012349967, 'weight_decay': 0.04565928587558781, 'num_layers': 2, 'max_units': 79, 'dropout': 0.6067356180463929}}, {'number': 1310, 'params': {'batch_size': 72, 'learning_rate': 0.005053690429325656, 'momentum': 0.41234839281442487, 'weight_decay': 0.002465961114304009, 'num_layers': 4, 'max_units': 79, 'dropout': 0.010095742578290934}}, {'number': 1311, 'params': {'batch_size': 66, 'learning_rate': 0.0008093196457475996, 'momentum': 0.8068237623086365, 'weight_decay': 0.0759358103379444, 'num_layers': 1, 'max_units': 718, 'dropout': 0.7997039693901407}}, {'number': 1312, 'params': {'batch_size': 16, 'learning_rate': 0.0002930639672132261, 'momentum': 0.25054668727304813, 'weight_decay': 0.09199504988660409, 'num_layers': 2, 'max_units': 68, 'dropout': 0.9056399682164461}}, {'number': 1313, 'params': {'batch_size': 43, 'learning_rate': 0.0002737590011072225, 'momentum': 0.38554402520893044, 'weight_decay': 0.07933188183338258, 'num_layers': 1, 'max_units': 470, 'dropout': 0.0881888030973974}}, {'number': 1314, 'params': {'batch_size': 18, 'learning_rate': 0.0007475799501273036, 'momentum': 0.3841540894933437, 'weight_decay': 0.0539798074141442, 'num_layers': 1, 'max_units': 507, 'dropout': 0.8055414698391561}}, {'number': 1315, 'params': {'batch_size': 34, 'learning_rate': 0.0298766585491536, 'momentum': 0.44357490270161853, 'weight_decay': 0.03938605701564378, 'num_layers': 3, 'max_units': 475, 'dropout': 0.16681799483480164}}, {'number': 1316, 'params': {'batch_size': 197, 'learning_rate': 0.00036060692750693364, 'momentum': 0.24124936776249564, 'weight_decay': 0.01058075386007383, 'num_layers': 3, 'max_units': 65, 'dropout': 0.6643527794828408}}, {'number': 1317, 'params': {'batch_size': 131, 'learning_rate': 0.017419099562821883, 'momentum': 0.8887846945668575, 'weight_decay': 0.011921974685614138, 'num_layers': 1, 'max_units': 145, 'dropout': 0.27772515955625543}}, {'number': 1318, 'params': {'batch_size': 67, 'learning_rate': 0.009961252811166594, 'momentum': 0.10038688178888172, 'weight_decay': 0.0038171500258554506, 'num_layers': 4, 'max_units': 95, 'dropout': 0.0948705779546497}}, {'number': 1319, 'params': {'batch_size': 93, 'learning_rate': 0.0002329633930768773, 'momentum': 0.10124898967336204, 'weight_decay': 0.013117216103078071, 'num_layers': 3, 'max_units': 147, 'dropout': 0.881533089913616}}, {'number': 1320, 'params': {'batch_size': 175, 'learning_rate': 0.0006791096584058646, 'momentum': 0.6823185890083361, 'weight_decay': 0.09812596856255051, 'num_layers': 2, 'max_units': 357, 'dropout': 0.01125026465361767}}, {'number': 1321, 'params': {'batch_size': 220, 'learning_rate': 0.001054344735857388, 'momentum': 0.18041731848215356, 'weight_decay': 0.0012751518579102279, 'num_layers': 1, 'max_units': 604, 'dropout': 0.41749052054852}}, {'number': 1322, 'params': {'batch_size': 277, 'learning_rate': 0.0004570523173347118, 'momentum': 0.21645560419794616, 'weight_decay': 0.09697701550656129, 'num_layers': 1, 'max_units': 828, 'dropout': 0.4010564604862705}}, {'number': 1323, 'params': {'batch_size': 22, 'learning_rate': 0.0001102526612701169, 'momentum': 0.1624590772665729, 'weight_decay': 0.07245967709812914, 'num_layers': 3, 'max_units': 163, 'dropout': 0.03830828475716885}}, {'number': 1324, 'params': {'batch_size': 17, 'learning_rate': 0.00014453943131303822, 'momentum': 0.11365284170909784, 'weight_decay': 0.025902370870394546, 'num_layers': 1, 'max_units': 222, 'dropout': 0.453697989820509}}, {'number': 1325, 'params': {'batch_size': 185, 'learning_rate': 0.00011576169558249177, 'momentum': 0.5071965405487555, 'weight_decay': 0.021619978490253166, 'num_layers': 4, 'max_units': 351, 'dropout': 0.16883248539891726}}, {'number': 1326, 'params': {'batch_size': 116, 'learning_rate': 0.0012464962888622435, 'momentum': 0.25920534132104, 'weight_decay': 0.09936342971099128, 'num_layers': 2, 'max_units': 454, 'dropout': 0.12133321851621326}}, {'number': 1327, 'params': {'batch_size': 224, 'learning_rate': 0.0013767162754500886, 'momentum': 0.2282093682421349, 'weight_decay': 0.06764967265857375, 'num_layers': 2, 'max_units': 125, 'dropout': 0.23242493952847243}}, {'number': 1328, 'params': {'batch_size': 19, 'learning_rate': 0.0031769323262780067, 'momentum': 0.8502680542680711, 'weight_decay': 0.07645553778104956, 'num_layers': 4, 'max_units': 890, 'dropout': 0.28387432011399305}}, {'number': 1329, 'params': {'batch_size': 105, 'learning_rate': 0.007548739750165406, 'momentum': 0.6597642158503819, 'weight_decay': 0.09903581807756756, 'num_layers': 3, 'max_units': 374, 'dropout': 0.7906948640116562}}, {'number': 1330, 'params': {'batch_size': 406, 'learning_rate': 0.00031626933942744106, 'momentum': 0.17371440068431193, 'weight_decay': 0.05407317214075246, 'num_layers': 4, 'max_units': 967, 'dropout': 0.37116400277670736}}, {'number': 1331, 'params': {'batch_size': 347, 'learning_rate': 0.05483738872725439, 'momentum': 0.3691058156236834, 'weight_decay': 0.026382293825055615, 'num_layers': 2, 'max_units': 95, 'dropout': 0.02382737657912337}}, {'number': 1332, 'params': {'batch_size': 390, 'learning_rate': 0.04840897541622621, 'momentum': 0.3553592293192223, 'weight_decay': 0.021792135635793488, 'num_layers': 1, 'max_units': 578, 'dropout': 0.030164629918436492}}, {'number': 1333, 'params': {'batch_size': 253, 'learning_rate': 0.05548904021558323, 'momentum': 0.3245798260749339, 'weight_decay': 0.09592779162594897, 'num_layers': 4, 'max_units': 115, 'dropout': 0.22257692823665876}}, {'number': 1334, 'params': {'batch_size': 16, 'learning_rate': 0.004016589767052765, 'momentum': 0.7596544273236931, 'weight_decay': 0.08443672531405105, 'num_layers': 3, 'max_units': 80, 'dropout': 0.5352749106133411}}, {'number': 1335, 'params': {'batch_size': 48, 'learning_rate': 0.0623312790856083, 'momentum': 0.20184319223174702, 'weight_decay': 0.00890702816018997, 'num_layers': 2, 'max_units': 87, 'dropout': 0.2234110582057508}}, {'number': 1336, 'params': {'batch_size': 90, 'learning_rate': 0.0008310533378290132, 'momentum': 0.1505188323013509, 'weight_decay': 0.09600208396161661, 'num_layers': 1, 'max_units': 821, 'dropout': 0.7034651962189178}}, {'number': 1337, 'params': {'batch_size': 55, 'learning_rate': 0.00020323209643456668, 'momentum': 0.29492246094301444, 'weight_decay': 0.006545074699394453, 'num_layers': 4, 'max_units': 68, 'dropout': 0.3020321994961038}}, {'number': 1338, 'params': {'batch_size': 367, 'learning_rate': 0.0027090556636150927, 'momentum': 0.7072038303583656, 'weight_decay': 0.09081024999916446, 'num_layers': 3, 'max_units': 598, 'dropout': 0.15213968648317433}}, {'number': 1339, 'params': {'batch_size': 23, 'learning_rate': 0.011376660028841431, 'momentum': 0.3032827273000561, 'weight_decay': 0.034772511985859726, 'num_layers': 2, 'max_units': 717, 'dropout': 0.5577029190242169}}, {'number': 1340, 'params': {'batch_size': 72, 'learning_rate': 0.007804096021549545, 'momentum': 0.2765265479195841, 'weight_decay': 0.0540936380657339, 'num_layers': 1, 'max_units': 106, 'dropout': 0.3766803883258787}}, {'number': 1341, 'params': {'batch_size': 28, 'learning_rate': 0.04237148500568648, 'momentum': 0.3011770713413155, 'weight_decay': 0.09341265623824038, 'num_layers': 4, 'max_units': 315, 'dropout': 0.7050493106879478}}, {'number': 1342, 'params': {'batch_size': 286, 'learning_rate': 0.011626713029566164, 'momentum': 0.40982781296256954, 'weight_decay': 0.015256340723646459, 'num_layers': 2, 'max_units': 203, 'dropout': 0.26841797211518625}}, {'number': 1343, 'params': {'batch_size': 293, 'learning_rate': 0.00034081672220774903, 'momentum': 0.4573933778043982, 'weight_decay': 0.02127448958508632, 'num_layers': 2, 'max_units': 668, 'dropout': 0.3644336081255001}}, {'number': 1344, 'params': {'batch_size': 36, 'learning_rate': 0.001284980201777328, 'momentum': 0.13569291203475534, 'weight_decay': 0.09102278763973601, 'num_layers': 2, 'max_units': 73, 'dropout': 0.9391458369263286}}, {'number': 1345, 'params': {'batch_size': 90, 'learning_rate': 0.009895057007502777, 'momentum': 0.2948066228995988, 'weight_decay': 0.09178489462151355, 'num_layers': 1, 'max_units': 520, 'dropout': 0.1535054331726181}}, {'number': 1346, 'params': {'batch_size': 217, 'learning_rate': 0.00034191209289614313, 'momentum': 0.11699637242292152, 'weight_decay': 0.07069584494116601, 'num_layers': 1, 'max_units': 684, 'dropout': 0.5431987892184704}}, {'number': 1347, 'params': {'batch_size': 33, 'learning_rate': 0.016234710420868076, 'momentum': 0.3732482750828034, 'weight_decay': 0.0154123094484065, 'num_layers': 2, 'max_units': 304, 'dropout': 0.2877935237867003}}, {'number': 1348, 'params': {'batch_size': 120, 'learning_rate': 0.013701133721919473, 'momentum': 0.11213994841650375, 'weight_decay': 0.014443865014076821, 'num_layers': 3, 'max_units': 120, 'dropout': 0.39046955845476183}}, {'number': 1349, 'params': {'batch_size': 424, 'learning_rate': 0.00010583015790073624, 'momentum': 0.6980384305027761, 'weight_decay': 0.05136340044416927, 'num_layers': 4, 'max_units': 204, 'dropout': 0.31220824421558}}, {'number': 1350, 'params': {'batch_size': 72, 'learning_rate': 0.018919966076713327, 'momentum': 0.5900765056125895, 'weight_decay': 0.09421722198576091, 'num_layers': 1, 'max_units': 290, 'dropout': 0.4546589582524322}}, {'number': 1351, 'params': {'batch_size': 17, 'learning_rate': 0.0005919978320236318, 'momentum': 0.539271723485766, 'weight_decay': 0.018280146215958852, 'num_layers': 1, 'max_units': 598, 'dropout': 0.017834434180563963}}, {'number': 1352, 'params': {'batch_size': 138, 'learning_rate': 0.00021095267589756584, 'momentum': 0.26119043692134036, 'weight_decay': 0.08644378267153258, 'num_layers': 3, 'max_units': 82, 'dropout': 0.34136519860914016}}, {'number': 1353, 'params': {'batch_size': 49, 'learning_rate': 0.0012253840504985083, 'momentum': 0.8851596524696607, 'weight_decay': 0.026357021658245324, 'num_layers': 2, 'max_units': 202, 'dropout': 0.1160803680450827}}, {'number': 1354, 'params': {'batch_size': 23, 'learning_rate': 0.00547317519218884, 'momentum': 0.1885457722947861, 'weight_decay': 0.005334479989468868, 'num_layers': 3, 'max_units': 152, 'dropout': 0.11115321715751458}}, {'number': 1355, 'params': {'batch_size': 102, 'learning_rate': 0.0005438802046393387, 'momentum': 0.376721527363581, 'weight_decay': 0.06554681830871363, 'num_layers': 3, 'max_units': 67, 'dropout': 0.40589996497681446}}, {'number': 1356, 'params': {'batch_size': 74, 'learning_rate': 0.012914192461585459, 'momentum': 0.13221701952923698, 'weight_decay': 0.007413408618855491, 'num_layers': 2, 'max_units': 116, 'dropout': 0.7515306931056551}}, {'number': 1357, 'params': {'batch_size': 186, 'learning_rate': 0.0005660829517886485, 'momentum': 0.13013162104025391, 'weight_decay': 0.03789961957525744, 'num_layers': 1, 'max_units': 608, 'dropout': 0.8069386802856816}}, {'number': 1358, 'params': {'batch_size': 52, 'learning_rate': 0.0003115482948590325, 'momentum': 0.4027742755137655, 'weight_decay': 0.0861277990437599, 'num_layers': 4, 'max_units': 465, 'dropout': 0.9341769407799853}}, {'number': 1359, 'params': {'batch_size': 234, 'learning_rate': 0.0005322275381983956, 'momentum': 0.1389834301651986, 'weight_decay': 0.04890652560040691, 'num_layers': 2, 'max_units': 922, 'dropout': 0.5334670444690719}}, {'number': 1360, 'params': {'batch_size': 120, 'learning_rate': 0.01102913678108628, 'momentum': 0.19535839638729988, 'weight_decay': 0.03233025673535042, 'num_layers': 1, 'max_units': 166, 'dropout': 0.6232151841960271}}, {'number': 1361, 'params': {'batch_size': 72, 'learning_rate': 0.08172961379095739, 'momentum': 0.2640173824197312, 'weight_decay': 0.08011238842995294, 'num_layers': 3, 'max_units': 440, 'dropout': 0.5021304921218285}}, {'number': 1362, 'params': {'batch_size': 56, 'learning_rate': 0.0003224595819452685, 'momentum': 0.19783848868275208, 'weight_decay': 0.006475693221657369, 'num_layers': 2, 'max_units': 651, 'dropout': 0.3640805261476351}}, {'number': 1363, 'params': {'batch_size': 16, 'learning_rate': 0.0372503338175593, 'momentum': 0.20044331751426958, 'weight_decay': 0.09215659961325146, 'num_layers': 1, 'max_units': 76, 'dropout': 0.4771831628895298}}, {'number': 1364, 'params': {'batch_size': 213, 'learning_rate': 0.00019901816748299652, 'momentum': 0.31637343711001653, 'weight_decay': 0.07241467628287179, 'num_layers': 2, 'max_units': 108, 'dropout': 0.9059710615140255}}, {'number': 1365, 'params': {'batch_size': 26, 'learning_rate': 0.00023840338355351844, 'momentum': 0.18986647069680423, 'weight_decay': 0.0589717010692467, 'num_layers': 4, 'max_units': 196, 'dropout': 0.021735528789166958}}, {'number': 1366, 'params': {'batch_size': 26, 'learning_rate': 0.003888650488335692, 'momentum': 0.23741151305562733, 'weight_decay': 0.05140646152465019, 'num_layers': 1, 'max_units': 108, 'dropout': 0.3064082256048538}}, {'number': 1367, 'params': {'batch_size': 50, 'learning_rate': 0.032207645658241385, 'momentum': 0.10470583864734938, 'weight_decay': 0.032677092315621714, 'num_layers': 2, 'max_units': 182, 'dropout': 0.71427590699161}}, {'number': 1368, 'params': {'batch_size': 69, 'learning_rate': 0.004967033050965972, 'momentum': 0.28047620784204313, 'weight_decay': 0.015016767252050181, 'num_layers': 2, 'max_units': 362, 'dropout': 0.45451483312981433}}, {'number': 1369, 'params': {'batch_size': 22, 'learning_rate': 0.0006089776265586104, 'momentum': 0.2290001985115343, 'weight_decay': 0.09382146190767685, 'num_layers': 2, 'max_units': 297, 'dropout': 0.49934198156370513}}, {'number': 1370, 'params': {'batch_size': 119, 'learning_rate': 0.0030797646126656153, 'momentum': 0.9387431897446071, 'weight_decay': 0.0873652842362436, 'num_layers': 2, 'max_units': 786, 'dropout': 0.9307691387660026}}, {'number': 1371, 'params': {'batch_size': 49, 'learning_rate': 0.011003407003140855, 'momentum': 0.1367998357991323, 'weight_decay': 0.035720585291511175, 'num_layers': 2, 'max_units': 979, 'dropout': 0.21080255452369778}}, {'number': 1372, 'params': {'batch_size': 71, 'learning_rate': 0.008740290077951822, 'momentum': 0.5994401266775682, 'weight_decay': 0.0683015350255674, 'num_layers': 1, 'max_units': 336, 'dropout': 0.8548947648107038}}, {'number': 1373, 'params': {'batch_size': 173, 'learning_rate': 0.021040823974856928, 'momentum': 0.707783138309699, 'weight_decay': 0.07901872049804187, 'num_layers': 4, 'max_units': 131, 'dropout': 0.7679429382158138}}, {'number': 1374, 'params': {'batch_size': 162, 'learning_rate': 0.0007249650791137124, 'momentum': 0.32219234856477685, 'weight_decay': 0.062392922457943104, 'num_layers': 3, 'max_units': 293, 'dropout': 0.08615916646337052}}, {'number': 1375, 'params': {'batch_size': 18, 'learning_rate': 0.0007920593041284581, 'momentum': 0.36340530826428, 'weight_decay': 0.05720821586507241, 'num_layers': 2, 'max_units': 105, 'dropout': 0.2185716076092593}}, {'number': 1376, 'params': {'batch_size': 49, 'learning_rate': 0.09876021644065003, 'momentum': 0.2880881488060642, 'weight_decay': 0.06796382468271382, 'num_layers': 2, 'max_units': 338, 'dropout': 0.6027902310160023}}, {'number': 1377, 'params': {'batch_size': 17, 'learning_rate': 0.011170517748169505, 'momentum': 0.304887188289401, 'weight_decay': 0.028084919578641346, 'num_layers': 3, 'max_units': 267, 'dropout': 0.11732479025489273}}, {'number': 1378, 'params': {'batch_size': 102, 'learning_rate': 0.0003610898975870527, 'momentum': 0.10444678251215661, 'weight_decay': 0.029671143200745365, 'num_layers': 2, 'max_units': 916, 'dropout': 0.44754961587810715}}, {'number': 1379, 'params': {'batch_size': 170, 'learning_rate': 0.0007804989843578872, 'momentum': 0.944612549040205, 'weight_decay': 0.08448283974012155, 'num_layers': 4, 'max_units': 934, 'dropout': 0.039134361472422996}}, {'number': 1380, 'params': {'batch_size': 131, 'learning_rate': 0.0019282807006101197, 'momentum': 0.21570372082035813, 'weight_decay': 0.006949964397155503, 'num_layers': 3, 'max_units': 273, 'dropout': 0.3658814081654712}}, {'number': 1381, 'params': {'batch_size': 30, 'learning_rate': 0.005496521306982068, 'momentum': 0.10528336741141003, 'weight_decay': 0.01636132215301752, 'num_layers': 1, 'max_units': 962, 'dropout': 0.16309499496301527}}, {'number': 1382, 'params': {'batch_size': 27, 'learning_rate': 0.03686952059336478, 'momentum': 0.3815489545403452, 'weight_decay': 0.00120018347756867, 'num_layers': 1, 'max_units': 64, 'dropout': 0.20789496806883712}}, {'number': 1383, 'params': {'batch_size': 30, 'learning_rate': 0.0018145399563266182, 'momentum': 0.1281450004226432, 'weight_decay': 0.07059396569075745, 'num_layers': 1, 'max_units': 845, 'dropout': 0.23868810601849122}}, {'number': 1384, 'params': {'batch_size': 58, 'learning_rate': 0.0005972016425226291, 'momentum': 0.40228734121045107, 'weight_decay': 0.06404884290773466, 'num_layers': 3, 'max_units': 179, 'dropout': 0.2739155094977953}}, {'number': 1385, 'params': {'batch_size': 36, 'learning_rate': 0.0029954926879184915, 'momentum': 0.5870079595276994, 'weight_decay': 0.05185193336976862, 'num_layers': 4, 'max_units': 345, 'dropout': 0.7069077999753712}}, {'number': 1386, 'params': {'batch_size': 206, 'learning_rate': 0.04865062388659849, 'momentum': 0.4459231113732711, 'weight_decay': 0.01305177558006858, 'num_layers': 3, 'max_units': 149, 'dropout': 0.10657715884355323}}, {'number': 1387, 'params': {'batch_size': 69, 'learning_rate': 0.0001244964224986586, 'momentum': 0.3128378480576007, 'weight_decay': 0.06263416955036773, 'num_layers': 3, 'max_units': 391, 'dropout': 0.346756069675324}}, {'number': 1388, 'params': {'batch_size': 43, 'learning_rate': 0.004767219524779173, 'momentum': 0.22873697114719319, 'weight_decay': 0.08582646085819705, 'num_layers': 4, 'max_units': 163, 'dropout': 0.04355510220569603}}, {'number': 1389, 'params': {'batch_size': 196, 'learning_rate': 0.06584097065636974, 'momentum': 0.3809066096279696, 'weight_decay': 0.04059423415467875, 'num_layers': 1, 'max_units': 79, 'dropout': 0.802845899878868}}, {'number': 1390, 'params': {'batch_size': 32, 'learning_rate': 0.04550652226234573, 'momentum': 0.17006655664199935, 'weight_decay': 0.017260786018679933, 'num_layers': 2, 'max_units': 432, 'dropout': 0.3096544629615706}}, {'number': 1391, 'params': {'batch_size': 248, 'learning_rate': 0.00018841209512747285, 'momentum': 0.3583438566511245, 'weight_decay': 0.016683755392824313, 'num_layers': 2, 'max_units': 689, 'dropout': 0.2669321533250192}}, {'number': 1392, 'params': {'batch_size': 56, 'learning_rate': 0.01363197185567182, 'momentum': 0.7930633202613461, 'weight_decay': 0.00454384751367733, 'num_layers': 3, 'max_units': 116, 'dropout': 0.22563542520086577}}, {'number': 1393, 'params': {'batch_size': 94, 'learning_rate': 0.01043975082316042, 'momentum': 0.5456947372034033, 'weight_decay': 0.05509411171593226, 'num_layers': 1, 'max_units': 709, 'dropout': 0.3548789847052184}}, {'number': 1394, 'params': {'batch_size': 92, 'learning_rate': 0.0001259485810190607, 'momentum': 0.22794821109054775, 'weight_decay': 0.03701765978277845, 'num_layers': 2, 'max_units': 71, 'dropout': 0.675029586483849}}, {'number': 1395, 'params': {'batch_size': 24, 'learning_rate': 0.00025554540246396903, 'momentum': 0.8026816882033972, 'weight_decay': 0.06296860233169949, 'num_layers': 1, 'max_units': 665, 'dropout': 0.17893038633951397}}, {'number': 1396, 'params': {'batch_size': 38, 'learning_rate': 0.0035769955299425984, 'momentum': 0.14085379337081938, 'weight_decay': 0.011463354486977911, 'num_layers': 1, 'max_units': 176, 'dropout': 0.1731727556087348}}, {'number': 1397, 'params': {'batch_size': 112, 'learning_rate': 0.0012982980521282826, 'momentum': 0.6053803939391256, 'weight_decay': 0.018152463882851914, 'num_layers': 2, 'max_units': 255, 'dropout': 0.43909587137841977}}, {'number': 1398, 'params': {'batch_size': 62, 'learning_rate': 0.0034698813308693473, 'momentum': 0.17942277910351118, 'weight_decay': 0.052050446697771806, 'num_layers': 2, 'max_units': 361, 'dropout': 0.35419232615191376}}, {'number': 1399, 'params': {'batch_size': 476, 'learning_rate': 0.006648495735327664, 'momentum': 0.7337004328610608, 'weight_decay': 0.013796768843782024, 'num_layers': 4, 'max_units': 860, 'dropout': 0.7160220197739032}}, {'number': 1400, 'params': {'batch_size': 38, 'learning_rate': 0.04138371496537959, 'momentum': 0.34835807488778875, 'weight_decay': 0.005983230020135355, 'num_layers': 4, 'max_units': 156, 'dropout': 0.22187136650488393}}, {'number': 1401, 'params': {'batch_size': 53, 'learning_rate': 0.0007241899092539038, 'momentum': 0.20992889550506624, 'weight_decay': 0.0012247100005270263, 'num_layers': 2, 'max_units': 200, 'dropout': 0.5057343052287382}}, {'number': 1402, 'params': {'batch_size': 118, 'learning_rate': 0.003568831241690313, 'momentum': 0.4987285860379532, 'weight_decay': 0.02936353055725689, 'num_layers': 1, 'max_units': 187, 'dropout': 0.1600666767328015}}, {'number': 1403, 'params': {'batch_size': 77, 'learning_rate': 0.00010939794786393797, 'momentum': 0.7814645789087836, 'weight_decay': 0.09042206645691409, 'num_layers': 3, 'max_units': 255, 'dropout': 0.5666350313355683}}, {'number': 1404, 'params': {'batch_size': 21, 'learning_rate': 0.0031859458211988237, 'momentum': 0.1268095437816043, 'weight_decay': 0.06921736479192162, 'num_layers': 2, 'max_units': 625, 'dropout': 0.9140011266864337}}, {'number': 1405, 'params': {'batch_size': 22, 'learning_rate': 0.0003304470830596732, 'momentum': 0.30339086909101404, 'weight_decay': 0.023708219279649244, 'num_layers': 2, 'max_units': 142, 'dropout': 0.067231749999212}}, {'number': 1406, 'params': {'batch_size': 61, 'learning_rate': 0.0034650819616437695, 'momentum': 0.7284322551469339, 'weight_decay': 0.07747122448601898, 'num_layers': 3, 'max_units': 135, 'dropout': 0.6682843760660631}}, {'number': 1407, 'params': {'batch_size': 87, 'learning_rate': 0.0006012010731756593, 'momentum': 0.28287243297625536, 'weight_decay': 0.05838367735744943, 'num_layers': 4, 'max_units': 701, 'dropout': 0.31089597105765654}}, {'number': 1408, 'params': {'batch_size': 464, 'learning_rate': 0.0001066849035010504, 'momentum': 0.5440107876084144, 'weight_decay': 0.012164062749004388, 'num_layers': 2, 'max_units': 269, 'dropout': 0.25929805865827804}}, {'number': 1409, 'params': {'batch_size': 30, 'learning_rate': 0.00031152975506774087, 'momentum': 0.2460893333334252, 'weight_decay': 0.08369694021434973, 'num_layers': 3, 'max_units': 110, 'dropout': 0.26603390841943186}}, {'number': 1410, 'params': {'batch_size': 63, 'learning_rate': 0.03910670909734478, 'momentum': 0.3454992342005001, 'weight_decay': 0.05650717956639814, 'num_layers': 2, 'max_units': 219, 'dropout': 0.7698301523530936}}, {'number': 1411, 'params': {'batch_size': 500, 'learning_rate': 0.01540462822657798, 'momentum': 0.3234321127947153, 'weight_decay': 0.03876080018485109, 'num_layers': 4, 'max_units': 817, 'dropout': 0.6461216208717925}}, {'number': 1412, 'params': {'batch_size': 358, 'learning_rate': 0.00659320653479287, 'momentum': 0.11756938514042155, 'weight_decay': 0.002475794467367587, 'num_layers': 3, 'max_units': 133, 'dropout': 0.29673641034835907}}, {'number': 1413, 'params': {'batch_size': 17, 'learning_rate': 0.0006082073450845133, 'momentum': 0.14513821960401713, 'weight_decay': 0.020421930175276177, 'num_layers': 4, 'max_units': 809, 'dropout': 0.4880374552845186}}, {'number': 1414, 'params': {'batch_size': 125, 'learning_rate': 0.020094214286232672, 'momentum': 0.7890042985986833, 'weight_decay': 0.09644325006594512, 'num_layers': 4, 'max_units': 105, 'dropout': 0.5967326324897555}}, {'number': 1415, 'params': {'batch_size': 46, 'learning_rate': 0.0024439056271125916, 'momentum': 0.12046870537705019, 'weight_decay': 0.04203555966682999, 'num_layers': 4, 'max_units': 298, 'dropout': 0.026570756738261703}}, {'number': 1416, 'params': {'batch_size': 69, 'learning_rate': 0.0033007215838587465, 'momentum': 0.14952317868664644, 'weight_decay': 0.010456684682799785, 'num_layers': 1, 'max_units': 953, 'dropout': 0.596840212856462}}, {'number': 1417, 'params': {'batch_size': 32, 'learning_rate': 0.027582097073948042, 'momentum': 0.18999663261341804, 'weight_decay': 0.057853551589793245, 'num_layers': 2, 'max_units': 838, 'dropout': 0.8630851471136674}}, {'number': 1418, 'params': {'batch_size': 332, 'learning_rate': 0.0023501027680328315, 'momentum': 0.2924852190832124, 'weight_decay': 0.003047114019961797, 'num_layers': 1, 'max_units': 132, 'dropout': 0.8985133918910125}}, {'number': 1419, 'params': {'batch_size': 115, 'learning_rate': 0.00010241613005321657, 'momentum': 0.3032095033431641, 'weight_decay': 0.06361175758905836, 'num_layers': 2, 'max_units': 98, 'dropout': 0.315528293346541}}, {'number': 1420, 'params': {'batch_size': 105, 'learning_rate': 0.0004902450301694474, 'momentum': 0.2537470305125977, 'weight_decay': 0.0043061406481725755, 'num_layers': 1, 'max_units': 77, 'dropout': 0.5396728253656293}}, {'number': 1421, 'params': {'batch_size': 126, 'learning_rate': 0.00019241509583063342, 'momentum': 0.41674871924840323, 'weight_decay': 0.09280821529112539, 'num_layers': 1, 'max_units': 833, 'dropout': 0.5776863658432689}}, {'number': 1422, 'params': {'batch_size': 301, 'learning_rate': 0.00032318961922799536, 'momentum': 0.13232317140813446, 'weight_decay': 0.07965327775890517, 'num_layers': 2, 'max_units': 812, 'dropout': 0.496882759863021}}, {'number': 1423, 'params': {'batch_size': 37, 'learning_rate': 0.00037577115639692113, 'momentum': 0.12504322095514386, 'weight_decay': 0.056955400832583665, 'num_layers': 4, 'max_units': 93, 'dropout': 0.699250106770122}}, {'number': 1424, 'params': {'batch_size': 84, 'learning_rate': 0.003527964705554557, 'momentum': 0.5261582533370738, 'weight_decay': 0.06439791465234879, 'num_layers': 1, 'max_units': 394, 'dropout': 0.2808820300401017}}, {'number': 1425, 'params': {'batch_size': 263, 'learning_rate': 0.007107340459198374, 'momentum': 0.14309173005744572, 'weight_decay': 0.08319104120714234, 'num_layers': 4, 'max_units': 504, 'dropout': 0.36149046395145046}}, {'number': 1426, 'params': {'batch_size': 25, 'learning_rate': 0.058174031674064756, 'momentum': 0.15316674449593928, 'weight_decay': 0.011974378762575325, 'num_layers': 2, 'max_units': 160, 'dropout': 0.4680066068682356}}, {'number': 1427, 'params': {'batch_size': 48, 'learning_rate': 0.00016542170693913745, 'momentum': 0.2854023793224017, 'weight_decay': 0.067984761651618, 'num_layers': 3, 'max_units': 70, 'dropout': 0.3592115308152628}}, {'number': 1428, 'params': {'batch_size': 475, 'learning_rate': 0.025624462483124603, 'momentum': 0.180985887762923, 'weight_decay': 0.03938568325562556, 'num_layers': 1, 'max_units': 301, 'dropout': 0.750009525278061}}, {'number': 1429, 'params': {'batch_size': 23, 'learning_rate': 0.08200570695714555, 'momentum': 0.400201867218751, 'weight_decay': 0.06718723988829566, 'num_layers': 2, 'max_units': 548, 'dropout': 0.1053947745162187}}, {'number': 1430, 'params': {'batch_size': 23, 'learning_rate': 0.00671086926545322, 'momentum': 0.3565058274000935, 'weight_decay': 0.06234232826576889, 'num_layers': 4, 'max_units': 197, 'dropout': 0.25024218886232064}}, {'number': 1431, 'params': {'batch_size': 175, 'learning_rate': 0.0010051418621572902, 'momentum': 0.11113075456870736, 'weight_decay': 0.00964023612631292, 'num_layers': 3, 'max_units': 217, 'dropout': 0.9906227146115598}}, {'number': 1432, 'params': {'batch_size': 30, 'learning_rate': 0.0001627236977114012, 'momentum': 0.17251577636196633, 'weight_decay': 0.07612535078441385, 'num_layers': 3, 'max_units': 162, 'dropout': 0.4420818984274014}}, {'number': 1433, 'params': {'batch_size': 16, 'learning_rate': 0.0007006960303579151, 'momentum': 0.6177420312290905, 'weight_decay': 0.029187838878698445, 'num_layers': 3, 'max_units': 74, 'dropout': 0.2987455681607146}}, {'number': 1434, 'params': {'batch_size': 16, 'learning_rate': 0.0064676589113567915, 'momentum': 0.33447688719853785, 'weight_decay': 0.09366757338436794, 'num_layers': 1, 'max_units': 302, 'dropout': 0.06300617734263858}}, {'number': 1435, 'params': {'batch_size': 35, 'learning_rate': 0.0022047072253144084, 'momentum': 0.11346475338434024, 'weight_decay': 0.024045619567899162, 'num_layers': 4, 'max_units': 456, 'dropout': 0.06914661383421483}}, {'number': 1436, 'params': {'batch_size': 59, 'learning_rate': 0.0005221476224888335, 'momentum': 0.40909703009829124, 'weight_decay': 0.039816547676470804, 'num_layers': 4, 'max_units': 101, 'dropout': 0.22615207091000178}}, {'number': 1437, 'params': {'batch_size': 511, 'learning_rate': 0.036030166182968705, 'momentum': 0.4637595016075715, 'weight_decay': 0.06740205088076352, 'num_layers': 1, 'max_units': 388, 'dropout': 0.5526351592019494}}, {'number': 1438, 'params': {'batch_size': 96, 'learning_rate': 0.0011336436294642083, 'momentum': 0.7910242139195923, 'weight_decay': 0.014055320692884213, 'num_layers': 1, 'max_units': 233, 'dropout': 0.10053665371780052}}, {'number': 1439, 'params': {'batch_size': 314, 'learning_rate': 0.008738160015174681, 'momentum': 0.4783358739228599, 'weight_decay': 0.06449377118234353, 'num_layers': 1, 'max_units': 473, 'dropout': 0.4214868518163295}}, {'number': 1440, 'params': {'batch_size': 22, 'learning_rate': 0.00041081676500985027, 'momentum': 0.1471131743576369, 'weight_decay': 0.050719996138487426, 'num_layers': 2, 'max_units': 846, 'dropout': 0.21941135757659003}}, {'number': 1441, 'params': {'batch_size': 60, 'learning_rate': 0.022595212545066554, 'momentum': 0.875469295027706, 'weight_decay': 0.09510603524650892, 'num_layers': 2, 'max_units': 885, 'dropout': 0.015470993996075655}}, {'number': 1442, 'params': {'batch_size': 135, 'learning_rate': 0.0001577799363160568, 'momentum': 0.21131714949388908, 'weight_decay': 0.054207402184116474, 'num_layers': 4, 'max_units': 217, 'dropout': 0.05794396730762219}}, {'number': 1443, 'params': {'batch_size': 110, 'learning_rate': 0.0011572208362810317, 'momentum': 0.621183584559705, 'weight_decay': 0.03460654224693729, 'num_layers': 4, 'max_units': 125, 'dropout': 0.7614919907214095}}, {'number': 1445, 'params': {'batch_size': 114, 'learning_rate': 0.0013415428020510693, 'momentum': 0.33862080342639544, 'weight_decay': 0.006819947783826593, 'num_layers': 2, 'max_units': 247, 'dropout': 0.56452875520484}}, {'number': 1446, 'params': {'batch_size': 153, 'learning_rate': 0.010531787881617332, 'momentum': 0.12623895714595404, 'weight_decay': 0.07446555682655842, 'num_layers': 3, 'max_units': 273, 'dropout': 0.2972833830086993}}, {'number': 1447, 'params': {'batch_size': 87, 'learning_rate': 0.0347737919201968, 'momentum': 0.1540067956234862, 'weight_decay': 0.09736517530409977, 'num_layers': 2, 'max_units': 196, 'dropout': 0.4455939581466867}}, {'number': 1448, 'params': {'batch_size': 147, 'learning_rate': 0.031893000604985816, 'momentum': 0.2988079690954564, 'weight_decay': 0.0631090503148961, 'num_layers': 4, 'max_units': 351, 'dropout': 0.27009103179064664}}, {'number': 1449, 'params': {'batch_size': 40, 'learning_rate': 0.011396097330514776, 'momentum': 0.19024112556923473, 'weight_decay': 0.030164876218794184, 'num_layers': 1, 'max_units': 142, 'dropout': 0.07249944586654777}}, {'number': 1450, 'params': {'batch_size': 19, 'learning_rate': 0.0001321006256217894, 'momentum': 0.1688036814600135, 'weight_decay': 0.09372470386888511, 'num_layers': 4, 'max_units': 98, 'dropout': 0.8703493844603284}}, {'number': 1451, 'params': {'batch_size': 20, 'learning_rate': 0.007300730055493878, 'momentum': 0.9231740319567673, 'weight_decay': 0.041141994959630876, 'num_layers': 3, 'max_units': 127, 'dropout': 0.37790981686823255}}, {'number': 1452, 'params': {'batch_size': 357, 'learning_rate': 0.002433724940265173, 'momentum': 0.43627513137861607, 'weight_decay': 0.022494173828350807, 'num_layers': 4, 'max_units': 561, 'dropout': 0.7302392143562965}}, {'number': 1453, 'params': {'batch_size': 17, 'learning_rate': 0.061989607032662444, 'momentum': 0.44331788161584157, 'weight_decay': 0.014075699311099034, 'num_layers': 1, 'max_units': 221, 'dropout': 0.7670701646824878}}, {'number': 1454, 'params': {'batch_size': 340, 'learning_rate': 0.002183869169691518, 'momentum': 0.3867320988427258, 'weight_decay': 0.08371273883663255, 'num_layers': 2, 'max_units': 791, 'dropout': 0.10432773786047767}}, {'number': 1455, 'params': {'batch_size': 366, 'learning_rate': 0.04380232935099375, 'momentum': 0.19854830860708544, 'weight_decay': 0.07022280503595331, 'num_layers': 4, 'max_units': 360, 'dropout': 0.3930805066502425}}, {'number': 1456, 'params': {'batch_size': 488, 'learning_rate': 0.001025076277793531, 'momentum': 0.164439937055602, 'weight_decay': 0.02765494954394842, 'num_layers': 2, 'max_units': 262, 'dropout': 0.8733919458206546}}, {'number': 1457, 'params': {'batch_size': 16, 'learning_rate': 0.011382110112415729, 'momentum': 0.30539537808109446, 'weight_decay': 0.08976674607206253, 'num_layers': 1, 'max_units': 87, 'dropout': 0.49905781085198797}}, {'number': 1458, 'params': {'batch_size': 48, 'learning_rate': 0.000265475023382351, 'momentum': 0.29231649257900244, 'weight_decay': 0.0022187452651994915, 'num_layers': 1, 'max_units': 326, 'dropout': 0.8904224517894808}}, {'number': 1459, 'params': {'batch_size': 121, 'learning_rate': 0.0004121514738188427, 'momentum': 0.12752635028752493, 'weight_decay': 0.07272674196700864, 'num_layers': 1, 'max_units': 107, 'dropout': 0.6991087476815825}}, {'number': 1460, 'params': {'batch_size': 25, 'learning_rate': 0.0014611898216440574, 'momentum': 0.18049786820986038, 'weight_decay': 0.06574018487124907, 'num_layers': 3, 'max_units': 849, 'dropout': 0.887851702730378}}, {'number': 1461, 'params': {'batch_size': 33, 'learning_rate': 0.0027407509861270296, 'momentum': 0.9621438949781691, 'weight_decay': 0.019822127491001627, 'num_layers': 1, 'max_units': 960, 'dropout': 0.4130117368786672}}, {'number': 1462, 'params': {'batch_size': 21, 'learning_rate': 0.006195103987984587, 'momentum': 0.21540453064411605, 'weight_decay': 0.04529156289815288, 'num_layers': 2, 'max_units': 423, 'dropout': 0.17508794885519408}}, {'number': 1463, 'params': {'batch_size': 25, 'learning_rate': 0.0022396922983929893, 'momentum': 0.3543408069965452, 'weight_decay': 0.08526061633237522, 'num_layers': 4, 'max_units': 745, 'dropout': 0.26400593239363324}}, {'number': 1464, 'params': {'batch_size': 55, 'learning_rate': 0.09756724643432835, 'momentum': 0.17173519866054263, 'weight_decay': 0.08896310835796656, 'num_layers': 4, 'max_units': 845, 'dropout': 0.6739904786676645}}, {'number': 1465, 'params': {'batch_size': 58, 'learning_rate': 0.01971488780575281, 'momentum': 0.1667751994329401, 'weight_decay': 0.08335646078140299, 'num_layers': 3, 'max_units': 113, 'dropout': 0.6784312455846011}}, {'number': 1466, 'params': {'batch_size': 439, 'learning_rate': 0.006170383972601702, 'momentum': 0.16643125689383925, 'weight_decay': 0.03934140280233251, 'num_layers': 4, 'max_units': 137, 'dropout': 0.8849232625957801}}, {'number': 1467, 'params': {'batch_size': 59, 'learning_rate': 0.0007026342817967975, 'momentum': 0.3271176041808669, 'weight_decay': 0.048934656770021276, 'num_layers': 3, 'max_units': 529, 'dropout': 0.9678656370132905}}, {'number': 1468, 'params': {'batch_size': 298, 'learning_rate': 0.038988946876517855, 'momentum': 0.17778284052227072, 'weight_decay': 0.024038856170421105, 'num_layers': 2, 'max_units': 70, 'dropout': 0.21493772240401154}}, {'number': 1469, 'params': {'batch_size': 122, 'learning_rate': 0.0016237390056206065, 'momentum': 0.29070552257249477, 'weight_decay': 0.012044876937066575, 'num_layers': 3, 'max_units': 452, 'dropout': 0.5208071949033408}}, {'number': 1470, 'params': {'batch_size': 400, 'learning_rate': 0.0017834397398404863, 'momentum': 0.2094913617356944, 'weight_decay': 0.061470144390151735, 'num_layers': 4, 'max_units': 234, 'dropout': 0.22255888515309064}}, {'number': 1471, 'params': {'batch_size': 245, 'learning_rate': 0.0017560851788667685, 'momentum': 0.4556431870296125, 'weight_decay': 0.04961257049616084, 'num_layers': 3, 'max_units': 146, 'dropout': 0.9391629153212014}}, {'number': 1472, 'params': {'batch_size': 487, 'learning_rate': 0.00013744667840421136, 'momentum': 0.45382784872175475, 'weight_decay': 0.026111879184131177, 'num_layers': 1, 'max_units': 557, 'dropout': 0.1657726633332648}}, {'number': 1473, 'params': {'batch_size': 415, 'learning_rate': 0.00023374963403268115, 'momentum': 0.4368024467961872, 'weight_decay': 0.05369989850154219, 'num_layers': 3, 'max_units': 629, 'dropout': 0.34028132823065604}}, {'number': 1474, 'params': {'batch_size': 237, 'learning_rate': 0.05523475385681522, 'momentum': 0.2150943679857403, 'weight_decay': 0.09224160450537856, 'num_layers': 4, 'max_units': 281, 'dropout': 0.621107761885786}}, {'number': 1475, 'params': {'batch_size': 16, 'learning_rate': 0.001591209109484559, 'momentum': 0.30036802122222034, 'weight_decay': 0.0002084428853270974, 'num_layers': 1, 'max_units': 95, 'dropout': 0.25897740706686045}}, {'number': 1476, 'params': {'batch_size': 62, 'learning_rate': 0.0010470824036058687, 'momentum': 0.12963679774264414, 'weight_decay': 0.06661019178882467, 'num_layers': 3, 'max_units': 343, 'dropout': 0.2528291453003013}}, {'number': 1477, 'params': {'batch_size': 297, 'learning_rate': 0.0003778691196509416, 'momentum': 0.3388965652576584, 'weight_decay': 0.015462204410082428, 'num_layers': 1, 'max_units': 94, 'dropout': 0.8855622733202102}}, {'number': 1478, 'params': {'batch_size': 355, 'learning_rate': 0.0010528807722558651, 'momentum': 0.4157993375908506, 'weight_decay': 0.013993492059255638, 'num_layers': 1, 'max_units': 213, 'dropout': 0.5960784883695184}}, {'number': 1479, 'params': {'batch_size': 205, 'learning_rate': 0.004861152125611258, 'momentum': 0.1115976883137939, 'weight_decay': 0.09452552693665069, 'num_layers': 1, 'max_units': 301, 'dropout': 0.9033296456188947}}, {'number': 1480, 'params': {'batch_size': 23, 'learning_rate': 0.007292568822509197, 'momentum': 0.5643765631515313, 'weight_decay': 0.06371692378975277, 'num_layers': 3, 'max_units': 367, 'dropout': 0.49803098004068014}}, {'number': 1481, 'params': {'batch_size': 197, 'learning_rate': 0.00014680574481943306, 'momentum': 0.3858750535719373, 'weight_decay': 0.0883671898451046, 'num_layers': 1, 'max_units': 66, 'dropout': 0.2688773228420023}}, {'number': 1482, 'params': {'batch_size': 93, 'learning_rate': 0.0027159422407043313, 'momentum': 0.13335844917685294, 'weight_decay': 0.029942124185174643, 'num_layers': 1, 'max_units': 102, 'dropout': 0.5023670222715491}}, {'number': 1483, 'params': {'batch_size': 56, 'learning_rate': 0.00010534629630092502, 'momentum': 0.5107703514964868, 'weight_decay': 0.04306359551740254, 'num_layers': 4, 'max_units': 779, 'dropout': 0.8019306489988072}}, {'number': 1484, 'params': {'batch_size': 388, 'learning_rate': 0.0001488486913204296, 'momentum': 0.1343864180609179, 'weight_decay': 0.05443399878929357, 'num_layers': 1, 'max_units': 136, 'dropout': 0.9558098611833497}}, {'number': 1485, 'params': {'batch_size': 186, 'learning_rate': 0.004603715500767348, 'momentum': 0.4206106897873189, 'weight_decay': 0.001149021062749389, 'num_layers': 4, 'max_units': 823, 'dropout': 0.26777383559218115}}, {'number': 1486, 'params': {'batch_size': 33, 'learning_rate': 0.0007063009641537771, 'momentum': 0.13523281674238888, 'weight_decay': 0.02883622315404044, 'num_layers': 3, 'max_units': 841, 'dropout': 0.783635161961028}}, {'number': 1487, 'params': {'batch_size': 459, 'learning_rate': 0.00017784388944670892, 'momentum': 0.17751276297380733, 'weight_decay': 0.016065729088140055, 'num_layers': 1, 'max_units': 941, 'dropout': 0.7292768114987018}}, {'number': 1488, 'params': {'batch_size': 243, 'learning_rate': 0.03210757404357974, 'momentum': 0.17592625192281058, 'weight_decay': 0.001296684065859312, 'num_layers': 1, 'max_units': 851, 'dropout': 0.49638582691501043}}, {'number': 1489, 'params': {'batch_size': 29, 'learning_rate': 0.01839103787837327, 'momentum': 0.3086612667637176, 'weight_decay': 0.08732660894617333, 'num_layers': 1, 'max_units': 803, 'dropout': 0.842621341292037}}, {'number': 1490, 'params': {'batch_size': 219, 'learning_rate': 0.0004304687240584804, 'momentum': 0.23277298526173024, 'weight_decay': 0.0997793204689283, 'num_layers': 1, 'max_units': 77, 'dropout': 0.712151651273047}}, {'number': 1491, 'params': {'batch_size': 36, 'learning_rate': 0.00022861346945634203, 'momentum': 0.10129723227838265, 'weight_decay': 0.06973007339284507, 'num_layers': 2, 'max_units': 281, 'dropout': 0.7322435156360165}}, {'number': 1492, 'params': {'batch_size': 30, 'learning_rate': 0.00042302805947201855, 'momentum': 0.5133325447340683, 'weight_decay': 0.0035537869020129194, 'num_layers': 4, 'max_units': 1010, 'dropout': 0.0016341863515990651}}, {'number': 1493, 'params': {'batch_size': 243, 'learning_rate': 0.0015242176140908901, 'momentum': 0.4090265154915599, 'weight_decay': 0.04656661956025617, 'num_layers': 4, 'max_units': 101, 'dropout': 0.8117566645883713}}, {'number': 1494, 'params': {'batch_size': 217, 'learning_rate': 0.005346130931956785, 'momentum': 0.7823489585705954, 'weight_decay': 0.021323605367274526, 'num_layers': 2, 'max_units': 873, 'dropout': 0.34654657060597915}}, {'number': 1495, 'params': {'batch_size': 195, 'learning_rate': 0.00021924215022802885, 'momentum': 0.6671966065806025, 'weight_decay': 0.0760678230209469, 'num_layers': 4, 'max_units': 74, 'dropout': 0.03313190569067481}}, {'number': 1496, 'params': {'batch_size': 121, 'learning_rate': 0.00011089712016785041, 'momentum': 0.36158314306738654, 'weight_decay': 0.017151957289690458, 'num_layers': 2, 'max_units': 107, 'dropout': 0.17929290244041096}}, {'number': 1497, 'params': {'batch_size': 94, 'learning_rate': 0.0018318409634645804, 'momentum': 0.1491771286988208, 'weight_decay': 0.060336153550908767, 'num_layers': 1, 'max_units': 84, 'dropout': 0.5279146340327362}}, {'number': 1498, 'params': {'batch_size': 155, 'learning_rate': 0.03138459262420871, 'momentum': 0.6479637054094385, 'weight_decay': 0.09359171071646248, 'num_layers': 4, 'max_units': 542, 'dropout': 0.23578370719373143}}, {'number': 1499, 'params': {'batch_size': 23, 'learning_rate': 0.0002806559008147884, 'momentum': 0.1574370618538133, 'weight_decay': 0.0030814934932210654, 'num_layers': 3, 'max_units': 135, 'dropout': 0.8455618307156982}}, {'number': 1500, 'params': {'batch_size': 93, 'learning_rate': 0.07306153347321286, 'momentum': 0.5844418984083981, 'weight_decay': 0.05967268273584057, 'num_layers': 1, 'max_units': 402, 'dropout': 0.06145480624960298}}, {'number': 1501, 'params': {'batch_size': 92, 'learning_rate': 0.0015579212547380732, 'momentum': 0.22226688948745466, 'weight_decay': 0.06215327368437037, 'num_layers': 2, 'max_units': 139, 'dropout': 0.714716741947972}}, {'number': 1502, 'params': {'batch_size': 223, 'learning_rate': 0.006602099492325903, 'momentum': 0.18860142022895646, 'weight_decay': 0.05282015466694162, 'num_layers': 3, 'max_units': 138, 'dropout': 0.5771016704975889}}, {'number': 1503, 'params': {'batch_size': 123, 'learning_rate': 0.005076033309207239, 'momentum': 0.3508502872832178, 'weight_decay': 0.09310934444762356, 'num_layers': 2, 'max_units': 997, 'dropout': 0.25205394182171426}}, {'number': 1504, 'params': {'batch_size': 17, 'learning_rate': 0.001536788731162107, 'momentum': 0.4084439000983084, 'weight_decay': 0.08507708821637659, 'num_layers': 1, 'max_units': 840, 'dropout': 0.29216636886947245}}, {'number': 1505, 'params': {'batch_size': 17, 'learning_rate': 0.026017088130434764, 'momentum': 0.11805899851557314, 'weight_decay': 0.08815211793142538, 'num_layers': 2, 'max_units': 228, 'dropout': 0.5674740277257968}}, {'number': 1506, 'params': {'batch_size': 16, 'learning_rate': 0.00716576913000886, 'momentum': 0.19299065969137602, 'weight_decay': 0.038206175830465226, 'num_layers': 1, 'max_units': 899, 'dropout': 0.35235415580307505}}, {'number': 1507, 'params': {'batch_size': 196, 'learning_rate': 0.000569011288889622, 'momentum': 0.3184985843053897, 'weight_decay': 0.08946002813843648, 'num_layers': 1, 'max_units': 913, 'dropout': 0.8303513418235265}}, {'number': 1508, 'params': {'batch_size': 41, 'learning_rate': 0.035689085046633616, 'momentum': 0.27098697108621334, 'weight_decay': 0.037332628253529315, 'num_layers': 1, 'max_units': 98, 'dropout': 0.015083592926960043}}, {'number': 1509, 'params': {'batch_size': 390, 'learning_rate': 0.00031959889321522963, 'momentum': 0.10623395701966817, 'weight_decay': 0.023323811722281988, 'num_layers': 2, 'max_units': 223, 'dropout': 0.07678946940822362}}, {'number': 1510, 'params': {'batch_size': 223, 'learning_rate': 0.00032594005881714813, 'momentum': 0.19688999941819738, 'weight_decay': 0.07566329225983824, 'num_layers': 4, 'max_units': 100, 'dropout': 0.27042448692150445}}, {'number': 1511, 'params': {'batch_size': 92, 'learning_rate': 0.00023447212160013486, 'momentum': 0.24581773763332015, 'weight_decay': 0.009158352267698957, 'num_layers': 3, 'max_units': 332, 'dropout': 0.6304053164514302}}, {'number': 1512, 'params': {'batch_size': 100, 'learning_rate': 0.007843265107895618, 'momentum': 0.25221213046539626, 'weight_decay': 0.05190751934955474, 'num_layers': 3, 'max_units': 189, 'dropout': 0.7008460778674611}}, {'number': 1513, 'params': {'batch_size': 32, 'learning_rate': 0.00041045818551171915, 'momentum': 0.1356388515384091, 'weight_decay': 0.020824644837104226, 'num_layers': 3, 'max_units': 93, 'dropout': 0.1635642689925112}}, {'number': 1514, 'params': {'batch_size': 106, 'learning_rate': 0.0006933909507555049, 'momentum': 0.5461505399141162, 'weight_decay': 0.037777432575011476, 'num_layers': 2, 'max_units': 104, 'dropout': 0.04262801119405901}}, {'number': 1515, 'params': {'batch_size': 98, 'learning_rate': 0.0033510243677247423, 'momentum': 0.42466539735346803, 'weight_decay': 0.01999475086390251, 'num_layers': 3, 'max_units': 161, 'dropout': 0.6929507179094044}}, {'number': 1516, 'params': {'batch_size': 51, 'learning_rate': 0.004151752608567586, 'momentum': 0.18857722511794128, 'weight_decay': 0.04725756759476177, 'num_layers': 3, 'max_units': 145, 'dropout': 0.6945473998132273}}, {'number': 1517, 'params': {'batch_size': 75, 'learning_rate': 0.0002892438878020738, 'momentum': 0.5827584777578436, 'weight_decay': 0.08594848055603412, 'num_layers': 4, 'max_units': 395, 'dropout': 0.31585553524085097}}, {'number': 1518, 'params': {'batch_size': 300, 'learning_rate': 0.0029284724937316702, 'momentum': 0.19889871100195602, 'weight_decay': 0.09647204383840716, 'num_layers': 2, 'max_units': 81, 'dropout': 0.02314978921455324}}, {'number': 1519, 'params': {'batch_size': 393, 'learning_rate': 0.06969156904012927, 'momentum': 0.37406907223564895, 'weight_decay': 0.0725006850619385, 'num_layers': 1, 'max_units': 823, 'dropout': 0.432220124575589}}, {'number': 1520, 'params': {'batch_size': 51, 'learning_rate': 0.017100853926514167, 'momentum': 0.7621966760882801, 'weight_decay': 0.032332991451355875, 'num_layers': 4, 'max_units': 351, 'dropout': 0.6345160832564763}}, {'number': 1521, 'params': {'batch_size': 164, 'learning_rate': 0.05626685625820832, 'momentum': 0.12126950975758254, 'weight_decay': 0.07467474001576577, 'num_layers': 4, 'max_units': 149, 'dropout': 0.4279457880479435}}, {'number': 1522, 'params': {'batch_size': 452, 'learning_rate': 0.0013488698819431417, 'momentum': 0.10736737127253901, 'weight_decay': 0.030935668877503226, 'num_layers': 3, 'max_units': 134, 'dropout': 0.3097570968736518}}, {'number': 1523, 'params': {'batch_size': 99, 'learning_rate': 0.0019122082568439622, 'momentum': 0.20798731345013868, 'weight_decay': 0.03236170214482822, 'num_layers': 4, 'max_units': 68, 'dropout': 0.7970306455890422}}, {'number': 1524, 'params': {'batch_size': 116, 'learning_rate': 0.0006469612625053316, 'momentum': 0.17458394870320787, 'weight_decay': 0.029832660995926918, 'num_layers': 4, 'max_units': 95, 'dropout': 0.8948804504368295}}, {'number': 1525, 'params': {'batch_size': 132, 'learning_rate': 0.0009055654773035002, 'momentum': 0.2856386864129944, 'weight_decay': 0.05532759685916163, 'num_layers': 3, 'max_units': 960, 'dropout': 0.9315777558476644}}, {'number': 1526, 'params': {'batch_size': 32, 'learning_rate': 0.004907284696177237, 'momentum': 0.18493959227036558, 'weight_decay': 0.0747783224958354, 'num_layers': 4, 'max_units': 80, 'dropout': 0.009440227313403438}}, {'number': 1527, 'params': {'batch_size': 21, 'learning_rate': 0.015324376665213003, 'momentum': 0.12584930955216347, 'weight_decay': 0.051658743832630236, 'num_layers': 4, 'max_units': 300, 'dropout': 0.1488852932982503}}, {'number': 1528, 'params': {'batch_size': 308, 'learning_rate': 0.0036170357586243936, 'momentum': 0.1763570129308421, 'weight_decay': 0.046412537756692865, 'num_layers': 2, 'max_units': 237, 'dropout': 0.4694297201634927}}, {'number': 1529, 'params': {'batch_size': 78, 'learning_rate': 0.0007416400074507197, 'momentum': 0.9768062413681351, 'weight_decay': 0.06816599698626513, 'num_layers': 2, 'max_units': 93, 'dropout': 0.8042881156185343}}, {'number': 1530, 'params': {'batch_size': 48, 'learning_rate': 0.005533274121000906, 'momentum': 0.24596786763111456, 'weight_decay': 0.07651312814099252, 'num_layers': 4, 'max_units': 355, 'dropout': 0.33910925835713157}}, {'number': 1531, 'params': {'batch_size': 35, 'learning_rate': 0.0002992023328429588, 'momentum': 0.8381540821357731, 'weight_decay': 0.07989264637272514, 'num_layers': 2, 'max_units': 357, 'dropout': 0.12653257476641055}}, {'number': 1532, 'params': {'batch_size': 470, 'learning_rate': 0.0038866856987614254, 'momentum': 0.10359090970342208, 'weight_decay': 0.06892662822586142, 'num_layers': 1, 'max_units': 297, 'dropout': 0.7250983823365211}}, {'number': 1533, 'params': {'batch_size': 39, 'learning_rate': 0.0019791647667391655, 'momentum': 0.4696137004927951, 'weight_decay': 0.04249449757793877, 'num_layers': 1, 'max_units': 204, 'dropout': 0.852586381622762}}, {'number': 1534, 'params': {'batch_size': 393, 'learning_rate': 0.00021081534196661054, 'momentum': 0.2999484991599879, 'weight_decay': 0.08734203753689912, 'num_layers': 3, 'max_units': 67, 'dropout': 0.14447609118628235}}, {'number': 1536, 'params': {'batch_size': 374, 'learning_rate': 0.008227671574563868, 'momentum': 0.5368189997366394, 'weight_decay': 0.014975752089853906, 'num_layers': 1, 'max_units': 839, 'dropout': 0.06338591398116822}}, {'number': 1537, 'params': {'batch_size': 54, 'learning_rate': 0.04763657650578095, 'momentum': 0.1520994091548363, 'weight_decay': 0.03376976929181148, 'num_layers': 1, 'max_units': 556, 'dropout': 0.18708555586919662}}, {'number': 1538, 'params': {'batch_size': 284, 'learning_rate': 0.058133851166483806, 'momentum': 0.414491140170008, 'weight_decay': 0.06189346617660439, 'num_layers': 2, 'max_units': 396, 'dropout': 0.9695612710762836}}, {'number': 1539, 'params': {'batch_size': 332, 'learning_rate': 0.021128182606822407, 'momentum': 0.12592849517483348, 'weight_decay': 0.014128104078778748, 'num_layers': 1, 'max_units': 506, 'dropout': 0.7970346452269454}}, {'number': 1540, 'params': {'batch_size': 510, 'learning_rate': 0.019398620900174773, 'momentum': 0.2444054592966264, 'weight_decay': 0.09483973336920114, 'num_layers': 2, 'max_units': 450, 'dropout': 0.581334519331969}}, {'number': 1541, 'params': {'batch_size': 20, 'learning_rate': 0.00020373288209336838, 'momentum': 0.2505072928787923, 'weight_decay': 0.06377485282251778, 'num_layers': 1, 'max_units': 127, 'dropout': 0.5450849961982659}}, {'number': 1542, 'params': {'batch_size': 28, 'learning_rate': 0.0001056776577426704, 'momentum': 0.9162922210711167, 'weight_decay': 0.023510829239936287, 'num_layers': 1, 'max_units': 102, 'dropout': 0.3050648768628569}}, {'number': 1543, 'params': {'batch_size': 21, 'learning_rate': 0.004046866123147481, 'momentum': 0.4138323478240901, 'weight_decay': 0.09942524652454751, 'num_layers': 1, 'max_units': 830, 'dropout': 0.2653156129367432}}, {'number': 1544, 'params': {'batch_size': 22, 'learning_rate': 0.0005811450596797048, 'momentum': 0.372360435129379, 'weight_decay': 0.08208119457254205, 'num_layers': 1, 'max_units': 885, 'dropout': 0.520244423129181}}, {'number': 1545, 'params': {'batch_size': 20, 'learning_rate': 0.0021534710307244795, 'momentum': 0.1792023778369325, 'weight_decay': 0.08487504521074586, 'num_layers': 3, 'max_units': 133, 'dropout': 0.8909613368084885}}, {'number': 1546, 'params': {'batch_size': 31, 'learning_rate': 0.022557796157247813, 'momentum': 0.3246421770421219, 'weight_decay': 0.008854345816818088, 'num_layers': 2, 'max_units': 228, 'dropout': 0.14355617865982784}}, {'number': 1547, 'params': {'batch_size': 230, 'learning_rate': 0.0055417173292732404, 'momentum': 0.35731469328862575, 'weight_decay': 0.013115431407072936, 'num_layers': 3, 'max_units': 192, 'dropout': 0.37505263068163763}}, {'number': 1548, 'params': {'batch_size': 54, 'learning_rate': 0.0018118184809858566, 'momentum': 0.15821474981786227, 'weight_decay': 0.03088884565894024, 'num_layers': 2, 'max_units': 248, 'dropout': 0.6113394851352298}}, {'number': 1549, 'params': {'batch_size': 19, 'learning_rate': 0.00015862224242027203, 'momentum': 0.17899786272172866, 'weight_decay': 0.031267246908118024, 'num_layers': 1, 'max_units': 328, 'dropout': 0.8528513557084967}}, {'number': 1550, 'params': {'batch_size': 147, 'learning_rate': 0.07549261984359566, 'momentum': 0.38168112521732905, 'weight_decay': 0.001938638018800044, 'num_layers': 2, 'max_units': 162, 'dropout': 0.08927354986379288}}, {'number': 1551, 'params': {'batch_size': 110, 'learning_rate': 0.0039223402512093665, 'momentum': 0.13132685322946197, 'weight_decay': 0.05408607394210568, 'num_layers': 3, 'max_units': 111, 'dropout': 0.23231503590300873}}, {'number': 1552, 'params': {'batch_size': 146, 'learning_rate': 0.00031282052969065885, 'momentum': 0.2664128247395534, 'weight_decay': 0.02072942259066873, 'num_layers': 3, 'max_units': 411, 'dropout': 0.6898766395695342}}, {'number': 1553, 'params': {'batch_size': 65, 'learning_rate': 0.0004204895963204692, 'momentum': 0.7054844595930173, 'weight_decay': 0.017802718672283505, 'num_layers': 2, 'max_units': 254, 'dropout': 0.9841549556371425}}, {'number': 1554, 'params': {'batch_size': 62, 'learning_rate': 0.0005262813073598479, 'momentum': 0.36044570557470157, 'weight_decay': 0.09176860968537799, 'num_layers': 2, 'max_units': 95, 'dropout': 0.99365908174901}}, {'number': 1555, 'params': {'batch_size': 16, 'learning_rate': 0.0734372396295632, 'momentum': 0.10671079331174314, 'weight_decay': 0.025077342711606995, 'num_layers': 1, 'max_units': 124, 'dropout': 0.2037121881797933}}, {'number': 1556, 'params': {'batch_size': 22, 'learning_rate': 0.08228684221961886, 'momentum': 0.39152975343568747, 'weight_decay': 0.08839376525579258, 'num_layers': 1, 'max_units': 610, 'dropout': 0.7502928537834889}}, {'number': 1557, 'params': {'batch_size': 19, 'learning_rate': 0.0019061049672909405, 'momentum': 0.5466089107648066, 'weight_decay': 0.015396757260855692, 'num_layers': 1, 'max_units': 398, 'dropout': 0.5190992531501661}}, {'number': 1558, 'params': {'batch_size': 50, 'learning_rate': 0.0002820247703058045, 'momentum': 0.10475002327423315, 'weight_decay': 0.03719351016810935, 'num_layers': 3, 'max_units': 116, 'dropout': 0.48236240902817873}}, {'number': 1559, 'params': {'batch_size': 449, 'learning_rate': 0.016950137190239203, 'momentum': 0.1097073002069911, 'weight_decay': 0.07592783197513088, 'num_layers': 1, 'max_units': 914, 'dropout': 0.5779225103816114}}, {'number': 1560, 'params': {'batch_size': 179, 'learning_rate': 0.008645485816375299, 'momentum': 0.8560222343912317, 'weight_decay': 0.037967584613677434, 'num_layers': 1, 'max_units': 586, 'dropout': 0.0707819908533045}}, {'number': 1561, 'params': {'batch_size': 44, 'learning_rate': 0.03972337879976835, 'momentum': 0.17782221046147853, 'weight_decay': 0.04368451193396688, 'num_layers': 4, 'max_units': 541, 'dropout': 0.3196530995840017}}, {'number': 1562, 'params': {'batch_size': 327, 'learning_rate': 0.02495270275879406, 'momentum': 0.13381452261116486, 'weight_decay': 0.04479930325979417, 'num_layers': 4, 'max_units': 958, 'dropout': 0.11881530750265978}}, {'number': 1563, 'params': {'batch_size': 199, 'learning_rate': 0.007596151511824352, 'momentum': 0.1195375414105456, 'weight_decay': 0.06889331011002384, 'num_layers': 1, 'max_units': 401, 'dropout': 0.38415424378553786}}, {'number': 1564, 'params': {'batch_size': 179, 'learning_rate': 0.055916876176006804, 'momentum': 0.12161249590319667, 'weight_decay': 0.051702784610305884, 'num_layers': 1, 'max_units': 330, 'dropout': 0.5931713437516348}}, {'number': 1565, 'params': {'batch_size': 18, 'learning_rate': 0.000867415439323057, 'momentum': 0.35636114338633723, 'weight_decay': 0.03463927879255699, 'num_layers': 2, 'max_units': 1017, 'dropout': 0.05525433965650062}}, {'number': 1566, 'params': {'batch_size': 16, 'learning_rate': 0.007709243704979425, 'momentum': 0.14389811672010264, 'weight_decay': 0.026941515044486546, 'num_layers': 4, 'max_units': 757, 'dropout': 0.14674593120691015}}, {'number': 1567, 'params': {'batch_size': 60, 'learning_rate': 0.00010170326046359837, 'momentum': 0.1857408374170257, 'weight_decay': 0.005317265002854102, 'num_layers': 1, 'max_units': 77, 'dropout': 0.5213958159023464}}, {'number': 1568, 'params': {'batch_size': 301, 'learning_rate': 0.00031467294725232535, 'momentum': 0.10184623809701447, 'weight_decay': 0.06816590010585916, 'num_layers': 3, 'max_units': 791, 'dropout': 0.9330489939998398}}, {'number': 1569, 'params': {'batch_size': 321, 'learning_rate': 0.026874795892808025, 'momentum': 0.12719289772114167, 'weight_decay': 0.021931252851238665, 'num_layers': 1, 'max_units': 431, 'dropout': 0.7470947017271705}}, {'number': 1570, 'params': {'batch_size': 60, 'learning_rate': 0.028947871372059005, 'momentum': 0.39954432872891804, 'weight_decay': 0.05181443310148797, 'num_layers': 2, 'max_units': 580, 'dropout': 0.14960282015380622}}, {'number': 1571, 'params': {'batch_size': 16, 'learning_rate': 0.0004989605788938958, 'momentum': 0.2481385383447185, 'weight_decay': 0.017784287458515884, 'num_layers': 2, 'max_units': 661, 'dropout': 0.6186874643192022}}, {'number': 1572, 'params': {'batch_size': 34, 'learning_rate': 0.027419660692440125, 'momentum': 0.16428568225017998, 'weight_decay': 0.09480610126085491, 'num_layers': 4, 'max_units': 82, 'dropout': 0.3123384018953096}}, {'number': 1573, 'params': {'batch_size': 254, 'learning_rate': 0.00013679741252258052, 'momentum': 0.24726973208278225, 'weight_decay': 0.034524074309443355, 'num_layers': 3, 'max_units': 115, 'dropout': 0.666305190169729}}, {'number': 1574, 'params': {'batch_size': 43, 'learning_rate': 0.025830551938171877, 'momentum': 0.9725819514478142, 'weight_decay': 0.002376201646496291, 'num_layers': 1, 'max_units': 76, 'dropout': 0.07502026397750494}}, {'number': 1575, 'params': {'batch_size': 46, 'learning_rate': 0.0012808801728943868, 'momentum': 0.10775500610825058, 'weight_decay': 0.09293584363277843, 'num_layers': 4, 'max_units': 327, 'dropout': 0.014634881528689081}}, {'number': 1576, 'params': {'batch_size': 28, 'learning_rate': 0.000372264876699702, 'momentum': 0.2740167915592516, 'weight_decay': 0.04324956998327886, 'num_layers': 4, 'max_units': 557, 'dropout': 0.948307000281379}}, {'number': 1577, 'params': {'batch_size': 148, 'learning_rate': 0.0002846801104825752, 'momentum': 0.37326781490016625, 'weight_decay': 0.012523678986417057, 'num_layers': 2, 'max_units': 215, 'dropout': 0.7012690729525561}}, {'number': 1578, 'params': {'batch_size': 49, 'learning_rate': 0.014514809439257153, 'momentum': 0.395300104510871, 'weight_decay': 0.0005180244156226848, 'num_layers': 2, 'max_units': 199, 'dropout': 0.24727580548626682}}, {'number': 1579, 'params': {'batch_size': 228, 'learning_rate': 0.0014502941873494664, 'momentum': 0.24452328042030008, 'weight_decay': 0.014596994022528969, 'num_layers': 3, 'max_units': 173, 'dropout': 0.7983035836175425}}, {'number': 1580, 'params': {'batch_size': 73, 'learning_rate': 0.09889472649046882, 'momentum': 0.8007135784369986, 'weight_decay': 0.06838667639131456, 'num_layers': 1, 'max_units': 386, 'dropout': 0.04846330435480439}}, {'number': 1581, 'params': {'batch_size': 425, 'learning_rate': 0.03186195210082473, 'momentum': 0.39988924515431284, 'weight_decay': 0.01491736173024286, 'num_layers': 1, 'max_units': 499, 'dropout': 0.1733722571060634}}, {'number': 1582, 'params': {'batch_size': 133, 'learning_rate': 0.03235070550738264, 'momentum': 0.3262017336755869, 'weight_decay': 0.04256643702443377, 'num_layers': 2, 'max_units': 805, 'dropout': 0.5861993601552831}}, {'number': 1583, 'params': {'batch_size': 21, 'learning_rate': 0.00442259468897619, 'momentum': 0.11928099902597682, 'weight_decay': 0.017630407249303457, 'num_layers': 1, 'max_units': 394, 'dropout': 0.7976913455453754}}, {'number': 1584, 'params': {'batch_size': 511, 'learning_rate': 0.00495962003331422, 'momentum': 0.1646807207841662, 'weight_decay': 0.03943645224792207, 'num_layers': 4, 'max_units': 88, 'dropout': 0.5089957130616272}}, {'number': 1585, 'params': {'batch_size': 132, 'learning_rate': 0.0007624623798919495, 'momentum': 0.3705598479331082, 'weight_decay': 0.020513009897165535, 'num_layers': 2, 'max_units': 65, 'dropout': 0.1018226948955433}}, {'number': 1586, 'params': {'batch_size': 402, 'learning_rate': 0.0011985148255160723, 'momentum': 0.331195656167112, 'weight_decay': 0.030456802357898778, 'num_layers': 2, 'max_units': 811, 'dropout': 0.12318049695923938}}, {'number': 1587, 'params': {'batch_size': 32, 'learning_rate': 0.0028696922851637057, 'momentum': 0.8479880564272487, 'weight_decay': 0.001542922171988896, 'num_layers': 1, 'max_units': 94, 'dropout': 0.15503614030246815}}, {'number': 1588, 'params': {'batch_size': 23, 'learning_rate': 0.0010757104931689084, 'momentum': 0.25181757973802, 'weight_decay': 0.02063020515545525, 'num_layers': 2, 'max_units': 296, 'dropout': 0.1239204471781179}}, {'number': 1589, 'params': {'batch_size': 93, 'learning_rate': 0.011369331454777908, 'momentum': 0.3122278975050601, 'weight_decay': 0.011623523745678863, 'num_layers': 1, 'max_units': 329, 'dropout': 0.08215413326423371}}, {'number': 1590, 'params': {'batch_size': 25, 'learning_rate': 0.0005740873910456576, 'momentum': 0.5486185682537736, 'weight_decay': 0.056915890679914115, 'num_layers': 2, 'max_units': 358, 'dropout': 0.01872000465744672}}, {'number': 1591, 'params': {'batch_size': 94, 'learning_rate': 0.013568565335403255, 'momentum': 0.716915919152582, 'weight_decay': 0.028472679290060518, 'num_layers': 1, 'max_units': 101, 'dropout': 0.6954213461363126}}, {'number': 1592, 'params': {'batch_size': 16, 'learning_rate': 0.0016446781166223768, 'momentum': 0.3569356194016434, 'weight_decay': 0.0876553598247346, 'num_layers': 3, 'max_units': 88, 'dropout': 0.05385068001533322}}, {'number': 1593, 'params': {'batch_size': 75, 'learning_rate': 0.07655158771739712, 'momentum': 0.10232650731201876, 'weight_decay': 0.08674219104607347, 'num_layers': 2, 'max_units': 236, 'dropout': 0.552591937108823}}, {'number': 1594, 'params': {'batch_size': 75, 'learning_rate': 0.005723787953206631, 'momentum': 0.585388434399973, 'weight_decay': 0.09301792493014203, 'num_layers': 2, 'max_units': 274, 'dropout': 0.2660256441947175}}, {'number': 1595, 'params': {'batch_size': 294, 'learning_rate': 0.009052552782328563, 'momentum': 0.1931714081988226, 'weight_decay': 0.024652346438025045, 'num_layers': 1, 'max_units': 140, 'dropout': 0.42100347210082223}}, {'number': 1596, 'params': {'batch_size': 110, 'learning_rate': 0.00013274870040776043, 'momentum': 0.5836166507177384, 'weight_decay': 0.00897715850431253, 'num_layers': 4, 'max_units': 650, 'dropout': 0.49303215633672304}}, {'number': 1597, 'params': {'batch_size': 131, 'learning_rate': 0.00010149556720251864, 'momentum': 0.10195534371449898, 'weight_decay': 0.08440475751855042, 'num_layers': 4, 'max_units': 201, 'dropout': 0.35360124758474876}}, {'number': 1598, 'params': {'batch_size': 145, 'learning_rate': 0.0016569840103055338, 'momentum': 0.9118630390142958, 'weight_decay': 0.05326726684499016, 'num_layers': 2, 'max_units': 422, 'dropout': 0.23266098343389197}}, {'number': 1599, 'params': {'batch_size': 197, 'learning_rate': 0.0004249309258255977, 'momentum': 0.424193464889828, 'weight_decay': 0.08785470308700462, 'num_layers': 4, 'max_units': 674, 'dropout': 0.28898548547808134}}, {'number': 1600, 'params': {'batch_size': 140, 'learning_rate': 0.0002530805401508903, 'momentum': 0.24375437130880628, 'weight_decay': 0.05902259703074147, 'num_layers': 1, 'max_units': 66, 'dropout': 0.6382039274075779}}, {'number': 1601, 'params': {'batch_size': 64, 'learning_rate': 0.0023998058866257135, 'momentum': 0.7194801191900332, 'weight_decay': 0.07427664969192722, 'num_layers': 3, 'max_units': 238, 'dropout': 0.10230702094711064}}, {'number': 1602, 'params': {'batch_size': 170, 'learning_rate': 0.0041444355467284595, 'momentum': 0.7285665750585381, 'weight_decay': 0.033702025750679626, 'num_layers': 2, 'max_units': 123, 'dropout': 0.4446541667961522}}, {'number': 1603, 'params': {'batch_size': 461, 'learning_rate': 0.0041122385294729445, 'momentum': 0.20001472569796408, 'weight_decay': 0.09378260718449415, 'num_layers': 4, 'max_units': 453, 'dropout': 0.29775651808234993}}, {'number': 1604, 'params': {'batch_size': 50, 'learning_rate': 0.00021592214334255368, 'momentum': 0.435099007051865, 'weight_decay': 0.02218377894998397, 'num_layers': 3, 'max_units': 502, 'dropout': 0.9213095329561687}}, {'number': 1605, 'params': {'batch_size': 150, 'learning_rate': 0.07264828055265779, 'momentum': 0.14737554575016293, 'weight_decay': 0.03753305273493473, 'num_layers': 2, 'max_units': 145, 'dropout': 0.901725531562466}}, {'number': 1606, 'params': {'batch_size': 449, 'learning_rate': 0.007657419996010848, 'momentum': 0.14983306026309248, 'weight_decay': 0.029784198434016498, 'num_layers': 1, 'max_units': 118, 'dropout': 0.9193374799111949}}, {'number': 1607, 'params': {'batch_size': 112, 'learning_rate': 0.027983014297275597, 'momentum': 0.5399002946730747, 'weight_decay': 0.06332402814553073, 'num_layers': 1, 'max_units': 194, 'dropout': 0.3689934301893586}}, {'number': 1608, 'params': {'batch_size': 267, 'learning_rate': 0.009769507375743723, 'momentum': 0.1329778242234777, 'weight_decay': 0.06472764177778217, 'num_layers': 3, 'max_units': 193, 'dropout': 0.17878290762723203}}, {'number': 1609, 'params': {'batch_size': 86, 'learning_rate': 0.00015760091796504313, 'momentum': 0.10759669088930145, 'weight_decay': 0.031582113423169654, 'num_layers': 1, 'max_units': 90, 'dropout': 0.5333956370685824}}, {'number': 1610, 'params': {'batch_size': 255, 'learning_rate': 0.0005062690919618299, 'momentum': 0.20461127663408588, 'weight_decay': 0.03780020115680669, 'num_layers': 2, 'max_units': 285, 'dropout': 0.3640431483140143}}, {'number': 1611, 'params': {'batch_size': 328, 'learning_rate': 0.00013178394753078862, 'momentum': 0.3242005778407646, 'weight_decay': 0.07264644094117403, 'num_layers': 4, 'max_units': 86, 'dropout': 0.8816180212581273}}, {'number': 1612, 'params': {'batch_size': 17, 'learning_rate': 0.0004982358222692861, 'momentum': 0.3266873738499461, 'weight_decay': 0.09565321856363698, 'num_layers': 3, 'max_units': 376, 'dropout': 0.7086555479745745}}, {'number': 1613, 'params': {'batch_size': 52, 'learning_rate': 0.0001394899665161174, 'momentum': 0.15014045936847434, 'weight_decay': 0.012852271884028868, 'num_layers': 2, 'max_units': 521, 'dropout': 0.480632032594434}}, {'number': 1614, 'params': {'batch_size': 61, 'learning_rate': 0.008434561335120615, 'momentum': 0.42415305679664905, 'weight_decay': 0.021945659347244684, 'num_layers': 4, 'max_units': 137, 'dropout': 0.15082797617142507}}, {'number': 1615, 'params': {'batch_size': 66, 'learning_rate': 0.004091316139060521, 'momentum': 0.40524433127192006, 'weight_decay': 0.04565129258607514, 'num_layers': 1, 'max_units': 794, 'dropout': 0.6019968310552845}}, {'number': 1616, 'params': {'batch_size': 56, 'learning_rate': 0.005535647535310547, 'momentum': 0.3879963437828281, 'weight_decay': 0.057651215167434634, 'num_layers': 3, 'max_units': 190, 'dropout': 0.46556629393425275}}, {'number': 1617, 'params': {'batch_size': 113, 'learning_rate': 0.0014261130328423934, 'momentum': 0.6086084671159717, 'weight_decay': 0.049805054750582146, 'num_layers': 2, 'max_units': 124, 'dropout': 0.8808198126373238}}, {'number': 1618, 'params': {'batch_size': 189, 'learning_rate': 0.005190517278176634, 'momentum': 0.2260611268875418, 'weight_decay': 0.0364914767899981, 'num_layers': 4, 'max_units': 173, 'dropout': 0.50980643785275}}, {'number': 1619, 'params': {'batch_size': 110, 'learning_rate': 0.007156605566459787, 'momentum': 0.2107820903185989, 'weight_decay': 0.042719898914069396, 'num_layers': 4, 'max_units': 248, 'dropout': 0.8264594178691883}}, {'number': 1620, 'params': {'batch_size': 62, 'learning_rate': 0.0024073017848932608, 'momentum': 0.26632530557734996, 'weight_decay': 0.04952127399850549, 'num_layers': 4, 'max_units': 140, 'dropout': 0.8616831399506006}}, {'number': 1621, 'params': {'batch_size': 62, 'learning_rate': 0.008981844792286654, 'momentum': 0.3153830127556414, 'weight_decay': 0.0620380871034427, 'num_layers': 2, 'max_units': 97, 'dropout': 0.8686171204624425}}, {'number': 1622, 'params': {'batch_size': 379, 'learning_rate': 0.006476382354884111, 'momentum': 0.45904433591869725, 'weight_decay': 0.07059265451674371, 'num_layers': 3, 'max_units': 171, 'dropout': 0.23362328597269943}}, {'number': 1623, 'params': {'batch_size': 499, 'learning_rate': 0.03177999169212311, 'momentum': 0.40725584004502824, 'weight_decay': 0.0999418462594266, 'num_layers': 1, 'max_units': 222, 'dropout': 0.22940404590117258}}, {'number': 1624, 'params': {'batch_size': 163, 'learning_rate': 0.00039731719613965563, 'momentum': 0.1669934857687566, 'weight_decay': 0.005932873222244598, 'num_layers': 3, 'max_units': 273, 'dropout': 0.9404703982739092}}, {'number': 1625, 'params': {'batch_size': 127, 'learning_rate': 0.0031765210155985414, 'momentum': 0.228282341099538, 'weight_decay': 0.05782292026732502, 'num_layers': 1, 'max_units': 312, 'dropout': 0.5423495038239002}}, {'number': 1626, 'params': {'batch_size': 349, 'learning_rate': 0.031109873944757952, 'momentum': 0.13540078536736333, 'weight_decay': 0.02686394221573025, 'num_layers': 1, 'max_units': 234, 'dropout': 0.7887643688963656}}, {'number': 1627, 'params': {'batch_size': 39, 'learning_rate': 0.004337156276697199, 'momentum': 0.5821715105931079, 'weight_decay': 0.07548738385097985, 'num_layers': 4, 'max_units': 502, 'dropout': 0.7043012050719293}}, {'number': 1628, 'params': {'batch_size': 23, 'learning_rate': 0.0009017404174954961, 'momentum': 0.16836154053828775, 'weight_decay': 0.09851792669621828, 'num_layers': 3, 'max_units': 114, 'dropout': 0.12668409305277606}}, {'number': 1629, 'params': {'batch_size': 359, 'learning_rate': 0.01029178036350864, 'momentum': 0.16109937110277237, 'weight_decay': 0.07779304928153175, 'num_layers': 3, 'max_units': 370, 'dropout': 0.5476979551907286}}, {'number': 1630, 'params': {'batch_size': 357, 'learning_rate': 0.0012525666756893622, 'momentum': 0.46433687759865555, 'weight_decay': 0.012531093458919531, 'num_layers': 1, 'max_units': 124, 'dropout': 0.5280013328974347}}, {'number': 1631, 'params': {'batch_size': 168, 'learning_rate': 0.0021554568864530807, 'momentum': 0.5657548244166747, 'weight_decay': 0.0979059465387852, 'num_layers': 1, 'max_units': 501, 'dropout': 0.5434942827902025}}, {'number': 1632, 'params': {'batch_size': 73, 'learning_rate': 0.0010554214512591988, 'momentum': 0.1339520092480294, 'weight_decay': 0.0813122510519816, 'num_layers': 1, 'max_units': 242, 'dropout': 0.500329477419219}}, {'number': 1633, 'params': {'batch_size': 16, 'learning_rate': 0.0001239721072264952, 'momentum': 0.2209547759887024, 'weight_decay': 0.0403301839794539, 'num_layers': 4, 'max_units': 229, 'dropout': 0.492398098747611}}, {'number': 1634, 'params': {'batch_size': 226, 'learning_rate': 0.01256537445014525, 'momentum': 0.15352411413926934, 'weight_decay': 0.07624897270300542, 'num_layers': 1, 'max_units': 101, 'dropout': 0.8506415069797103}}, {'number': 1635, 'params': {'batch_size': 212, 'learning_rate': 0.00026362150103126836, 'momentum': 0.24961711322346658, 'weight_decay': 0.009203671077165005, 'num_layers': 3, 'max_units': 542, 'dropout': 0.3701012607974966}}, {'number': 1636, 'params': {'batch_size': 23, 'learning_rate': 0.0007380032219217452, 'momentum': 0.17886502572170537, 'weight_decay': 0.04205710944825343, 'num_layers': 2, 'max_units': 205, 'dropout': 0.789429381354676}}, {'number': 1637, 'params': {'batch_size': 30, 'learning_rate': 0.0001896168087186498, 'momentum': 0.9075150478584049, 'weight_decay': 0.06348201595752893, 'num_layers': 2, 'max_units': 338, 'dropout': 0.9346564946398276}}, {'number': 1638, 'params': {'batch_size': 30, 'learning_rate': 0.00010475980525757722, 'momentum': 0.22820460181167732, 'weight_decay': 0.03807653529222691, 'num_layers': 3, 'max_units': 506, 'dropout': 0.7537712691824091}}, {'number': 1639, 'params': {'batch_size': 27, 'learning_rate': 0.0004937924377387518, 'momentum': 0.2161492116211204, 'weight_decay': 0.02934918894513051, 'num_layers': 1, 'max_units': 141, 'dropout': 0.28120778773346533}}, {'number': 1640, 'params': {'batch_size': 18, 'learning_rate': 0.0003461246867387396, 'momentum': 0.18422803260295223, 'weight_decay': 0.09456238733640475, 'num_layers': 2, 'max_units': 702, 'dropout': 0.8124170414602192}}, {'number': 1641, 'params': {'batch_size': 144, 'learning_rate': 0.00032858704887793065, 'momentum': 0.10015221401784563, 'weight_decay': 0.05170475646770548, 'num_layers': 4, 'max_units': 735, 'dropout': 0.39899900534029886}}, {'number': 1642, 'params': {'batch_size': 405, 'learning_rate': 0.04453394395061355, 'momentum': 0.4390499285181819, 'weight_decay': 0.05803704059954333, 'num_layers': 1, 'max_units': 988, 'dropout': 0.5245988361730016}}, {'number': 1643, 'params': {'batch_size': 36, 'learning_rate': 0.010338895535220698, 'momentum': 0.8039159698970412, 'weight_decay': 0.03494222188941781, 'num_layers': 4, 'max_units': 769, 'dropout': 0.37412908213258356}}, {'number': 1644, 'params': {'batch_size': 99, 'learning_rate': 0.00022801816592803054, 'momentum': 0.10907388396756335, 'weight_decay': 0.009354395373163306, 'num_layers': 4, 'max_units': 134, 'dropout': 0.09156537168473122}}, {'number': 1645, 'params': {'batch_size': 38, 'learning_rate': 0.014617754638721996, 'momentum': 0.7204371544612989, 'weight_decay': 0.058552422986844384, 'num_layers': 4, 'max_units': 519, 'dropout': 0.12046431967133153}}, {'number': 1646, 'params': {'batch_size': 271, 'learning_rate': 0.00023374598805064086, 'momentum': 0.1901556171475029, 'weight_decay': 0.09338110015190597, 'num_layers': 4, 'max_units': 380, 'dropout': 0.8831126877987134}}, {'number': 1647, 'params': {'batch_size': 73, 'learning_rate': 0.00447867385235591, 'momentum': 0.1467983322997931, 'weight_decay': 0.08573184930695597, 'num_layers': 3, 'max_units': 647, 'dropout': 0.8096874593665156}}, {'number': 1648, 'params': {'batch_size': 79, 'learning_rate': 0.0741769949574361, 'momentum': 0.5009005897809204, 'weight_decay': 0.02902336791555544, 'num_layers': 2, 'max_units': 76, 'dropout': 0.20441100220756725}}, {'number': 1649, 'params': {'batch_size': 365, 'learning_rate': 0.0015807148895231554, 'momentum': 0.6167114054166474, 'weight_decay': 0.03064470861133357, 'num_layers': 4, 'max_units': 670, 'dropout': 0.8403742553832863}}, {'number': 1650, 'params': {'batch_size': 49, 'learning_rate': 0.013321727239272592, 'momentum': 0.13951185750914394, 'weight_decay': 0.006154998695535185, 'num_layers': 1, 'max_units': 145, 'dropout': 0.6107126434073471}}, {'number': 1651, 'params': {'batch_size': 161, 'learning_rate': 0.0004679908244948086, 'momentum': 0.5656728612505081, 'weight_decay': 0.06762203026919712, 'num_layers': 1, 'max_units': 95, 'dropout': 0.39585587761382}}, {'number': 1652, 'params': {'batch_size': 384, 'learning_rate': 0.00012061321063203093, 'momentum': 0.4082263970513295, 'weight_decay': 0.023154561518083823, 'num_layers': 1, 'max_units': 495, 'dropout': 0.8490276776740786}}, {'number': 1653, 'params': {'batch_size': 72, 'learning_rate': 0.00146201613295, 'momentum': 0.6509455820230987, 'weight_decay': 0.014638747771704127, 'num_layers': 2, 'max_units': 480, 'dropout': 0.8468218893036527}}, {'number': 1654, 'params': {'batch_size': 18, 'learning_rate': 0.00038739892511146373, 'momentum': 0.3972191686247721, 'weight_decay': 0.07632260820490608, 'num_layers': 2, 'max_units': 522, 'dropout': 0.7168673570617544}}, {'number': 1655, 'params': {'batch_size': 68, 'learning_rate': 0.0029901896125777293, 'momentum': 0.4699313924626712, 'weight_decay': 0.06289763443041103, 'num_layers': 3, 'max_units': 395, 'dropout': 0.14140711810699957}}, {'number': 1656, 'params': {'batch_size': 25, 'learning_rate': 0.01843380844464286, 'momentum': 0.2154724420077682, 'weight_decay': 0.06485679418491828, 'num_layers': 2, 'max_units': 869, 'dropout': 0.44489472418834985}}, {'number': 1657, 'params': {'batch_size': 88, 'learning_rate': 0.0038547165902872624, 'momentum': 0.3921570136972271, 'weight_decay': 0.06097619305955427, 'num_layers': 2, 'max_units': 409, 'dropout': 0.6590683595983822}}, {'number': 1658, 'params': {'batch_size': 61, 'learning_rate': 0.007469052578056647, 'momentum': 0.25158071847195407, 'weight_decay': 0.05261037543078517, 'num_layers': 3, 'max_units': 617, 'dropout': 0.10504778693002603}}, {'number': 1659, 'params': {'batch_size': 103, 'learning_rate': 0.0014697601408684368, 'momentum': 0.3393987438757056, 'weight_decay': 0.07629741087327335, 'num_layers': 3, 'max_units': 162, 'dropout': 0.19779682548781863}}, {'number': 1660, 'params': {'batch_size': 17, 'learning_rate': 0.010211855801767918, 'momentum': 0.1186090425463866, 'weight_decay': 0.09464684010500211, 'num_layers': 4, 'max_units': 319, 'dropout': 0.7317917588384361}}, {'number': 1661, 'params': {'batch_size': 75, 'learning_rate': 0.0014365048360445755, 'momentum': 0.40875429013970693, 'weight_decay': 0.018284593370228804, 'num_layers': 3, 'max_units': 157, 'dropout': 0.9806787203711824}}, {'number': 1662, 'params': {'batch_size': 495, 'learning_rate': 0.04334270909693656, 'momentum': 0.8833647386259912, 'weight_decay': 0.07835391901450883, 'num_layers': 1, 'max_units': 121, 'dropout': 0.20746346477997835}}, {'number': 1663, 'params': {'batch_size': 191, 'learning_rate': 0.0036131542308591143, 'momentum': 0.9792307850916381, 'weight_decay': 0.05487584484131724, 'num_layers': 4, 'max_units': 92, 'dropout': 0.1978488072925747}}, {'number': 1664, 'params': {'batch_size': 277, 'learning_rate': 0.04911530550473322, 'momentum': 0.25044046414344195, 'weight_decay': 0.018469091655598516, 'num_layers': 3, 'max_units': 249, 'dropout': 0.24786884946788001}}, {'number': 1665, 'params': {'batch_size': 18, 'learning_rate': 0.0002915934917237394, 'momentum': 0.22150295521815178, 'weight_decay': 0.015032026947178208, 'num_layers': 1, 'max_units': 569, 'dropout': 0.8299000895861083}}, {'number': 1666, 'params': {'batch_size': 58, 'learning_rate': 0.013909055857337505, 'momentum': 0.1014571934835807, 'weight_decay': 0.08824733008717307, 'num_layers': 3, 'max_units': 66, 'dropout': 0.020712497305284572}}, {'number': 1667, 'params': {'batch_size': 48, 'learning_rate': 0.00014235336770325067, 'momentum': 0.5069440679043159, 'weight_decay': 0.0014887258894737897, 'num_layers': 1, 'max_units': 117, 'dropout': 0.8460114347601038}}, {'number': 1668, 'params': {'batch_size': 138, 'learning_rate': 0.011158322811016605, 'momentum': 0.7972594639065295, 'weight_decay': 0.060656454615431184, 'num_layers': 2, 'max_units': 68, 'dropout': 0.8519496731734766}}, {'number': 1669, 'params': {'batch_size': 130, 'learning_rate': 0.001801514424926261, 'momentum': 0.10000386302346072, 'weight_decay': 0.0573785820768733, 'num_layers': 2, 'max_units': 572, 'dropout': 0.6003876151486842}}, {'number': 1670, 'params': {'batch_size': 265, 'learning_rate': 0.0602616943685697, 'momentum': 0.4275065365447404, 'weight_decay': 0.06747246345561651, 'num_layers': 3, 'max_units': 96, 'dropout': 0.020489131117894743}}, {'number': 1671, 'params': {'batch_size': 298, 'learning_rate': 0.006439243304949174, 'momentum': 0.21890217765151876, 'weight_decay': 0.05253728994794473, 'num_layers': 1, 'max_units': 710, 'dropout': 0.873774630359853}}, {'number': 1672, 'params': {'batch_size': 259, 'learning_rate': 0.0004908037618298154, 'momentum': 0.18807109480697595, 'weight_decay': 0.009576860969120768, 'num_layers': 3, 'max_units': 771, 'dropout': 0.09208008119135647}}, {'number': 1673, 'params': {'batch_size': 44, 'learning_rate': 0.002349507482529135, 'momentum': 0.837685273247695, 'weight_decay': 0.010058054959852555, 'num_layers': 3, 'max_units': 304, 'dropout': 0.22807322596110413}}, {'number': 1674, 'params': {'batch_size': 25, 'learning_rate': 0.00344724430486278, 'momentum': 0.439714455053972, 'weight_decay': 0.04855894535271498, 'num_layers': 2, 'max_units': 210, 'dropout': 0.4743367425830953}}, {'number': 1675, 'params': {'batch_size': 63, 'learning_rate': 0.0071009437353746355, 'momentum': 0.3227588589203104, 'weight_decay': 0.07425005747843813, 'num_layers': 2, 'max_units': 153, 'dropout': 0.5992701763212286}}, {'number': 1676, 'params': {'batch_size': 31, 'learning_rate': 0.00019489332454345902, 'momentum': 0.8604872912024117, 'weight_decay': 0.03610872887061559, 'num_layers': 2, 'max_units': 717, 'dropout': 0.13280784754750385}}, {'number': 1677, 'params': {'batch_size': 498, 'learning_rate': 0.016590800627003837, 'momentum': 0.1173734579193267, 'weight_decay': 0.008882849388141692, 'num_layers': 3, 'max_units': 395, 'dropout': 0.7429554816409254}}, {'number': 1678, 'params': {'batch_size': 46, 'learning_rate': 0.000285378849343582, 'momentum': 0.8260117676135444, 'weight_decay': 0.002238668130162408, 'num_layers': 2, 'max_units': 130, 'dropout': 0.09854505203278174}}, {'number': 1679, 'params': {'batch_size': 425, 'learning_rate': 0.05821265503077502, 'momentum': 0.817415631206721, 'weight_decay': 0.03380285755249881, 'num_layers': 1, 'max_units': 68, 'dropout': 0.25278649966203115}}, {'number': 1680, 'params': {'batch_size': 185, 'learning_rate': 0.0002199459499374195, 'momentum': 0.23772306795775625, 'weight_decay': 0.09722659253614611, 'num_layers': 4, 'max_units': 317, 'dropout': 0.08824075201185766}}, {'number': 1681, 'params': {'batch_size': 296, 'learning_rate': 0.0001497139269069016, 'momentum': 0.15124773477347614, 'weight_decay': 0.025623848942346754, 'num_layers': 2, 'max_units': 155, 'dropout': 0.7074175385471113}}, {'number': 1682, 'params': {'batch_size': 88, 'learning_rate': 0.007462158366370797, 'momentum': 0.22831568964586815, 'weight_decay': 0.04585011204362069, 'num_layers': 2, 'max_units': 619, 'dropout': 0.2541883460053649}}, {'number': 1683, 'params': {'batch_size': 289, 'learning_rate': 0.0041489581844474, 'momentum': 0.38400246771678204, 'weight_decay': 0.04086195640660512, 'num_layers': 4, 'max_units': 162, 'dropout': 0.47559238553425576}}, {'number': 1684, 'params': {'batch_size': 35, 'learning_rate': 0.03273886030852325, 'momentum': 0.6372538192477661, 'weight_decay': 0.03732408851868156, 'num_layers': 2, 'max_units': 184, 'dropout': 0.6000030208517677}}, {'number': 1685, 'params': {'batch_size': 55, 'learning_rate': 0.00010474775175794363, 'momentum': 0.5452412528549976, 'weight_decay': 0.09885619407416683, 'num_layers': 4, 'max_units': 553, 'dropout': 0.21747577630553372}}, {'number': 1686, 'params': {'batch_size': 296, 'learning_rate': 0.015591581806138753, 'momentum': 0.1933980613780223, 'weight_decay': 0.08272276995405592, 'num_layers': 2, 'max_units': 309, 'dropout': 0.15062169802517122}}, {'number': 1687, 'params': {'batch_size': 54, 'learning_rate': 0.00015727584664963185, 'momentum': 0.14808833762708784, 'weight_decay': 0.07773061125998235, 'num_layers': 2, 'max_units': 240, 'dropout': 0.2061422854100885}}, {'number': 1688, 'params': {'batch_size': 53, 'learning_rate': 0.0016082126955396104, 'momentum': 0.8058299010356182, 'weight_decay': 0.0771182503297246, 'num_layers': 3, 'max_units': 402, 'dropout': 0.24368066071005645}}, {'number': 1689, 'params': {'batch_size': 70, 'learning_rate': 0.04603178966851865, 'momentum': 0.28394149046435785, 'weight_decay': 0.01184340343532471, 'num_layers': 3, 'max_units': 169, 'dropout': 0.05686665086316922}}, {'number': 1690, 'params': {'batch_size': 22, 'learning_rate': 0.047475258483539805, 'momentum': 0.2483052123065211, 'weight_decay': 0.07422481787436862, 'num_layers': 1, 'max_units': 799, 'dropout': 0.982745638013778}}, {'number': 1691, 'params': {'batch_size': 156, 'learning_rate': 0.02648713643214416, 'momentum': 0.43056515077130186, 'weight_decay': 0.017227663267991356, 'num_layers': 2, 'max_units': 407, 'dropout': 0.4136006520214035}}, {'number': 1692, 'params': {'batch_size': 20, 'learning_rate': 0.006867289574058836, 'momentum': 0.5531891744123965, 'weight_decay': 0.06991840355913412, 'num_layers': 2, 'max_units': 99, 'dropout': 0.19153372137499114}}, {'number': 1693, 'params': {'batch_size': 483, 'learning_rate': 0.0009201761381999887, 'momentum': 0.5201347000840335, 'weight_decay': 0.04576230253993905, 'num_layers': 4, 'max_units': 194, 'dropout': 0.6720331172674507}}, {'number': 1694, 'params': {'batch_size': 432, 'learning_rate': 0.008284729260731174, 'momentum': 0.17449839161691993, 'weight_decay': 0.031886594120955264, 'num_layers': 4, 'max_units': 118, 'dropout': 0.7372913623527051}}, {'number': 1695, 'params': {'batch_size': 42, 'learning_rate': 0.00032743921178430386, 'momentum': 0.14697282352482835, 'weight_decay': 0.09853583049757396, 'num_layers': 2, 'max_units': 349, 'dropout': 0.5120563847550325}}, {'number': 1696, 'params': {'batch_size': 47, 'learning_rate': 0.0102283796676298, 'momentum': 0.5720909562693419, 'weight_decay': 0.08921475587696066, 'num_layers': 4, 'max_units': 72, 'dropout': 0.08871105889437048}}, {'number': 1697, 'params': {'batch_size': 38, 'learning_rate': 0.0006889642108805307, 'momentum': 0.20372959769565616, 'weight_decay': 0.030221277823886148, 'num_layers': 3, 'max_units': 125, 'dropout': 0.8629786828397062}}, {'number': 1698, 'params': {'batch_size': 33, 'learning_rate': 0.00010421095382742337, 'momentum': 0.8944196212686146, 'weight_decay': 0.042181785451279256, 'num_layers': 3, 'max_units': 305, 'dropout': 0.4199125996119143}}, {'number': 1699, 'params': {'batch_size': 210, 'learning_rate': 0.00017734351020630608, 'momentum': 0.12019107752470126, 'weight_decay': 0.07944944394892785, 'num_layers': 3, 'max_units': 71, 'dropout': 0.8065042426832599}}, {'number': 1700, 'params': {'batch_size': 42, 'learning_rate': 0.00024864606586087637, 'momentum': 0.8628809961090939, 'weight_decay': 0.019112847769819207, 'num_layers': 3, 'max_units': 95, 'dropout': 0.8052375721700736}}, {'number': 1701, 'params': {'batch_size': 79, 'learning_rate': 0.0004025608257965822, 'momentum': 0.31198633901865885, 'weight_decay': 0.08955720832337352, 'num_layers': 3, 'max_units': 220, 'dropout': 0.5823833100798416}}, {'number': 1702, 'params': {'batch_size': 174, 'learning_rate': 0.0001835977244479591, 'momentum': 0.7017539617912516, 'weight_decay': 0.04569900718088276, 'num_layers': 1, 'max_units': 117, 'dropout': 0.5946049095421762}}, {'number': 1703, 'params': {'batch_size': 406, 'learning_rate': 0.00038998981542236996, 'momentum': 0.3430854166865951, 'weight_decay': 0.020102234966418314, 'num_layers': 1, 'max_units': 548, 'dropout': 0.8825319800507081}}, {'number': 1704, 'params': {'batch_size': 197, 'learning_rate': 0.0005799676403725881, 'momentum': 0.17757183526757844, 'weight_decay': 0.0427749032292111, 'num_layers': 3, 'max_units': 544, 'dropout': 0.5002849274804415}}, {'number': 1705, 'params': {'batch_size': 124, 'learning_rate': 0.022743909749492003, 'momentum': 0.525039460715295, 'weight_decay': 0.054555793735055196, 'num_layers': 4, 'max_units': 110, 'dropout': 0.3947969032538704}}, {'number': 1706, 'params': {'batch_size': 286, 'learning_rate': 0.00027588267584628483, 'momentum': 0.44196610636556066, 'weight_decay': 0.04896832533480288, 'num_layers': 3, 'max_units': 191, 'dropout': 0.9760414052848961}}, {'number': 1707, 'params': {'batch_size': 28, 'learning_rate': 0.000491952776745487, 'momentum': 0.6629221198386649, 'weight_decay': 0.051925790097721525, 'num_layers': 4, 'max_units': 179, 'dropout': 0.4207595200907581}}, {'number': 1708, 'params': {'batch_size': 147, 'learning_rate': 0.00029004501816830037, 'momentum': 0.19583171893935666, 'weight_decay': 0.09441365014386852, 'num_layers': 3, 'max_units': 641, 'dropout': 0.1192598111481874}}, {'number': 1709, 'params': {'batch_size': 65, 'learning_rate': 0.005005234454422996, 'momentum': 0.6582460224355267, 'weight_decay': 0.048291091967072666, 'num_layers': 4, 'max_units': 649, 'dropout': 0.008212210965328537}}, {'number': 1710, 'params': {'batch_size': 18, 'learning_rate': 0.0047713526760119794, 'momentum': 0.2131051538569149, 'weight_decay': 0.07368758787872687, 'num_layers': 4, 'max_units': 71, 'dropout': 0.3082334180349988}}, {'number': 1711, 'params': {'batch_size': 390, 'learning_rate': 0.09291548644977221, 'momentum': 0.10083877638553862, 'weight_decay': 0.04353844706777582, 'num_layers': 1, 'max_units': 424, 'dropout': 0.8592884893572144}}, {'number': 1712, 'params': {'batch_size': 102, 'learning_rate': 0.0051420971210043775, 'momentum': 0.26353185423037306, 'weight_decay': 0.09709513145248194, 'num_layers': 1, 'max_units': 68, 'dropout': 0.9675142506064647}}, {'number': 1713, 'params': {'batch_size': 72, 'learning_rate': 0.00015278485037560017, 'momentum': 0.2303530488775961, 'weight_decay': 0.08069194436413309, 'num_layers': 2, 'max_units': 113, 'dropout': 0.001366841190672985}}, {'number': 1714, 'params': {'batch_size': 17, 'learning_rate': 0.0009281722043722158, 'momentum': 0.44987297966123213, 'weight_decay': 0.029256675958296625, 'num_layers': 1, 'max_units': 591, 'dropout': 0.9300592464203333}}, {'number': 1715, 'params': {'batch_size': 18, 'learning_rate': 0.0008356717761118912, 'momentum': 0.11384036117960983, 'weight_decay': 0.09449617126926899, 'num_layers': 4, 'max_units': 526, 'dropout': 0.37158601556512927}}, {'number': 1716, 'params': {'batch_size': 253, 'learning_rate': 0.0004404035555766951, 'momentum': 0.3636051821519679, 'weight_decay': 0.07641066292086408, 'num_layers': 1, 'max_units': 807, 'dropout': 0.729719018364643}}, {'number': 1717, 'params': {'batch_size': 46, 'learning_rate': 0.00018770542296310915, 'momentum': 0.2050445176664494, 'weight_decay': 0.09162169590298569, 'num_layers': 1, 'max_units': 428, 'dropout': 0.588842541921058}}, {'number': 1718, 'params': {'batch_size': 217, 'learning_rate': 0.01643242018679855, 'momentum': 0.18441419267864761, 'weight_decay': 0.0610617434447283, 'num_layers': 2, 'max_units': 186, 'dropout': 0.9585669535957945}}, {'number': 1719, 'params': {'batch_size': 231, 'learning_rate': 0.0003359786688876428, 'momentum': 0.10891612001260625, 'weight_decay': 0.0912323754430165, 'num_layers': 2, 'max_units': 97, 'dropout': 0.2007155952505294}}, {'number': 1720, 'params': {'batch_size': 26, 'learning_rate': 0.0008137080492997361, 'momentum': 0.11919341229964932, 'weight_decay': 0.048469881367595245, 'num_layers': 1, 'max_units': 131, 'dropout': 0.72107935961514}}, {'number': 1721, 'params': {'batch_size': 34, 'learning_rate': 0.0001515887267193052, 'momentum': 0.1072036294924243, 'weight_decay': 0.021384761099081103, 'num_layers': 3, 'max_units': 556, 'dropout': 0.35155063582169355}}, {'number': 1722, 'params': {'batch_size': 39, 'learning_rate': 0.00020620701271433886, 'momentum': 0.1111394486406088, 'weight_decay': 0.027290543848829632, 'num_layers': 2, 'max_units': 206, 'dropout': 0.0846472266978614}}, {'number': 1723, 'params': {'batch_size': 65, 'learning_rate': 0.00023925024877468, 'momentum': 0.9003298429497734, 'weight_decay': 0.03488175564345042, 'num_layers': 2, 'max_units': 337, 'dropout': 0.750116455306028}}, {'number': 1724, 'params': {'batch_size': 150, 'learning_rate': 0.0004054736979696958, 'momentum': 0.25351562225710705, 'weight_decay': 0.02293337423833631, 'num_layers': 3, 'max_units': 216, 'dropout': 0.6782018996578125}}, {'number': 1725, 'params': {'batch_size': 28, 'learning_rate': 0.012304789849947552, 'momentum': 0.323561891359881, 'weight_decay': 0.02848438418081343, 'num_layers': 3, 'max_units': 147, 'dropout': 0.5610536358738664}}, {'number': 1726, 'params': {'batch_size': 405, 'learning_rate': 0.0002142916770459862, 'momentum': 0.5928612482106652, 'weight_decay': 0.07870324700212084, 'num_layers': 3, 'max_units': 85, 'dropout': 0.39601039536910243}}, {'number': 1727, 'params': {'batch_size': 27, 'learning_rate': 0.005618954885883781, 'momentum': 0.13683816072623273, 'weight_decay': 0.07569710996083917, 'num_layers': 1, 'max_units': 149, 'dropout': 0.9472205194029273}}, {'number': 1728, 'params': {'batch_size': 39, 'learning_rate': 0.008434032260135694, 'momentum': 0.32824913146607604, 'weight_decay': 0.061131267340357925, 'num_layers': 1, 'max_units': 542, 'dropout': 0.3901477773483475}}, {'number': 1729, 'params': {'batch_size': 17, 'learning_rate': 0.0003740541567375205, 'momentum': 0.11556088154197731, 'weight_decay': 0.006231036526883743, 'num_layers': 1, 'max_units': 180, 'dropout': 0.4441679842779622}}, {'number': 1730, 'params': {'batch_size': 285, 'learning_rate': 0.008798328917545966, 'momentum': 0.2523732564761012, 'weight_decay': 0.04375262797595569, 'num_layers': 4, 'max_units': 127, 'dropout': 0.41940186045782046}}, {'number': 1731, 'params': {'batch_size': 106, 'learning_rate': 0.0035713836301578157, 'momentum': 0.11515577221269183, 'weight_decay': 0.04542950923900942, 'num_layers': 2, 'max_units': 82, 'dropout': 0.7560878414778793}}, {'number': 1732, 'params': {'batch_size': 75, 'learning_rate': 0.003790917019057404, 'momentum': 0.39561703149004984, 'weight_decay': 0.04060940884192469, 'num_layers': 2, 'max_units': 750, 'dropout': 0.7243027720235873}}, {'number': 1733, 'params': {'batch_size': 162, 'learning_rate': 0.01690271012265642, 'momentum': 0.27086709649508495, 'weight_decay': 0.03450788706520617, 'num_layers': 1, 'max_units': 492, 'dropout': 0.2732890697172914}}, {'number': 1734, 'params': {'batch_size': 27, 'learning_rate': 0.01279521962652287, 'momentum': 0.13594004288949238, 'weight_decay': 0.017452098873998033, 'num_layers': 2, 'max_units': 693, 'dropout': 0.45394505330456647}}, {'number': 1735, 'params': {'batch_size': 148, 'learning_rate': 0.00023864928692846386, 'momentum': 0.566022377550366, 'weight_decay': 0.06598193017546933, 'num_layers': 4, 'max_units': 204, 'dropout': 0.25468214666281863}}, {'number': 1736, 'params': {'batch_size': 260, 'learning_rate': 0.021616195520642298, 'momentum': 0.539737092945245, 'weight_decay': 0.08100960492620243, 'num_layers': 1, 'max_units': 197, 'dropout': 0.5327903086289671}}, {'number': 1737, 'params': {'batch_size': 170, 'learning_rate': 0.001544754191800713, 'momentum': 0.3232404507691297, 'weight_decay': 0.07810006004842891, 'num_layers': 1, 'max_units': 562, 'dropout': 0.6884030156265046}}, {'number': 1738, 'params': {'batch_size': 122, 'learning_rate': 0.05573597955920173, 'momentum': 0.8329134320207559, 'weight_decay': 0.005531562513474064, 'num_layers': 4, 'max_units': 169, 'dropout': 0.014801349516775142}}, {'number': 1739, 'params': {'batch_size': 17, 'learning_rate': 0.003046374677908613, 'momentum': 0.1369287272484286, 'weight_decay': 0.07841623914317783, 'num_layers': 3, 'max_units': 77, 'dropout': 0.5992297447775652}}, {'number': 1740, 'params': {'batch_size': 89, 'learning_rate': 0.012067052443781142, 'momentum': 0.27515698645140174, 'weight_decay': 0.09140596695344771, 'num_layers': 4, 'max_units': 167, 'dropout': 0.33017515987878476}}, {'number': 1741, 'params': {'batch_size': 299, 'learning_rate': 0.004812879030422639, 'momentum': 0.3220530557458552, 'weight_decay': 0.0970766816997462, 'num_layers': 3, 'max_units': 78, 'dropout': 0.7519216513426885}}, {'number': 1742, 'params': {'batch_size': 234, 'learning_rate': 0.00035264142297672857, 'momentum': 0.4628533917391005, 'weight_decay': 0.011183420794784961, 'num_layers': 1, 'max_units': 235, 'dropout': 0.5786339476519583}}, {'number': 1743, 'params': {'batch_size': 22, 'learning_rate': 0.00538228099531298, 'momentum': 0.7553877338026251, 'weight_decay': 0.08019178775133334, 'num_layers': 1, 'max_units': 97, 'dropout': 0.6424447542803917}}, {'number': 1744, 'params': {'batch_size': 46, 'learning_rate': 0.0022792430911582552, 'momentum': 0.17987779497510878, 'weight_decay': 0.08886183127671564, 'num_layers': 4, 'max_units': 140, 'dropout': 0.7791578464810334}}, {'number': 1745, 'params': {'batch_size': 78, 'learning_rate': 0.000789827056930533, 'momentum': 0.5785878475936073, 'weight_decay': 0.06342144946153577, 'num_layers': 2, 'max_units': 64, 'dropout': 0.2980915062616041}}, {'number': 1746, 'params': {'batch_size': 240, 'learning_rate': 0.003225447844892206, 'momentum': 0.24931404401075233, 'weight_decay': 0.05904276708942308, 'num_layers': 3, 'max_units': 108, 'dropout': 0.46473777504822855}}, {'number': 1747, 'params': {'batch_size': 90, 'learning_rate': 0.0025056674992304075, 'momentum': 0.29747445916647103, 'weight_decay': 0.05871973288122606, 'num_layers': 2, 'max_units': 178, 'dropout': 0.9658884119509853}}, {'number': 1748, 'params': {'batch_size': 18, 'learning_rate': 0.013448028595601904, 'momentum': 0.13898129232616666, 'weight_decay': 0.034102278758556495, 'num_layers': 2, 'max_units': 468, 'dropout': 0.9065575337455674}}, {'number': 1749, 'params': {'batch_size': 90, 'learning_rate': 0.0019310804449209327, 'momentum': 0.19587769862840038, 'weight_decay': 0.00092567952445703, 'num_layers': 1, 'max_units': 599, 'dropout': 0.06878475410639728}}, {'number': 1750, 'params': {'batch_size': 242, 'learning_rate': 0.0024151881970339096, 'momentum': 0.1307845150497314, 'weight_decay': 0.06211316569551413, 'num_layers': 2, 'max_units': 137, 'dropout': 0.6614941906753535}}, {'number': 1751, 'params': {'batch_size': 18, 'learning_rate': 0.0017330099130422778, 'momentum': 0.16831845309845103, 'weight_decay': 0.045813646647311065, 'num_layers': 3, 'max_units': 164, 'dropout': 0.40135042704351565}}, {'number': 1752, 'params': {'batch_size': 383, 'learning_rate': 0.00019200981391348092, 'momentum': 0.50742596710465, 'weight_decay': 0.09537844580228126, 'num_layers': 2, 'max_units': 530, 'dropout': 0.49995004869569726}}, {'number': 1753, 'params': {'batch_size': 433, 'learning_rate': 0.002127384073159754, 'momentum': 0.7735509453145294, 'weight_decay': 0.09371686947283817, 'num_layers': 1, 'max_units': 118, 'dropout': 0.6934829032118242}}, {'number': 1754, 'params': {'batch_size': 34, 'learning_rate': 0.013077456917869193, 'momentum': 0.17734052401773515, 'weight_decay': 0.06833106457444343, 'num_layers': 4, 'max_units': 288, 'dropout': 0.18771012898964767}}, {'number': 1755, 'params': {'batch_size': 220, 'learning_rate': 0.0005285150608556767, 'momentum': 0.1304243798032573, 'weight_decay': 0.005739148255991004, 'num_layers': 3, 'max_units': 313, 'dropout': 0.10006885443784441}}, {'number': 1756, 'params': {'batch_size': 41, 'learning_rate': 0.013595460326240278, 'momentum': 0.13125860094344283, 'weight_decay': 0.04632938933200167, 'num_layers': 3, 'max_units': 92, 'dropout': 0.5764651200313339}}, {'number': 1757, 'params': {'batch_size': 137, 'learning_rate': 0.0003843352454137501, 'momentum': 0.10807452935882178, 'weight_decay': 0.01791107541281579, 'num_layers': 2, 'max_units': 903, 'dropout': 0.37702232084873666}}, {'number': 1758, 'params': {'batch_size': 50, 'learning_rate': 0.0033665315961169005, 'momentum': 0.22790453512392617, 'weight_decay': 0.0371135100536697, 'num_layers': 3, 'max_units': 982, 'dropout': 0.3831929680023406}}, {'number': 1759, 'params': {'batch_size': 29, 'learning_rate': 0.0005948115986712902, 'momentum': 0.4511995050257555, 'weight_decay': 0.07823618851086458, 'num_layers': 1, 'max_units': 260, 'dropout': 0.8978614402206654}}, {'number': 1760, 'params': {'batch_size': 224, 'learning_rate': 0.020529791629818352, 'momentum': 0.3499277184107272, 'weight_decay': 0.07638972013370449, 'num_layers': 4, 'max_units': 127, 'dropout': 0.41906832335489475}}, {'number': 1761, 'params': {'batch_size': 17, 'learning_rate': 0.00024197155160646922, 'momentum': 0.7547678642556673, 'weight_decay': 0.023686634583124044, 'num_layers': 1, 'max_units': 284, 'dropout': 0.4692529194716891}}, {'number': 1762, 'params': {'batch_size': 149, 'learning_rate': 0.00033428618928340155, 'momentum': 0.5399487389608707, 'weight_decay': 0.07446684613232925, 'num_layers': 3, 'max_units': 197, 'dropout': 0.39375340845967266}}, {'number': 1763, 'params': {'batch_size': 175, 'learning_rate': 0.002480196185555757, 'momentum': 0.7678183288700363, 'weight_decay': 0.09928709819069592, 'num_layers': 1, 'max_units': 83, 'dropout': 0.5190129396089959}}, {'number': 1764, 'params': {'batch_size': 39, 'learning_rate': 0.00011083469220689014, 'momentum': 0.9726115539495527, 'weight_decay': 0.03223388500035456, 'num_layers': 3, 'max_units': 695, 'dropout': 0.7357300439681899}}, {'number': 1765, 'params': {'batch_size': 25, 'learning_rate': 0.0029742580579881278, 'momentum': 0.18399049623795516, 'weight_decay': 0.03646759126447917, 'num_layers': 1, 'max_units': 154, 'dropout': 0.6921042786170974}}, {'number': 1766, 'params': {'batch_size': 20, 'learning_rate': 0.004930608219618206, 'momentum': 0.37373799578892863, 'weight_decay': 0.07283381504157498, 'num_layers': 4, 'max_units': 517, 'dropout': 0.39254696499213826}}, {'number': 1767, 'params': {'batch_size': 121, 'learning_rate': 0.006005857204810218, 'momentum': 0.4716643660589038, 'weight_decay': 0.019031374401698862, 'num_layers': 2, 'max_units': 697, 'dropout': 0.17808938448771772}}, {'number': 1768, 'params': {'batch_size': 270, 'learning_rate': 0.00036683052398084386, 'momentum': 0.8302439593629657, 'weight_decay': 0.016450794342585277, 'num_layers': 3, 'max_units': 269, 'dropout': 0.8496163928191988}}, {'number': 1769, 'params': {'batch_size': 110, 'learning_rate': 0.0005487035862371078, 'momentum': 0.8196436950920073, 'weight_decay': 0.07485560964469846, 'num_layers': 3, 'max_units': 256, 'dropout': 0.4778111149965649}}, {'number': 1770, 'params': {'batch_size': 204, 'learning_rate': 0.00023397649560069313, 'momentum': 0.5074331369571826, 'weight_decay': 0.06752530220004707, 'num_layers': 1, 'max_units': 153, 'dropout': 0.2460215616293968}}, {'number': 1771, 'params': {'batch_size': 21, 'learning_rate': 0.0055800921601151104, 'momentum': 0.12289579489358164, 'weight_decay': 0.09534765435668915, 'num_layers': 4, 'max_units': 387, 'dropout': 0.7314229951601742}}, {'number': 1772, 'params': {'batch_size': 77, 'learning_rate': 0.009412380573292495, 'momentum': 0.1878281328091966, 'weight_decay': 0.09288554706325314, 'num_layers': 4, 'max_units': 243, 'dropout': 0.5178332710369489}}, {'number': 1773, 'params': {'batch_size': 70, 'learning_rate': 0.03646284106580453, 'momentum': 0.46061705698204575, 'weight_decay': 0.039420581802576696, 'num_layers': 1, 'max_units': 158, 'dropout': 0.5142247178694204}}, {'number': 1774, 'params': {'batch_size': 17, 'learning_rate': 0.038210532516792226, 'momentum': 0.5098503599686998, 'weight_decay': 0.01680667373665115, 'num_layers': 1, 'max_units': 624, 'dropout': 0.7809021210160061}}, {'number': 1775, 'params': {'batch_size': 25, 'learning_rate': 0.005635553456011973, 'momentum': 0.3519908129436226, 'weight_decay': 0.044735999807031614, 'num_layers': 3, 'max_units': 242, 'dropout': 0.3960903400849576}}, {'number': 1776, 'params': {'batch_size': 18, 'learning_rate': 0.00022761048622014905, 'momentum': 0.10886418396278155, 'weight_decay': 0.0028700985802604063, 'num_layers': 4, 'max_units': 170, 'dropout': 0.8931411670097569}}, {'number': 1777, 'params': {'batch_size': 27, 'learning_rate': 0.00023429648643479695, 'momentum': 0.8112906033199302, 'weight_decay': 0.09377392621560822, 'num_layers': 1, 'max_units': 318, 'dropout': 0.19639621356798076}}, {'number': 1778, 'params': {'batch_size': 31, 'learning_rate': 0.0010155760298557483, 'momentum': 0.19978117170274506, 'weight_decay': 0.05323527465683587, 'num_layers': 1, 'max_units': 596, 'dropout': 0.34521109986429044}}, {'number': 1779, 'params': {'batch_size': 178, 'learning_rate': 0.0005903343979484832, 'momentum': 0.9076817846706988, 'weight_decay': 0.04726309308581895, 'num_layers': 3, 'max_units': 165, 'dropout': 0.8797613246384537}}, {'number': 1780, 'params': {'batch_size': 22, 'learning_rate': 0.06142704006424176, 'momentum': 0.5181127303429204, 'weight_decay': 0.0937363335327828, 'num_layers': 4, 'max_units': 678, 'dropout': 0.34892405822638684}}, {'number': 1781, 'params': {'batch_size': 16, 'learning_rate': 0.0002965542320056505, 'momentum': 0.7157889567405687, 'weight_decay': 0.01283234223132258, 'num_layers': 3, 'max_units': 634, 'dropout': 0.34244271530765646}}, {'number': 1782, 'params': {'batch_size': 69, 'learning_rate': 0.0002224539965238232, 'momentum': 0.3918172668618954, 'weight_decay': 0.01969853764107754, 'num_layers': 2, 'max_units': 188, 'dropout': 0.33198814022389633}}, {'number': 1783, 'params': {'batch_size': 278, 'learning_rate': 0.025851485744728144, 'momentum': 0.10159780600511222, 'weight_decay': 0.08638729789379507, 'num_layers': 1, 'max_units': 96, 'dropout': 0.5342588045284152}}, {'number': 1784, 'params': {'batch_size': 48, 'learning_rate': 0.004445517941314165, 'momentum': 0.7265213463505056, 'weight_decay': 0.05575466571537243, 'num_layers': 1, 'max_units': 134, 'dropout': 0.8170641229112874}}, {'number': 1785, 'params': {'batch_size': 198, 'learning_rate': 0.028748507451453822, 'momentum': 0.2672626997140273, 'weight_decay': 0.05285592988140422, 'num_layers': 4, 'max_units': 123, 'dropout': 0.16970868261358463}}, {'number': 1786, 'params': {'batch_size': 21, 'learning_rate': 0.00026982228778760887, 'momentum': 0.6665264418426955, 'weight_decay': 0.09229695547617209, 'num_layers': 2, 'max_units': 193, 'dropout': 0.5124296890429931}}, {'number': 1787, 'params': {'batch_size': 56, 'learning_rate': 0.015116937212351507, 'momentum': 0.43775335493642703, 'weight_decay': 0.04935010222739999, 'num_layers': 1, 'max_units': 797, 'dropout': 0.3974882796300925}}, {'number': 1788, 'params': {'batch_size': 27, 'learning_rate': 0.009241452853088193, 'momentum': 0.23759437751750223, 'weight_decay': 0.02393524854036388, 'num_layers': 1, 'max_units': 556, 'dropout': 0.7647395407732068}}, {'number': 1789, 'params': {'batch_size': 305, 'learning_rate': 0.05546431196147668, 'momentum': 0.11725466315850498, 'weight_decay': 0.05583717897430718, 'num_layers': 2, 'max_units': 207, 'dropout': 0.03266985867792116}}, {'number': 1790, 'params': {'batch_size': 20, 'learning_rate': 0.00016170260350850034, 'momentum': 0.7574327681087963, 'weight_decay': 0.09068278930611166, 'num_layers': 1, 'max_units': 612, 'dropout': 0.7393737556237073}}, {'number': 1791, 'params': {'batch_size': 51, 'learning_rate': 0.00010325759432404766, 'momentum': 0.3407437594850868, 'weight_decay': 0.03526317044653212, 'num_layers': 4, 'max_units': 222, 'dropout': 0.6569263661373466}}, {'number': 1792, 'params': {'batch_size': 73, 'learning_rate': 0.00022067012191432305, 'momentum': 0.47492716271360147, 'weight_decay': 0.09493858552313976, 'num_layers': 1, 'max_units': 568, 'dropout': 0.26530845884460985}}, {'number': 1793, 'params': {'batch_size': 185, 'learning_rate': 0.00012602173242282013, 'momentum': 0.7449543496479231, 'weight_decay': 0.06693258689980622, 'num_layers': 3, 'max_units': 67, 'dropout': 0.039621243207622614}}, {'number': 1794, 'params': {'batch_size': 42, 'learning_rate': 0.0010482020995503205, 'momentum': 0.22816758447635455, 'weight_decay': 0.06328250133180868, 'num_layers': 2, 'max_units': 78, 'dropout': 0.49994970392219806}}, {'number': 1795, 'params': {'batch_size': 231, 'learning_rate': 0.0006379499666786067, 'momentum': 0.11901903116530019, 'weight_decay': 0.08091581975477422, 'num_layers': 1, 'max_units': 82, 'dropout': 0.9742029480157104}}, {'number': 1796, 'params': {'batch_size': 22, 'learning_rate': 0.005541521882119458, 'momentum': 0.7206118470424369, 'weight_decay': 0.03259745249439059, 'num_layers': 1, 'max_units': 99, 'dropout': 0.8783910750194589}}, {'number': 1797, 'params': {'batch_size': 61, 'learning_rate': 0.00250005080823968, 'momentum': 0.27575336211472307, 'weight_decay': 0.01118151486361446, 'num_layers': 1, 'max_units': 114, 'dropout': 0.937842131393605}}, {'number': 1798, 'params': {'batch_size': 69, 'learning_rate': 0.0002709799853350428, 'momentum': 0.7707992064681386, 'weight_decay': 0.014897282726136996, 'num_layers': 1, 'max_units': 360, 'dropout': 0.7935830043514747}}, {'number': 1799, 'params': {'batch_size': 445, 'learning_rate': 0.0012844487683841522, 'momentum': 0.19590163884789014, 'weight_decay': 0.03719098525179137, 'num_layers': 4, 'max_units': 409, 'dropout': 0.0361570151169186}}, {'number': 1800, 'params': {'batch_size': 367, 'learning_rate': 0.000421439543173205, 'momentum': 0.600216019821774, 'weight_decay': 0.0416196682637493, 'num_layers': 2, 'max_units': 329, 'dropout': 0.8081536000498708}}, {'number': 1801, 'params': {'batch_size': 325, 'learning_rate': 0.0009919028576279713, 'momentum': 0.7273334501298002, 'weight_decay': 0.010160169181668805, 'num_layers': 4, 'max_units': 89, 'dropout': 0.12355218923357902}}, {'number': 1802, 'params': {'batch_size': 77, 'learning_rate': 0.03391412124322522, 'momentum': 0.4725248234321259, 'weight_decay': 0.06328392392966564, 'num_layers': 3, 'max_units': 90, 'dropout': 0.2027367959530746}}, {'number': 1803, 'params': {'batch_size': 354, 'learning_rate': 0.0023046996003363214, 'momentum': 0.1951044115620759, 'weight_decay': 0.07208176252607708, 'num_layers': 2, 'max_units': 455, 'dropout': 0.21204060463901309}}, {'number': 1804, 'params': {'batch_size': 112, 'learning_rate': 0.00016429078062289964, 'momentum': 0.3099932111533989, 'weight_decay': 0.036132185001850725, 'num_layers': 3, 'max_units': 485, 'dropout': 0.009220805484168482}}, {'number': 1805, 'params': {'batch_size': 370, 'learning_rate': 0.009262542056043401, 'momentum': 0.2088422953976617, 'weight_decay': 0.03811062237752602, 'num_layers': 2, 'max_units': 401, 'dropout': 0.8144881214934229}}, {'number': 1806, 'params': {'batch_size': 69, 'learning_rate': 0.008018453646315798, 'momentum': 0.6567232489560658, 'weight_decay': 0.06186756670604273, 'num_layers': 3, 'max_units': 198, 'dropout': 0.6385633530520428}}, {'number': 1807, 'params': {'batch_size': 197, 'learning_rate': 0.000392108584234392, 'momentum': 0.5674021013840157, 'weight_decay': 0.09029477779537196, 'num_layers': 2, 'max_units': 738, 'dropout': 0.702608430219484}}, {'number': 1808, 'params': {'batch_size': 118, 'learning_rate': 0.0032690232716168772, 'momentum': 0.7079612016770739, 'weight_decay': 0.09261727181035273, 'num_layers': 3, 'max_units': 906, 'dropout': 0.15595128904597266}}, {'number': 1809, 'params': {'batch_size': 43, 'learning_rate': 0.08603330347192537, 'momentum': 0.7264933018205417, 'weight_decay': 0.04591096032153114, 'num_layers': 1, 'max_units': 288, 'dropout': 0.8368478444140172}}, {'number': 1810, 'params': {'batch_size': 147, 'learning_rate': 0.014686993921469091, 'momentum': 0.17403686064293813, 'weight_decay': 0.07268382009835704, 'num_layers': 4, 'max_units': 97, 'dropout': 0.08493612749307655}}, {'number': 1811, 'params': {'batch_size': 419, 'learning_rate': 0.0001722564887676597, 'momentum': 0.21079563058417156, 'weight_decay': 0.02937189905926176, 'num_layers': 2, 'max_units': 585, 'dropout': 0.7691031711012881}}, {'number': 1812, 'params': {'batch_size': 55, 'learning_rate': 0.00010010296604187056, 'momentum': 0.49564906270973, 'weight_decay': 0.024043320004181218, 'num_layers': 4, 'max_units': 137, 'dropout': 0.2318028510959843}}, {'number': 1813, 'params': {'batch_size': 23, 'learning_rate': 0.0003619270349142964, 'momentum': 0.17728459747124123, 'weight_decay': 0.058576961834725466, 'num_layers': 2, 'max_units': 501, 'dropout': 0.8280652982182293}}, {'number': 1814, 'params': {'batch_size': 98, 'learning_rate': 0.024739207694374172, 'momentum': 0.8421953443328716, 'weight_decay': 0.07368693945049973, 'num_layers': 1, 'max_units': 666, 'dropout': 0.849270632428379}}, {'number': 1815, 'params': {'batch_size': 44, 'learning_rate': 0.05588493874284171, 'momentum': 0.41521034482991287, 'weight_decay': 0.07467003548239767, 'num_layers': 4, 'max_units': 261, 'dropout': 0.24538487942144793}}, {'number': 1816, 'params': {'batch_size': 119, 'learning_rate': 0.003831360315466014, 'momentum': 0.22925819308210071, 'weight_decay': 0.09861903855871232, 'num_layers': 1, 'max_units': 90, 'dropout': 0.615111536613424}}, {'number': 1817, 'params': {'batch_size': 120, 'learning_rate': 0.005911605660747868, 'momentum': 0.18000803420463263, 'weight_decay': 0.03496064349662123, 'num_layers': 1, 'max_units': 104, 'dropout': 0.18275944354680984}}, {'number': 1818, 'params': {'batch_size': 31, 'learning_rate': 0.00018544482445462105, 'momentum': 0.8257714244967769, 'weight_decay': 0.020147431173285116, 'num_layers': 3, 'max_units': 401, 'dropout': 0.8280315310104641}}, {'number': 1819, 'params': {'batch_size': 22, 'learning_rate': 0.005812483826069798, 'momentum': 0.10457242886791458, 'weight_decay': 0.029453376944615063, 'num_layers': 2, 'max_units': 734, 'dropout': 0.855632105151176}}, {'number': 1820, 'params': {'batch_size': 120, 'learning_rate': 0.0018335886664914227, 'momentum': 0.34662142835881066, 'weight_decay': 0.046997782805680614, 'num_layers': 1, 'max_units': 169, 'dropout': 0.92551096960369}}, {'number': 1821, 'params': {'batch_size': 45, 'learning_rate': 0.00040240418195683136, 'momentum': 0.588037156854379, 'weight_decay': 0.044860538262848096, 'num_layers': 4, 'max_units': 280, 'dropout': 0.28067779388578673}}, {'number': 1822, 'params': {'batch_size': 24, 'learning_rate': 0.0016842653925869323, 'momentum': 0.11842666220920745, 'weight_decay': 0.076946919032543, 'num_layers': 2, 'max_units': 67, 'dropout': 0.31943329804830267}}, {'number': 1823, 'params': {'batch_size': 26, 'learning_rate': 0.036288645584111885, 'momentum': 0.3792938594224519, 'weight_decay': 0.06642308244922862, 'num_layers': 1, 'max_units': 142, 'dropout': 0.24262007237749694}}, {'number': 1824, 'params': {'batch_size': 100, 'learning_rate': 0.037193022061996574, 'momentum': 0.3569361409907728, 'weight_decay': 0.06745056937832938, 'num_layers': 3, 'max_units': 185, 'dropout': 0.5860050502059262}}, {'number': 1825, 'params': {'batch_size': 335, 'learning_rate': 0.0197231956321426, 'momentum': 0.2540349329670905, 'weight_decay': 0.05841136440551194, 'num_layers': 3, 'max_units': 257, 'dropout': 0.514088321441629}}, {'number': 1826, 'params': {'batch_size': 36, 'learning_rate': 0.004168644699809047, 'momentum': 0.38258900913532673, 'weight_decay': 0.011117496747133039, 'num_layers': 2, 'max_units': 953, 'dropout': 0.3548361808996473}}, {'number': 1827, 'params': {'batch_size': 26, 'learning_rate': 0.00030560174190665137, 'momentum': 0.6928928115301541, 'weight_decay': 0.05074618337649134, 'num_layers': 1, 'max_units': 230, 'dropout': 0.9928136525480034}}, {'number': 1828, 'params': {'batch_size': 40, 'learning_rate': 0.00022115220211355987, 'momentum': 0.1691230747363121, 'weight_decay': 0.04008789206399016, 'num_layers': 1, 'max_units': 120, 'dropout': 0.5327566973372944}}, {'number': 1829, 'params': {'batch_size': 53, 'learning_rate': 0.012250305491305236, 'momentum': 0.4167449762381683, 'weight_decay': 0.056555785431855556, 'num_layers': 4, 'max_units': 394, 'dropout': 0.223849211937046}}, {'number': 1830, 'params': {'batch_size': 31, 'learning_rate': 0.001726921149340266, 'momentum': 0.8906213797997189, 'weight_decay': 0.08229596859561694, 'num_layers': 2, 'max_units': 225, 'dropout': 0.8939848811906124}}, {'number': 1831, 'params': {'batch_size': 43, 'learning_rate': 0.0029098089660052097, 'momentum': 0.10701808482456217, 'weight_decay': 0.0839954613930166, 'num_layers': 4, 'max_units': 668, 'dropout': 0.3232616138361891}}, {'number': 1832, 'params': {'batch_size': 67, 'learning_rate': 0.0027512809552966877, 'momentum': 0.17358235269749472, 'weight_decay': 0.0693782324161997, 'num_layers': 4, 'max_units': 70, 'dropout': 0.0071104821247042205}}, {'number': 1833, 'params': {'batch_size': 60, 'learning_rate': 0.00020638344520542795, 'momentum': 0.216990471306546, 'weight_decay': 0.05377457286827429, 'num_layers': 1, 'max_units': 193, 'dropout': 0.23888070771730907}}, {'number': 1834, 'params': {'batch_size': 26, 'learning_rate': 0.005629123188283501, 'momentum': 0.15058118629299927, 'weight_decay': 0.072586050326229, 'num_layers': 2, 'max_units': 65, 'dropout': 0.36353599892700683}}, {'number': 1835, 'params': {'batch_size': 106, 'learning_rate': 0.0013570904121361406, 'momentum': 0.3872258734258829, 'weight_decay': 0.04077277588887732, 'num_layers': 3, 'max_units': 995, 'dropout': 0.22320594717300002}}, {'number': 1836, 'params': {'batch_size': 21, 'learning_rate': 0.08120830488334721, 'momentum': 0.5022806770187696, 'weight_decay': 0.09469737985511081, 'num_layers': 1, 'max_units': 67, 'dropout': 0.8158392143328516}}, {'number': 1837, 'params': {'batch_size': 435, 'learning_rate': 0.005953673192656239, 'momentum': 0.20159127955037115, 'weight_decay': 0.02492335537418513, 'num_layers': 1, 'max_units': 361, 'dropout': 0.21888819458106323}}, {'number': 1838, 'params': {'batch_size': 53, 'learning_rate': 0.00841423415631611, 'momentum': 0.4884528134486638, 'weight_decay': 0.008089531076287822, 'num_layers': 1, 'max_units': 612, 'dropout': 0.426785196956739}}, {'number': 1839, 'params': {'batch_size': 74, 'learning_rate': 0.01964117092937623, 'momentum': 0.5155868298879153, 'weight_decay': 0.06969884976528021, 'num_layers': 3, 'max_units': 118, 'dropout': 0.029618942756410194}}, {'number': 1840, 'params': {'batch_size': 335, 'learning_rate': 0.05633080221229056, 'momentum': 0.19142495695346895, 'weight_decay': 0.07631074034455697, 'num_layers': 3, 'max_units': 96, 'dropout': 0.2564689605323548}}, {'number': 1841, 'params': {'batch_size': 71, 'learning_rate': 0.013388236664107076, 'momentum': 0.8878168985339636, 'weight_decay': 0.04808983922443114, 'num_layers': 4, 'max_units': 147, 'dropout': 0.47975016051063424}}, {'number': 1842, 'params': {'batch_size': 166, 'learning_rate': 0.00014638326487743383, 'momentum': 0.44493847450005347, 'weight_decay': 0.09327718163949984, 'num_layers': 2, 'max_units': 107, 'dropout': 0.9617388973203156}}, {'number': 1843, 'params': {'batch_size': 65, 'learning_rate': 0.0013395579723042231, 'momentum': 0.13134549936467615, 'weight_decay': 0.007114392579059, 'num_layers': 1, 'max_units': 176, 'dropout': 0.9928621252282612}}, {'number': 1844, 'params': {'batch_size': 228, 'learning_rate': 0.00010225962630933611, 'momentum': 0.1911619048254889, 'weight_decay': 0.025708257219626898, 'num_layers': 1, 'max_units': 454, 'dropout': 0.08564930023815831}}, {'number': 1845, 'params': {'batch_size': 117, 'learning_rate': 0.01184386296981187, 'momentum': 0.29355151773217586, 'weight_decay': 0.03659283000606535, 'num_layers': 1, 'max_units': 119, 'dropout': 0.9904945316492606}}, {'number': 1846, 'params': {'batch_size': 25, 'learning_rate': 0.013600418997690907, 'momentum': 0.14663681654372407, 'weight_decay': 0.025874671420703963, 'num_layers': 1, 'max_units': 278, 'dropout': 0.12231980022114097}}, {'number': 1847, 'params': {'batch_size': 18, 'learning_rate': 0.048912061364156, 'momentum': 0.12947489937616308, 'weight_decay': 0.030083202030568076, 'num_layers': 1, 'max_units': 390, 'dropout': 0.849532352211549}}, {'number': 1848, 'params': {'batch_size': 323, 'learning_rate': 0.003612948387417365, 'momentum': 0.2528497775670527, 'weight_decay': 0.06764531063695597, 'num_layers': 4, 'max_units': 129, 'dropout': 0.16867561255171726}}, {'number': 1849, 'params': {'batch_size': 163, 'learning_rate': 0.0004962992199685019, 'momentum': 0.10150039431803529, 'weight_decay': 0.007171450605390972, 'num_layers': 2, 'max_units': 125, 'dropout': 0.4088203270584908}}, {'number': 1850, 'params': {'batch_size': 243, 'learning_rate': 0.00039817543911366797, 'momentum': 0.264355535869895, 'weight_decay': 0.02553202132687682, 'num_layers': 3, 'max_units': 79, 'dropout': 0.5050865065136875}}, {'number': 1851, 'params': {'batch_size': 179, 'learning_rate': 0.0006811156269507159, 'momentum': 0.1616273786607253, 'weight_decay': 0.04858101044627506, 'num_layers': 4, 'max_units': 87, 'dropout': 0.2178997812497543}}, {'number': 1852, 'params': {'batch_size': 53, 'learning_rate': 0.0012771104389914972, 'momentum': 0.7764030495451166, 'weight_decay': 0.08567808282511105, 'num_layers': 3, 'max_units': 333, 'dropout': 0.13836716700009444}}, {'number': 1853, 'params': {'batch_size': 96, 'learning_rate': 0.0019519974477602388, 'momentum': 0.14727413485012403, 'weight_decay': 0.008621153964569299, 'num_layers': 3, 'max_units': 154, 'dropout': 0.3697260152596805}}, {'number': 1854, 'params': {'batch_size': 22, 'learning_rate': 0.0012762479365487009, 'momentum': 0.12176024203552066, 'weight_decay': 0.027446066802048145, 'num_layers': 2, 'max_units': 133, 'dropout': 0.25797479231682674}}, {'number': 1855, 'params': {'batch_size': 264, 'learning_rate': 0.0006872755004925555, 'momentum': 0.34082660874140974, 'weight_decay': 0.09657732928498947, 'num_layers': 2, 'max_units': 210, 'dropout': 0.9140286394940018}}, {'number': 1856, 'params': {'batch_size': 30, 'learning_rate': 0.00012909378928586943, 'momentum': 0.25678862957121884, 'weight_decay': 0.046619249255742956, 'num_layers': 1, 'max_units': 225, 'dropout': 0.43286859809566536}}, {'number': 1857, 'params': {'batch_size': 446, 'learning_rate': 0.0007022598551474106, 'momentum': 0.432743140431613, 'weight_decay': 0.04218945270425441, 'num_layers': 2, 'max_units': 307, 'dropout': 0.0457818016740793}}, {'number': 1858, 'params': {'batch_size': 45, 'learning_rate': 0.04077727666844428, 'momentum': 0.6491691981168737, 'weight_decay': 0.030370998216747384, 'num_layers': 1, 'max_units': 351, 'dropout': 0.20665711739958625}}, {'number': 1859, 'params': {'batch_size': 135, 'learning_rate': 0.00010016052125870519, 'momentum': 0.46371942554711243, 'weight_decay': 0.043682929696236224, 'num_layers': 2, 'max_units': 346, 'dropout': 0.6864062158444774}}, {'number': 1860, 'params': {'batch_size': 159, 'learning_rate': 0.0006672261936081042, 'momentum': 0.2973243514053773, 'weight_decay': 0.0013903303174675025, 'num_layers': 4, 'max_units': 238, 'dropout': 0.438962499109551}}, {'number': 1861, 'params': {'batch_size': 101, 'learning_rate': 0.007208551180437092, 'momentum': 0.12368095169357204, 'weight_decay': 0.07273908154262011, 'num_layers': 2, 'max_units': 706, 'dropout': 0.38571863975702303}}, {'number': 1862, 'params': {'batch_size': 26, 'learning_rate': 0.00691714037635922, 'momentum': 0.11090834124715254, 'weight_decay': 0.0419001916631575, 'num_layers': 4, 'max_units': 451, 'dropout': 0.10229417744929026}}, {'number': 1863, 'params': {'batch_size': 18, 'learning_rate': 0.04184296679699642, 'momentum': 0.4954117556944912, 'weight_decay': 0.000811636666609136, 'num_layers': 1, 'max_units': 547, 'dropout': 0.18543969739256416}}, {'number': 1864, 'params': {'batch_size': 270, 'learning_rate': 0.0002468302085738206, 'momentum': 0.1326400517984382, 'weight_decay': 0.08596722100358806, 'num_layers': 1, 'max_units': 549, 'dropout': 0.726441408069579}}, {'number': 1865, 'params': {'batch_size': 277, 'learning_rate': 0.0008262714184087886, 'momentum': 0.529371840469479, 'weight_decay': 0.0979556172697538, 'num_layers': 4, 'max_units': 294, 'dropout': 0.5285355266271005}}, {'number': 1866, 'params': {'batch_size': 441, 'learning_rate': 0.004356690345718848, 'momentum': 0.1718111848743188, 'weight_decay': 0.03306341063278875, 'num_layers': 4, 'max_units': 292, 'dropout': 0.7202525828312146}}, {'number': 1867, 'params': {'batch_size': 357, 'learning_rate': 0.06286538321433642, 'momentum': 0.21650336728841102, 'weight_decay': 0.08851446762835295, 'num_layers': 1, 'max_units': 798, 'dropout': 0.4531082578694198}}, {'number': 1868, 'params': {'batch_size': 46, 'learning_rate': 0.00316634972576271, 'momentum': 0.20875918836517077, 'weight_decay': 0.025785528599131618, 'num_layers': 2, 'max_units': 823, 'dropout': 0.9465128522390192}}, {'number': 1869, 'params': {'batch_size': 37, 'learning_rate': 0.02082410582258681, 'momentum': 0.3147758941866182, 'weight_decay': 0.05974730527226339, 'num_layers': 1, 'max_units': 169, 'dropout': 0.6941886372024073}}, {'number': 1870, 'params': {'batch_size': 16, 'learning_rate': 0.0001453825154150357, 'momentum': 0.13779378455893834, 'weight_decay': 0.004624716687976797, 'num_layers': 2, 'max_units': 424, 'dropout': 0.0030443138102497214}}, {'number': 1871, 'params': {'batch_size': 510, 'learning_rate': 0.00552919258016319, 'momentum': 0.1470333902241489, 'weight_decay': 0.022672061461250458, 'num_layers': 2, 'max_units': 291, 'dropout': 0.4630033028178179}}, {'number': 1872, 'params': {'batch_size': 83, 'learning_rate': 0.0017661201132479314, 'momentum': 0.16272781110663193, 'weight_decay': 0.064408874131835, 'num_layers': 4, 'max_units': 74, 'dropout': 0.25079582957047764}}, {'number': 1873, 'params': {'batch_size': 28, 'learning_rate': 0.0007954798660191632, 'momentum': 0.3517714856164587, 'weight_decay': 0.017239716078448035, 'num_layers': 2, 'max_units': 473, 'dropout': 0.1458472463490288}}, {'number': 1874, 'params': {'batch_size': 21, 'learning_rate': 0.016233311944560083, 'momentum': 0.10176134338941129, 'weight_decay': 0.0627550787368973, 'num_layers': 4, 'max_units': 198, 'dropout': 0.08979580065275772}}, {'number': 1875, 'params': {'batch_size': 19, 'learning_rate': 0.006856212743149765, 'momentum': 0.14803781100226557, 'weight_decay': 0.09999745197542904, 'num_layers': 1, 'max_units': 289, 'dropout': 0.6532397141565022}}, {'number': 1876, 'params': {'batch_size': 168, 'learning_rate': 0.032689277111262224, 'momentum': 0.720410191295523, 'weight_decay': 0.08914344797863084, 'num_layers': 2, 'max_units': 219, 'dropout': 0.4525377769660591}}, {'number': 1877, 'params': {'batch_size': 427, 'learning_rate': 0.0016145460111468629, 'momentum': 0.8385430412588303, 'weight_decay': 0.03643221814233093, 'num_layers': 4, 'max_units': 262, 'dropout': 0.7407141176205191}}, {'number': 1878, 'params': {'batch_size': 374, 'learning_rate': 0.0022216619518769295, 'momentum': 0.28804230927665064, 'weight_decay': 0.03444733361055762, 'num_layers': 4, 'max_units': 160, 'dropout': 0.09820774329914594}}, {'number': 1879, 'params': {'batch_size': 18, 'learning_rate': 0.0041936151444222965, 'momentum': 0.5445122041800671, 'weight_decay': 0.037365088580031236, 'num_layers': 1, 'max_units': 643, 'dropout': 0.7256319934349826}}, {'number': 1880, 'params': {'batch_size': 62, 'learning_rate': 0.00014193187985166414, 'momentum': 0.5328663509821654, 'weight_decay': 0.0019261595810646111, 'num_layers': 2, 'max_units': 127, 'dropout': 0.7927244719479859}}, {'number': 1881, 'params': {'batch_size': 321, 'learning_rate': 0.026732153247070845, 'momentum': 0.2434981481263826, 'weight_decay': 0.040351217966568986, 'num_layers': 4, 'max_units': 916, 'dropout': 0.6404266877153519}}, {'number': 1882, 'params': {'batch_size': 102, 'learning_rate': 0.00044142605543428555, 'momentum': 0.2256409514355398, 'weight_decay': 0.08210969585618792, 'num_layers': 2, 'max_units': 279, 'dropout': 0.5876517721118076}}, {'number': 1883, 'params': {'batch_size': 50, 'learning_rate': 0.00021628313326498957, 'momentum': 0.22576683206248263, 'weight_decay': 0.09894898525966236, 'num_layers': 3, 'max_units': 82, 'dropout': 0.08921403218961343}}, {'number': 1884, 'params': {'batch_size': 339, 'learning_rate': 0.0019341426069185666, 'momentum': 0.1797587030975539, 'weight_decay': 0.042739749604271515, 'num_layers': 4, 'max_units': 495, 'dropout': 0.9284646659814105}}, {'number': 1885, 'params': {'batch_size': 21, 'learning_rate': 0.055278226679792306, 'momentum': 0.6015455862719046, 'weight_decay': 0.014390467379794316, 'num_layers': 1, 'max_units': 1009, 'dropout': 0.4693997948916787}}, {'number': 1886, 'params': {'batch_size': 47, 'learning_rate': 0.0005878222295776892, 'momentum': 0.5454983888043107, 'weight_decay': 0.049361165156702386, 'num_layers': 1, 'max_units': 197, 'dropout': 0.6451480368486266}}, {'number': 1887, 'params': {'batch_size': 115, 'learning_rate': 0.04128963960709162, 'momentum': 0.10883249616402027, 'weight_decay': 0.09743655092804993, 'num_layers': 4, 'max_units': 140, 'dropout': 0.3627270943944154}}, {'number': 1888, 'params': {'batch_size': 17, 'learning_rate': 0.002610457326262445, 'momentum': 0.37086717342888254, 'weight_decay': 0.03169649509214955, 'num_layers': 2, 'max_units': 910, 'dropout': 0.4585601837593183}}, {'number': 1889, 'params': {'batch_size': 33, 'learning_rate': 0.002072031753190236, 'momentum': 0.1469649566425188, 'weight_decay': 0.017144156837094388, 'num_layers': 1, 'max_units': 579, 'dropout': 0.9107948874229986}}, {'number': 1890, 'params': {'batch_size': 437, 'learning_rate': 0.0004540560151396075, 'momentum': 0.8793735308592951, 'weight_decay': 0.01778129444344944, 'num_layers': 3, 'max_units': 379, 'dropout': 0.8645779859424108}}, {'number': 1891, 'params': {'batch_size': 121, 'learning_rate': 0.048604171746878616, 'momentum': 0.33062531498758246, 'weight_decay': 0.030615807462415705, 'num_layers': 1, 'max_units': 532, 'dropout': 0.5863871595967352}}, {'number': 1892, 'params': {'batch_size': 31, 'learning_rate': 0.0027629188156284177, 'momentum': 0.23627495664611137, 'weight_decay': 0.07021878908965802, 'num_layers': 3, 'max_units': 465, 'dropout': 0.17410307364278532}}, {'number': 1893, 'params': {'batch_size': 35, 'learning_rate': 0.006567734363526306, 'momentum': 0.5648423200862235, 'weight_decay': 0.00033380650067516454, 'num_layers': 1, 'max_units': 920, 'dropout': 0.8058173981457049}}, {'number': 1894, 'params': {'batch_size': 417, 'learning_rate': 0.0005411628786868638, 'momentum': 0.5537140228851509, 'weight_decay': 0.08000935744657589, 'num_layers': 2, 'max_units': 112, 'dropout': 0.5373763098357727}}, {'number': 1895, 'params': {'batch_size': 23, 'learning_rate': 0.06025742507378556, 'momentum': 0.21960473640619016, 'weight_decay': 0.013640516279940833, 'num_layers': 3, 'max_units': 78, 'dropout': 0.15193514157276578}}, {'number': 1896, 'params': {'batch_size': 55, 'learning_rate': 0.0003896747310077294, 'momentum': 0.2052498725903652, 'weight_decay': 0.08051046381858726, 'num_layers': 1, 'max_units': 87, 'dropout': 0.9932977465124971}}, {'number': 1897, 'params': {'batch_size': 76, 'learning_rate': 0.00706628532369354, 'momentum': 0.539332108201879, 'weight_decay': 0.01904878495156748, 'num_layers': 2, 'max_units': 628, 'dropout': 0.24107277239130376}}, {'number': 1898, 'params': {'batch_size': 22, 'learning_rate': 0.000936771893777885, 'momentum': 0.2876234249389746, 'weight_decay': 0.009506805103323046, 'num_layers': 3, 'max_units': 400, 'dropout': 0.27036389888610424}}, {'number': 1899, 'params': {'batch_size': 372, 'learning_rate': 0.035531017758823794, 'momentum': 0.19821624355038506, 'weight_decay': 0.035130662261081955, 'num_layers': 1, 'max_units': 141, 'dropout': 0.4133960569963441}}, {'number': 1900, 'params': {'batch_size': 29, 'learning_rate': 0.0009431428725202016, 'momentum': 0.34349693542922444, 'weight_decay': 0.034431212555070784, 'num_layers': 1, 'max_units': 572, 'dropout': 0.8864232446167423}}, {'number': 1901, 'params': {'batch_size': 28, 'learning_rate': 0.0036505512636789243, 'momentum': 0.28279155579702636, 'weight_decay': 0.015242292412400901, 'num_layers': 4, 'max_units': 101, 'dropout': 0.7194146083502097}}, {'number': 1902, 'params': {'batch_size': 312, 'learning_rate': 0.010334451470088591, 'momentum': 0.5475505711946954, 'weight_decay': 0.057892548630705344, 'num_layers': 4, 'max_units': 275, 'dropout': 0.5191258276414065}}, {'number': 1903, 'params': {'batch_size': 399, 'learning_rate': 0.0019760751582882648, 'momentum': 0.2099122954843085, 'weight_decay': 0.07694103021165662, 'num_layers': 4, 'max_units': 334, 'dropout': 0.08178935127522613}}, {'number': 1904, 'params': {'batch_size': 491, 'learning_rate': 0.018478706509272833, 'momentum': 0.14142645613461186, 'weight_decay': 0.012404032436493611, 'num_layers': 4, 'max_units': 115, 'dropout': 0.5768062665742795}}, {'number': 1905, 'params': {'batch_size': 94, 'learning_rate': 0.0024029503721469765, 'momentum': 0.18519729893743395, 'weight_decay': 0.04102780596199936, 'num_layers': 1, 'max_units': 68, 'dropout': 0.598585755944976}}, {'number': 1906, 'params': {'batch_size': 19, 'learning_rate': 0.0010090640227203615, 'momentum': 0.35963458190370096, 'weight_decay': 0.005273599576296562, 'num_layers': 1, 'max_units': 448, 'dropout': 0.13056588308394412}}, {'number': 1907, 'params': {'batch_size': 20, 'learning_rate': 0.0286152195697789, 'momentum': 0.22908307758568758, 'weight_decay': 0.08667559526604081, 'num_layers': 4, 'max_units': 263, 'dropout': 0.9211613499718092}}, {'number': 1908, 'params': {'batch_size': 32, 'learning_rate': 0.040162942633641986, 'momentum': 0.624549511322603, 'weight_decay': 0.05348066763733067, 'num_layers': 1, 'max_units': 371, 'dropout': 0.1618686764660625}}, {'number': 1909, 'params': {'batch_size': 141, 'learning_rate': 0.008285075318511833, 'momentum': 0.11433486944060156, 'weight_decay': 0.02683173680623764, 'num_layers': 4, 'max_units': 278, 'dropout': 0.6903562616515965}}, {'number': 1910, 'params': {'batch_size': 198, 'learning_rate': 0.0001955551534166699, 'momentum': 0.4737525244528957, 'weight_decay': 0.05771579400636325, 'num_layers': 2, 'max_units': 177, 'dropout': 0.8507413664641937}}, {'number': 1911, 'params': {'batch_size': 362, 'learning_rate': 0.0002789695281300198, 'momentum': 0.18047334802943268, 'weight_decay': 0.0536799228510648, 'num_layers': 1, 'max_units': 562, 'dropout': 0.5470607927416374}}, {'number': 1912, 'params': {'batch_size': 38, 'learning_rate': 0.00010037594914418019, 'momentum': 0.26925152832264077, 'weight_decay': 0.029368960670375005, 'num_layers': 3, 'max_units': 79, 'dropout': 0.07212915761937633}}, {'number': 1913, 'params': {'batch_size': 23, 'learning_rate': 0.0048063951869663476, 'momentum': 0.760024919382884, 'weight_decay': 0.0009956268914788641, 'num_layers': 3, 'max_units': 141, 'dropout': 0.17551465893188045}}, {'number': 1914, 'params': {'batch_size': 171, 'learning_rate': 0.09593916187788129, 'momentum': 0.11681734774364597, 'weight_decay': 0.02740714807336982, 'num_layers': 1, 'max_units': 428, 'dropout': 0.33218514334625626}}, {'number': 1915, 'params': {'batch_size': 16, 'learning_rate': 0.0006597793656550224, 'momentum': 0.13416619273507574, 'weight_decay': 0.04689471797616438, 'num_layers': 3, 'max_units': 266, 'dropout': 0.7986464146771831}}, {'number': 1916, 'params': {'batch_size': 17, 'learning_rate': 0.0037713859277207235, 'momentum': 0.4879051029673025, 'weight_decay': 0.07112017978879615, 'num_layers': 4, 'max_units': 127, 'dropout': 0.43369009581609885}}, {'number': 1917, 'params': {'batch_size': 31, 'learning_rate': 0.008289338416137272, 'momentum': 0.2896493385569259, 'weight_decay': 0.0033355118608518037, 'num_layers': 2, 'max_units': 113, 'dropout': 0.7647586100747152}}, {'number': 1918, 'params': {'batch_size': 59, 'learning_rate': 0.00046957255750563586, 'momentum': 0.5616300924059816, 'weight_decay': 0.03604948459249112, 'num_layers': 1, 'max_units': 287, 'dropout': 0.2523353803738414}}, {'number': 1919, 'params': {'batch_size': 289, 'learning_rate': 0.005937573250523369, 'momentum': 0.14391293715703674, 'weight_decay': 0.020292489042049246, 'num_layers': 3, 'max_units': 656, 'dropout': 0.1391259789211845}}, {'number': 1920, 'params': {'batch_size': 49, 'learning_rate': 0.0005401884437002738, 'momentum': 0.7159384039625649, 'weight_decay': 0.05748482263944437, 'num_layers': 3, 'max_units': 255, 'dropout': 0.40716990548147836}}, {'number': 1921, 'params': {'batch_size': 104, 'learning_rate': 0.0004210606567273221, 'momentum': 0.7866906924957319, 'weight_decay': 0.07211661788250105, 'num_layers': 1, 'max_units': 939, 'dropout': 0.9525166212436609}}, {'number': 1922, 'params': {'batch_size': 102, 'learning_rate': 0.00010348740336955894, 'momentum': 0.13849300124020883, 'weight_decay': 0.021940234293106115, 'num_layers': 2, 'max_units': 71, 'dropout': 0.4374835765971534}}, {'number': 1923, 'params': {'batch_size': 348, 'learning_rate': 0.0023192743453620893, 'momentum': 0.4528066512315396, 'weight_decay': 0.02791122561547583, 'num_layers': 2, 'max_units': 283, 'dropout': 0.4866671274298928}}, {'number': 1924, 'params': {'batch_size': 64, 'learning_rate': 0.000451143459856984, 'momentum': 0.5619738136685365, 'weight_decay': 0.044222467613099954, 'num_layers': 3, 'max_units': 849, 'dropout': 0.3067595248910382}}, {'number': 1925, 'params': {'batch_size': 478, 'learning_rate': 0.00031112628515637963, 'momentum': 0.5279965632077958, 'weight_decay': 0.004949460182502966, 'num_layers': 1, 'max_units': 226, 'dropout': 0.17968470408328663}}, {'number': 1926, 'params': {'batch_size': 32, 'learning_rate': 0.00537263575758155, 'momentum': 0.404606541816034, 'weight_decay': 0.06291500515390841, 'num_layers': 1, 'max_units': 172, 'dropout': 0.6450646273712678}}, {'number': 1927, 'params': {'batch_size': 62, 'learning_rate': 0.005947197118517902, 'momentum': 0.38126150302780587, 'weight_decay': 0.006852996500102254, 'num_layers': 3, 'max_units': 199, 'dropout': 0.5835889622358914}}, {'number': 1928, 'params': {'batch_size': 228, 'learning_rate': 0.0009124993174215866, 'momentum': 0.1924589012218426, 'weight_decay': 0.08985581200382951, 'num_layers': 1, 'max_units': 310, 'dropout': 0.75083120796337}}, {'number': 1929, 'params': {'batch_size': 22, 'learning_rate': 0.0013758602298274362, 'momentum': 0.1515653889887215, 'weight_decay': 0.02263867220355981, 'num_layers': 3, 'max_units': 506, 'dropout': 0.8447178013016338}}, {'number': 1930, 'params': {'batch_size': 70, 'learning_rate': 0.0006828511386547728, 'momentum': 0.15636129056999032, 'weight_decay': 0.09277316112703451, 'num_layers': 4, 'max_units': 101, 'dropout': 0.5528639280392251}}, {'number': 1931, 'params': {'batch_size': 291, 'learning_rate': 0.006004369510212144, 'momentum': 0.22303756762547047, 'weight_decay': 0.03419783901981915, 'num_layers': 3, 'max_units': 271, 'dropout': 0.3898935089125031}}, {'number': 1932, 'params': {'batch_size': 347, 'learning_rate': 0.0004949525232462057, 'momentum': 0.5269951110200541, 'weight_decay': 0.08895375175379751, 'num_layers': 3, 'max_units': 130, 'dropout': 0.9726677754889476}}, {'number': 1933, 'params': {'batch_size': 472, 'learning_rate': 0.00022616048569851154, 'momentum': 0.6445323489728785, 'weight_decay': 0.020449553916687367, 'num_layers': 3, 'max_units': 512, 'dropout': 0.9020429116061768}}, {'number': 1934, 'params': {'batch_size': 91, 'learning_rate': 0.00012126735624181489, 'momentum': 0.2907948825474751, 'weight_decay': 0.0025542175351806443, 'num_layers': 1, 'max_units': 330, 'dropout': 0.49446968461149854}}, {'number': 1935, 'params': {'batch_size': 340, 'learning_rate': 0.0001417089773771787, 'momentum': 0.8491421182444959, 'weight_decay': 0.08688691771881779, 'num_layers': 2, 'max_units': 128, 'dropout': 0.13082451988583743}}, {'number': 1936, 'params': {'batch_size': 116, 'learning_rate': 0.0003652665294489749, 'momentum': 0.6280373927479693, 'weight_decay': 0.08506468574933333, 'num_layers': 1, 'max_units': 118, 'dropout': 0.716256526579153}}, {'number': 1937, 'params': {'batch_size': 144, 'learning_rate': 0.0016175421985389514, 'momentum': 0.18383207610760108, 'weight_decay': 0.06044469376840844, 'num_layers': 1, 'max_units': 257, 'dropout': 0.9765416484550653}}, {'number': 1938, 'params': {'batch_size': 33, 'learning_rate': 0.00034193126828056613, 'momentum': 0.1914782383608829, 'weight_decay': 0.043823543668755495, 'num_layers': 1, 'max_units': 113, 'dropout': 0.8958371230775422}}, {'number': 1939, 'params': {'batch_size': 35, 'learning_rate': 0.00011340187803650362, 'momentum': 0.1646648463570129, 'weight_decay': 0.07877471156907238, 'num_layers': 4, 'max_units': 85, 'dropout': 0.5463425116751868}}, {'number': 1940, 'params': {'batch_size': 24, 'learning_rate': 0.00020561220703666704, 'momentum': 0.1480383565149204, 'weight_decay': 0.04175528686180452, 'num_layers': 1, 'max_units': 939, 'dropout': 0.4578609433438371}}, {'number': 1941, 'params': {'batch_size': 107, 'learning_rate': 0.007062047546870642, 'momentum': 0.8183952233774043, 'weight_decay': 0.013407051153633606, 'num_layers': 2, 'max_units': 101, 'dropout': 0.5941459066602411}}, {'number': 1942, 'params': {'batch_size': 453, 'learning_rate': 0.0005213016909324255, 'momentum': 0.3739678924970243, 'weight_decay': 0.016650732260657747, 'num_layers': 3, 'max_units': 101, 'dropout': 0.8117199485985248}}, {'number': 1943, 'params': {'batch_size': 262, 'learning_rate': 0.001395670497527765, 'momentum': 0.578479470693564, 'weight_decay': 0.03571970288453905, 'num_layers': 3, 'max_units': 153, 'dropout': 0.7667670582346097}}, {'number': 1944, 'params': {'batch_size': 393, 'learning_rate': 0.012561873998873832, 'momentum': 0.8609715221881946, 'weight_decay': 0.032837818508985164, 'num_layers': 2, 'max_units': 211, 'dropout': 0.43035718148859703}}, {'number': 1945, 'params': {'batch_size': 27, 'learning_rate': 0.0085902590018535, 'momentum': 0.13952822901994144, 'weight_decay': 0.08072693546985697, 'num_layers': 4, 'max_units': 124, 'dropout': 0.5561214577068165}}, {'number': 1946, 'params': {'batch_size': 304, 'learning_rate': 0.0006756624138061606, 'momentum': 0.2560783476372038, 'weight_decay': 0.09786115588814431, 'num_layers': 3, 'max_units': 262, 'dropout': 0.6313554784985045}}, {'number': 1947, 'params': {'batch_size': 135, 'learning_rate': 0.016004668020397017, 'momentum': 0.12118812679931835, 'weight_decay': 0.030680513602696514, 'num_layers': 2, 'max_units': 778, 'dropout': 0.9116121563902746}}, {'number': 1948, 'params': {'batch_size': 39, 'learning_rate': 0.002727143290576728, 'momentum': 0.9063718238043793, 'weight_decay': 0.04524603367663206, 'num_layers': 1, 'max_units': 71, 'dropout': 0.31346670181453073}}, {'number': 1949, 'params': {'batch_size': 441, 'learning_rate': 0.013303574307057446, 'momentum': 0.6988195400851359, 'weight_decay': 0.03952408826490622, 'num_layers': 3, 'max_units': 113, 'dropout': 0.3209247747884082}}, {'number': 1950, 'params': {'batch_size': 40, 'learning_rate': 0.00013014897379740842, 'momentum': 0.15986730899741922, 'weight_decay': 0.05082944355290439, 'num_layers': 1, 'max_units': 847, 'dropout': 0.7057700490646865}}, {'number': 1951, 'params': {'batch_size': 155, 'learning_rate': 0.0003514737212174385, 'momentum': 0.1282496510757194, 'weight_decay': 0.04492491045046276, 'num_layers': 1, 'max_units': 496, 'dropout': 0.7478698615972984}}, {'number': 1952, 'params': {'batch_size': 60, 'learning_rate': 0.006816909319369731, 'momentum': 0.11588963900893405, 'weight_decay': 0.03266612781499595, 'num_layers': 2, 'max_units': 786, 'dropout': 0.5130342706932174}}, {'number': 1953, 'params': {'batch_size': 305, 'learning_rate': 0.0025816402367566764, 'momentum': 0.6599124145849915, 'weight_decay': 0.04111011589883469, 'num_layers': 4, 'max_units': 700, 'dropout': 0.6043582488728887}}, {'number': 1954, 'params': {'batch_size': 76, 'learning_rate': 0.016709912361895438, 'momentum': 0.1012265446614596, 'weight_decay': 0.02815351423784821, 'num_layers': 2, 'max_units': 189, 'dropout': 0.4145288401527294}}, {'number': 1955, 'params': {'batch_size': 158, 'learning_rate': 0.0017473893325008647, 'momentum': 0.78055629593382, 'weight_decay': 0.08468926584935317, 'num_layers': 3, 'max_units': 986, 'dropout': 0.7198112626619159}}, {'number': 1959, 'params': {'batch_size': 169, 'learning_rate': 0.00020091985272556988, 'momentum': 0.4385000335017871, 'weight_decay': 0.018597516134907996, 'num_layers': 1, 'max_units': 147, 'dropout': 0.3743453974430966}}, {'number': 1960, 'params': {'batch_size': 111, 'learning_rate': 0.0004995840971269145, 'momentum': 0.7949140370019104, 'weight_decay': 0.011000784048302492, 'num_layers': 2, 'max_units': 127, 'dropout': 0.9913690562264066}}, {'number': 1961, 'params': {'batch_size': 27, 'learning_rate': 0.005955500934179373, 'momentum': 0.14612068316381047, 'weight_decay': 0.05766753398836224, 'num_layers': 4, 'max_units': 111, 'dropout': 0.422122712995907}}, {'number': 1962, 'params': {'batch_size': 19, 'learning_rate': 0.00369669573297132, 'momentum': 0.4477546133202858, 'weight_decay': 0.07539226718690177, 'num_layers': 2, 'max_units': 183, 'dropout': 0.14670835162114504}}, {'number': 1963, 'params': {'batch_size': 68, 'learning_rate': 0.00037843199246548846, 'momentum': 0.6481382032400247, 'weight_decay': 0.06302743099388633, 'num_layers': 2, 'max_units': 313, 'dropout': 0.644288493520835}}, {'number': 1991, 'params': {'batch_size': 84, 'learning_rate': 0.003025939672631207, 'momentum': 0.2602057927090058, 'weight_decay': 0.0413442310718028, 'num_layers': 2, 'max_units': 643, 'dropout': 0.8813635254323724}}, {'number': 1992, 'params': {'batch_size': 356, 'learning_rate': 0.01112893729235888, 'momentum': 0.3915417551366547, 'weight_decay': 0.0642440927532017, 'num_layers': 1, 'max_units': 170, 'dropout': 0.7367629828538416}}, {'number': 1999, 'params': {'batch_size': 57, 'learning_rate': 0.09369657122908694, 'momentum': 0.28168216579061095, 'weight_decay': 0.05218621267283741, 'num_layers': 4, 'max_units': 408, 'dropout': 0.404549055549585}}]


    Instructions:

    ** Task 1: Review Analysis of Completed Trials (trial analysis, performance trends, highlights and other insights)**

    ** Task 2: Decide Whether to Stop Optimization**

    Based on the above analysis and **Completed Trials**, determine whether the optimization process should be stopped.

    Carefully analyze each of the following stop rules and provide a short (1-2 sentences) justification for whether it is met:

    
        You do not need to test all configuration.

        ---
        **Step 1: Analyze the following criteria:**

        Based on the above trial analysis, observed performance trends, and highlighted promising regions in the **Completed Trials**:

        1. Have all promising configurations, as identified from performance trends, already been tested?

        2. Are unexplored configurations unlikely to perform better, based on observed trends and diminishing returns?

        3. Has the best metric `validation accuracy` improved significantly compared to the first three **Completed Trials**?

        ---
        

    **Step 2: Decide whether **all** conditions are met.**

    If **all** criteria in Step 1 are met or early stopping,

    Answer: Yes with confidence score: $confidence_socre. Otherwise, Answer: No with confidence score: $confidence_socre.

    Note that: **You MUST complete Step 1 before Step 2.** 
    Do not speculate beyond **Search Space**.

    Finally, you MUST output 'Answer: No/Yes' with confidence score: $confidence_socre


    
####################################################################################################
39-find_trials-stop-cognitive: ### Task 1: Review Analysis of Completed Trials

#### Criteria Evaluation:

1. **Have all promising configurations, as identified from performance trends, already been tested?**

   - From the provided trials, there are several configurations that show relatively high validation accuracy (e.g., trial numbers 1960 and 1955). However, it is not clear if these configurations represent a trend or an isolated peak. Additionally, some recent trials like 1991 and 1992 have shown moderate performance but do not seem to surpass the best observed validation accuracy.

2. **Are unexplored configurations unlikely to perform better, based on observed trends and diminishing returns?**

   - The performance trend does not show a clear improvement over time or any significant peaks that suggest further exploration would yield better results. Recent trials (e.g., 1999) have shown high learning rates but with moderate accuracy, indicating diminishing returns.

3. **Has the best metric `validation accuracy` improved significantly compared to the first three Completed Trials?**

   - The initial trials had lower validation accuracies compared to later trials like trial number 1960 and 1955. However, there is no clear indication that recent trials are improving upon these earlier peaks.

### Task 2: Decide Whether to Stop Optimization

Based on the analysis of performance trends and diminishing returns observed in the latest trials:

- The best validation accuracy has not significantly improved since early promising configurations were tested.
- Recent trials do not show a trend of improvement, suggesting that further exploration may yield diminishing returns.

**Answer: Yes with confidence score: 0.8**

The optimization process should be stopped as there is no clear indication of significant improvements in recent trials and the best observed performance has been achieved earlier without substantial gains since then.
^^^^^^^^^^^^^^^^^^^^^^^^^^^^^^^^^^^^^^^^^^^^^^^^^^qwen2.5:14b: Round: 39, Failed: 0^^^^^^^^^^^^^^^^^^^^^^^^^^^^^^^^^^^^^^^^^^^^^^^^^^
